"Id","Name","Website","Phone","BillingStreet","BillingCity","BillingState","BillingPostalCode","BillingCountry","Industry","NumberOfEmployees","OwnerId","ParentId","CreatedDate","LastModifiedDate","Legacy_Account_Number__c"
"0018g0OFxv6VO7gAGG","Priobraem Health LLC","","","189 Schmidt Drive Suite 669","Ortizside","MN","55790","United States of America","Energy","308","0058g0WErag4VkFAGU","","2024-09-16T21:42:17.000Z","2025-09-12T02:26:34.000Z","BX-777270"
"0018g04uDrp4J8AAIU","Nelaeq Energy Ltd.","WWW.NELAEQ.EXAMPLE","512-555-0175","31609 Best Pkwy","Port Dominiquemouth","CT","06066","United States of America","Engineering","300","0058g0GzOrXkmgqAKB","","2018-01-30T07:04:03.000Z","2018-05-18T05:04:59.000Z","BX-290159"
"0018g0eTsRyLh1cAUC","Caloux Systems Corp.","https://caloux.example/","(904) 555-0166","49101 Knight Road","Robertsstad","OH","45862","United States of America","Shipping","8","0058g0WErag4VkFAGU","","2021-08-30T14:07:05.000Z","2026-02-12T10:19:38.000Z","BX-417640"
"0018g0cOXKtqPpEA2U","Woulend Labs Inc","","+1 312 555 0192","762 Decker Rd","North Brandytown","VT","05482","US","Government","754","0058g0UDR8Iyz1bAOB","","2024-03-23T21:03:26.000Z","2024-10-09T11:29:06.000Z","BX-308077"
"0018g061t7ybziTAAQ","Queniove Partners","https://www.queniove.example","+1 972 555 0162","6565 Smith Lane","West Stephanieport","OH","45335","US","Recreation","305","0058g0RfVEhB86UA0S","","2018-10-06T11:50:07.000Z","2020-07-21T20:12:40.000Z","BX-950250"
"0018g0gILjeOySJAM0","Zotiove Holdings Co.","https://zotiove.example/","702-555-0115","64703 Meyers Place Suite 779","Baileychester","SC","29004","United States of America","Retail","27","0058g0UDR8Iyz1bAOB","","2021-06-01T13:11:48.000Z","2025-05-14T21:28:47.000Z","BX-355836"
"0018g0qhpUkDxT0AQK","Bypis Solutions LLC","WWW.BYPIS.EXAMPLE","1-206-555-0193","624 Martin Boulevard","Juanhaven","NM","87302-9847","US","Banking","304","0058g0WErag4VkFAGU","","2021-01-30T20:32:10.000Z","2025-05-31T14:17:53.000Z","BX-318946"
"0018g0Omla98RltACE","Taivio International Inc.","http://taivio.example","1-212-555-0104","57853 Humphrey Street","West Lisa","SD","57216","United States of America","Consulting","755","0058g0WErag4VkFAGU","","2019-11-14T20:23:08.000Z","2023-06-14T17:43:43.000Z","BX-257756"
"0018g0YO9bUf0MEAGZ","Sequym Logistics","","","955 Guerrero Ln","Susanstad","VA","23508","United States of America","Manufacturing","1200","0058g0UDR8Iyz1bAOB","","2019-05-24T12:36:17.000Z","2021-06-05T09:45:10.000Z","BX-539392"
"0018g0aoBXq53NfAYI","Sugrair Services Inc.","www.sugrair.example","+1 512 555 0188","8759 Lang Rd Ste 837","East Nataliechester","AR","72881","United States of America","Machinery","43","0058g0GzOrXkmgqAKB","","2021-12-17T11:07:40.000Z","2025-01-30T16:31:34.000Z","BX-215168"
"0018g0n6K6ZgLNDAI3","Nopaive Capital Corp.","www.nopaive.example","1-212-555-0122","473 Sexton Ct","North John","VA","22228","USA","Healthcare","11","0058g0RfVEhB86UA0S","","2022-03-01T12:38:41.000Z","2025-06-10T08:26:19.000Z","BX-221405"
"0018g0ctRxeamzbAIA","Brufund Labs LLC","http://brufund.example","","9912 House Ave","Michaelborough","NV","89658","USA","Transportation","","0058g0GzOrXkmgqAKB","","2023-07-16T16:56:36.000Z","2024-05-24T21:43:26.000Z","BX-793388"
"0018g0MKveefno8AGA","Cidive Freight Inc.","WWW.CIDIVE.EXAMPLE","","010 Wallace Ave","West Deborahburgh","AR","71612","US","Recreation","5009","0058g0ZcmPcg7DcASI","","2024-06-25T16:04:15.000Z","2025-05-16T05:27:39.000Z","BX-469621"
"0018g0ujqXeOJihAQG","Liboul Robotic LLC","https://lioboul.example/","617.555.0172","","South Chase","MH","96964","US","Not For Profit","150","0058g0UDR8Iyz1bAOB","","2023-07-31T00:22:56.000Z","2026-06-19T01:50:53.000Z","BX-110193"
"0018g0s4pnP5f1ZAAR","bravo holdings corporation","","702.555.0104","695 Thomas Court","Sanchezmouth","ND","58012","USA","Government","751","0058g0ZcmPcg7DcASI","","2023-06-14T04:46:15.000Z","2025-08-08T03:55:49.000Z","BX-609548"
"0018g0A7qujDZqxACG","Fouliox Capital Inc","fouliox.example","(813) 555-0112","450 Smith Drive","Haileymouth","WV","25423","US","Other","12","0058g0ZcmPcg7DcASI","","2023-05-17T23:25:28.000Z","2025-08-19T14:42:24.000Z","BX-272186"
"0018g0Z4M9kxrmFAKQ","Zegrol Manufacturing Corporation","https://www.zegrolmanufacturing.example","+1 206 555 0129","0529 Reynolds Place","Lake Natalie","CT","06223","United States of America","Consulting","301","0058g0tvAn0HYSqAIO","","2021-10-06T06:47:01.000Z","2026-05-15T09:46:11.000Z","BX-309603"
"0018g0Ul0HqxZMsASM","Clyhox Manufacturing Ltd.","clyhox.example","212.555.0117","09314 Ward Drive Suite 673","Port Jessica","CT","06167","United States of America","Retail","5005","0058g0RfVEhB86UA0S","","2017-07-28T07:51:50.000Z","2020-03-11T06:38:07.000Z","BX-287323"
"0018g0Tosb9bWDCAC2","Triflyq Industries Corp.","https://www.triflyq.example/about","1-512-555-0147","9769 Bennett Pkwy","Adamsmouth","MD","21499-3033","USA","Food & Beverage","5004","0058g0tvAn0HYSqAIO","","2024-06-27T17:33:15.000Z","2026-07-06T07:01:26.000Z","BX-841283"
"0018g0BCNaSv23HAOR","Hysoq Works","https://www.hysoq.example/about","904.555.0155","6103 Willis Road Suite 772","South Destiny","KY","41808","US","Environmental","308","0058g0UDR8Iyz1bAOB","","2021-03-21T08:49:10.000Z","2026-01-05T12:38:42.000Z","BX-793582"
"0018g0Lic7r2kSXACY","Hitrux Holdings Corporation","WWW.HITRUX.EXAMPLE","(617) 555-0149","109 Williams Road Suite 372","Port Kristina","WY","83026","USA","Food & Beverage","1206","0058g0GzOrXkmgqAKB","","2017-12-22T08:39:36.000Z","2022-09-17T05:36:07.000Z","BX-452117"
"0018g0F649FWcbiACD","Skagaem Manufacturing","https://www.skagaem.example/about","1-702-555-0139","0124 Adams Avenue","West Moniquefurt","MN","56351","United States of America","Media","1202","0058g0ZcmPcg7DcASI","","2024-05-23T06:12:29.000Z","2025-12-20T20:50:20.000Z","BX-592515"
"0018g0amucuHJCkAAO","Brocy Services","http://brocy.example","212-555-0166","2751 Smith Street Suite 270","Tracystad","AL","36054","USA","Other","34","0058g0ZcmPcg7DcASI","","2022-01-19T02:27:51.000Z","2022-05-11T06:52:25.000Z","BX-939811"
"0018g0eGhS8eXcbAUE","wyfol outfitter corporation","https://wyfol.example/","","57724 Collins Ave Ste 839","Port Samantha","OH","45138","US","Electronics","29","0058g0RfVEhB86UA0S","","2019-08-12T10:59:05.000Z","2022-01-16T23:24:46.000Z","BX-911479"
"0018g0MPqPey3GrAWI","Tifaive Industries Ltd.","www.tifaive.example","(404) 555-0182","102 Scott Street Suite 154","New David","PW","96940","United States of America","Not For Profit","1203","0058g0tvAn0HYSqAIO","","2019-04-03T12:39:55.000Z","2020-02-12T14:38:49.000Z","BX-241264"
"0018g0m1tuQxIwMAAV","Driskair Analytics","","206.555.0166","45391 Dunn Parkway","East Ronaldside","AZ","85375","United States of America","Hospitality","756","0058g0WErag4VkFAGU","","2021-08-21T22:48:35.000Z","2021-09-02T01:31:08.000Z","BX-557973"
"0018g0874Fk8r3MAQQ","JOUSKAEQ FOODS CO.","http://us.jouskaeq.example","","9923 Ferguson Lane","Port Jessica","ME","04144-8639","US","Other","1203","0058g0UDR8Iyz1bAOB","","2024-10-14T08:52:41.000Z","2024-10-29T05:14:41.000Z","BX-781147"
"0018g0cD0hoL4l9AEC","Naefy Capital Inc","https://naefy.example/","","","Michaelport","MT","59909-8692","USA","Transportation","5004","0058g0ZcmPcg7DcASI","","2018-10-29T00:18:37.000Z","2021-12-04T07:55:16.000Z","BX-495803"
"0018g0fcNOPlao3AYB","Laebaith Sys Inc.","WWW.LAEBAITH.EXAMPLE","972.555.0194","983 Dixon Rd","West Kimberlymouth","OR","97010","US","Government","30","0058g0ZcmPcg7DcASI","","2018-01-31T07:28:22.000Z","2025-03-05T04:38:07.000Z","BX-683659"
"0018g0XNpHVVfrwAWD","Jaflith Dynamics Ltd.","WWW.JAFLITH.EXAMPLE","+1 312 555 0109","939 Roman St","New Jason","SD","57694","US","Communications","85","0058g0ZcmPcg7DcASI","","2023-12-01T17:40:43.000Z","2025-07-31T16:00:35.000Z","BX-307551"
"0018g0TpP6Ixy6wAKB","Waflai Dyn Corporation","","813-555-0165","8430 Roy Drive","Lake Alan","PW","96940-6364","United States of America","Communications","158","0058g0ZcmPcg7DcASI","","2021-07-10T20:57:13.000Z","2022-10-06T21:58:33.000Z","BX-807201"
"0018g0wmPoo6l5dAIA","Graehin Capital","https://graehin.example/","720.555.0159","629 Ramirez Rd Ste 627","East Anthonyshire","CT","06149","US","Government","152","0058g0GzOrXkmgqAKB","","2019-07-08T13:17:42.000Z","2019-08-28T13:49:56.000Z","BX-519363"
"0018g0R29JiTdjeASC","Violurk Foods Ltd.","https://www.violurk.example/about","212-555-0129","70341 Bailey Parkway","Thomasfurt","WV","26502","United States of America","Recreation","18","0058g0UDR8Iyz1bAOB","","2023-05-11T06:19:24.000Z","2024-05-04T03:24:25.000Z","BX-843613"
"0018g0QUlzFJMAiAGP","Gresaend Systems LLC","WWW.GRESAEND.EXAMPLE","+1 212 555 0100","6885 Elliott Parkway Suite 245","Lake Steven","DC","20015","USA","Entertainment","33","0058g0WErag4VkFAGU","","2022-03-27T19:17:44.000Z","2025-08-09T01:53:55.000Z","BX-964843"
"0018g05XgU6iEUGAU2","Drolaive Partners Corporation","https://www.drolaive.example","+1 904 555 0198","50434 Case Road","Savannahmouth","MT","59575","USA","Consulting","5005","0058g0ZcmPcg7DcASI","","2023-12-15T11:29:01.000Z","2026-03-29T02:25:20.000Z","BX-505279"
"0018g0Jb6lmna4sACA","Flaitruq Analytics Inc.","","512-555-0197","8013 Harris Way","Port Christopherstad","ID","83723","US","Healthcare","34","0058g0WErag4VkFAGU","","2020-11-01T22:54:48.000Z","2021-04-23T00:42:42.000Z","BX-743009"
"0018g09d5RaDJKkAQO","Gaebrael Energy","WWW.GAEBRAEL.EXAMPLE","415-555-0163","7415 Ferguson Dr","Garrisonfort","CO","81291-6022","USA","Chemicals","47","0058g0RfVEhB86UA0S","","2022-09-13T11:38:37.000Z","2026-04-14T21:37:47.000Z","BX-389358"
"0018g0hA3VuoOXOAU2","Laryve Analytics Co.","https://laryve.example/","+1 617 555 0100","82211 Jones Street","Christinashire","DC","20035","US","Apparel","25","0058g0ZcmPcg7DcASI","","2024-01-02T19:37:15.000Z","2025-08-05T03:54:10.000Z","BX-713895"
"0018g0p4cTO94USAQZ","Siodyth Energy Inc.","siodyth.example","+1 503 555 0152","666 Williams Lane","Lydiachester","NV","89797","US","Technology","154","0058g0ZcmPcg7DcASI","","2021-06-22T15:12:09.000Z","2026-08-01T10:26:22.000Z","BX-837852"
"0018g0k4929vuEAAAY","TRIONYTH DYNAMICS LLC","trionyth.example","+1 305 555 0141","818 Garcia Road","West Melanieborough","MH","96966","United States of America","Construction","86","0058g0WErag4VkFAGU","","2019-04-15T15:09:03.000Z","2021-12-19T16:46:27.000Z","BX-256894"
"0018g0Z4P5QYy6oAKD","Kycloux International Ltd.","kycloux.example","+1 312 555 0196","2690 Campbell Boulevard Suite 652","Tylershire","WV","25826","United States of America","Finance","302","0058g0ZcmPcg7DcASI","","2021-03-28T15:25:39.000Z","2022-09-05T03:40:01.000Z","BX-537656"
"0018g0NZ3KwztbWAWQ","Kujith Solutions Corporation","WWW.KUJITH.EXAMPLE","+1 404 555 0184","57458 Travis Parkway","Port Andrew","WI","53189","US","Hospitality","758","0058g0UDR8Iyz1bAOB","","2022-08-25T04:16:12.000Z","2025-04-14T10:02:09.000Z","BX-947802"
"0018g0HKvJET3vyAWD","BYTIOS TECHNOLOGIES","https://www.bytios.example","503-555-0138","89219 Gordon Road","Donaldberg","KY","40319","United States of America","Chemicals","159","0058g0RfVEhB86UA0S","","2022-05-06T10:57:49.000Z","2025-01-05T10:31:16.000Z","BX-629839"
"0018g0elFxUwHCAAI3","Supryr International","http://supryr.example","","2903 Matthews Lane","Brookeside","FM","96944","United States of America","Food & Beverage","22","0058g0ZcmPcg7DcASI","","2021-01-30T06:16:24.000Z","2026-08-18T20:14:00.000Z","BX-648146"
"0018g0OSkhZQWr3AGH","Bregrul Manufacturing Inc.","https://www.go.bregrul.example","503.555.0197","614 Smith Court","Jayside","NJ","07197-3053","USA","Electronics","150","0058g0WErag4VkFAGU","","2020-09-06T09:07:25.000Z","2024-01-26T19:43:35.000Z","BX-294980"
"0018g0oZG6JLAoxAMH","Baijai Healthcare Corp.","http://baijai.example","","61689 Wong St","Joyfort","NE","68054","United States of America","Food & Beverage","18","0058g0UDR8Iyz1bAOB","","2019-02-02T19:29:54.000Z","2020-12-12T18:31:14.000Z","BX-343737"
"0018g0w68blYw2iAAC","Jiohhux Supply Co.","","","086 Williams Avenue","Hernandezton","NC","28590-5841","US","Technology","45","0058g0ZcmPcg7DcASI","","2019-05-30T10:56:50.000Z","2021-05-17T16:43:20.000Z","BX-630745"
"0018g0Kwy5U3FsWACV","Quunas Materials Inc.","WWW.QUUNAS.EXAMPLE","512.555.0152","125 Porter Way Suite 873","South Heatherchester","AZ","85905","United States of America","Biotechnology","28","0058g0ZcmPcg7DcASI","","2021-06-10T00:18:31.000Z","2023-02-11T05:07:06.000Z","BX-272089"
"0018g05uG0Fyuu0AIB","Pepaend Analytics Group Corp.","http://pepaend.example","(720) 555-0131","","Coxmouth","DC","20005","United States of America","Retail","756","0058g0RfVEhB86UA0S","","2020-07-27T01:06:05.000Z","2026-06-08T04:54:20.000Z","BX-788417"
"0018g0biumbRWA8AAO","Skotaeq Robotics LLC","https://www.skotaeqrobotics.example","415.555.0169","655 Perkins Avenue","Aimeeside","WV","25391","US","Government","5","0058g0WErag4VkFAGU","","2024-01-28T21:51:54.000Z","2025-06-26T15:20:08.000Z","BX-327140"
"0018g0EEpYKVNVLAW5","Tahir Services Corporation","www.tahirservices.example","1-972-555-0185","00962 Rich Place","New Kendraview","FL","34879","USA","Retail","25","0058g0GzOrXkmgqAKB","","2019-05-05T11:33:58.000Z","2020-07-11T10:49:00.000Z","BX-103732"
"0018g0ERAuERHohAOH","Vaekouve Logistics Corp.","vaekouve.example","720-555-0148","301 Smith Parkway","Carterburgh","VT","05379","USA","Not For Profit","307","0058g0GzOrXkmgqAKB","","2024-02-16T07:24:05.000Z","2025-12-21T13:03:13.000Z","BX-897022"
"0018g0g68ACEkbNAQT","Haeskiol Logistics Inc.","https://www.haeskiol.example/about","+1 904 555 0138","28399 Washington Dr","Moralesville","WI","54384-4775","United States of America","Banking","155","0058g0tvAn0HYSqAIO","","2017-02-22T14:31:31.000Z","2018-06-09T09:41:53.000Z","BX-896538"
"0018g0gFtn7GGB6AEO","Sofaive International","https://www.sofaive.example/about","1-212-555-0162","5604 Shelton Ln","New Caitlinmouth","CT","06016","USA","Manufacturing","5007","0058g0GzOrXkmgqAKB","","2021-06-07T12:03:49.000Z","2024-01-12T20:34:46.000Z","BX-229013"
"0018g0L0jCOgpWOASZ","Histaend Food Co Ltd.","https://www.histaend.example/about","1-972-555-0126","8221 Williams Court Suite 882","East Matthewton","AK","99590-6502","US","Shipping","12176","0058g0ZcmPcg7DcASI","","2023-10-27T02:46:18.000Z","2026-05-29T14:42:29.000Z","BX-475272"
"0018g0rgs2gMIppAAG","Kobur Foods LLC","https://kobur.example/","(212) 555-0113","817 Singh Lane","North Steven","FM","96944","United States of America","Insurance","81","0058g0UDR8Iyz1bAOB","","2025-01-29T10:13:10.000Z","2026-04-21T17:11:16.000Z","BX-234379"
"0018g0TbYOvnASfA0M","Gysaeer Works Corporation","https://www.gysaer.example","1-904-555-0165","1028 Gomez Avenue","Tammyberg","FM","96944","US","Hospitality","156","0058g0tvAn0HYSqAIO","","2024-09-11T01:01:36.000Z","2024-12-20T21:03:21.000Z","BX-771440"
"0018g0uF7MERU34AUH","Laprork Health Corporation","https://laprork.example/","","5965 Crawford Way","Corybury","TX","78420","United States of America","Telecommunications","151","0058g0RfVEhB86UA0S","","2019-02-25T18:28:34.000Z","2020-08-27T15:41:06.000Z","BX-705196"
"0018g0dIBFvmj2oA2A","Draliq Materials Ltd.","https://www.draliq.example","206.555.0156","6053 Rojas Way","East Amberbury","VT","05137","USA","Government","44","0058g0ZcmPcg7DcASI","","2024-05-01T01:36:39.000Z","2025-08-10T16:42:08.000Z","BX-952546"
"0018g0UMn7XRnzbAGD","Drekaix Logistics Corporation","WWW.DREKAIX.EXAMPLE","(702) 555-0172","231 Dorsey Way","Port Charlesport","WV","24977","United States of America","Apparel","44","0058g0tvAn0HYSqAIO","","2017-01-07T08:41:59.000Z","2025-12-29T04:41:58.000Z","BX-967160"
"0018g0pZGC60ZnvA2E","Tucour Logistics Inc","","","603 Lam Avenue Suite 111","Debraberg","ND","58212","USA","Food & Beverage","20","0058g0tvAn0HYSqAIO","","2023-11-08T01:33:13.000Z","2024-07-21T12:39:47.000Z","BX-475739"
"0018g03XydhRcJWAE0","Bragiol Health LLC","WWW.BRAGIOL.EXAMPLE","(206) 555-0100","4807 Marshall Drive","Port Jamesbury","NJ","07748-8124","US","Manufacturing","305","0058g0RfVEhB86UA0S","","2024-11-26T19:12:51.000Z","2026-08-05T05:37:48.000Z","BX-491889"
"0018g0jMnmSdC2GAEV","Trriohail Capital Inc.","https://www.triohail.example/about","(206) 555-0109","3314 Marshall Court","West John","AK","99679","US","Chemicals","156","0058g0GzOrXkmgqAKB","","2022-04-03T07:12:45.000Z","2024-02-16T18:25:45.000Z","BX-656390"
"0018g0jLOxCzeVKAMZ","Lafyn Logistics Ltd.","WWW.LAFYN.EXAMPLE","1-904-555-0122","9538 Thompson Boulevard","West Dustin","PW","96940","United States of America","Entertainment","11","0058g0RfVEhB86UA0S","","2021-07-21T20:19:04.000Z","2025-09-02T18:42:43.000Z","BX-672953"
"0018g0qKp2pgGU9AEM","Vaestioq Power LLC","www.vaestioq.example","+1 305 555 0113","957 Jacobs St","South Patrickborough","TN","37196-2871","USA","Government","46","0058g0RfVEhB86UA0S","","2024-06-17T13:49:20.000Z","2026-04-04T22:00:22.000Z","BX-410467"
"0018g0xCtuPgmvsAEB","Ciofourk Works Ltd.","WWW.CIOFOURK.EXAMPLE","702-555-0110","98466 Stone Way Suite 487","Taylorshire","MI","49545","USA","Healthcare","301","0058g0RfVEhB86UA0S","","2020-12-15T18:41:29.000Z","2025-10-20T20:29:48.000Z","BX-299674"
"0018g0gEZyvBnH8AMK","Womain Robotics Inc","womain.example","1-415-555-0194","248 Jones Lane","Kaufmantown","FL","32279","USA","Other","10","0058g0GzOrXkmgqAKB","","2019-04-14T16:34:34.000Z","2021-07-02T09:11:29.000Z","BX-201065"
"0018g0aVGl9ORiAAMW","Dosain Dynamics Ltd.","dosain.example","","9877 Miller Lane","Douglasmouth","HI","96855","USA","Transportation","307","0058g0UDR8Iyz1bAOB","","2017-03-19T09:39:58.000Z","2021-01-29T11:55:59.000Z","BX-714015"
"0018g06fE4XzlykAIB","WUPRAAI DYN","https://www.wuprai.example","(404) 555-0104","372 Crawford Lane","Jacobhaven","FM","96941","US","Education","750","0058g0UDR8Iyz1bAOB","","2025-01-11T18:23:31.000Z","2026-04-03T07:17:48.000Z","BX-490305"
"0018g0WLoE0eAdbAWE","Kytol Partners LLC","WWW.KYTOL.EXAMPLE","1-312-555-0103","261 Reyes Lane","New Josephhaven","MH","96963","USA","Banking","159","0058g0RfVEhB86UA0S","","2021-01-08T04:27:40.000Z","2023-04-14T22:30:29.000Z","BX-474085"
"0018g0Jl9qmz60MACQ","Waidin Freight Corporation","waidin.example","720.555.0181","8230 Myers Parkway","South Julieton","MT","59681","United States of America","Banking","15","0058g0ZcmPcg7DcASI","","2023-06-18T01:08:00.000Z","2025-02-04T19:47:19.000Z","BX-845701"
"0018g0GwfdaRskjACC","Skyraen Technologies Corporation","https://www.skyraen.example","(720) 555-0160","0723 Wilson Road","West Marychester","MH","96968","United States of America","Finance","32","0058g0ZcmPcg7DcASI","","2022-04-16T02:05:53.000Z","2023-11-07T20:08:34.000Z","BX-691619"
"0018g0gAb55oQ2AAEU","Douclar International","https://douclar.example/","(512) 555-0122","4130 Tyler Way","Karenborough","DC","20033-4114","United States of America","Machinery","14","0058g0ZcmPcg7DcASI","","2022-06-06T19:53:16.000Z","2022-11-19T07:34:44.000Z","BX-641096"
"0018g0zVhbeF4CkAEK","Baequu Systems Ltd.","WWW.BAEQUU.EXAMPLE","904.555.0193","89553 Blake Way Ste 991","Johnsonfurt","MA","01443","USA","Machinery","309","0058g0WErag4VkFAGU","","2025-04-10T03:18:00.000Z","2026-05-25T13:11:38.000Z","BX-765082"
"0018g0rCUYAXpfYA2T","Pyfoq Outfitters Ltd.","https://pyfoq.example/","972.555.0180","1944 Ramirez Court","East Laura","OH","45697","US","Engineering","31","0058g0UDR8Iyz1bAOB","","2020-12-03T10:53:07.000Z","2021-09-02T20:34:35.000Z","BX-679352"
"0018g03k2kYal0VAAR","Syfound Outfitter Ltd.","https://styfound.example/","1-702-555-0191","4343 Hull Road","New Craig","MS","38730-8396","USA","Consulting","","0058g0RfVEhB86UA0S","","2017-08-17T09:24:33.000Z","2024-03-13T13:12:52.000Z","BX-381044"
"0018g0zNgIhA7UlAUK","Traimair Partners Inc","www.traimair.example","(813) 555-0117","9646 Barton Ct","Lake Amy","KS","66377-6725","United States of America","Finance","1202","0058g0RfVEhB86UA0S","","2017-05-02T03:46:45.000Z","2017-07-11T03:22:00.000Z","BX-731144"
"0018g0XAeYfpJ7fAWE","Stanes Labs Corp.","https://www.stanes.example/about","(305) 555-0150","070 Lawson St Ste 545","East Christopherbury","WI","54556","USA","Government","41","0058g0RfVEhB86UA0S","","2018-05-25T21:28:23.000Z","2022-07-09T04:01:52.000Z","BX-142034"
"0018g0JMswJ1nupAGB","Jaiquioq Supply Inc","WWW.JAIQUIOQ.EXAMPLE","1-503-555-0147","11296 Kent Boulevard","Cynthiaton","AZ","86467","United States of America","Banking","750","0058g0RfVEhB86UA0S","","2022-03-14T22:51:11.000Z","2026-02-25T08:22:20.000Z","BX-685473"
"0018g03rhhDWipkAAD","Pruwom Analytics","www.pruwom.example","","867 Leon Ct Ste 362","Lake Michelleshire","PA","16810-9810","United States of America","Insurance","47","0058g0ZcmPcg7DcASI","","2020-12-09T22:57:29.000Z","2023-05-28T09:52:49.000Z","BX-880361"
"0018g0HdCxbdS3SAKU","Waeclin Robotics Inc","","503.555.0198","6651 Hogan Court","West Carlos","CT","06316","USA","Consulting","81","0058g0WErag4VkFAGU","","2018-02-22T13:33:51.000Z","2020-07-01T19:18:57.000Z","BX-856521"
"0018g0RVswaGyLlAGK","Skibrior Solutions Ltd.","","415-555-0112","73815 Flynn Ave","Janettown","MT","59269","USA","Recreation","","0058g0RfVEhB86UA0S","","2019-11-02T18:53:06.000Z","2020-11-05T19:07:48.000Z","BX-538679"
"0018g0mjj4keUivAAE","Wevir Analytics LLC","","","98080 Hardy Street","Hicksshire","RI","02823","US","Entertainment","34","0058g0GzOrXkmgqAKB","","2017-03-09T23:43:24.000Z","2019-05-12T08:09:04.000Z","BX-829624"
"0018g0C5vvJZNH6ACP","Saigyth Supply Corp.","saigyth.example","1-972-555-0124","439 Gibson Parkway","New Codyton","ID","83271","USA","Insurance","755","0058g0GzOrXkmgqAKB","","2017-05-09T05:34:45.000Z","2026-03-10T07:43:26.000Z","BX-546511"
"0018g0YQg8ypjsYAGQ","Greti Partners","https://www.greti.example/about","404-555-0119","063 Miller Place","Brownport","AK","99511","United States of America","Technology","757","0058g0tvAn0HYSqAIO","","2017-10-06T07:39:50.000Z","2019-11-25T16:23:37.000Z","BX-668660"
"0018g0tbVXZNLPiAYP","Diogaes Outfitters LLC","","617.555.0150","5426 Boyd Lane","Nguyenport","AL","36549","United States of America","Construction","85","0058g0RfVEhB86UA0S","","2022-10-03T21:21:45.000Z","2024-11-05T02:12:47.000Z","BX-811995"
"0018g0ZqhbNgDaRACV","Trunin Analytics Corporation","www.trunin.example","212.555.0161","3979 Welch Court","Bryantstad","CA","92611","United States of America","Insurance","32","0058g0GzOrXkmgqAKB","","2018-04-08T06:10:22.000Z","2023-03-18T04:45:14.000Z","BX-534391"
"0018g0TwYFwQxNqA0K","Kynom Works Inc","https://www.kynom.example/about","(212) 555-0118","511 Guzman Way","East Mariahaven","OR","97571","US","Electronics","151","0058g0GzOrXkmgqAKB","","2022-08-23T08:22:33.000Z","2023-12-04T04:42:18.000Z","BX-726591"
"0018g0hV1MUBRioAUH","Quougrend Partners Ltd.","quougrend.example","","981 Reed Blvd","North Karen","AK","99872","United States of America","Communications","","0058g0ZcmPcg7DcASI","","2018-04-12T03:51:29.000Z","2018-10-03T10:24:16.000Z","BX-712099"
"0018g0jN2fUIQ8iAEH","Tiozous Outfitters Co.","https://www.tiozous.example","(415) 555-0167","8776 Morris Way Suite 796","Rebeccatown","NH","03371","USA","Not For Profit","5000","0058g0UDR8Iyz1bAOB","","2025-01-23T19:04:57.000Z","2025-04-01T23:58:39.000Z","BX-679205"
"0018g0g5dc2rTyNAAU","Dragol Technologies Co.","https://dragol.example/","+1 904 555 0121","37715 Hernandez Lane","Lake Roberto","OK","73139","US","Construction","753","0058g0RfVEhB86UA0S","","2022-06-18T00:11:07.000Z","2023-04-21T15:37:13.000Z","BX-165764"
"0018g0qE6Ul5kZtAUI","Grioquion Partners Group Corp.","https://www.grioquionpartners.example/about","404.555.0123","","West Diane","CT","06282","US","Government","40","0058g0tvAn0HYSqAIO","","2019-02-14T09:17:18.000Z","2019-10-08T04:06:14.000Z","BX-903376"
"0018g0SwJZBBOiQA0X","Dacler Works Corp.","","512.555.0195","264 Holden Boulevard Suite 889","Port Melissa","HI","96793","United States of America","Education","40","0058g0RfVEhB86UA0S","","2017-05-12T10:00:41.000Z","2024-04-07T02:27:54.000Z","BX-721878"
"0018g0yeotjdgDaAAI","Caizyn Capital Corp.","https://caizyn.example/","+1 972 555 0146","8965 Flores Lane Suite 315","Davidmouth","NE","68077","US","Retail","1203","0058g0ZcmPcg7DcASI","","2022-03-05T19:21:37.000Z","2023-11-02T03:27:38.000Z","BX-845719"
"0018g0mdMejMrgdAIC","Greseve Works Inc","greseve.example","","","Chelseyside","WI","53018","USA","Telecommunications","47","0058g0RfVEhB86UA0S","","2025-05-08T05:02:10.000Z","2025-10-04T03:44:50.000Z","BX-386800"
"0018g0H9iKcgoBCASY","Drofyrk Analytics LLC","","(904) 555-0174","639 Boyd Dr","Hollandtown","RI","02911","United States of America","Finance","32","0058g0RfVEhB86UA0S","","2017-08-09T19:03:49.000Z","2020-06-04T15:32:28.000Z","BX-832799"
"0018g0dLX2H9MynAMF","goskaq networks corp.","","","31222 Cooper Place","South Tiffanyton","HI","96896-9881","USA","Telecommunications","32","0058g0RfVEhB86UA0S","","2023-06-23T10:08:22.000Z","2026-08-04T02:01:32.000Z","BX-987518"
"0018g0jDKoPQPvuAMH","Wipail Capital Ltd.","https://www.wipail.example","1-415-555-0174","462 Johnson Ct","North Johnport","CO","80739","USA","Not For Profit","155","0058g0ZcmPcg7DcASI","","2021-12-22T09:49:02.000Z","2024-05-26T10:11:21.000Z","BX-701163"
"0018g0zDVqEBzMIAM1","Quousar Energy Corp.","https://quousar.example/","+1 305 555 0118","723 Schultz Street","Andersonmouth","MS","38788","USA","Biotechnology","5000","0058g0WErag4VkFAGU","","2024-05-30T19:00:41.000Z","2025-03-11T12:02:13.000Z","BX-704406"
"0018g0yRWgtf2EXAMY","Skaehoq Energy Corporation","http://skaehoq.example","1-904-555-0153","30410 Acosta Avenue","Jonathanside","KS","67331","USA","Food & Beverage","759","0058g0tvAn0HYSqAIO","","2018-12-03T06:31:11.000Z","2022-02-04T08:15:50.000Z","BX-949041"
"0018g0a6kUCXXtPAQX","Clumiox Outfitter","https://clumiox.example/","617-555-0144","27677 Phillips Lane","North Gavin","LA","71062","United States of America","Engineering","","0058g0GzOrXkmgqAKB","","2018-04-06T09:46:11.000Z","2023-02-23T03:20:09.000Z","BX-654976"
"0018g0Z3IALvKJ5A0N","Jazaiq Systems Ltd.","www.jazaiq.example","","626 Mitchell Parkway","New William","ND","58403","United States of America","Agriculture","1203","0058g0GzOrXkmgqAKB","","2021-07-22T09:51:16.000Z","2021-10-17T23:43:28.000Z","BX-499828"
"0018g0VA7ZIp2qNAWR","Moflen Health Ltd.","https://www.moflen.example","","640 Thomas Ct","Kellyshire","NC","28731","US","Manufacturing","156","0058g0GzOrXkmgqAKB","","2018-08-25T22:44:00.000Z","2026-02-21T09:10:07.000Z","BX-610024"
"0018g0EfPf7Quo0AKC","Griprael Labs Ltd.","https://www.gripraellabs.example","206.555.0151","9579 Todd Drive","Lake Kevinton","NH","03179","United States of America","Telecommunications","26","0058g0ZcmPcg7DcASI","","2022-04-13T00:53:26.000Z","2024-07-27T01:00:26.000Z","BX-328782"
"0018g0bQTfN81gEAMR","Quoupouve Partners Corporation","www.quoupouve.example","","1520 Sanders Drive","Arianabury","MT","59229","USA","Engineering","89","0058g0ZcmPcg7DcASI","","2024-10-06T20:11:16.000Z","2025-06-01T09:59:57.000Z","BX-453499"
"0018g0BUBZT9sAtA4J","Zaigrer Manufacturing Corp.","zaigrer.example","404.555.0152","3297 Pham Pkwy","Vegamouth","VA","22695","USA","Energy","12","0058g0tvAn0HYSqAIO","","2022-09-14T17:09:40.000Z","2024-08-22T17:30:15.000Z","BX-680173"
"0018g0ecfq3yZqAAAU","Winirk Energy Corp.","www.winirk.example","503.555.0162","2576 Bennett Place","Gallagherfurt","CA","94265","USA","Finance","1206","0058g0GzOrXkmgqAKB","","2025-02-12T20:40:57.000Z","2025-11-04T06:56:35.000Z","BX-297055"
"0018g0Rf17mbgoqACA","Laibond Analytics Ltd.","https://laibond.example/","1-720-555-0122","07032 Herrera Avenue","Barryside","MD","20942","USA","Technology","17","0058g0ZcmPcg7DcASI","","2022-02-09T15:27:05.000Z","2022-04-11T19:44:20.000Z","BX-769294"
"0018g0tRA82T5h4AMC","Touwiom Materials Corp.","www.touwiom.example","1-702-555-0134","80888 Mclean Road","Williamstad","DC","20011-2762","USA","Technology","5008","0058g0RfVEhB86UA0S","","2025-01-03T16:11:39.000Z","2025-04-20T07:24:06.000Z","BX-763480"
"0018g0nNye9dcwCAEQ","Clivor Health Inc","www.clivor.example","503-555-0112","618 Adams Drive","Port Kathleenburgh","NE","68097","USA","Utilities","15","0058g0GzOrXkmgqAKB","","2018-02-04T18:40:49.000Z","2020-01-24T23:09:53.000Z","BX-169928"
"0018g0Fe3JJJGK7ASP","Flustem Health Inc.","","(503) 555-0185","254 Barnett Drive Suite 571","West Jay","FM","96942","United States of America","Education","6","0058g0tvAn0HYSqAIO","","2022-08-27T08:03:17.000Z","2023-02-24T13:49:45.000Z","BX-868331"
"0018g0ZuZugTkaEAKS","Kowourk Energy","https://www.kowourk.example/about","1-212-555-0147","5996 Brooks Way","Reneemouth","CA","92133-1620","US","Manufacturing","13","0058g0GzOrXkmgqAKB","","2022-08-27T17:16:43.000Z","2026-05-24T01:31:28.000Z","BX-241109"
"0018g0Uz3SFpRCgASN","Drouflind Technologies Ltd.","drouflind.example","720.555.0104","3675 Scott Road","South Alec","DE","19874","USA","Machinery","85","0058g0WErag4VkFAGU","","2017-11-22T03:52:01.000Z","2020-07-22T10:55:43.000Z","BX-642315"
"0018g04pWt7RBg4AIG","Skaekend Networks LLC","https://www.skaekend.example","1-972-555-0151","150 Jones Way","North Jessicaport","ME","03935","United States of America","Recreation","34","0058g0WErag4VkFAGU","","2019-05-11T18:12:25.000Z","2020-02-25T02:48:29.000Z","BX-694671"
"0018g0MHdqzghtTAGQ","Skiotryrk International Co.","WWW.SKIOTRYRK.EXAMPLE","+1 305 555 0174","34900 Cruz Dr","New Sarah","NM","87387","US","Other","153","0058g0RfVEhB86UA0S","","2021-09-02T10:21:11.000Z","2022-06-06T05:27:14.000Z","BX-569932"
"0018g0U83uHUb5sACD","Reclaix Analytics LLC","","","6030 Glass Way","North Sherry","IN","46494-5291","United States of America","Healthcare","80","0058g0RfVEhB86UA0S","","2017-09-06T06:36:35.000Z","2026-06-22T02:13:00.000Z","BX-950768"
"0018g0IFkjtthi3AGA","Cucain Energy Inc","https://www.cucain.example/about","1-702-555-0172","3215 Baker Court","New Lisachester","NE","68072","US","Insurance","40","0058g0RfVEhB86UA0S","","2020-12-28T12:47:44.000Z","2023-11-08T23:02:45.000Z","BX-939992"
"0018g0VeDKuEmgJA0S","Waecex Technologies Co.","https://waecex.example/","(404) 555-0158","0767 Curtis Pl","Julieton","NJ","07787","USA","Media","5007","0058g0RfVEhB86UA0S","","2023-05-19T09:47:31.000Z","2025-07-13T00:20:43.000Z","BX-335181"
"0018g0Zk5neQUdUACW","Flohaex Works","WWW.FLOHAEXWORKS.EXAMPLE","+1 720 555 0123","68857 Weaver Drive","Mendeztown","DC","20027","USA","Telecommunications","306","0058g0GzOrXkmgqAKB","","2017-12-19T06:59:43.000Z","2025-10-27T06:11:33.000Z","BX-434691"
"0018g01TOeQzwoIAMR","Rebrioq Supply Inc","https://www.rebrioq.example/about","212-555-0178","0975 Lopez Way","New Lori","IA","52493","US","Apparel","6","0058g0RfVEhB86UA0S","","2021-07-05T22:22:38.000Z","2024-03-11T01:20:14.000Z","BX-303702"
"0018g0V9M1bNsI5AKK","Jouhath Robotics Co.","jouhath.example","1-415-555-0170","92398 Miller Boulevard","Kyliechester","NY","13725","United States of America","Energy","152","0058g0WErag4VkFAGU","","2025-02-02T13:03:16.000Z","2026-08-09T03:24:43.000Z","BX-335474"
"0018g01pg74kbAsAAI","Capoum Dynamics","https://www.capoum.example","720.555.0174","80820 Brooks Avenue","Robinsonbury","OR","97427","United States of America","Machinery","5002","0058g0ZcmPcg7DcASI","","2024-02-15T05:48:34.000Z","2026-02-17T08:57:59.000Z","BX-973930"
"0018g0j3h1al1pEAAQ","Daiclim Outfitters Corporation","","305-555-0158","192 Harris Ave Ste 731","Justinborough","NM","87167","United States of America","Chemicals","752","0058g0WErag4VkFAGU","","2022-08-08T10:02:41.000Z","2024-09-09T20:47:29.000Z","BX-662320"
"0018g0Ki3efk7gLACQ","Graiflen Food Co Co.","www.graiflen.example","","","Emilychester","MN","55959-7127","US","Apparel","","0058g0RfVEhB86UA0S","","2023-12-15T10:55:25.000Z","2026-08-24T21:30:05.000Z","BX-210089"
"0018g0TYLcNN7daAOD","Jaicyve Holdings Inc","http://jaicyve.example","+1 404 555 0182","556 Young Boulevard","Woodland","VA","23738-9292","US","Agriculture","1201","0058g0UDR8Iyz1bAOB","","2024-12-01T01:02:09.000Z","2025-04-26T02:24:28.000Z","BX-740286"
"0018g0Y7d7XLzLZAC1","Haelex Robotics LLC","https://www.haelex.example/about","305.555.0173","7827 Davis Way Suite 877","East Rhonda","WV","24866","USA","Engineering","307","0058g0tvAn0HYSqAIO","","2019-04-29T02:57:10.000Z","2024-01-25T08:27:25.000Z","BX-690512"
"0018g0yOpYt60gjAUA","Fuvaen Materials Inc.","www.fuvaen.example","+1 305 555 0183","46162 Vance Court","Lake Jamesfort","NY","10937","US","Electronics","309","0058g0ZcmPcg7DcASI","","2022-10-01T07:22:25.000Z","2025-09-27T23:25:09.000Z","BX-806156"
"0018g0xABm8hYE4AMM","Togun Analytics Corporation","WWW.TOGUN.EXAMPLE","","9209 Aguirre Road","West James","MN","56668","USA","Manufacturing","5001","0058g0GzOrXkmgqAKB","","2022-09-04T08:06:00.000Z","2023-03-12T08:49:11.000Z","BX-671108"
"0018g0Y2en3hskVACQ","Kaitraend International Ltd.","www.kaitraend.example","","37907 Thompson Court","Annettefurt","NY","11770","USA","Healthcare","34","0058g0UDR8Iyz1bAOB","","2017-12-16T05:48:46.000Z","2018-04-25T11:56:24.000Z","BX-438211"
"0018g05NvvbF01IAES","Gewae Solutions Co.","","","0768 Randolph St","East Carolyn","AZ","85060","USA","Communications","16","0058g0ZcmPcg7DcASI","","2017-06-23T00:08:03.000Z","2024-10-27T22:03:00.000Z","BX-161778"
"0018g0jbzahW7c0AAC","Goulind Networks LLC","http://goulind.example","+1 206 555 0124","46363 King Avenue","Lake Matthew","AR","72447","United States of America","Utilities","28","0058g0WErag4VkFAGU","","2023-05-24T10:52:54.000Z","2024-05-04T03:31:00.000Z","BX-717017"
"0018g0B0d38YV6DACW","Wacor Solutions LLC","https://wacor.example/","206-555-0142","314 Allen Pl","Karenchester","DE","19796","US","Healthcare","83","0058g0RfVEhB86UA0S","","2018-05-15T01:40:27.000Z","2024-02-07T08:54:19.000Z","BX-264591"
"0018g0Y2foguKDwACM","Draiclix Industries Ltd.","","(904) 555-0199","689 Wu Road","Port Robertton","VT","05216","United States of America","Recreation","157","0058g0UDR8Iyz1bAOB","","2019-11-12T08:20:55.000Z","2024-10-29T19:28:10.000Z","BX-863243"
"0018g03DZqmOC6QAMW","Flanaeve Partners Inc","WWW.FLANAEVE.EXAMPLE","+1 415 555 0153","2023 Mclaughlin Avenue","Ramirezview","LA","71124","USA","Utilities","89","0058g0ZcmPcg7DcASI","","2018-08-26T10:51:55.000Z","2026-01-07T07:47:17.000Z","BX-656163"
"0018g0k5u8QtbsKAAR","Pruwom Analytics","http://pruwom.example","1-212-555-0184","867 Leon Ct Ste 362","Lake Michelleshire","PA","16810","United States of America","Insurance","47","0058g0tvAn0HYSqAIO","","2018-12-04T05:49:23.000Z","2019-11-05T06:02:25.000Z","BX-190205"
"0018g04rJaAeNqIAIV","Pegrix Works Corp.","https://www.pegrix.example/about","404.555.0169","243 Schultz Street","Jenniferville","NV","89565","USA","Not For Profit","40","0058g0ZcmPcg7DcASI","","2021-12-21T19:52:45.000Z","2024-10-25T10:00:04.000Z","BX-114726"
"0018g0zaMus3tnYAIQ","Loucaeth Manufacturing","WWW.LOUCAETH.EXAMPLE","813-555-0109","96129 Gibbs Parkway","Lake Michelleside","ND","58715","United States of America","Retail","80","0058g0RfVEhB86UA0S","","2025-04-09T00:14:10.000Z","2025-09-25T13:50:06.000Z","BX-423480"
"0018g0WFPWy9y98A4A","Tyflair Freight LLC","https://www.tyflair.example","972.555.0192","","Bradleystad","CA","92232","United States of America","Food & Beverage","308","0058g0tvAn0HYSqAIO","","2023-12-24T09:44:46.000Z","2024-12-29T03:35:35.000Z","BX-744539"
"0018g0kJKzZrf9RAMR","Skige Analytics Inc","https://www.go.skige.example","(305) 555-0184","9352 Stein Lane Suite 333","Walkerstad","NH","03864","United States of America","Telecommunications","304","0058g0RfVEhB86UA0S","","2019-03-22T00:13:23.000Z","2024-03-12T10:43:57.000Z","BX-103487"
"0018g0HRWT7VlLlA4K","Laeben Capital LLC","http://laeben.example","","81548 Garcia Boulevard","Changshire","WA","98406","United States of America","Communications","15","0058g0GzOrXkmgqAKB","","2024-03-30T13:31:12.000Z","2025-11-03T13:22:03.000Z","BX-630755"
"0018g0b5WOMmkjVAYR","nanos robotics corp.","https://www.nanos.example/about","305-555-0166","766 James Pl","Whitefurt","SD","57333","USA","Education","2273","0058g0ZcmPcg7DcASI","","2018-09-13T11:40:20.000Z","2022-02-10T09:12:05.000Z","BX-778207"
"0018g0e4Ls7fbeuAIA","Pywai Holdings LLC","http://pywai.example","904.555.0118","626 Snow Street Suite 891","Jacksonhaven","MN","56129","United States of America","Chemicals","150","0058g0GzOrXkmgqAKB","","2020-03-21T00:14:25.000Z","2024-08-29T20:31:23.000Z","BX-748006"
"0018g0jwO2i2rGxAII","Deprand Analytics Co.","https://www.deprand.example/about","512.555.0137","771 Young Court","Port Christopherhaven","OH","45380","USA","Agriculture","754","0058g0tvAn0HYSqAIO","","2023-05-24T07:58:02.000Z","2025-10-23T08:59:28.000Z","BX-689109"
"0018g0Kq3k5Xs1SACS","Jetiom Services Inc","http://jetiom.example","1-503-555-0115","736 Brown Pl","South Christopherstad","ID","83842","United States of America","Banking","85","0058g0GzOrXkmgqAKB","","2025-04-25T03:34:58.000Z","2025-05-05T11:17:03.000Z","BX-622782"
"0018g07VDrO74MpAMJ","Sukys Dynamics Corp.","www.sukys.example","+1 617 555 0147","653 Berry Road","Susanhaven","MI","49922","USA","Technology","5","0058g0ZcmPcg7DcASI","","2020-02-16T11:56:43.000Z","2021-09-02T12:03:55.000Z","BX-534020"
"0018g0jtvVff1aKAQQ","Kaehurk Hldgs Corporation","https://www.kaehurk.example/about","(617) 555-0178","6280 King Place","Lake Cynthia","UT","84777","USA","Biotechnology","235","0058g0GzOrXkmgqAKB","","2019-10-29T22:36:45.000Z","2022-11-06T04:27:51.000Z","BX-692469"
"0018g0GlHqwVRiNAKW","Droutrae Manufacturing","http://droutrae.example","(404) 555-0191","","Ninaville","SD","57557","US","Recreation","89","0058g0ZcmPcg7DcASI","","2017-03-17T19:13:27.000Z","2017-05-16T10:26:49.000Z","BX-851119"
"0018g0De4HSzfBrASJ","Trihan Robotics Corporation","https://www.trihan.example/about","312-555-0153","5124 Osborn Ln Ste 156","Port Mark","UT","84293","US","Retail","5007","0058g0tvAn0HYSqAIO","","2021-10-23T18:30:40.000Z","2025-06-13T03:50:00.000Z","BX-172052"
"0018g06fU7ktNaSAIU","Rycloul Solutions Co.","WWW.RYCLOUL.EXAMPLE","","62084 Terry Blvd","Mcdanielland","CA","96134","USA","Banking","309","0058g0WErag4VkFAGU","","2021-07-04T01:28:50.000Z","2026-08-13T07:26:23.000Z","BX-112844"
"0018g0lVMu6STksAMG","Jejal Materials Ltd.","","305-555-0194","60287 Gonzalez Lane Suite 301","Randychester","CA","93271","United States of America","Insurance","752","0058g0tvAn0HYSqAIO","","2023-11-10T23:31:00.000Z","2024-10-27T01:43:49.000Z","BX-374493"
"0018g0L4DkZkCbKAKV","Zoolerk Analytics Corporation","https://www.zolerk.example","+1 617 555 0101","74833 Chang Place","North Heather","LA","70204","US","Media","8123","0058g0ZcmPcg7DcASI","","2022-12-29T11:04:37.000Z","2023-09-28T10:13:16.000Z","BX-934470"
"0018g01Iq7nvRU0AEM","Kyquin Freight Corp.","https://kyquin.example/","+1 503 555 0138","65516 Bennett Way","Haydenport","AL","36313","United States of America","Insurance","308","0058g0ZcmPcg7DcASI","","2023-03-01T06:35:36.000Z","2024-08-22T00:12:08.000Z","BX-799570"
"0018g0sHS4DykaPAMR","Wavex International","https://www.shop.wavex.example/about","617.555.0111","","Port Chloe","ID","83483-2794","USA","Entertainment","49","0058g0UDR8Iyz1bAOB","","2023-03-08T09:57:36.000Z","2024-02-11T01:16:32.000Z","BX-347476"
"0018g051nALvXqGAQV","Trivaex Logistics Inc","trivaex.example","(206) 555-0104","015 Maynard Drive","South Micheleport","MI","48295","United States of America","Utilities","8","0058g0UDR8Iyz1bAOB","","2024-09-11T15:49:39.000Z","2025-02-18T08:37:38.000Z","BX-374917"
"0018g0Ozck4mvGhACI","Flegraer Foods Co.","https://www.flegraer.example","(212) 555-0193","819 May Blvd","Port Jessica","CO","81583","United States of America","Biotechnology","12","0058g0WErag4VkFAGU","","2017-07-10T20:33:14.000Z","2024-07-07T11:00:09.000Z","BX-337658"
"0018g0LlJLvjDzbA0E","Praekum Health","https://www.praekum.example","+1 813 555 0198","82608 Hammond Lane","Mossborough","NE","68099","United States of America","Retail","44","0058g0WErag4VkFAGU","","2023-03-21T23:21:32.000Z","2024-08-16T07:11:58.000Z","BX-264447"
"0018g0FlAGweKoAA0U","Kamaive Capital Inc","https://kamaive.example/","720.555.0123","73075 Anderson Parkway","Johnsonborough","OH","44410","United States of America","Insurance","301","0058g0RfVEhB86UA0S","","2025-02-05T07:57:56.000Z","2026-06-10T00:23:32.000Z","BX-294489"
"0018g0YtSXphcIzA0I","Poufix Logistics","https://www.poufix.example","1-212-555-0199","82724 Wood Lane","Esteschester","UT","84226","United States of America","Technology","16","0058g0GzOrXkmgqAKB","","2020-07-21T17:40:07.000Z","2021-02-28T15:08:44.000Z","BX-820562"
"0018g0HiBUJdibFA0R","Gioruth Technologies Corp.","gioruth.example","(415) 555-0179","9341 Simpson Way","North Scottmouth","NE","68035-1970","US","Transportation","12","0058g0GzOrXkmgqAKB","","2021-08-05T01:31:27.000Z","2026-01-14T13:16:32.000Z","BX-874283"
"0018g0Uu5TF8NDjASN","Triclio Foods Ltd.","","+1 212 555 0189","078 Carter Boulevard","South Mary","DE","19953-2061","USA","Engineering","46","0058g0GzOrXkmgqAKB","","2020-10-30T09:39:49.000Z","2023-03-31T19:37:36.000Z","BX-877637"
"0018g0rcg66bk2tAAA","Predar Capital","","(503) 555-0167","9565 Flores Road Suite 276","Haynesmouth","AL","35450","US","Healthcare","5000","0058g0GzOrXkmgqAKB","","2022-12-29T14:44:41.000Z","2023-03-29T18:45:03.000Z","BX-679854"
"0018g0xz3H90oLyAQI","Staisa Capital Corp.","staisa.example","212.555.0149","70927 Bradford Court Suite 126","West Tracyton","VT","05475","USA","Environmental","752","0058g0WErag4VkFAGU","","2017-04-18T15:33:59.000Z","2020-05-25T21:06:35.000Z","BX-686671"
"0018g0j6hJmQvffAQC","Graedraeq Supply Co.","graedraeq.example","972-555-0193","53560 Ellis Lane","Schmidtstad","TN","38163","US","Communications","1201","0058g0WErag4VkFAGU","","2021-10-12T21:34:26.000Z","2022-06-14T08:50:58.000Z","BX-278071"
"0018g0MeLW6WWjKA0W","Drosaeve Robotics LLC","www.drosaeve.example","305.555.0168","544 Hanson Avenue","Owensstad","TN","37560","United States of America","Recreation","45","0058g0ZcmPcg7DcASI","","2021-01-11T20:19:29.000Z","2021-02-11T11:52:40.000Z","BX-721948"
"0018g0V2pSXWfxsASD","Zeclem Materials Inc","https://www.zeclem.example/about","720-555-0118","40195 Norman Boulevard","Franklinbury","OH","43370","US","Biotechnology","14","0058g0ZcmPcg7DcASI","","2023-11-30T19:30:56.000Z","2025-05-27T13:06:39.000Z","BX-602843"
"0018g0bHv09VIMFAE4","Flulove Energy Corp.","","(312) 555-0128","51364 Young Place","Crossland","ND","58085","USA","Hospitality","","0058g0RfVEhB86UA0S","","2019-10-13T20:37:36.000Z","2024-07-07T18:10:35.000Z","BX-785673"
"0018g0cWfQZrspgAUB","Pragraeve Services LLC","","1-312-555-0111","3434 Bartlett Court","Lake Michaeltown","KS","66618","USA","Engineering","159","0058g0ZcmPcg7DcASI","","2020-06-29T13:10:47.000Z","2021-05-07T01:17:57.000Z","BX-337286"
"0018g0S2TgT9i3iAKB","Skafork Materials Inc","https://skafork.example/","503.555.0196","321 Ward Court","Andersonfort","MH","96969","United States of America","Not For Profit","151","0058g0UDR8Iyz1bAOB","","2024-09-30T07:35:17.000Z","2026-01-01T11:42:02.000Z","BX-530083"
"0018g0cLqPdJgbLAUS","Maekirk Foods Corp.","","(512) 555-0197","01416 Porter Drive","Benjaminmouth","AL","35194-8407","United States of America","Government","301","0058g0tvAn0HYSqAIO","","2020-10-14T19:15:16.000Z","2021-12-07T13:01:32.000Z","BX-113203"
"0018g095tb8YNrTAAW","Skaihyl Labs Co.","https://www.skaihyl.example/about","404-555-0136","3993 Mcdonald Lane","Beckyland","ID","83270","United States of America","Government","32","0058g0WErag4VkFAGU","","2023-05-12T00:05:20.000Z","2024-06-11T06:50:20.000Z","BX-637917"
"0018g0QvFWjvWVEA02","Cainal Labs Inc.","WWW.CAINAL.EXAMPLE","813.555.0153","4352 Soto Pl Ste 898","New Lauramouth","MT","59163","USA","Communications","43","0058g0GzOrXkmgqAKB","","2022-10-21T14:11:42.000Z","2026-02-18T17:38:27.000Z","BX-579367"
"0018g0uwvM9DxiaAQC","Rioclaith Manufacturing Inc.","www.rioclaith.example","512-555-0175","078 Morris Way","North Stephenport","OR","97408-5170","US","Electronics","5","0058g0WErag4VkFAGU","","2024-07-05T06:15:04.000Z","2025-08-17T19:25:17.000Z","BX-794992"
"0018g0fDjPVKvWpAUL","Timax Robotics LLC","www.timax.example","(512) 555-0192","78435 Hunt Drive","Harrisburgh","MN","55429","USA","Consulting","81","0058g0RfVEhB86UA0S","","2017-08-09T01:48:48.000Z","2024-05-08T20:31:01.000Z","BX-858300"
"0018g08gne7ib7cAAA","pysstex labs llc","http://pystex.example","212-555-0198","383 Hudson Boulevard","Andersonton","PA","17541","US","Agriculture","","0058g0ZcmPcg7DcASI","","2018-02-09T06:13:41.000Z","2022-08-27T02:17:37.000Z","BX-223709"
"0018g0su29elXtPAAU","Stougove Freight Inc","stougove.example","305-555-0117","0695 Chavez Avenue","North Danport","AZ","85284","United States of America","Banking","","0058g0tvAn0HYSqAIO","","2018-09-25T22:02:07.000Z","2020-02-06T01:45:15.000Z","BX-145922"
"0018g0bqhgItjS8AAJ","Fiowo Networks Co.","www.fiowo.example","","3311 Patterson Street","Rhodesmouth","WI","54723","US","Food & Beverage","309","0058g0tvAn0HYSqAIO","","2023-04-15T06:47:16.000Z","2023-06-27T01:52:17.000Z","BX-370833"
"0018g0URVET3YoAA4V","Clynave Services Inc","https://www.clynave.example/about","972.555.0131","80692 Charles Way","Darinside","UT","84098","United States of America","Engineering","757","0058g0RfVEhB86UA0S","","2020-04-10T15:56:48.000Z","2020-10-07T19:07:07.000Z","BX-298089"
"0018g070ShFVmHwAIL","Stahous Labs Ltd.","stahous.example","720-555-0166","0075 Bailey Rd","West Andrealand","SD","57584","USA","Machinery","29","0058g0ZcmPcg7DcASI","","2020-11-03T16:29:28.000Z","2022-11-07T19:42:34.000Z","BX-276227"
"0018g0BLjs0oLwpAGE","Noflynd Net LLC","","1-312-555-0170","7045 Hancock Parkway Suite 865","New Lisa","NC","27567","US","Manufacturing","13","0058g0RfVEhB86UA0S","","2021-06-20T14:40:26.000Z","2024-04-25T16:27:22.000Z","BX-907699"
"0018g0i9fW8JaA3AQK","Biohiom Foods Co.","biohiom.example","","8461 Mckinney Rd","West Michealburgh","OR","97090","US","Agriculture","151","0058g0RfVEhB86UA0S","","2018-01-26T23:56:49.000Z","2020-04-24T23:51:47.000Z","BX-721827"
"0018g0atArXgBOaAIN","Liogrym Industries Inc","https://www.liogrym.example","305-555-0106","729 Mcdaniel Way","New Teresa","WI","53900","United States of America","Machinery","49","0058g0GzOrXkmgqAKB","","2017-02-07T10:40:20.000Z","2023-09-21T21:14:21.000Z","BX-547962"
"0018g0x8UzKph4XAIR","Raiprax Freight LLC","https://www.raiprax.example/about","(512) 555-0154","33663 Owens Parkway","South Benjamin","KS","67741","United States of America","Government","43","0058g0GzOrXkmgqAKB","","2024-09-09T10:13:37.000Z","2025-01-17T18:30:20.000Z","BX-175941"
"0018g0LUdHPPvt5AWD","Draliq Supply Corp.","https://draliqsupply.example/","(305) 555-0112","56039 Norton Street","Trujillomouth","IL","62969-2576","USA","Construction","757","0058g0WErag4VkFAGU","","2020-04-23T21:54:55.000Z","2023-06-17T15:42:28.000Z","BX-320528"
"0018g0rLtOr6CY5AUM","Sajiox Foods Inc","https://www.sajiox.example","+1 972 555 0163","50993 Farmer Place","West Kimberlyport","ND","58800-5207","USA","Engineering","153","0058g0RfVEhB86UA0S","","2021-10-12T19:59:06.000Z","2026-04-06T11:47:49.000Z","BX-561068"
"0018g0Dg1IJNW5IASX","Stuwend Analytics","www.stuwend.example","","6561 Johnston Road","Kurtfort","MO","63304","USA","Not For Profit","286","0058g0RfVEhB86UA0S","","2022-09-02T19:37:18.000Z","2023-07-17T23:58:00.000Z","BX-644595"
"0018g0PkURxOAwYA0W","Zonerk Holdings Corp.","http://zonerkholdings.example","813-555-0128","595 Burton Parkway","Solomonbury","CT","06267","US","Government","83","0058g0WErag4VkFAGU","","2023-12-20T16:56:17.000Z","2026-07-02T07:01:05.000Z","BX-489556"
"0018g0xxBVSSOUSAY5","Cybri Outfitters Inc","https://www.cybri.example/about","","4592 Baldwin Lane","Port Christopherville","VA","24595","United States of America","Hospitality","306","0058g0WErag4VkFAGU","","2024-10-17T03:35:36.000Z","2025-08-23T07:26:31.000Z","BX-927404"
"0018g0qPnfxrnJIAEY","Saefond Capital Corp.","www.saefond.example","1-702-555-0161","7137 Logan Way","Hernandezview","KS","67118","USA","Chemicals","88","0058g0WErag4VkFAGU","","2024-10-05T14:06:27.000Z","2026-03-28T00:38:14.000Z","BX-446532"
"0018g0cAdHriBYHAU2","Sycin Analytics Inc.","sycin.example","+1 404 555 0102","14136 Montgomery Avenue","West Brianna","CT","06248","United States of America","Technology","5008","0058g0GzOrXkmgqAKB","","2025-01-23T07:30:54.000Z","2026-04-11T10:06:56.000Z","BX-582108"
"0018g0l55VggRUrAQM","Drazairk Systems Inc","https://www.drazairk.example","+1 617 555 0111","20219 Nelson Place","Port Angela","KS","67759","USA","Banking","83","0058g0UDR8Iyz1bAOB","","2022-08-05T12:41:54.000Z","2022-11-07T09:36:33.000Z","BX-559422"
"0018g0B9ooPoOM3ACN","Newoul Systems","","(503) 555-0189","55549 Simmons Street Suite 218","Port Jesuschester","ME","04636","United States of America","Not For Profit","5004","0058g0WErag4VkFAGU","","2020-12-06T08:01:12.000Z","2020-12-26T04:04:50.000Z","BX-865656"
"0018g041HefwlX4AII","Tajous Energy Corp.","tajous.example","415.555.0128","130 Barton Boulevard","New Mariah","TN","38469","US","Consulting","750","0058g0WErag4VkFAGU","","2024-02-20T04:13:15.000Z","2025-02-07T04:09:07.000Z","BX-901246"
"0018g0940gwzJ3sAAE","Syjox Supply Corp.","https://www.syjox.example/about","+1 904 555 0148","922 Alexander Boulevard","New Katelyn","LA","71028","USA","Construction","49","0058g0UDR8Iyz1bAOB","","2023-07-30T21:48:20.000Z","2025-09-16T23:39:53.000Z","BX-426633"
"0018g0m5JvIsYW0AIN","Staefys Holdings Inc.","http://staefys.example","415.555.0181","241 Delgado Street","Morrowmouth","AK","99617","US","Recreation","45","0058g0ZcmPcg7DcASI","","2023-06-17T05:25:55.000Z","2024-08-05T14:26:01.000Z","BX-850567"
"0018g09PQWa0aa5A2A","Sadyx Labs Corporation","https://www.sadyxlabs.example","1-312-555-0176","1440 Phillips Court Suite 303","Hoganstad","MT","59211","United States of America","Electronics","13","0058g0UDR8Iyz1bAOB","","2018-07-06T20:00:51.000Z","2023-12-14T00:12:53.000Z","BX-497448"
"0018g0Q0QODP8wrA0D","Saedri Dynamics","https://saedridynamics.example/","512.555.0198","64474 Bell Way","Judyshire","NJ","07089","US","Biotechnology","5008","0058g0WErag4VkFAGU","","2022-12-05T15:50:15.000Z","2023-08-09T13:52:39.000Z","BX-288994"
"0018g0HnuCXxjD2ASJ","Groufe Networks Inc","https://www.groufe.example","1-702-555-0124","50934 Luna Place Suite 213","West Bradleyport","WA","98735","United States of America","Healthcare","752","0058g0WErag4VkFAGU","","2024-10-17T02:57:36.000Z","2024-11-20T23:44:23.000Z","BX-123061"
"0018g0MUQ9YN6aIAOT","Pihoux Analytics Corp.","http://pihoux.example","512-555-0111","8975 Burke Parkway","Lake Anthonyborough","MH","96962","USA","Apparel","17","0058g0GzOrXkmgqAKB","","2021-09-11T11:51:46.000Z","2022-04-01T22:40:48.000Z","BX-732734"
"0018g0dJS8iIunvAMC","Quadrios Analytics Ltd.","https://quadrios.example/","","7187 Livingston Avenue","New Stephanieport","RI","02838","USA","Government","758","0058g0UDR8Iyz1bAOB","","2020-10-28T10:30:55.000Z","2026-08-04T18:01:58.000Z","BX-811209"
"0018g0KZuK88qf9AWA","Pityve Services Corp.","pityve.example","312-555-0157","452 Nelson Drive","Kimberlyberg","ID","83254","US","Hospitality","752","0058g0WErag4VkFAGU","","2024-06-21T14:38:37.000Z","2024-10-05T15:34:27.000Z","BX-719257"
"0018g0kx1vQCccCAAT","Fyherk Capital Ltd.","","720.555.0198","7217 Soto St","Johnsonborough","KY","42171","United States of America","Banking","80","0058g0tvAn0HYSqAIO","","2020-10-17T17:29:45.000Z","2026-02-05T21:18:41.000Z","BX-258161"
"0018g07gLLvL9E3AYK","Flaezum Networks LLC","www.flaezum.example","1-617-555-0170","939 Allen Ct","North Jasmine","UT","84742","USA","Technology","153","0058g0RfVEhB86UA0S","","2019-12-20T11:02:35.000Z","2022-02-22T05:35:48.000Z","BX-785484"
"0018g0yuaXNyXRgAQN","Fyjun Analytics LLC","","+1 904 555 0154","280 Lamb Pl Ste 848","Lake Carlaside","VT","05419","United States of America","Other","87","0058g0tvAn0HYSqAIO","","2017-07-20T06:47:09.000Z","2023-03-05T20:21:16.000Z","BX-378917"
"0018g00bQKcWzdvAYC","Doukum Holdings Ltd.","https://doukum.example/","212-555-0189","2487 Smith Drive","Kevinshire","VA","24573","USA","Agriculture","5000","0058g0tvAn0HYSqAIO","","2018-09-13T22:22:35.000Z","2023-09-13T17:55:11.000Z","BX-904182"
"0018g0s0bubGWo5AAG","Waiflai Holdings LLC","https://www.waiflai.example","1-512-555-0146","156 Palmer Parkway","West Dianestad","IA","51221","United States of America","Shipping","1205","0058g0RfVEhB86UA0S","","2021-09-07T02:30:41.000Z","2025-11-09T07:42:37.000Z","BX-684721"
"0018g0eKzN8YQyAAUW","Staifion Foods Ltd.","","212-555-0127","05239 Velazquez Parkway","Port Davidfurt","RI","02863","USA","Food & Beverage","89","0058g0WErag4VkFAGU","","2025-01-04T07:31:37.000Z","2026-06-19T23:03:16.000Z","BX-146633"
"0018g0zeXgrlCHyAIM","Pygrom Sys LLC","pygrom.example","+1 512 555 0165","5068 Carter Drive Suite 720","Markburgh","WV","26029","United States of America","Technology","5003","0058g0tvAn0HYSqAIO","","2017-01-05T04:11:58.000Z","2025-09-02T19:01:25.000Z","BX-927575"
"0018g0s3YNAdWpvAYF","Tistaix Capital Inc","https://tistaixcapital.example/","512-555-0104","7517 Garrett Avenue","Ramoschester","FM","96944-5660","United States of America","Recreation","42","0058g0WErag4VkFAGU","","2020-11-02T23:06:34.000Z","2024-06-09T14:54:40.000Z","BX-166294"
"0018g08YFD9KaoNA2S","Poulem Health Co.","","+1 503 555 0171","35346 Hurst Street","Lake Fernandoton","SC","29441","United States of America","Construction","14","0058g0GzOrXkmgqAKB","","2019-06-27T15:19:16.000Z","2019-07-18T10:21:28.000Z","BX-323296"
"0018g0TnDv4qEn5AKE","Stionioth Logistics Inc","stionioth.example","(720) 555-0103","354 King Lane","Stonefurt","OK","73007","US","Chemicals","40","0058g0UDR8Iyz1bAOB","","2025-04-20T00:15:17.000Z","2025-11-16T19:07:37.000Z","BX-982538"
"0018g09EgWU1mhbAUB","Tostain Outfitters Inc.","","(305) 555-0165","036 Jordan Road","New Stevenport","MI","48838","USA","Transportation","30","0058g0WErag4VkFAGU","","2021-07-03T23:46:55.000Z","2025-10-06T20:42:03.000Z","BX-207052"
"0018g00W6KRvpRIAUZ","Douvoth Dyn Inc.","","(404) 555-0199","","Christopherberg","MI","49461-7494","US","Entertainment","12","0058g0GzOrXkmgqAKB","","2020-03-30T05:38:26.000Z","2022-02-08T17:33:12.000Z","BX-779379"
"0018g0QQN3OkMWbAON","Praistael Capital Corporation","WWW.PRAISTAEL.EXAMPLE","1-813-555-0153","10352 Aguilar Way","Potterfort","AL","35277","USA","Utilities","33","0058g0ZcmPcg7DcASI","","2025-04-10T21:41:03.000Z","2025-06-22T02:35:36.000Z","BX-759730"
"0018g0w9UjpAe9GAIS","Clorun Freight Inc.","http://clorun.example","1-720-555-0157","9881 Strong Boulevard","Scottborough","NY","12782-7949","USA","Retail","755","0058g0RfVEhB86UA0S","","2022-02-24T12:14:00.000Z","2025-01-09T20:53:24.000Z","BX-715099"
"0018g0d38qkiXSLAA2","Cywil Mfg Corp.","https://cywil.example/","+1 617 555 0108","","Danielport","CO","80768","USA","Communications","33","0058g0ZcmPcg7DcASI","","2025-05-14T20:01:01.000Z","2025-05-22T17:26:19.000Z","BX-804515"
"0018g0zbDRarwRrAYI","Goskaq Networks Corp.","goskaq.example","(212) 555-0138","701 Lopez Lane Suite 125","South Tiffanyton","HI","96845","USA","Telecommunications","32","0058g0GzOrXkmgqAKB","","2020-05-15T06:27:08.000Z","2025-10-17T09:22:18.000Z","BX-349845"
"0018g0eHiUGa1MRAUZ","Clipoth Health Co.","","1-305-555-0126","415 Ellis Ave","Arthurland","VA","23920","USA","Shipping","48","0058g0UDR8Iyz1bAOB","","2019-08-05T09:56:33.000Z","2020-05-06T15:11:35.000Z","BX-133210"
"0018g0Q6UdamdzwAKA","Kiopour Technologies Co.","kiopour.example","","2195 Bell Parkway","South Sharon","FL","32030","US","Recreation","300","0058g0RfVEhB86UA0S","","2023-04-17T12:07:29.000Z","2025-12-01T01:16:23.000Z","BX-532997"
"0018g0eoLpKiJNAAI3","Stalave Manufacturing Inc.","http://stalave.example","813.555.0110","570 Owen Court","Michaelmouth","AZ","85142-5803","USA","Environmental","28","0058g0WErag4VkFAGU","","2019-12-27T21:15:41.000Z","2022-01-25T02:31:27.000Z","BX-399167"
"0018g0dgCJCdZOlAYN","Busen Outfitters Inc.","http://busen.example","904-555-0137","778 Phillips Road","North Hollyfort","AK","99870","United States of America","Hospitality","29","0058g0RfVEhB86UA0S","","2018-01-16T16:48:25.000Z","2025-03-28T18:36:05.000Z","BX-978341"
"0018g0ISmDqElwsAWC","Dilath Manufacturing","WWW.DILATH.EXAMPLE","1-312-555-0153","2178 Shelton Boulevard","Leeborough","FM","96943","US","Chemicals","759","0058g0ZcmPcg7DcASI","","2018-04-27T17:24:13.000Z","2024-02-26T12:55:22.000Z","BX-894864"
"0018g0lO079PZ6IAEW","Viflior Holdings Ltd.","https://www.viflior.example","+1 415 555 0128","6630 Sparks Drive Suite 279","West Melissa","OR","97266","United States of America","Media","11","0058g0ZcmPcg7DcASI","","2025-01-06T16:56:13.000Z","2026-06-20T08:10:39.000Z","BX-310653"
"0018g0wPOlnTmTUAM0","Skatraex Dynamics","http://skatraex.example","1-212-555-0139","299 Davis Way","Powellstad","WI","54756","United States of America","Government","25","0058g0ZcmPcg7DcASI","","2025-05-18T13:40:39.000Z","2026-02-05T19:35:18.000Z","BX-113130"
"0018g0vcmWBoo4GAQR","Pryskyq Dynamics Corporation","pryskyq.example","512.555.0186","","Lake Brianmouth","UT","84368","US","Machinery","","0058g0WErag4VkFAGU","","2022-06-16T20:48:02.000Z","2024-06-30T18:38:13.000Z","BX-823085"
"0018g0Xo5jpJIIDAC4","Quagyq Hldgs Corporation","WWW.QUAGYQ.EXAMPLE","404-555-0165","004 Gallagher Place Suite 966","West Kevin","NJ","08572-6054","USA","Media","12","0058g0tvAn0HYSqAIO","","2024-03-13T14:12:18.000Z","2025-07-12T21:48:05.000Z","BX-226531"
"0018g0iYODQg4zcA2B","Rubrond International Inc","WWW.RUBROND.EXAMPLE","206.555.0149","3136 Wise Court Suite 218","South Lauraberg","KS","66283-3832","US","Retail","32","0058g0tvAn0HYSqAIO","","2024-11-02T03:17:28.000Z","2026-04-08T08:05:13.000Z","BX-984829"
"0018g0t6bl4Xz8IAAS","Guprand Capital Corp.","https://www.guprand.example","312.555.0105","443 Cortez Road","West Cathyhaven","ME","04139","USA","Entertainment","153","0058g0ZcmPcg7DcASI","","2024-01-09T11:48:18.000Z","2025-02-08T09:07:55.000Z","BX-844502"
"0018g0PKxtSi0G4AGJ","Stioquer Health Ltd.","stioquer.example","+1 617 555 0193","09259 Moreno Place","Khanport","MI","48861","United States of America","Agriculture","300","0058g0UDR8Iyz1bAOB","","2020-07-20T23:32:25.000Z","2020-12-28T06:59:30.000Z","BX-478977"
"0018g0wxMixVkyOAIS","wulis solutions","","","621 Owens Court Suite 546","West Ericaborough","CO","80806","US","Shipping","156","0058g0WErag4VkFAGU","","2025-05-25T04:21:39.000Z","2025-05-31T03:18:22.000Z","BX-923005"
"0018g0NBhKRIO7rAWH","Skubriove Dyn Inc","","415.555.0197","2665 Franklin Place Suite 585","Derrickport","NJ","07275","United States of America","Finance","157","0058g0RfVEhB86UA0S","","2022-11-14T21:21:39.000Z","2024-09-17T08:35:30.000Z","BX-993493"
"0018g0G2BirYCTeAKO","Staedre Foods Corp.","https://staedre.example/","+1 212 555 0125","8498 Kennedy Pkwy","West Susanfurt","WY","82974","United States of America","Not For Profit","","0058g0ZcmPcg7DcASI","","2022-07-13T03:43:35.000Z","2023-03-05T20:03:47.000Z","BX-594240"
"0018g093XfIZpevAID","Bousus Manufacturing Inc","http://bousus.example","","7965 Mccormick Pl Ste 803","Orozcohaven","DC","20023","USA","Machinery","","0058g0UDR8Iyz1bAOB","","2024-01-10T12:01:07.000Z","2026-02-08T15:13:13.000Z","BX-995151"
"0018g0e1YReEleAAYS","Skujix Robotics Corporation","www.skujix.example","","877 Johnson Pl Ste 462","Caitlynport","VT","05354","USA","Biotechnology","151","0058g0ZcmPcg7DcASI","","2021-09-02T17:48:18.000Z","2026-07-07T19:36:19.000Z","BX-579363"
"0018g0UEpCScm2xAWB","Bonae Analytics Group Co.","https://www.app.bonae.example/about","1-813-555-0114","9252 Obrien Drive Suite 382","South Angela","VA","23092","US","Food & Beverage","341","0058g0tvAn0HYSqAIO","","2022-12-10T08:08:53.000Z","2023-11-23T17:44:59.000Z","BX-601077"
"0018g0dsFde2j9zAIA","Prutryq Technologies Inc","https://www.prutryq.example/about","972-555-0133","9874 Martin Ct Ste 606","Michaelland","GA","30560","United States of America","Machinery","753","0058g0UDR8Iyz1bAOB","","2024-05-10T01:38:18.000Z","2025-01-15T10:44:17.000Z","BX-462585"
"0018g0zO4QHUOqHAUX","Draibream Capital Co.","www.go.draibraem.example","212-555-0127","43141 Harris Drive","Carterfurt","WI","53493-9971","United States of America","Education","","0058g0WErag4VkFAGU","","2019-08-07T19:02:09.000Z","2024-01-29T04:54:19.000Z","BX-129320"
"0018g0nOXizeytEAMQ","Ciovork Solutions Ltd.","https://www.ciovork.example/about","(904) 555-0151","55371 Mccall Court","Johnshire","KS","67124","US","Manufacturing","1204","0058g0UDR8Iyz1bAOB","","2020-07-03T00:37:35.000Z","2020-10-27T13:12:17.000Z","BX-393382"
"0018g0FfHOSFLlNA0X","Brynil Robotics","https://brynil.example/","904.555.0153","613 Miller Way Suite 569","West Leahchester","MT","59623","USA","Healthcare","8","0058g0RfVEhB86UA0S","","2024-04-27T13:15:45.000Z","2025-02-10T20:41:23.000Z","BX-219744"
"0018g0f2B8dGARMAI4","Skoflaer Logistics Corporation","https://www.skoflaer.example/about","+1 305 555 0128","20618 Graham Boulevard Suite 651","West Jason","NE","68064","United States of America","Electronics","150","0058g0tvAn0HYSqAIO","","2021-02-18T11:28:30.000Z","2023-10-11T04:54:56.000Z","BX-576288"
"0018g0F0ZlMpBmTAKV","Quosku Outfitters Co.","WWW.QUOSKU.EXAMPLE","720-555-0130","9995 Atkins Avenue","South Karenland","KY","42595","USA","Consulting","309","0058g0UDR8Iyz1bAOB","","2020-05-06T18:15:45.000Z","2022-05-18T20:36:53.000Z","BX-895131"
"0018g0bQZlzxRDrAMM","Wubryq Networks Co.","WWW.WUBRYQ.EXAMPLE","1-720-555-0194","2518 Austin Lane","Abbottchester","DE","19729","US","Finance","757","0058g0tvAn0HYSqAIO","","2023-01-03T20:39:53.000Z","2024-06-30T00:21:01.000Z","BX-907227"
"0018g0RcMQ0SdMgA0K","HOPAX OUTFITTER CO.","","312-555-0174","44687 Eaton Avenue","Paulfurt","MN","56605","United States of America","Healthcare","309","0058g0UDR8Iyz1bAOB","","2023-06-20T04:42:01.000Z","2025-11-05T02:39:27.000Z","BX-626366"
"0018g0LMOdWoGLwAON","Cuvend Networks Corporation","www.cuvend.example","","215 Hobbs Avenue","Danielhaven","CT","06131","USA","Healthcare","758","0058g0tvAn0HYSqAIO","","2019-06-05T02:50:00.000Z","2022-08-15T19:31:00.000Z","BX-446966"
"0018g0YMd3TD24kAGD","Broskend Freight Corp.","http://broskend.example","","069 Branch Pkwy Ste 962","New Sharonville","VA","22054","US","Utilities","5005","0058g0WErag4VkFAGU","","2023-01-27T13:17:35.000Z","2025-04-16T20:28:42.000Z","BX-348085"
"0018g0oZoKrMt2DAUS","Kiwys Industries LLC","WWW.KIWYS.EXAMPLE","+1 720 555 0142","929 Morris Lane","Beckershire","NE","68089","USA","Environmental","300","0058g0RfVEhB86UA0S","","2017-11-11T13:35:28.000Z","2022-12-30T18:39:20.000Z","BX-434446"
"0018g0zWsMkxF3fAUE","Cleprre Technologies LLC","app.clepre.example","904.555.0167","","Blackhaven","WI","54949","USA","Apparel","27","0058g0GzOrXkmgqAKB","","2020-11-29T16:24:05.000Z","2023-04-16T16:16:15.000Z","BX-590234"
"0018g0pV9H1PIYyAUO","Fewaith Energy LLC","www.fewaith.example","(415) 555-0196","16714 Martinez Drive","North Anthonyton","KS","66492","US","Entertainment","5004","0058g0WErag4VkFAGU","","2020-12-08T17:34:20.000Z","2024-08-22T13:59:21.000Z","BX-728549"
"0018g0tnPJu2SnpAYE","Waiskkael Healthcare Ltd.","http://waiskael.example","+1 972 555 0160","71264 Miller Ln","Johnsonhaven","ID","83848-6426","USA","Hospitality","753","0058g0RfVEhB86UA0S","","2017-09-30T19:36:56.000Z","2020-05-22T01:19:54.000Z","BX-482089"
"0018g0IhQWaDwO7A0K","Fimuve Technologies Inc","https://fimuve.example/","","998 Gregory Road Suite 810","East Gabriel","OH","45959","US","Agriculture","1205","0058g0tvAn0HYSqAIO","","2024-12-10T22:45:34.000Z","2025-07-24T12:15:51.000Z","BX-536550"
"0018g0dr8SxNNm6AQG","Hemon Works","https://hemon.example/","813.555.0114","75493 Sanchez Way","Ashleytown","WA","99212","USA","Apparel","12","0058g0WErag4VkFAGU","","2021-10-20T07:36:07.000Z","2025-03-22T16:59:40.000Z","BX-362596"
"0018g0zwaEWP5aOAQT","Soukas Outfitters Co.","","","10122 Lewis Court Suite 918","Ramirezhaven","IA","50442","USA","Construction","21","0058g0WErag4VkFAGU","","2022-06-02T13:20:16.000Z","2026-01-30T13:48:51.000Z","BX-602661"
"0018g0V8afo5xkBACQ","Rebrioq Logistics Corp.","https://www.rebrioqlogistics.example","1-617-555-0172","96997 Shepard Parkway","Morganstad","NE","68045","United States of America","Other","1202","0058g0RfVEhB86UA0S","","2018-11-25T12:48:42.000Z","2019-04-10T00:48:46.000Z","BX-756125"
"0018g0AC9GCiU5LAWV","Coupiox Mfg Co.","","","751 Lawson Ln","East Karenside","IN","46771","US","Retail","137","0058g0RfVEhB86UA0S","","2022-05-21T22:33:34.000Z","2026-07-15T11:35:27.000Z","BX-705075"
"0018g0m21kgmHQrAAM","Roudus Energy LLC","WWW.ROUDUS.EXAMPLE","1-305-555-0133","36650 Garcia Ln","Harrisville","ID","83850-9047","United States of America","Not For Profit","307","0058g0WErag4VkFAGU","","2022-06-21T13:08:55.000Z","2025-03-27T09:16:54.000Z","BX-544339"
"0018g0oWVIh4eykA2A","Zudrax Manufacturing LLC","WWW.ZUDRAX.EXAMPLE","972.555.0136","2566 Barnes Boulevard Suite 147","Port Zachary","MO","63638","USA","Chemicals","757","0058g0tvAn0HYSqAIO","","2019-05-20T20:42:03.000Z","2023-08-10T03:03:13.000Z","BX-712766"
"0018g0pzHlQXR7SAIX","Saedri Robotics Corp.","","","711 Murphy Street Suite 300","Antoniotown","MD","21116","US","Manufacturing","155","0058g0GzOrXkmgqAKB","","2025-03-03T04:45:25.000Z","2025-11-18T12:48:20.000Z","BX-819524"
"0018g05RR9m8m9lAMA","Claehaim Systems Inc.","http://claehaim.example","212.555.0184","","Robertbury","GA","30359","United States of America","Energy","155","0058g0ZcmPcg7DcASI","","2024-02-03T16:10:22.000Z","2025-02-09T15:27:56.000Z","BX-143664"
"0018g0AIZ4g1HqmAOE","Hopax Partners Ltd.","http://hopax.example","1-305-555-0121","0042 Waters Ln","South Monica","MH","96964","USA","Environmental","48","0058g0tvAn0HYSqAIO","","2022-09-20T09:29:27.000Z","2023-03-28T21:49:12.000Z","BX-871108"
"0018g0nSLXmp96QA2Q","Liboum Foods Corporation","","415-555-0136","55219 Mullins Parkway","Lake Amber","NV","89516","United States of America","Technology","33","0058g0UDR8Iyz1bAOB","","2019-07-10T13:36:44.000Z","2023-04-18T15:38:37.000Z","BX-318269"
"0018g0jcni7dW92AAE","TAPION MANUFACTURING CORPORATION","https://www.tapion.example/about","+1 305 555 0132","44385 Le Rd","Douglasbury","FM","96944","United States of America","Communications","1205","0058g0UDR8Iyz1bAOB","","2024-10-22T05:43:17.000Z","2025-04-18T07:14:04.000Z","BX-130154"
"0018g00tkS2oD8TAQU","Hopais Healthcare LLC","","(312) 555-0199","8361 Morales Street","South Jimmyport","KS","67273","USA","Chemicals","11996","0058g0tvAn0HYSqAIO","","2021-06-08T07:22:10.000Z","2023-03-04T03:27:35.000Z","BX-531247"
"0018g0CYsBm1Yf3AWE","Cebrom Materials","","+1 503 555 0140","360 Johnson Drive","Wandaborough","NY","11927","United States of America","Consulting","151","0058g0UDR8Iyz1bAOB","","2023-04-08T00:19:28.000Z","2025-03-11T09:37:09.000Z","BX-465452"
"0018g0wRutQYrwyAED","Fupraerk Energy Inc","https://fupraerk.example/","503.555.0192","74239 Hill Way","West Sarahaven","NH","03459","US","Telecommunications","80","0058g0tvAn0HYSqAIO","","2021-01-19T13:47:43.000Z","2021-09-02T13:04:03.000Z","BX-844160"
"0018g07OCwDtQsrAMF","Voufluq Systems Inc.","","206-555-0184","305 Rocha Dr Ste 809","Markview","NM","87836","US","Electronics","756","0058g0tvAn0HYSqAIO","","2024-03-23T02:06:41.000Z","2025-03-17T01:52:32.000Z","BX-395826"
"0018g0ySvICdAD8AUN","Riogryq Foods Inc","https://www.riogryq.example","503.555.0109","00245 Kelley Way","Jeffreyfort","CA","95440","US","Machinery","14","0058g0GzOrXkmgqAKB","","2024-05-23T01:10:45.000Z","2025-03-26T00:13:29.000Z","BX-389839"
"0018g0mzsdtCGNDAA4","Jetaeth Outfitters Corp.","https://www.jetaeth.example","1-617-555-0189","44954 Stuart Street Suite 151","Mooremouth","MN","55487","United States of America","Environmental","758","0058g0GzOrXkmgqAKB","","2023-02-10T11:12:56.000Z","2024-02-16T11:40:21.000Z","BX-627491"
"0018g0MiyLMchRgASJ","Jekan Networks Inc.","WWW.JEKAN.EXAMPLE","","824 Castro Parkway","Stephenton","ND","58005","US","Transportation","15","0058g0GzOrXkmgqAKB","","2020-05-04T05:49:58.000Z","2023-04-07T13:37:56.000Z","BX-590267"
"0018g0ZQ6cCASMiAGP","Ninyrk Partners","ninyrk.example","512-555-0179","5911 Moore Way","Port Kyle","FM","96941","US","Government","21","0058g0UDR8Iyz1bAOB","","2017-05-21T19:31:02.000Z","2025-06-03T22:39:19.000Z","BX-898379"
"0018g0LOU2jA1s3AOC","Rugym Freight Inc.","","206-555-0129","102 Campbell Lane","Richardmouth","MT","59859","United States of America","Retail","13","0058g0WErag4VkFAGU","","2024-06-18T15:07:27.000Z","2025-09-21T04:18:00.000Z","BX-651924"
"0018g0Xd7ehDVZWAC4","Stygrend Health Ltd.","https://www.stygrend.example/about","1-720-555-0134","","New Michaelbury","AZ","85508","USA","Apparel","594","0058g0RfVEhB86UA0S","","2022-05-23T09:53:59.000Z","2023-11-03T12:52:58.000Z","BX-338230"
"0018g0ZxLzKrEamAKF","Furiork Capital Corporation","https://furiork.example/","+1 617 555 0198","33993 David Court","Powersmouth","NC","27702","US","Utilities","13","0058g0UDR8Iyz1bAOB","","2025-04-11T07:51:44.000Z","2025-12-07T12:09:02.000Z","BX-579606"
"0018g0MbBMKf8tpA0B","Mehiom Energy Inc","https://www.go.mehiom.example/about","1-206-555-0183","2612 Meadows Dr","New Jamie","SC","29749","United States of America","Technology","","0058g0WErag4VkFAGU","","2023-10-19T04:13:14.000Z","2024-01-14T17:45:11.000Z","BX-459298"
"0018g0stJcV6UcNAIV","Quioquix Outfitters Inc","https://www.quioquix.example/about","+1 415 555 0145","5164 Taylor Boulevard","South Richard","AK","99589","USA","Healthcare","158","0058g0ZcmPcg7DcASI","","2018-03-09T17:34:12.000Z","2024-09-08T00:25:49.000Z","BX-755232"
"0018g0CnSo6jtqWAKQ","Flaquond Networks","https://flaquond.example/","904-555-0194","49046 Weiss Drive","West Hector","HI","96789","USA","Banking","82","0058g0WErag4VkFAGU","","2019-05-25T13:26:39.000Z","2021-03-12T10:00:11.000Z","BX-928462"
"0018g0NldEnx0DZASY","Driosax Holdings Corporation","https://www.driosax.example","972.555.0126","093 Watson Boulevard","Lake Elizabethshire","FM","96943","USA","Biotechnology","150","0058g0WErag4VkFAGU","","2019-06-19T19:35:05.000Z","2024-12-26T20:05:19.000Z","BX-693741"
"0018g0eSDYOqkJLA2Z","Woulath Solutions Corp.","","","0601 Espinoza Drive","West Bradley","MA","01235","US","Not For Profit","20","0058g0tvAn0HYSqAIO","","2017-02-03T07:44:28.000Z","2020-08-30T09:27:31.000Z","BX-786973"
"0018g0IX3B8MxK3AWK","Vokys Labs LLC","https://www.vokys.example/about","+1 503 555 0143","477 Rivera Boulevard","South Tiffany","OH","44520","United States of America","Agriculture","5005","0058g0WErag4VkFAGU","","2017-01-14T15:45:36.000Z","2024-06-12T21:23:24.000Z","BX-683799"
"0018g0ANOayPnU2AOK","Clifath Labs","https://clifath.example/","904.555.0180","901 Estes Boulevard Suite 210","West Michaelborough","DC","20029","USA","Banking","19","0058g0GzOrXkmgqAKB","","2022-03-03T06:06:17.000Z","2024-03-12T21:59:34.000Z","BX-898067"
"0018g0liNrxs46tAIA","Bousend Technologies Inc","http://bousend.example","(972) 555-0151","48941 Combs Avenue","New Leslie","CA","94376","USA","Telecommunications","305","0058g0tvAn0HYSqAIO","","2018-09-29T21:05:18.000Z","2022-10-27T16:05:28.000Z","BX-687078"
"0018g0XNBVTbVQWA43","Priozil Partners Ltd.","priozil.example","720-555-0172","853 Allen Parkway","Nicolestad","MT","59626","US","Construction","756","0058g0GzOrXkmgqAKB","","2017-07-04T22:15:44.000Z","2022-09-29T18:25:26.000Z","BX-446801"
"0018g07OW6reo3jAMA","Wegel Manufacturing","","312-555-0190","76701 Jones Street Suite 687","Jennifertown","DC","20011","USA","Manufacturing","8","0058g0RfVEhB86UA0S","","2023-03-23T20:33:00.000Z","2024-03-31T07:16:07.000Z","BX-682694"
"0018g0fpWeKXeV4AIL","Faekael Freight","faekael.example","702.555.0187","515 Holmes Dr","Port Kyletown","TX","78743","United States of America","Banking","89","0058g0ZcmPcg7DcASI","","2020-09-10T11:54:57.000Z","2023-05-10T09:29:03.000Z","BX-261332"
"0018g09vBbdEXZyAIO","Wuques Energy Ltd.","","","810 Griffin Street Suite 867","Mooreburgh","OR","97140","United States of America","Utilities","1207","0058g0UDR8Iyz1bAOB","","2019-02-03T22:00:52.000Z","2020-03-14T08:31:33.000Z","BX-223722"
"0018g0kwkhvn4lOAAQ","Clailuq Solutions Corp.","http://clailuq.example","904-555-0191","01222 Hayes Road Suite 986","Tiffanyville","CT","06346-8836","United States of America","Retail","1207","0058g0RfVEhB86UA0S","","2021-06-17T10:48:20.000Z","2025-01-10T00:56:19.000Z","BX-232854"
"0018g0L9QmHS4K5AKL","Tagy Holdings Co.","WWW.TAGY.EXAMPLE","702.555.0169","016 Martinez Place","South Lancemouth","DC","20021","USA","Electronics","31","0058g0ZcmPcg7DcASI","","2021-04-17T09:16:18.000Z","2023-02-18T22:11:33.000Z","BX-714794"
"0018g0xzj01N1bHAAS","Rykios Services Corp.","","404-555-0114","869 Anderson Ct","Port Debraberg","CT","06012","USA","Education","5005","0058g0UDR8Iyz1bAOB","","2019-03-19T08:23:48.000Z","2024-04-06T15:56:48.000Z","BX-835650"
"0018g0i9P8JGxYOAI1","Mougron Materials Corporation","https://www.mougron.example/about","1-720-555-0109","3663 Brown Way","Torresville","NJ","08336","US","Retail","303","0058g0ZcmPcg7DcASI","","2023-01-30T20:00:57.000Z","2026-07-10T21:57:52.000Z","BX-530001"
"0018g0JZb2Q4W8iAGF","Privaes Partners Corporation","privaes.example","972-555-0115","214 Miller Ln","Johnsonside","AZ","86249","US","Agriculture","309","0058g0WErag4VkFAGU","","2022-04-06T08:30:41.000Z","2024-09-15T20:23:24.000Z","BX-640415"
"0018g0wOX9ZjoHFAMZ","Jasti Networks Corporation","WWW.JASTI.EXAMPLE","212-555-0136","020 Stephens Drive","Gregoryview","NV","89033","USA","Communications","150","0058g0RfVEhB86UA0S","","2019-01-15T06:56:35.000Z","2025-05-02T01:44:38.000Z","BX-468037"
"0018g0WyM130PZsAKM","Bryflaive Systems LLC","","(503) 555-0140","79289 Lindsey Parkway","Codybury","MA","02448","US","Biotechnology","156","0058g0tvAn0HYSqAIO","","2023-10-21T03:15:00.000Z","2024-08-13T20:27:19.000Z","BX-117140"
"0018g0DjKOJ7FAqA0N","Dryprark Holdings LLC","http://dryprark.example","1-904-555-0141","73001 French Drive","Wardport","VT","05111","USA","Insurance","10","0058g0RfVEhB86UA0S","","2023-03-07T09:40:25.000Z","2024-03-06T22:18:57.000Z","BX-264019"
"0018g0IpAtpARdgAKG","Grecvoe Outfitter Co.","https://www.grecove.example","(415) 555-0188","2613 Smith Avenue","Port Margaret","MH","96962","US","Food & Beverage","45","0058g0UDR8Iyz1bAOB","","2019-05-30T20:43:48.000Z","2025-07-23T15:50:54.000Z","BX-268539"
"0018g0dKNpB8PsNAMV","Claigrind Networks Inc","https://www.claigrind.example/about","415-555-0133","33119 Smith Lane","Port Lisa","MO","64586","US","Technology","84","0058g0GzOrXkmgqAKB","","2024-09-25T03:06:13.000Z","2026-04-15T05:55:05.000Z","BX-754671"
"0018g0d9qZjxPv7AQE","Tugryrk Foods Inc.","https://www.tugryrk.example/about","720-555-0150","96360 Chapman Way","Floresmouth","AZ","86059-7426","US","Transportation","13","0058g0WErag4VkFAGU","","2024-06-12T07:16:45.000Z","2025-09-13T06:39:16.000Z","BX-251069"
"0018g0WBj4cf8y9AGA","Maedairk Partners Corp.","https://www.maedairk.example","","87305 Cox Parkway","Duncanmouth","WA","98374","United States of America","Environmental","5002","0058g0UDR8Iyz1bAOB","","2023-12-13T02:27:19.000Z","2024-09-17T01:24:22.000Z","BX-323428"
"0018g0lQ2MJopifAUB","Hogu Holdings Corp.","www.hogu.example","(512) 555-0163","4165 Thompson Dr","Mcdowellshire","TX","76317","USA","Communications","5003","0058g0ZcmPcg7DcASI","","2022-03-18T12:38:15.000Z","2022-06-18T08:43:51.000Z","BX-164903"
"0018g0HALu8WUnRAOW","Skaikis Intl Co.","https://www.skaikis.example","+1 206 555 0162","5048 Johnson Blvd","West Jeremyshire","SC","29581","United States of America","Construction","13","0058g0WErag4VkFAGU","","2022-08-26T14:58:32.000Z","2026-08-02T02:05:09.000Z","BX-800213"
"0018g0w1Y0QXtzMAIT","Flinyq Manufacturing Inc","www.flinyq.example","1-404-555-0189","99189 Tran Avenue Suite 860","East Paulbury","AK","99522","United States of America","Recreation","44","0058g0ZcmPcg7DcASI","","2020-11-27T04:05:12.000Z","2021-10-27T04:24:24.000Z","BX-738673"
"0018g0bF3n1oe67AEA","Dudo Analytics Group LLC","https://dudo.example/","","2749 Humphrey Place","South Jamesberg","FL","34666","US","Insurance","25","0058g0RfVEhB86UA0S","","2021-03-17T20:07:40.000Z","2021-12-26T04:42:53.000Z","BX-944204"
"0018g07JFOnaJfPA2U","Ruraiq Solutions Co.","www.ruraiq.example","","7020 Summers Boulevard Suite 757","Lake Laura","GA","31807","United States of America","Biotechnology","19","0058g0GzOrXkmgqAKB","","2023-05-24T02:04:39.000Z","2025-01-07T00:34:02.000Z","BX-633205"
"0018g0zq5ZxtZJTAQ2","Trylael Intl Corp.","http://trylael.example","","311 Bennett Way Ste 368","South Gloria","WA","98694","US","Food & Beverage","155","0058g0UDR8Iyz1bAOB","","2023-09-18T06:23:03.000Z","2026-01-16T05:55:23.000Z","BX-850672"
"0018g0a9OMYDOXyAYP","Weken Health Corporation","www.weken.example","1-305-555-0134","5688 Coffey Road Suite 981","Hayesmouth","AK","99859","US","Retail","6","0058g0UDR8Iyz1bAOB","","2020-10-24T23:18:32.000Z","2023-06-16T21:52:09.000Z","BX-485845"
"0018g0nrltTogjCAAR","Faebourk Outfitters Co.","https://faebourk.example/","","4021 Richardson Boulevard Suite 812","Jameshaven","RI","02852","US","Transportation","753","0058g0UDR8Iyz1bAOB","","2017-01-26T16:01:17.000Z","2024-02-26T03:19:14.000Z","BX-365944"
"0018g0LnArFz8GjAKJ","Trugrark Logistics Corp.","https://www.trugrark.example","(212) 555-0160","766 Watkins Road","Hicksbury","NM","87981","United States of America","Electronics","18","0058g0RfVEhB86UA0S","","2019-07-23T15:37:21.000Z","2025-12-15T01:25:53.000Z","BX-175445"
"0018g0nbK0glSZmAIM","Laprork Health Corporation","http://laprork.example","813.555.0180","5965 Crawford Way","Corybury","TX","78420","United States of America","Telecommunications","151","0058g0RfVEhB86UA0S","","2020-06-08T07:14:49.000Z","2024-07-08T13:55:53.000Z","BX-338863"
"0018g0B7zXVelRIASZ","Skaenaiq Labs Inc","https://www.skaenaiq.example","(212) 555-0161","53442 Vincent Drive","West Adamfurt","WY","82369","United States of America","Media","48","0058g0GzOrXkmgqAKB","","2020-09-15T19:52:20.000Z","2025-06-08T08:20:25.000Z","BX-965447"
"0018g0EjV9l0TIWAK2","Liskal Net LLC","","+1 503 555 0147","1229 Hamilton St","Lauraton","WV","26415","US","Electronics","1341","0058g0tvAn0HYSqAIO","","2021-12-27T23:17:53.000Z","2024-09-06T00:24:40.000Z","BX-228109"
"0018g0VGoSsv8SFAWY","Flynoum Logistics Inc.","https://www.flynoum.example","","724 Fox Way Suite 982","Lake Paula","GA","30964","USA","Chemicals","27","0058g0ZcmPcg7DcASI","","2018-10-19T13:59:54.000Z","2019-07-09T11:12:11.000Z","BX-169615"
"0018g0OeM5x3KqfAKE","Drecaiq Solutions Inc","http://drecaiq.example","1-305-555-0127","441 Burns Boulevard","Lake Leah","UT","84490-8192","United States of America","Chemicals","34","0058g0RfVEhB86UA0S","","2020-04-11T04:48:52.000Z","2026-01-22T16:37:53.000Z","BX-484569"
"0018g0s7nqGsaEmAAJ","Quoudrous Labs Inc","https://www.quoudrous.example/about","(720) 555-0128","696 Hill Drive Suite 319","Port Richardton","AK","99764-5955","United States of America","Finance","301","0058g0WErag4VkFAGU","","2022-01-08T03:42:40.000Z","2024-05-22T14:56:43.000Z","BX-906557"
"0018g0rysEqc6axAQA","vyflaix services corp.","vyflaix.example","+1 720 555 0142","09840 Fritz Road Suite 322","Port James","KS","67440","USA","Biotechnology","47","0058g0ZcmPcg7DcASI","","2023-06-03T07:16:03.000Z","2025-10-12T03:23:40.000Z","BX-205027"
"0018g0SeZ8lpMcHAKU","Guskas Labs Inc.","https://gouskas.example/","+1 415 555 0187","6036 Escobar Dr","Port Daniel","WV","26539","USA","Agriculture","309","0058g0tvAn0HYSqAIO","","2021-06-19T08:28:04.000Z","2021-07-03T14:15:41.000Z","BX-184695"
"0018g0VWAs2MhNOAO0","Wuclain Industries Corp.","WWW.WUCLAIN.EXAMPLE","512.555.0132","504 Burgess Ave","Michaelton","WV","25790","USA","Environmental","150","0058g0UDR8Iyz1bAOB","","2022-07-09T04:20:30.000Z","2025-07-18T23:06:14.000Z","BX-599788"
"0018g01v1m7M7hzAAC","Molam Supply Co Inc.","","(503) 555-0190","272 Smith Ln","West Brendahaven","NM","88031","US","Technology","80","0058g0WErag4VkFAGU","","2024-01-11T10:56:03.000Z","2024-12-19T17:53:37.000Z","BX-330306"
"0018g0Cdez9RoAEAC0","Braistund Energy Inc","https://www.braistund.example/about","(206) 555-0121","87551 Zhang Drive","Lake Christian","ME","04194-2330","United States of America","Consulting","6","0058g0RfVEhB86UA0S","","2018-01-22T04:57:22.000Z","2019-01-05T11:05:59.000Z","BX-465011"
"0018g0nmHdQ7MxgAIF","Graecun Industries Inc.","http://graecun.example","312-555-0160","90862 Lee Boulevard","Davischester","WV","26368-7560","USA","Machinery","1206","0058g0GzOrXkmgqAKB","","2021-09-18T16:47:32.000Z","2024-03-26T01:16:50.000Z","BX-761165"
"0018g0M9AqXm8F7AKJ","Drelyx Networks Inc","","206.555.0171","915 Jones Lane","Kingstad","ND","58404","United States of America","Manufacturing","5003","0058g0RfVEhB86UA0S","","2018-06-25T02:27:39.000Z","2021-12-11T14:52:49.000Z","BX-251803"
"0018g0TXI9umuzMAOQ","Brizith Solutions Co.","https://www.brizith.example","1-415-555-0156","06551 Sanders Way","Richardbury","GA","31402-7755","United States of America","Insurance","300","0058g0GzOrXkmgqAKB","","2024-10-29T18:25:45.000Z","2026-01-03T14:02:44.000Z","BX-897416"
"0018g0wPDofWaDoAMK","Trioflaeq Systems Co.","https://www.trioflaeq.example/about","972-555-0123","5287 Smith Street","West Claudiachester","MI","48399","USA","Other","157","0058g0WErag4VkFAGU","","2021-09-17T02:14:29.000Z","2026-08-26T00:07:10.000Z","BX-831277"
"0018g0ioXQpsyjKAYQ","Bopouth Supply Inc","bopouth.example","415.555.0105","999 Hall Avenue","Natashaton","OK","73038","US","Utilities","83","0058g0RfVEhB86UA0S","","2017-03-23T15:51:15.000Z","2023-02-16T13:45:38.000Z","BX-796111"
"0018g0pzrXoAuJ7AQK","Quaedrair Hldgs Inc","quaedrair.example","","03550 Aguilar Drive","Port Anthony","FL","34387","US","Finance","","0058g0UDR8Iyz1bAOB","","2024-04-01T14:22:20.000Z","2026-08-16T07:24:22.000Z","BX-545930"
"0018g0hPXsP2f35AMB","TRIOLOVE SYSTEMS","https://www.triolove.example/about","312-555-0181","","West Emilychester","UT","84731","United States of America","Insurance","150","0058g0GzOrXkmgqAKB","","2021-05-13T23:34:50.000Z","2022-07-15T09:25:08.000Z","BX-672598"
"0018g07aYpUYstGAIT","Quougriin Works Inc","www.quougrin.example","","184 Stephens Blvd","New Christopher","GA","30521-1152","USA","Healthcare","32","0058g0WErag4VkFAGU","","2017-10-25T18:53:58.000Z","2024-08-23T00:29:32.000Z","BX-276149"
"0018g0jlkG0e6xyAQA","Raenaeq Holdings Corp.","WWW.RAENAEQ.EXAMPLE","+1 305 555 0116","76312 Taylor Drive","Tracyburgh","ID","83570","USA","Healthcare","21","0058g0UDR8Iyz1bAOB","","2021-07-23T08:57:39.000Z","2021-12-09T13:57:54.000Z","BX-433718"
"0018g0Qv8Z91SNiASM","KYYCLAR SOLUTIONS INC.","http://kyclar.example","+1 305 555 0130","1205 Olson Rd","Port Staceyton","TN","37734","United States of America","Food & Beverage","1209","0058g0GzOrXkmgqAKB","","2019-01-05T01:14:08.000Z","2020-07-09T08:30:06.000Z","BX-346168"
"0018g0Ibnm9sW7yACE","Hejo Technologies Co.","https://www.hejo.example","1-312-555-0191","751 Torres Lane Suite 552","Aaronburgh","NJ","08753","US","Chemicals","756","0058g0UDR8Iyz1bAOB","","2017-02-21T11:54:12.000Z","2025-05-23T05:30:02.000Z","BX-463818"
"0018g0q0LJEMpCKAY1","Priodrund Logistics Inc","https://priodrund.example/","+1 702 555 0186","969 Andrews Pkwy","Michelleport","NE","68076-5660","US","Transportation","40","0058g0UDR8Iyz1bAOB","","2021-02-12T00:05:32.000Z","2022-07-02T07:46:50.000Z","BX-313786"
"0018g0rPmBaEkiUAUS","nacme materials","WWW.APP.NACEM.EXAMPLE","","35899 Sullivan Ave","Lake Yolanda","UT","84060","US","Media","83","0058g0tvAn0HYSqAIO","","2024-04-13T10:32:35.000Z","2026-08-28T04:24:17.000Z","BX-999130"
"0018g05zIVHY3XzAYL","Cloustark Services Inc.","www.cloustark.example","","020 Martinez Drive","Jeffreyton","DE","19915","US","Finance","5004","0058g0UDR8Iyz1bAOB","","2018-10-17T21:02:26.000Z","2024-05-13T00:30:29.000Z","BX-156391"
"0018g0PkEmV9BdjAKF","Stuquourk Manufacturing Ltd.","WWW.STUQUOURK.EXAMPLE","503-555-0192","193 Burgess Parkway","Lake Chelsea","PW","96940","US","Food & Beverage","82","0058g0RfVEhB86UA0S","","2025-06-06T16:27:41.000Z","2026-03-26T00:21:52.000Z","BX-379785"
"0018g0iHkdx2PS7AEM","Trofiol Solutions","","1-904-555-0108","80697 Johns Street","North Andrea","AK","99857","US","Hospitality","5002","0058g0UDR8Iyz1bAOB","","2024-01-21T06:57:00.000Z","2024-05-08T15:41:41.000Z","BX-629288"
"0018g0v3Q2Lat4CAIR","Zaijim Health LLC","https://zaijim.example/","312-555-0169","84764 Smith Boulevard","Port Marvinport","MT","59106","United States of America","Biotechnology","28","0058g0UDR8Iyz1bAOB","","2019-01-27T22:54:03.000Z","2022-02-06T05:20:25.000Z","BX-522799"
"0018g0el0v1b4HaAAI","PYFOQ OUTFITTER CORP.","www.pyfoq.example","","1944 Ramirez Court","East Laura","OH","45697-4664","USA","Biotechnology","31","0058g0ZcmPcg7DcASI","","2019-06-21T23:26:19.000Z","2020-07-03T13:49:48.000Z","BX-613706"
"0018g0nZrRosidwAUA","Lederk Manufacturing Ltd.","https://www.lederk.example","1-206-555-0111","95395 Perez Road","North Nicholasmouth","FL","32764-4257","United States of America","Telecommunications","5008","0058g0UDR8Iyz1bAOB","","2018-03-26T08:59:48.000Z","2021-02-01T18:10:45.000Z","BX-671740"
"0018g0dONuTJSz7AMH","Pypound Dynamics Ltd.","https://pypound.example/","1-720-555-0105","979 Pennington Drive Suite 842","New Kimberlystad","MA","02554","United States of America","Telecommunications","12","0058g0RfVEhB86UA0S","","2017-03-03T21:58:23.000Z","2025-10-25T20:41:08.000Z","BX-547818"
"0018g0yCTaV3E8eAMF","Vailios Dynamics Inc","vailios.example","1-972-555-0102","089 Williams Place","North Marvin","CO","81348","US","Environmental","158","0058g0tvAn0HYSqAIO","","2018-01-25T09:02:20.000Z","2020-10-28T16:40:26.000Z","BX-264866"
"0018g0dKD8girJDAMY","Vostir Dynamics Corp.","https://www.vostir.example/about","+1 503 555 0166","7704 Tran Way","North Kerri","OR","97477","US","Telecommunications","25","0058g0UDR8Iyz1bAOB","","2017-06-04T08:07:15.000Z","2026-08-04T16:26:03.000Z","BX-224387"
"0018g0VhO80RsEZAK0","Troubryq Energy Corp.","troubryq.example","813.555.0152","61643 Harris Boulevard Suite 792","North Eddie","GA","30827","USA","Biotechnology","43","0058g0RfVEhB86UA0S","","2023-02-06T05:06:48.000Z","2025-05-19T18:56:46.000Z","BX-608112"
"0018g0yhYDMek4IAYR","Rioprym Technologies Inc.","","415.555.0134","913 Saunders Ave","North Amyview","SD","57686","US","Entertainment","85","0058g0RfVEhB86UA0S","","2020-05-13T09:49:56.000Z","2024-06-09T10:18:38.000Z","BX-477313"
"0018g0uXm6DEDlBAEX","Poquove Partners Corporation","poquove.example","","4549 Lane Way Suite 783","New Joy","CO","80514","United States of America","Transportation","85","0058g0GzOrXkmgqAKB","","2019-03-25T04:56:33.000Z","2024-11-17T11:36:20.000Z","BX-143110"
"0018g0g0A1WFAFKAI5","Gameth Labs","https://www.gameth.example/about","(720) 555-0189","094 Brady Street","Lake Robert","KY","42263","United States of America","Hospitality","302","0058g0UDR8Iyz1bAOB","","2025-05-18T06:21:36.000Z","2025-12-19T04:46:32.000Z","BX-769973"
"0018g0ss5SwN8NRAQ0","Drerux Health Ltd.","http://drerux.example","+1 720 555 0185","73233 Jordan Boulevard Suite 564","Alextown","MT","59325","US","Finance","302","0058g0tvAn0HYSqAIO","","2020-06-29T03:55:53.000Z","2022-08-21T05:05:03.000Z","BX-206430"
"0018g0KjGlsjqhsAKA","Foclund Analytics Co.","https://www.foclund.example/about","(720) 555-0193","8905 Estrada Dr","Batesbury","MD","21483-2174","USA","Telecommunications","307","0058g0UDR8Iyz1bAOB","","2017-02-24T21:15:49.000Z","2021-12-06T10:38:41.000Z","BX-636544"
"0018g01P5rqZlFAAE0","Diohand Dynamics Ltd.","","305.555.0127","2386 Vargas Pl","Medinafurt","FL","32967","USA","Shipping","32","0058g0WErag4VkFAGU","","2023-04-26T12:50:34.000Z","2026-08-10T15:02:41.000Z","BX-657538"
"0018g0YkqJ53AwgASE","Tegon Partners Corporation","http://tegon.example","404-555-0145","9806 Lee Drive","Greenton","AZ","86548","USA","Shipping","10","0058g0RfVEhB86UA0S","","2017-12-31T19:17:00.000Z","2018-07-26T08:26:55.000Z","BX-192295"
"0018g0FvY6pLxyhAKC","Quiwan Works","https://quiwan.example/","+1 503 555 0167","638 Bright Street","Briannamouth","NH","03746","US","Recreation","17","0058g0UDR8Iyz1bAOB","","2020-11-20T19:38:28.000Z","2022-07-16T00:24:32.000Z","BX-992863"
"0018g0cGkMKapQjAUJ","VAEGOL HEALTH","","312-555-0139","00180 Davis Lane","Johnsonville","WI","53541","US","Machinery","303","0058g0UDR8Iyz1bAOB","","2020-04-24T11:29:23.000Z","2022-10-26T02:22:23.000Z","BX-347818"
"0018g0bTtrFKrUzAEL","Faquil Svcs Corp.","faquil.example","","00385 Miller Lane","Georgemouth","NE","68115","USA","Media","16","0058g0ZcmPcg7DcASI","","2019-06-14T04:07:45.000Z","2022-05-26T22:47:32.000Z","BX-887673"
"0018g0wvq7zP6G3AAK","Tresta Logistics Corp.","https://www.tresta.example","(702) 555-0124","158 Davies Court","Hannahmouth","MA","01064","USA","Government","40","0058g0GzOrXkmgqAKB","","2020-05-15T04:42:25.000Z","2023-07-07T00:22:29.000Z","BX-625902"
"0018g07k9cbloczAAA","Broujy Capital Co.","","813-555-0199","04192 Black Ct Ste 977","Scottmouth","MO","65862","USA","Energy","755","0058g0tvAn0HYSqAIO","","2018-11-09T16:18:54.000Z","2019-11-24T07:57:02.000Z","BX-346165"
"0018g0qn8G5VWXRAQ4","Jasur Services Inc.","www.jasur.example","1-617-555-0132","9969 Mcclain Street","Caseymouth","IL","60941","USA","Agriculture","1208","0058g0UDR8Iyz1bAOB","","2020-08-19T14:05:01.000Z","2020-11-16T04:06:19.000Z","BX-402295"
"0018g0vwqIFoXjGAQV","Clicly Services Corp.","WWW.CLICLY.EXAMPLE","+1 702 555 0146","4414 Hammond Road Suite 734","Thomaston","FM","96944","US","Hospitality","7","0058g0RfVEhB86UA0S","","2018-12-31T04:37:02.000Z","2023-01-20T23:45:10.000Z","BX-511971"
"0018g0GIjHJ7iFbAWJ","Giclirk Solutions Corp.","http://giclirk.example","617-555-0141","877 Hart Street Suite 609","East Jefffort","ID","83575","United States of America","Hospitality","49","0058g0tvAn0HYSqAIO","","2023-07-01T20:57:50.000Z","2024-07-31T04:27:53.000Z","BX-420836"
"0018g0Ruc9cGP3EACW","Zaibrourk Analytics Inc","zaibrourk.example","1-617-555-0150","305 Miller Drive","West Alexanderborough","IA","52488","US","Apparel","753","0058g0WErag4VkFAGU","","2022-01-26T09:08:05.000Z","2023-09-29T01:18:54.000Z","BX-250322"
"0018g0g0TW0FuzhAYC","Kaibreq Health Ltd.","WWW.KAIBREQHEALTH.EXAMPLE","(617) 555-0158","91680 Hodge Way","New Darrenside","HI","96701","USA","Retail","30","0058g0RfVEhB86UA0S","","2023-01-05T07:20:42.000Z","2023-10-05T21:54:37.000Z","BX-199687"
"0018g0n6GFdC2zbAYC","Stygrend Health Ltd.","https://stygrend.example/","+1 720 555 0157","51411 Harris Place","New Michaelbury","AZ","85508","USA","Apparel","302","0058g0RfVEhB86UA0S","","2019-02-03T10:40:02.000Z","2020-06-29T01:42:06.000Z","BX-464035"
"0018g0re5jwjcf5AAA","Gaeros Logistics Co.","http://gaeros.example","617-555-0154","574 Johnson Street","Lake Aliciaport","AZ","85207","USA","Recreation","40","0058g0ZcmPcg7DcASI","","2017-09-16T07:33:06.000Z","2025-07-09T16:47:18.000Z","BX-629342"
"0018g0Tg9D4mgbBASQ","Braihoux Technologies Corporation","braihoux.example","1-512-555-0132","68047 Meyers St","West Sarabury","AR","72939","United States of America","Hospitality","15","0058g0RfVEhB86UA0S","","2022-08-21T11:24:34.000Z","2023-10-30T23:45:44.000Z","BX-322538"
"0018g0lZHkAvhclAMB","Flejiox Dynamics Inc.","WWW.FLEJIOX.EXAMPLE","+1 702 555 0119","19261 Jacobson Drive","Javierland","CT","06258","United States of America","Government","82","0058g0RfVEhB86UA0S","","2021-10-01T19:13:24.000Z","2025-12-27T11:03:56.000Z","BX-709939"
"0018g0iMwrm5jbfAEA","Winirk Systems Inc.","WWW.WINIRKSYSTEMS.EXAMPLE","(503) 555-0160","2576 Bennett Place","Gallagherfurt","CA","94265","USA","Technology","754","0058g0tvAn0HYSqAIO","","2023-07-03T16:59:52.000Z","2023-12-10T21:16:20.000Z","BX-917317"
"0018g0TkkQqbwmDASQ","Skaedrim Outfitters Ltd.","https://www.skaedrim.example/about","1-512-555-0154","2740 Walker Way Suite 427","Longville","MN","56640-7408","United States of America","Energy","21","0058g0ZcmPcg7DcASI","","2019-06-20T20:13:04.000Z","2020-04-16T10:03:38.000Z","BX-190253"
"0018g0OX18MaTmHAGV","Tropes Supply Co.","WWW.TROPES.EXAMPLE","1-312-555-0128","2185 Gonzalez St","Lake Sherry","NH","03786","US","Shipping","154","0058g0ZcmPcg7DcASI","","2020-11-05T16:56:24.000Z","2026-07-29T10:01:02.000Z","BX-893843"
"0018g0NfussAevHACS","Quaihex International LLC","https://quaihex.example/","904.555.0122","34637 Washington Way","Lake Justin","VT","05310","USA","Entertainment","16","0058g0WErag4VkFAGU","","2024-03-11T22:59:40.000Z","2025-07-16T09:45:05.000Z","BX-108877"
"0018g081yaJe2fnAAB","Paidroux Holdings Corp.","","","78295 Reyes Drive","Brooksview","RI","02851","United States of America","Telecommunications","708","0058g0RfVEhB86UA0S","","2022-05-02T17:42:00.000Z","2025-02-06T18:26:07.000Z","BX-463286"
"0018g02xahaxUaUAAU","Maegaeq Sol Co.","https://www.shop.maegaeq.example/about","(212) 555-0149","5014 Stewart Street","South Ericstad","CA","90881-1891","United States of America","Consulting","14","0058g0RfVEhB86UA0S","","2017-07-18T22:28:07.000Z","2017-10-27T09:41:22.000Z","BX-568110"
"0018g0FJJRAddXuA4J","Cetrouq Supply Co.","https://www.cetrouq.example/about","","3630 Valentine Court","Georgetown","RI","02860","US","Machinery","756","0058g0WErag4VkFAGU","","2019-06-14T21:02:54.000Z","2019-07-11T13:34:51.000Z","BX-340568"
"0018g0nV5OaOZzkAUG","DLIOND MANUFACTURING CO.","https://www.doliond.example/about","(702) 555-0123","836 Fisher Pkwy","East Laurieshire","SC","29396","US","Education","","0058g0ZcmPcg7DcASI","","2018-04-29T22:42:29.000Z","2023-09-13T06:46:56.000Z","BX-309795"
"0018g0qzU0iRDaWAIW","Gaefel Foods Inc","gaefel.example","1-212-555-0147","6714 Williams Lane Suite 916","Carriestad","WA","98452","USA","Education","31","0058g0tvAn0HYSqAIO","","2023-12-18T02:54:15.000Z","2024-10-31T19:39:49.000Z","BX-263084"
"0018g05rm4pT58iAAC","Vosin Outfitters Corporation","https://www.vosin.example","1-206-555-0129","872 Lutz Road","Johnathanhaven","UT","84037","US","Entertainment","86","0058g0RfVEhB86UA0S","","2024-10-20T06:38:07.000Z","2025-09-23T17:50:05.000Z","BX-289638"
"0018g0108E7qfC9AQI","Maitrael Foods","www.maitrael.example","720-555-0189","128 Brown Way","Ramirezmouth","NH","03755","USA","Entertainment","157","0058g0ZcmPcg7DcASI","","2020-12-17T02:31:27.000Z","2021-11-09T19:22:08.000Z","BX-590440"
"0018g0pP1HrF4UfAUK","Braegyl Energy Inc.","braegyl.example","1-415-555-0100","306 Lynch Lane","Amyport","NE","68063","USA","Healthcare","9","0058g0WErag4VkFAGU","","2025-05-20T21:12:58.000Z","2026-08-06T22:47:13.000Z","BX-129217"
"0018g0O6djCPSeQACX","Quaecairk Foods Inc","WWW.QUAECAIRK.EXAMPLE","","442 Baldwin Avenue","Barbaraview","OH","44544","United States of America","Consulting","642","0058g0GzOrXkmgqAKB","","2020-01-13T08:31:32.000Z","2026-04-24T01:20:53.000Z","BX-619829"
"0018g0dwD7lruuHAIQ","Skiogourk Freightways Inc.","skiogourk.example","+1 512 555 0119","2146 Lewis Lane","South Alyssa","MI","49426","United States of America","Technology","477","0058g0ZcmPcg7DcASI","","2023-11-19T01:54:06.000Z","2023-12-11T05:29:49.000Z","BX-128422"
"0018g0w6ZDUCQK2AYP","Groufler Dynamics","WWW.GROUFLER.EXAMPLE","","020 Reyes Drive","Wolfefurt","RI","02869","United States of America","Retail","755","0058g0tvAn0HYSqAIO","","2020-04-13T11:42:34.000Z","2021-02-25T21:14:07.000Z","BX-600753"
"0018g0odtCZNxbYAQT","Claipiom Holdings Ltd.","WWW.CLAIPIOM.EXAMPLE","(206) 555-0107","49487 Atkins Court","Carpenterchester","MO","63301","US","Entertainment","152","0058g0WErag4VkFAGU","","2021-11-03T17:59:12.000Z","2025-06-29T10:24:30.000Z","BX-750754"
"0018g0fbVKwc1wiAYA","Baevim Intl Ltd.","shop.baeviminternational.example","720.555.0137","7877 Zimmerman Avenue Suite 631","Velasquezburgh","TX","78415","US","Construction","","0058g0UDR8Iyz1bAOB","","2017-03-23T10:18:55.000Z","2024-11-03T15:51:07.000Z","BX-939842"
"0018g0ABZCbEdVjA4K","Hizaith Energy","https://www.hizaith.example/about","512-555-0116","65390 Morrison Ct Ste 181","New Caitlinberg","HI","96778","USA","Biotechnology","301","0058g0UDR8Iyz1bAOB","","2023-07-10T23:45:22.000Z","2026-04-13T17:07:10.000Z","BX-133191"
"0018g0WT5P5H9eEAWS","Hiobrour Health Ltd.","","","","West Walterfort","FM","96942-5917","USA","Telecommunications","587","0058g0RfVEhB86UA0S","","2019-05-25T04:47:34.000Z","2020-03-26T17:14:34.000Z","BX-493541"
"0018g0RLkim7xBjAGI","Taprion Works Inc.","","+1 212 555 0162","386 Grant Street","Cainstad","DE","19705","United States of America","Government","750","0058g0tvAn0HYSqAIO","","2019-04-04T00:37:42.000Z","2024-05-27T20:15:30.000Z","BX-147680"
"0018g0HkVGZTeYfA0L","Skiore Partners Corp.","skiore.example","+1 415 555 0178","36592 Goodwin Way","Craigport","PA","16030","United States of America","Chemicals","152","0058g0UDR8Iyz1bAOB","","2020-10-09T10:08:38.000Z","2025-04-07T18:15:10.000Z","BX-778561"
"0018g0NRvBqrG7eAWE","Moclaim Works Inc.","https://www.moclaim.example/about","+1 813 555 0153","599 Bennett Court","West Maria","HI","96764","United States of America","Shipping","89","0058g0ZcmPcg7DcASI","","2020-01-08T10:45:00.000Z","2024-01-13T09:54:44.000Z","BX-139648"
"0018g0hSlbdDWdcAEG","Nedriq Technologies Corporation","http://nedriq.example","1-206-555-0101","985 Perez Road","Gutierrezborough","ID","83208","US","Agriculture","1204","0058g0RfVEhB86UA0S","","2024-11-12T08:02:47.000Z","2025-05-23T00:16:09.000Z","BX-799991"
"0018g01gfNrzZ57AQE","Daiwer Technologies LLC","daiwertechnologies.example","404-555-0102","042 Gibson Place","South Alexis","TN","38587","USA","Hospitality","758","0058g0GzOrXkmgqAKB","","2017-09-22T13:29:28.000Z","2021-08-13T13:04:45.000Z","BX-107436"
"0018g0W00dIVwC3ACL","Niobrus Dynamics Corporation","www.niobrus.example","+1 206 555 0169","95456 Brooks Way","New Wayne","DC","20036","USA","Shipping","153","0058g0RfVEhB86UA0S","","2019-09-06T06:21:23.000Z","2026-08-24T16:41:21.000Z","BX-629450"
"0018g0RkNq6yGnXAKU","Bigiove Services Corp.","","720.555.0179","41176 Gilbert Lane","Danielburgh","MS","39730","USA","Electronics","32","0058g0ZcmPcg7DcASI","","2024-09-02T15:41:29.000Z","2026-03-14T12:31:26.000Z","BX-321831"
"0018g0eam71MSp6AAG","Fobrouth Freight Co.","WWW.FOBROUTH.EXAMPLE","(415) 555-0171","4305 Hunt Way","New Nicholasfurt","IA","51840-8378","US","Government","158","0058g0tvAn0HYSqAIO","","2021-04-07T18:20:53.000Z","2025-09-28T17:14:07.000Z","BX-104395"
"0018g0PEEdoAE3gAOG","Proquol Technologies","proquol.example","512.555.0118","86264 Coleman Street","West Bryan","NV","89751","United States of America","Government","757","0058g0UDR8Iyz1bAOB","","2019-02-10T05:46:52.000Z","2024-03-28T08:46:16.000Z","BX-926237"
"0018g0FHGS8QfvtA4C","Soupaeve Robotics","https://soupaeve.example/","206.555.0129","28706 Ramirez Lane Suite 739","New Deborahstad","WV","24725","USA","Agriculture","1206","0058g0WErag4VkFAGU","","2024-03-19T13:07:25.000Z","2026-03-31T07:08:40.000Z","BX-982887"
"0018g0RPkdkqM1pAGE","Kiorerk Services","https://www.kiorerk.example","","2667 Cole Way","Griffithton","NV","89600","United States of America","Consulting","752","0058g0RfVEhB86UA0S","","2022-08-16T04:49:21.000Z","2026-06-28T14:00:51.000Z","BX-978462"
"0018g04FxXkIe2CAUS","Skaliq International Inc","http://skaliq.example","1-617-555-0189","92058 Mclaughlin Road Suite 829","Castillomouth","VA","24639","US","Entertainment","153","0058g0ZcmPcg7DcASI","","2024-05-30T17:45:37.000Z","2024-08-27T10:27:37.000Z","BX-325741"
"0018g0bCg1oapaJAEQ","Zaekuve Materials Inc.","zaekuvematerials.example","","2447 Gonzalez Street","Javierton","AR","72133","USA","Banking","42","0058g0GzOrXkmgqAKB","","2018-12-07T01:14:05.000Z","2025-07-27T17:01:20.000Z","BX-648175"
"0018g0jvd4lDUT7AAO","Roustex Robotics LLC","http://roustex.example","1-415-555-0104","6471 Kelley Boulevard Suite 909","South Lisa","CO","81468","USA","Hospitality","12","0058g0UDR8Iyz1bAOB","","2017-05-03T06:17:15.000Z","2022-07-29T05:59:54.000Z","BX-821553"
"0018g0I0EjrQkvyAKC","Braibus Capital Ltd.","https://www.braibus.example","813-555-0174","697 Lowe Way Suite 598","Juliechester","DE","19784-1181","USA","Biotechnology","302","0058g0ZcmPcg7DcASI","","2020-02-15T03:15:49.000Z","2026-04-29T21:32:16.000Z","BX-763428"
"0018g0yWVOcH6oLA2S","Maebroul Technologies Corp.","http://maebroul.example","1-206-555-0196","304 Sanders Avenue Suite 489","Port Jacquelinetown","CT","06095","US","Recreation","80","0058g0GzOrXkmgqAKB","","2023-07-31T00:53:56.000Z","2026-04-07T09:26:55.000Z","BX-862890"
"0018g0Wv13NAIUZAC5","Zagrym Systems LLC","https://www.zagrym.example","1-972-555-0114","618 Brooks Boulevard","New Lisafurt","MD","21669","US","Not For Profit","85","0058g0RfVEhB86UA0S","","2018-10-08T13:53:59.000Z","2023-09-07T01:13:34.000Z","BX-699420"
"0018g0ooLBvRQHvAYO","Skaijir Partners Corporation","http://skaijir.example","1-312-555-0100","950 Carpenter Dr Ste 530","Bauerview","TN","37813","US","Education","5001","0058g0tvAn0HYSqAIO","","2018-01-07T20:55:51.000Z","2018-09-26T04:05:32.000Z","BX-445681"
"0018g0HOGoeTLUyAOO","Vaefaex Holdings Inc","http://vaefaex.example","+1 617 555 0117","","Smithside","TN","37661","United States of America","Environmental","45","0058g0GzOrXkmgqAKB","","2023-08-23T14:50:46.000Z","2025-05-05T07:54:06.000Z","BX-812356"
"0018g0pUNA7zxLiA2I","Stouzol Holdings LLC","stouzol.example","(904) 555-0172","9628 Edwards Way","South Christophertown","GA","31741","USA","Manufacturing","82","0058g0UDR8Iyz1bAOB","","2021-12-09T18:42:03.000Z","2025-10-31T23:26:00.000Z","BX-101543"
"0018g0W90neKg4KACS","Floquoum Analytics Ltd.","https://www.floquoum.example/about","(305) 555-0159","5789 Velasquez Court","Lake Jamesville","MI","48772","USA","Recreation","754","0058g0ZcmPcg7DcASI","","2021-10-26T09:31:18.000Z","2023-07-27T07:42:10.000Z","BX-517201"
"0018g0znUf16FiWAIU","Proulirk Supply","proulirk.example","312.555.0190","26048 Hull Road","Bobbyville","CT","06348","US","Apparel","750","0058g0UDR8Iyz1bAOB","","2022-10-25T14:32:48.000Z","2024-11-10T19:35:27.000Z","BX-744752"
"0018g0u6xgjzvatAAA","Ruvos Energy Co.","ruvos.example","","572 Johnson Boulevard","Adkinsbury","PW","96940","US","Agriculture","304","0058g0WErag4VkFAGU","","2021-12-06T15:35:46.000Z","2023-06-15T05:07:07.000Z","BX-697117"
"0018g0Z8lgJJhkqACD","Cloferk Solutions Inc","","617.555.0111","7040 Richardson Boulevard Suite 888","South Jefferymouth","SC","29748","USA","Transportation","43","0058g0GzOrXkmgqAKB","","2020-11-19T16:23:41.000Z","2021-12-13T23:23:15.000Z","BX-204094"
"0018g0rag6dbLSeAAM","clabum services ltd.","","","287 White Avenue","Haleyport","WY","83084","United States of America","Biotechnology","32","0058g0UDR8Iyz1bAOB","","2020-09-05T07:53:14.000Z","2020-12-18T21:16:38.000Z","BX-463722"
"0018g0UX9PPjcpoAWB","Ketix Networks Inc","","415.555.0100","7812 Salinas Ln","Michelleport","VA","22538","United States of America","Electronics","","0058g0GzOrXkmgqAKB","","2021-08-28T17:50:27.000Z","2024-09-19T23:47:14.000Z","BX-971129"
"0018g08iLSFm6hnAYB","Ryskol Energy Corp.","https://www.ryskol.example/about","720-555-0105","68737 Ryan Pkwy","Zamoraborough","FL","33112","USA","Government","300","0058g0ZcmPcg7DcASI","","2022-07-07T07:20:25.000Z","2022-07-26T20:12:37.000Z","BX-570708"
"0018g0OuYjUpvovAKB","Neoul Sys","","(503) 555-0189","55549 Simmons Street Suite 218","Port Jesuschester","ME","04636","USA","Electronics","3206","0058g0RfVEhB86UA0S","","2024-04-02T17:01:39.000Z","2025-06-05T11:02:26.000Z","BX-556165"
"0018g0kOVnAoUv9AMF","Goupround Outfitters Ltd.","https://goupround.example/","404.555.0143","87877 Buchanan Street","Acevedoville","HI","96751-5299","United States of America","Engineering","156","0058g0WErag4VkFAGU","","2022-12-26T14:02:59.000Z","2023-01-17T22:06:39.000Z","BX-142939"
"0018g05vE6IiKg2AIF","Raeduve Networks Co.","","617.555.0165","9193 Beasley Way","Katherinehaven","CT","06139","United States of America","Communications","53","0058g0WErag4VkFAGU","","2018-11-02T06:42:53.000Z","2020-09-23T13:42:01.000Z","BX-716312"
"0018g0nqdbOHglPAAT","Nitrim Dynamics Co.","https://nitrim.example/","+1 503 555 0134","83143 Lowe Way","East Scott","NE","68100","US","Consulting","1201","0058g0RfVEhB86UA0S","","2024-06-18T01:19:23.000Z","2025-07-07T07:58:54.000Z","BX-170495"
"0018g0lH4KdqxIyAUI","Keix International Inc","https://kegix.example/","+1 972 555 0185","8841 Cherry Drive","Alanshire","OK","73101","United States of America","Engineering","750","0058g0tvAn0HYSqAIO","","2021-03-05T23:48:37.000Z","2023-01-13T23:19:52.000Z","BX-971382"
"0018g0qYyuJ2jp9AEB","Rionond Freight Inc.","WWW.RIONOND.EXAMPLE","1-720-555-0197","306 Lowe Road","Mariamouth","DE","19894","US","Consulting","301","0058g0GzOrXkmgqAKB","","2025-06-14T12:14:15.000Z","2026-01-20T06:14:48.000Z","BX-788752"
"0018g054chUw9t8AAB","Dafaes Holdings Corporation","https://www.dafaes.example/about","","952 Campos Way","North Amy","NY","10380","USA","Education","1204","0058g0tvAn0HYSqAIO","","2024-01-13T13:01:33.000Z","2025-09-26T13:21:40.000Z","BX-973447"
"0018g0FhqiHrkMYACZ","Droulaes Dynamics Ltd.","WWW.DROULAES.EXAMPLE","+1 415 555 0177","214 Clark Place","Rodriguezland","NC","28704","US","Technology","1209","0058g0UDR8Iyz1bAOB","","2020-05-18T18:56:01.000Z","2023-07-23T19:26:02.000Z","BX-539151"
"0018g09xxHghC6hAQE","Waebrark Materials Corp.","https://www.waebrark.example/about","702-555-0147","166 Lawrence Pl Ste 177","South Haleyshire","AK","99912","US","Hospitality","154","0058g0ZcmPcg7DcASI","","2018-09-21T13:41:55.000Z","2026-06-11T14:34:25.000Z","BX-289453"
"0018g0kZ7rYmnPmAEJ","rystaem services inc","","1-305-555-0190","405 Shepard Boulevard","North Derrick","FM","96942","USA","Consulting","","0058g0GzOrXkmgqAKB","","2020-05-04T21:05:44.000Z","2026-01-05T03:14:51.000Z","BX-732256"
"0018g0FUXZ869u8A4A","Cafus Manufacturing LLC","https://cafus.example/","972.555.0110","2954 Stewart Road","East Michellefurt","OR","97748","US","Insurance","5","0058g0tvAn0HYSqAIO","","2020-07-27T02:10:46.000Z","2025-06-25T12:12:55.000Z","BX-592839"
"0018g0gea16Ci3iAAC","QUIVAIND PARTNERS LTD.","","212.555.0196","84232 Giles Parkway","North Maria","MH","96967","US","Technology","30","0058g0GzOrXkmgqAKB","","2022-11-07T08:36:42.000Z","2023-01-03T12:28:02.000Z","BX-161904"
"0018g05Thb6J22iAEC","Fladryrk Analytics Inc.","http://fladryrk.example","","80734 Chung Boulevard","Bowmanborough","DE","19962","United States of America","Entertainment","751","0058g0ZcmPcg7DcASI","","2023-07-09T03:17:27.000Z","2024-07-13T15:39:46.000Z","BX-536699"
"0018g015d0Zg74SAAR","Couriol Freight Ltd.","https://www.couriol.example","","090 Duncan Place","South William","NM","88223","USA","Chemicals","1203","0058g0ZcmPcg7DcASI","","2021-05-02T10:54:02.000Z","2024-08-13T21:32:17.000Z","BX-857017"
"0018g0EVZrUctZKAOZ","Rommath Networks LLC","WWW.ROMATH.EXAMPLE","","0781 Gomez Ln Ste 403","Woodside","MT","59156","United States of America","Transportation","31","0058g0UDR8Iyz1bAOB","","2020-08-11T15:59:17.000Z","2023-05-04T09:02:48.000Z","BX-617021"
"0018g0US16YGmI2AGL","Cisix Supply Ltd.","http://cisix.example","(617) 555-0129","40455 Wilson Court","Snyderborough","CA","95365","USA","Construction","751","0058g0ZcmPcg7DcASI","","2024-12-04T16:10:35.000Z","2025-09-24T07:31:34.000Z","BX-933852"
"0018g04CWH1g6ufA2A","Zimael Freight","","+1 972 555 0101","38599 White Street","Gardnerton","AZ","86400","USA","Education","29","0058g0tvAn0HYSqAIO","","2024-01-19T13:23:11.000Z","2024-08-08T13:39:25.000Z","BX-363927"
"0018g0cWhtzUKXqAEO","Joucaes Partners Inc.","www.joucaes.example","(904) 555-0190","63846 Velasquez Place","Cookport","NV","89417","USA","Construction","21","0058g0GzOrXkmgqAKB","","2023-01-07T13:59:57.000Z","2026-01-05T13:05:03.000Z","BX-976612"
"0018g0Net0EtGRmACN","Drebrar Analytics LLC","http://drebrar.example","(312) 555-0166","862 Branch Avenue","Port Brittanyfurt","IL","62278","USA","Transportation","302","0058g0tvAn0HYSqAIO","","2019-08-14T22:59:18.000Z","2025-04-19T01:38:01.000Z","BX-556395"
"0018g08i1MWD16iAQD","Grutrox Analytics Ltd.","","1-305-555-0180","","North Mary","CA","94924","US","Communications","309","0058g0UDR8Iyz1bAOB","","2021-08-21T14:13:06.000Z","2026-04-13T01:45:14.000Z","BX-163456"
"0018g06P03knO4xAEE","Netym Energy Corp.","netym.example","415.555.0139","2784 Oneill Road","Lake Alyssa","OK","73002","US","Telecommunications","26","0058g0RfVEhB86UA0S","","2019-10-26T01:45:25.000Z","2022-07-04T01:32:50.000Z","BX-933587"
"0018g0FitQVlSJjASN","Louneth Dynamics Corp.","","1-972-555-0110","0598 Flores Way","Lake Patrick","WI","53273","United States of America","Engineering","80","0058g0WErag4VkFAGU","","2024-11-14T08:34:19.000Z","2025-01-14T15:30:58.000Z","BX-479805"
"0018g0by2oK6t8BAAR","Rouraind Freight Corp.","rouraindfreight.example","212.555.0101","221 Summers Way Suite 510","Blevinsport","MS","38687","USA","Apparel","5","0058g0UDR8Iyz1bAOB","","2024-11-18T18:49:44.000Z","2025-02-26T15:24:56.000Z","BX-559530"
"0018g049y4Zf8n1AAB","Drouco Labs","https://drouco.example/","(404) 555-0159","2489 Pierce Boulevard","East Danielmouth","SD","57188-2411","USA","Chemicals","","0058g0GzOrXkmgqAKB","","2020-07-02T08:47:23.000Z","2023-03-14T16:49:47.000Z","BX-401725"
"0018g0EU1qiY9JhAGK","Stybyl Energy Inc.","stybyl.example","1-206-555-0120","3618 Adams Parkway","North Kevin","CO","81641","US","Construction","152","0058g0ZcmPcg7DcASI","","2025-04-20T19:43:08.000Z","2026-08-17T13:00:23.000Z","BX-414133"
"0018g0K5fluYq1mACC","Zaeroun Logistics Co.","WWW.ZAEROUN.EXAMPLE","+1 702 555 0189","4634 Yang Boulevard","Lake Randallfurt","IA","52587","US","Electronics","300","0058g0GzOrXkmgqAKB","","2017-05-25T05:08:04.000Z","2020-08-06T10:31:24.000Z","BX-163883"
"0018g0Aah3hI4k5ACC","Touzirk Networks Co.","http://touzirk.example","+1 720 555 0100","4692 Barrett Parkway Suite 852","East Wendyhaven","OH","45933","USA","Construction","83","0058g0WErag4VkFAGU","","2019-11-10T20:45:18.000Z","2022-11-26T08:55:25.000Z","BX-425611"
"0018g0OLWD9tM5vA4E","Hatruq Analytics Ltd.","https://www.hatruqanalytics.example/about","(904) 555-0190","805 Wilkinson Boulevard Suite 315","Knightmouth","OR","97902","USA","Utilities","40","0058g0WErag4VkFAGU","","2023-03-12T10:37:17.000Z","2023-04-07T14:53:27.000Z","BX-143825"
"0018g056B1YZ18eAID","Tefiom Freightways Corp.","","","6842 Morris Lane","South Judy","MA","01678","United States of America","Insurance","1204","0058g0GzOrXkmgqAKB","","2018-10-26T20:02:39.000Z","2025-02-19T13:56:15.000Z","BX-246354"
"0018g0KjPo1ZKWhAKO","Syso Robotics Corp.","WWW.SYSO.EXAMPLE","","2627 Adams Boulevard Suite 169","Port Stephanie","RI","02935-8328","United States of America","Hospitality","542","0058g0RfVEhB86UA0S","","2017-12-10T16:00:19.000Z","2026-07-02T07:08:28.000Z","BX-602179"
"0018g0atEvMgLiSAIV","Traipes Analytics Ltd.","https://traipes.example/","","9172 Hill Road Suite 487","North Selenamouth","NM","87916","USA","Not For Profit","87","0058g0GzOrXkmgqAKB","","2022-06-22T13:26:37.000Z","2024-03-02T17:07:39.000Z","BX-442752"
"0018g0LfPnCCvTZAK1","Soskios Networks LLC","WWW.SOSKIOS.EXAMPLE","+1 512 555 0126","2516 Tyler Way","Brendaland","NY","10297","US","Retail","759","0058g0ZcmPcg7DcASI","","2024-07-22T23:06:59.000Z","2026-02-22T14:00:30.000Z","BX-623791"
"0018g0dfdccAfJMAA0","Maetrael Services LLC","https://www.maetrael.example","1-813-555-0176","1441 Murillo Parkway Suite 980","South Russellton","NV","89154","US","Environmental","301","0058g0WErag4VkFAGU","","2024-10-08T16:36:13.000Z","2025-07-11T06:36:20.000Z","BX-982851"
"0018g0WFXAV0Br5A4F","Hogai Outfitters Ltd.","https://www.hogai.example","(617) 555-0145","500 Rivera Street","Carlosfort","IA","51281-5162","United States of America","Communications","","0058g0RfVEhB86UA0S","","2018-07-05T13:15:20.000Z","2019-11-03T11:18:07.000Z","BX-223908"
"0018g0L1LsTFZDfAKP","Claifax Foods Ltd.","https://claifax.example/","1-617-555-0194","27373 Sanchez Street","West Julian","DE","19907","United States of America","Apparel","26","0058g0GzOrXkmgqAKB","","2021-02-16T20:39:04.000Z","2024-12-04T07:13:30.000Z","BX-770846"
"0018g0wdF34DzXnAIK","Gustoum Works Ltd.","https://gustoum.example/","(206) 555-0165","087 Jordan Boulevard","North Brandybury","CT","06102-8849","United States of America","Healthcare","80","0058g0tvAn0HYSqAIO","","2019-08-01T06:03:03.000Z","2021-12-11T23:08:44.000Z","BX-808123"
"0018g07Ck4lgJn7AEE","Kystath Robotics Ltd.","WWW.KYSTATH.EXAMPLE","+1 503 555 0181","19329 Garcia Rd Ste 420","New Abigailview","SC","29523","US","Insurance","750","0058g0ZcmPcg7DcASI","","2020-06-06T19:26:50.000Z","2021-12-03T15:12:35.000Z","BX-848791"
"0018g09xP8ImS8eAIF","Priocax International Inc","www.priocax.example","(206) 555-0107","84213 Greene Lane","East Sarah","WI","53207","United States of America","Biotechnology","152","0058g0tvAn0HYSqAIO","","2019-02-19T09:10:53.000Z","2020-08-04T02:25:12.000Z","BX-250934"
"0018g05SLo9Ae81AMC","Vufaeth Industries LLC","https://www.vufaeth.example","+1 904 555 0146","248 Newton Court Suite 344","Andrewstad","CO","81639","US","Construction","5007","0058g0ZcmPcg7DcASI","","2018-08-13T21:50:27.000Z","2023-08-16T03:42:35.000Z","BX-845852"
"0018g05JWvAIFEnAMP","Dicly Healthcare Ltd.","https://dicly.example/","904-555-0110","563 Daniels Ln","New Kennethtown","NM","87423","USA","Insurance","","0058g0RfVEhB86UA0S","","2022-06-27T03:32:31.000Z","2023-09-21T11:24:40.000Z","BX-736009"
"0018g0uswyZ5985AAB","Toukyx Analytics LLC","http://toukyx.example","(702) 555-0151","135 Walters Way","East Andrew","WY","82189","USA","Engineering","15","0058g0RfVEhB86UA0S","","2023-03-13T12:09:16.000Z","2025-09-16T19:38:03.000Z","BX-892451"
"0018g01sVg6iMoeAIE","Solox International Corp.","WWW.SOLOX.EXAMPLE","904-555-0128","9239 Copeland Rd","Mariaport","SC","29239","US","Agriculture","16","0058g0UDR8Iyz1bAOB","","2017-02-18T07:27:35.000Z","2020-06-17T23:14:17.000Z","BX-829204"
"0018g0k4aqHlOvDAAV","Zuusyth Logistics Group Ltd.","","1-904-555-0141","8628 Wade Street","South Jason","RI","02868","US","Chemicals","304","0058g0UDR8Iyz1bAOB","","2022-08-30T23:18:43.000Z","2025-05-08T12:53:52.000Z","BX-924798"
"0018g02pWPgG8fDAYS","Brioprax Dynamics Inc","https://www.brioprax.example","312-555-0163","14688 Rodriguez Ave","Johnside","MO","63710","USA","Chemicals","89","0058g0ZcmPcg7DcASI","","2021-03-04T08:25:22.000Z","2025-02-13T23:17:19.000Z","BX-520199"
"0018g0vynyrdvQwAAI","Joupouve Services LLC","WWW.JOUPOUVE.EXAMPLE","1-212-555-0173","03277 Tucker Street","New Darlene","ME","04837","United States of America","Hospitality","5","0058g0ZcmPcg7DcASI","","2022-08-01T03:58:47.000Z","2025-10-18T10:06:41.000Z","BX-921040"
"0018g0KUd4U2AwbAGF","Draenioth Holdings Co.","draenioth.example","972.555.0172","3583 Nielsen Drive","Margaretborough","MA","01496","United States of America","Recreation","1209","0058g0tvAn0HYSqAIO","","2017-08-01T23:32:20.000Z","2022-09-12T22:40:48.000Z","BX-401336"
"0018g0yP99LPHPvAEP","Doflerk Robotics Inc","https://doflerk.example/","","002 Walker Place","Williamsville","NC","28093","US","Banking","18","0058g0ZcmPcg7DcASI","","2025-02-19T18:07:50.000Z","2026-06-15T06:31:05.000Z","BX-589847"
"0018g0wqdTRScqzAQD","Flaivond Health LLC","","+1 503 555 0124","0167 Davis Way","Danielshire","SC","29284","US","Construction","5007","0058g0UDR8Iyz1bAOB","","2017-08-29T12:59:26.000Z","2024-08-31T21:06:51.000Z","BX-459463"
"0018g0Xm9RAe1vJASR","Saisteq Services Inc","https://saisteq.example/","","6984 Jackson Drive","Wardmouth","AL","35855","USA","Recreation","300","0058g0tvAn0HYSqAIO","","2023-06-28T21:18:11.000Z","2025-11-23T18:58:33.000Z","BX-925605"
"0018g0khnnmvCEQAA2","Paitrael Logistics Ltd.","WWW.PAITRAEL.EXAMPLE","1-503-555-0180","68203 Davis Court","Port Rodney","FM","96944","United States of America","Education","306","0058g0WErag4VkFAGU","","2021-02-19T03:01:03.000Z","2026-03-19T22:29:17.000Z","BX-963894"
"0018g05WdnJyc3AAER","Grenour Health Corporation","www.grenour.example","813.555.0156","67860 Nelson Way","North Maureenchester","NC","27029","USA","Technology","14","0058g0GzOrXkmgqAKB","","2023-10-31T22:24:05.000Z","2026-07-01T19:42:13.000Z","BX-996349"
"0018g0n1D8uAtiqAIC","Graihis Technologies Corporation","https://www.graihis.example/about","+1 305 555 0168","99901 Butler Lane Suite 506","North Shawnfort","OH","44718","US","Electronics","301","0058g0GzOrXkmgqAKB","","2019-09-17T11:48:26.000Z","2020-06-07T17:57:59.000Z","BX-663881"
"0018g0dwSWdERpXAYW","Myzyth Capital Corporation","https://www.myzyth.example","212.555.0127","5792 Sims Ct","Marcusbury","WA","98808","USA","Chemicals","153","0058g0WErag4VkFAGU","","2018-11-12T06:55:28.000Z","2024-08-23T03:30:03.000Z","BX-994847"
"0018g0eOm3Lm2AqAEJ","Ciozooq Robotic Inc","WWW.CIOZOQ.EXAMPLE","+1 720 555 0145","0211 Allen Road","Richardfurt","SD","57420","US","Banking","21","0058g0RfVEhB86UA0S","","2021-08-17T21:16:38.000Z","2023-06-13T14:20:14.000Z","BX-471784"
"0018g02gK3r6s6JAIQ","stoumend outfitter inc.","https://www.stoumend.example","+1 617 555 0194","3977 Bond Drive","Lake Amandashire","TN","38400","USA","Chemicals","5006","0058g0UDR8Iyz1bAOB","","2024-01-25T19:12:24.000Z","2025-04-20T20:03:23.000Z","BX-311704"
"0018g0JuPfeEUcwAKG","Stiocol Dynamics Co.","www.stiocol.example","(312) 555-0112","342 Wilson St","Port Dawnmouth","VA","23005","United States of America","Insurance","14","0058g0WErag4VkFAGU","","2018-07-05T00:10:29.000Z","2018-10-05T01:15:27.000Z","BX-323024"
"0018g0LrNjeVyWrAKK","Trosio Networks Corp.","http://trosio.example","206.555.0150","4387 Hall Boulevard","Thomasstad","WV","25005","United States of America","Insurance","309","0058g0UDR8Iyz1bAOB","","2019-02-24T15:31:16.000Z","2023-06-21T10:03:24.000Z","BX-478518"
"0018g08Vwy9WbRYAE0","Stustoth Services Corporation","http://stustoth.example","312-555-0191","1863 Nelson Drive Suite 490","Austinmouth","NH","03695","United States of America","Finance","1207","0058g0UDR8Iyz1bAOB","","2022-09-01T13:31:41.000Z","2026-08-09T20:23:47.000Z","BX-358373"
"0018g04epLwv5wwAQA","Wabrax Tech","http://app.wabrax.example","904.555.0136","1389 Thompson Ct","West Kathleenfurt","NC","27101","USA","Hospitality","13","0058g0RfVEhB86UA0S","","2021-11-27T04:31:41.000Z","2025-05-20T04:43:53.000Z","BX-697125"
"0018g0SIEjuCJnsAOG","QUAEZUX LABS","","(404) 555-0115","79777 Newton Parkway","North Deborah","KS","66849","USA","Hospitality","154","0058g0GzOrXkmgqAKB","","2023-12-30T06:26:32.000Z","2024-06-13T07:55:11.000Z","BX-214386"
"0018g09UW6AD0OqAML","Zoutaeve Health Ltd.","http://zoutaeve.example","212-555-0187","25162 Reyes Street","Christinabury","NY","14725-9670","US","Entertainment","21","0058g0WErag4VkFAGU","","2022-12-14T09:13:31.000Z","2026-02-08T17:04:14.000Z","BX-621816"
"0018g04enOn0K4XAQU","Flodyth Works Corp.","https://www.flodyth.example/about","904-555-0108","457 Freeman Road Suite 965","Loveshire","NC","27266","US","Electronics","29","0058g0RfVEhB86UA0S","","2017-08-08T16:10:09.000Z","2017-08-26T14:45:24.000Z","BX-570514"
"0018g0udvv7taWwAAI","Skouwos Works Inc","https://skouwos.example/","1-813-555-0132","703 Gomez Way","Browntown","WV","25029","USA","Hospitality","759","0058g0UDR8Iyz1bAOB","","2021-08-22T13:08:04.000Z","2023-02-04T07:17:47.000Z","BX-465277"
"0018g0PKrn5Erf7AGC","farou materials ltd.","https://farou.example/","1-415-555-0142","1140 Henry Road","West Michael","SD","57504","USA","Other","82","0058g0UDR8Iyz1bAOB","","2021-11-12T02:37:11.000Z","2023-09-03T12:32:05.000Z","BX-640441"
"0018g0UbzlGBhkCACT","Gurys Supply Co.","WWW.GURYS.EXAMPLE","(212) 555-0186","441 Brown Street","Heatherside","AL","36004","USA","Agriculture","1205","0058g0ZcmPcg7DcASI","","2017-12-09T07:21:39.000Z","2019-08-16T23:37:16.000Z","BX-508089"
"0018g0eyD9vVaC2AIK","Wabrax Technologies","http://us.wabrax.example","(904) 555-0136","1389 Thompson Court","West Kathleenfurt","NC","27101-2066","United States of America","Banking","13","0058g0tvAn0HYSqAIO","","2020-03-17T20:26:27.000Z","2025-09-24T07:04:14.000Z","BX-870514"
"0018g02HgVlZ2e8AUC","Claeverk Partners Inc","claeverk.example","","9750 Lopez Drive","Sherimouth","MN","56442","US","Apparel","1822","0058g0RfVEhB86UA0S","","2018-08-01T08:51:47.000Z","2018-09-27T17:10:39.000Z","BX-943729"
"0018g0QOJVfOmT2A4K","Flaejiork Energy","","(972) 555-0162","10393 Snyder Avenue Suite 542","Wilsonstad","NJ","08572","US","Machinery","159","0058g0tvAn0HYSqAIO","","2017-01-17T19:47:21.000Z","2025-09-17T22:20:50.000Z","BX-249863"
"0018g02MAijI6E3AMK","Ziowax Manufacturing Ltd.","https://www.ziowax.example/about","972-555-0110","83886 Singh Way Suite 710","Lake Brian","GA","31518","USA","Biotechnology","5005","0058g0UDR8Iyz1bAOB","","2023-09-30T08:37:46.000Z","2025-09-05T15:44:30.000Z","BX-398569"
"0018g0NDLDZB08gA4D","Jecloq Supply Ltd.","https://www.jecloq.example/about","503.555.0136","34415 White Place","Nicolemouth","NY","10802","US","Entertainment","40","0058g0WErag4VkFAGU","","2020-03-07T22:13:25.000Z","2022-08-21T22:44:34.000Z","BX-146598"
"0018g0FuJV222JrA0I","Zoufim Services Corp.","WWW.ZOUFIM.EXAMPLE","1-972-555-0192","7415 Pittman Lane","Port Alexandratown","PA","17371","US","Machinery","49","0058g0RfVEhB86UA0S","","2024-03-15T21:03:24.000Z","2026-04-26T06:30:37.000Z","BX-939445"
"0018g0kcSs9glXAAIY","Stuhor Materials LLC","https://www.app.stuhor.example/about","","","Lake Sydneyton","FL","34789-6125","United States of America","Biotechnology","","0058g0GzOrXkmgqAKB","","2019-06-17T02:42:28.000Z","2022-11-04T20:40:03.000Z","BX-576939"
"0018g0oiplpKUWUAA4","Wupe Freight Inc.","","305-555-0155","55991 Russell Boulevard","Lake Brandon","RI","02913","USA","Electronics","26","0058g0WErag4VkFAGU","","2022-03-30T02:51:50.000Z","2025-06-14T03:51:25.000Z","BX-833510"
"0018g06Xe1TvFTuAEN","Flodyth Works Corporation","","+1 904 555 0108","7638 Willis Road","Loveshire","NC","27472","United States of America","Electronics","29","0058g0RfVEhB86UA0S","","2019-10-06T18:38:44.000Z","2020-04-02T00:13:20.000Z","BX-973537"
"0018g0iNpvUNvzDAET","Gailios Materials Inc","gailios.example","1-415-555-0158","79526 Morgan Lane Suite 865","Gatesburgh","MS","39253","United States of America","Technology","42","0058g0WErag4VkFAGU","","2024-04-19T16:00:30.000Z","2026-02-09T16:33:38.000Z","BX-624818"
"0018g0bvp1KM1VwAAL","Wajove Outfitters LLC","www.wajove.example","617-555-0116","62447 Navarro Court","Reginaldmouth","WA","98463","United States of America","Engineering","81","0058g0GzOrXkmgqAKB","","2018-04-03T03:47:05.000Z","2019-05-17T23:54:52.000Z","BX-531278"
"0018g0YdotkBDC5ACO","Clizun Robotics Corporation","https://www.clizun.example/about","212.555.0179","497 Bauer Lane","Port Amandatown","WY","82027","US","Utilities","5008","0058g0tvAn0HYSqAIO","","2023-06-06T09:23:34.000Z","2025-03-23T16:13:47.000Z","BX-407332"
"0018g0dpIgYF5iiAID","Quaimirk Industries Corp.","http://quaimirk.example","(702) 555-0113","5086 Johnson Court Suite 646","Paynetown","KY","41073","United States of America","Transportation","756","0058g0RfVEhB86UA0S","","2019-06-10T07:21:02.000Z","2023-02-21T18:41:02.000Z","BX-650350"
"0018g0EnMUiqZYuA0M","Flodrouq Health Ltd.","","1-972-555-0174","55500 Castro Way","Harrisland","ID","83399","US","Consulting","","0058g0RfVEhB86UA0S","","2018-01-14T23:17:44.000Z","2025-12-09T05:39:53.000Z","BX-180572"
"0018g04XApakmo1AMA","Prugyn Energy Ltd.","https://www.prugynenergy.example","702-555-0116","382 Richardson Way","Ayersland","OR","97363","USA","Education","1204","0058g0GzOrXkmgqAKB","","2019-12-01T14:19:10.000Z","2026-03-08T03:33:12.000Z","BX-783053"
"0018g0KCOcpI9lZAOS","Clipoth Networks","https://www.clipoth.example/about","","295 Lopez Drive","South Vernonmouth","WY","82782","USA","Education","12","0058g0tvAn0HYSqAIO","","2025-03-30T07:09:53.000Z","2026-06-02T20:18:43.000Z","BX-252837"
"0018g0WCbdF7UDJAG3","Naidel Labs Inc.","","720-555-0111","1650 Bates Street","Hallville","ID","83377","USA","Not For Profit","21","0058g0ZcmPcg7DcASI","","2019-08-28T13:23:21.000Z","2024-04-03T15:45:20.000Z","BX-595641"
"0018g0YlhVghrT9ASI","Doliork Manufacturing","doliork.example","(206) 555-0158","04518 Mcdaniel Place Suite 119","Williamsshire","MS","39666","US","Media","26","0058g0WErag4VkFAGU","","2021-10-12T19:20:37.000Z","2025-07-08T23:56:52.000Z","BX-634903"
"0018g0f4j0QzMOPAA3","Maetruve Energy","https://www.maetruve.example","+1 813 555 0101","8106 Hernandez Boulevard","Gallagherhaven","NY","10815","US","Biotechnology","153","0058g0ZcmPcg7DcASI","","2023-06-10T06:47:23.000Z","2024-10-08T04:44:35.000Z","BX-693915"
"0018g0dRSnVkPStAMN","Taemael Energy","https://www.taemael.example/about","404-555-0172","425 Bennett Drive","East Ana","VT","05485","United States of America","Entertainment","5008","0058g0GzOrXkmgqAKB","","2020-06-03T13:46:41.000Z","2021-07-08T20:45:38.000Z","BX-393127"
"0018g0Y9u8aUFvzACG","Statiol Labs Co.","https://www.statiol.example/about","1-720-555-0113","93620 Mercado Parkway Suite 567","East Edgarville","PW","96940","USA","Energy","17","0058g0tvAn0HYSqAIO","","2021-02-12T11:37:09.000Z","2024-01-07T22:56:09.000Z","BX-711991"
"0018g0KJFQ1RBY7A4O","Neflur Holdings Co.","www.neflur.example","","4464 Mason Boulevard","Craigport","TX","79821","United States of America","Machinery","10","0058g0tvAn0HYSqAIO","","2021-01-04T03:17:44.000Z","2025-04-08T00:07:14.000Z","BX-335582"
"0018g0DNrafKFmnAGG","Jaifles Works Inc","https://jaifles.example/","813.555.0147","6097 Kim Street Suite 943","Tammymouth","CO","80998","USA","Technology","31","0058g0ZcmPcg7DcASI","","2021-08-10T15:24:41.000Z","2024-06-03T03:26:14.000Z","BX-471620"
"0018g0alV31HHETAI4","Zudal Capital","www.zudal.example","+1 813 555 0106","21403 Kim Parkway Suite 225","Nathanfort","SD","57656","United States of America","Manufacturing","","0058g0WErag4VkFAGU","","2025-03-18T06:23:53.000Z","2025-08-02T11:37:54.000Z","BX-419153"
"0018g0bzdLNjjMdAQJ","Skaefind Freight","https://skaefind.example/","+1 206 555 0148","92699 Moore Lane","Williamsshire","NV","89035","USA","Transportation","88","0058g0ZcmPcg7DcASI","","2023-07-28T09:04:19.000Z","2025-11-27T07:43:39.000Z","BX-980300"
"0018g0iGl5OHUAAAE5","Prabael Health Corporation","https://www.prabael.example/about","+1 305 555 0135","083 Anderson Pkwy","Millerfurt","TN","37318","United States of America","Engineering","750","0058g0WErag4VkFAGU","","2020-04-01T19:27:00.000Z","2025-12-08T09:36:19.000Z","BX-966326"
"0018g0pDun6GDIbAEO","Wiobirk Sys Inc","http://wiobirk.example","(206) 555-0125","4673 Robles St","Jonesburgh","HI","96892-8891","United States of America","Shipping","156","0058g0tvAn0HYSqAIO","","2020-04-27T17:08:21.000Z","2026-02-27T04:20:34.000Z","BX-786062"
"0018g0Y6EIfPgbvA0C","Sutraex Capital Inc.","","206-555-0140","26179 Jones Place","Alanberg","DE","19900","USA","Chemicals","","0058g0UDR8Iyz1bAOB","","2021-08-23T19:53:46.000Z","2023-09-16T03:19:18.000Z","BX-282787"
"0018g0lARHpbgGlA2I","Stiocaind Manufacturing Corporation","https://www.stiocaind.example","512.555.0187","993 Gomez Boulevard","Valerieside","NH","03860-9257","United States of America","Other","43","0058g0WErag4VkFAGU","","2024-06-14T03:00:08.000Z","2025-11-30T12:14:42.000Z","BX-226727"
"0018g0QWZFE9Qk5A4F","Draca Freight Inc","","904.555.0101","47017 Peterson Street","North Lanceborough","FL","33149","US","Manufacturing","12","0058g0RfVEhB86UA0S","","2017-04-18T15:29:15.000Z","2018-12-05T23:52:57.000Z","BX-832890"
"0018g0rYH0O4C9IAMV","Rawam Technologies","","972.555.0162","42122 Obrien Parkway","Connertown","AK","99694-2585","United States of America","Chemicals","85","0058g0ZcmPcg7DcASI","","2020-02-20T18:36:20.000Z","2022-12-09T07:26:56.000Z","BX-984139"
"0018g05keNo5yRSAQY","Stiostoux Sys Ltd.","","","4161 Pearson Boulevard","New Dennisville","KY","41908","US","Banking","14","0058g0ZcmPcg7DcASI","","2018-06-19T07:32:46.000Z","2022-06-25T13:27:15.000Z","BX-504131"
"0018g0FXuxZei4xAGB","Brougrind Services Inc","WWW.BROUGRIND.EXAMPLE","212-555-0108","11359 Nelson Avenue Suite 130","West Pamelastad","TN","37801","USA","Chemicals","155","0058g0ZcmPcg7DcASI","","2019-10-30T07:00:46.000Z","2022-02-03T17:49:36.000Z","BX-260461"
"0018g0ViDHj6KTIA02","Paequim Analytics Inc","www.paequim.example","305.555.0199","10244 Durham Way","South Daniel","ND","58183","United States of America","Other","300","0058g0ZcmPcg7DcASI","","2024-01-30T11:35:37.000Z","2025-02-21T06:49:31.000Z","BX-949752"
"0018g0qx4oU9AOhAAN","Bmoave Partners Corp.","https://www.bomave.example/about","1-720-555-0118","","Janetfurt","NY","12908","USA","Insurance","86","0058g0RfVEhB86UA0S","","2021-04-04T06:53:18.000Z","2022-03-27T14:50:51.000Z","BX-242863"
"0018g0CgpQJnC4WASV","Saflind Foods LLC","https://www.saflind.example","(702) 555-0184","98481 Gray Drive Suite 640","Ronniebury","KS","67357","United States of America","Energy","17","0058g0tvAn0HYSqAIO","","2021-05-02T13:44:19.000Z","2022-06-09T18:28:56.000Z","BX-766799"
"0018g0TbaR8Fpp0ASC","Ruzo Outfitters Inc.","https://www.ruzo.example/about","212.555.0187","4111 Lopez Dr","West Alejandraland","WV","26354","US","Machinery","47","0058g0GzOrXkmgqAKB","","2018-07-14T03:56:25.000Z","2026-05-15T16:20:46.000Z","BX-813977"
"0018g0OJuLlbu9nAWA","Wisteve Foods","http://wisteve.example","+1 972 555 0196","14270 Parsons Ave Ste 558","Maddenbury","WV","25837","USA","Agriculture","5000","0058g0RfVEhB86UA0S","","2023-07-06T16:09:45.000Z","2024-09-30T20:37:17.000Z","BX-258621"
"0018g0rY94ghfjwAEA","Sitive Systems Co.","https://sitive.example/","512.555.0169","239 Acosta Road","New Russell","WI","54849","USA","Finance","152","0058g0RfVEhB86UA0S","","2017-03-18T00:08:00.000Z","2023-07-15T21:52:19.000Z","BX-660756"
"0018g0lp9r2XSmHAAW","Tistaix Services Ltd.","tistaix.example","(503) 555-0122","7303 Neal Blvd Ste 774","Matthewborough","FL","32749","United States of America","Construction","87","0058g0GzOrXkmgqAKB","","2017-10-16T03:05:22.000Z","2020-01-05T00:38:15.000Z","BX-395789"
"0018g0mT21sqieBAEQ","Flokion Outfitters Corporation","","+1 212 555 0120","999 Stanley Boulevard","Port Stephenville","MS","39198","United States of America","Electronics","30","0058g0RfVEhB86UA0S","","2022-09-08T10:09:53.000Z","2023-02-23T01:56:29.000Z","BX-475924"
"0018g0etnymXQ1hAAG","Hyluth Dynamics LLC","https://hyluth.example/","206-555-0138","914 Jones Ln","Spencermouth","NH","03109-1197","US","Engineering","","0058g0RfVEhB86UA0S","","2024-01-28T21:27:42.000Z","2024-05-01T16:01:24.000Z","BX-816992"
"0018g0yigooheaFAAQ","Drioster Energy","www.drioster.example","305.555.0122","5217 Hansen Street","New Donnabury","MN","55309","United States of America","Apparel","11","0058g0WErag4VkFAGU","","2022-10-10T04:50:38.000Z","2025-02-10T11:12:42.000Z","BX-725145"
"0018g087KjFwLKNAI3","Fequou Works Inc","WWW.FEQUOU.EXAMPLE","(206) 555-0111","53003 Brown Court","Tammyview","NJ","08798","US","Government","46","0058g0WErag4VkFAGU","","2022-07-04T06:54:14.000Z","2024-11-19T07:59:31.000Z","BX-485325"
"0018g0ThMrdw4geAKA","Troufil Services Co.","WWW.TROUFIL.EXAMPLE","(702) 555-0190","0091 Garcia Court","Brianshire","SC","29629","US","Agriculture","5","0058g0ZcmPcg7DcASI","","2019-01-16T05:09:38.000Z","2022-01-11T04:17:34.000Z","BX-824659"
"0018g0Zjaax7lFfACI","RUVYVE MATERIALS CO.","","","1353 Ramirez Ct Ste 673","Lawsonport","MD","21710","United States of America","Shipping","80","0058g0WErag4VkFAGU","","2018-08-02T16:19:15.000Z","2021-04-04T08:27:44.000Z","BX-795557"
"0018g0dmqvAUnU5AAL","Flybrend Partners Group Inc.","flybrend.example","1-503-555-0184","28969 Aguirre Avenue","Andrewshire","WV","24852","USA","Healthcare","308","0058g0ZcmPcg7DcASI","","2020-01-18T16:12:10.000Z","2026-08-18T04:40:50.000Z","BX-484325"
"0018g0ZKSWWIYHMA45","Dagrael Materials Co.","https://dagrael.example/","206.555.0130","77209 Spencer Parkway Suite 659","Proctorhaven","MI","48351","US","Utilities","33","0058g0tvAn0HYSqAIO","","2017-12-12T07:25:54.000Z","2023-08-19T06:33:52.000Z","BX-348626"
"0018g0J9cL8EVwRASW","Flouviol Technologies Corporation","https://www.flouviol.example/about","1-813-555-0130","94211 Walker Boulevard","West Melaniefort","CT","06129","USA","Hospitality","10","0058g0RfVEhB86UA0S","","2019-07-02T19:31:16.000Z","2023-09-20T15:23:17.000Z","BX-632326"
"0018g0o3CVxQqfmAYC","Traestiond Technologies Inc.","https://www.traestiond.example","404-555-0187","486 Wolf Court","Campbellfort","OR","97858-5229","USA","Not For Profit","305","0058g0GzOrXkmgqAKB","","2020-04-10T20:26:10.000Z","2025-10-07T00:40:39.000Z","BX-469001"
"0018g0kkUE2eMgaAYE","Fliopox Manufacturing Corp.","WWW.FLIOPOX.EXAMPLE","+1 720 555 0129","697 Duran Court","Waynechester","CO","80420","USA","Insurance","7","0058g0GzOrXkmgqAKB","","2018-05-01T06:54:46.000Z","2020-11-17T10:27:13.000Z","BX-717501"
"0018g0nDvOHgCatAUF","Cofliq Foods Corporation","https://cofliq.example/","512.555.0106","34683 Turner Drive Suite 857","West Jasminbury","ME","04820","USA","Banking","47","0058g0RfVEhB86UA0S","","2022-09-19T18:21:46.000Z","2024-08-04T11:24:29.000Z","BX-890866"
"0018g0A5Sr6qV6uAKE","Zegreq Logistics Inc.","https://www.zegreqlogistics.example","512.555.0119","940 Sanchez Lane","Port Jodi","GA","30304","USA","Communications","14","0058g0UDR8Iyz1bAOB","","2020-10-20T08:19:51.000Z","2021-05-30T13:48:34.000Z","BX-530593"
"0018g0qkRu8oy9SAIQ","Skoulou Logistics Corp.","https://skoulou.example/","(904) 555-0146","982 Frazier Avenue","Lake Alice","MI","49375","USA","Recreation","5005","0058g0UDR8Iyz1bAOB","","2022-03-04T06:04:02.000Z","2022-11-15T09:17:05.000Z","BX-254083"
"0018g0S3OjkoYLKAK2","Viozem Workshop Corporation","www.go.viozem.example","212.555.0175","","Pamelaton","WI","53717","USA","Retail","15","0058g0UDR8Iyz1bAOB","","2022-08-04T17:50:56.000Z","2023-09-18T13:11:00.000Z","BX-960480"
"0018g0zYA6d3TLoAMM","Clafae Technologies Co.","www.clafae.example","(305) 555-0193","14431 Yang Court","Donaldstad","FM","96943","USA","Healthcare","10","0058g0RfVEhB86UA0S","","2022-09-04T08:13:29.000Z","2026-03-21T14:19:49.000Z","BX-225659"
"0018g05VjjtiKAnAEM","Dibir Dynamics Corp.","https://www.dibir.example/about","+1 512 555 0140","462 Hansen Lane Suite 216","Taylorstad","WY","82484","US","Engineering","5002","0058g0UDR8Iyz1bAOB","","2022-04-26T06:16:52.000Z","2026-06-25T07:55:51.000Z","BX-490989"
"0018g0ml8qviqamAAA","Sakioth Supply LLC","https://www.sakioth.example","+1 212 555 0151","11765 Carney Way Suite 574","Gutierrezstad","NH","03146","USA","Food & Beverage","","0058g0tvAn0HYSqAIO","","2021-05-16T21:26:17.000Z","2022-02-10T21:26:09.000Z","BX-199395"
"0018g0rJ9TqBKurAUG","Flaprax Materials","http://flaprax.example","1-512-555-0148","21166 Mcdowell Way","West Gregoryberg","OK","73129","United States of America","Manufacturing","18","0058g0ZcmPcg7DcASI","","2024-12-28T16:16:32.000Z","2025-07-01T07:46:30.000Z","BX-933457"
"0018g0raNi6qefmAIA","Quaikin Services Inc.","https://www.quaikin.example","904.555.0150","1122 Webster Dr","New Albertmouth","WY","82145","US","Agriculture","47","0058g0UDR8Iyz1bAOB","","2018-09-01T06:28:03.000Z","2023-12-05T04:01:20.000Z","BX-840607"
"0018g0SoLTw5H9EA0U","Jaekouq Holdings Ltd.","https://www.jaekouq.example","(503) 555-0190","","Thomashaven","VT","05179","US","Electronics","23","0058g0GzOrXkmgqAKB","","2022-06-09T17:40:16.000Z","2026-01-10T23:46:03.000Z","BX-512274"
"0018g0V2HXOxrJUA0Z","Flaebren Partners Group LLC","WWW.FLAEBREN.EXAMPLE","+1 720 555 0167","4068 Sparks Blvd","West Jillianland","RI","02820","USA","Apparel","10","0058g0tvAn0HYSqAIO","","2022-03-29T10:01:05.000Z","2024-06-25T03:56:14.000Z","BX-495872"
"0018g0YMgD0ToNVAW0","Skudri Logistics Co.","skudri.example","+1 904 555 0183","724 Cole Avenue","New Kenneth","RI","02935","United States of America","Government","158","0058g0WErag4VkFAGU","","2020-02-11T02:34:11.000Z","2025-07-21T07:33:13.000Z","BX-948772"
"0018g0jBi8PLgTkAEL","Grouhum Materials LLC","https://www.grouhum.example/about","503-555-0154","61491 Hancock Lane","West Yolanda","FL","32051","US","Food & Beverage","1203","0058g0RfVEhB86UA0S","","2021-09-23T19:34:59.000Z","2024-10-18T07:18:16.000Z","BX-773805"
"0018g0iESMh53InA2I","Paiwoul Robotics","","1-972-555-0199","08429 Livingston Street","Vanessafurt","MS","39450","United States of America","Biotechnology","1200","0058g0ZcmPcg7DcASI","","2024-05-27T13:48:48.000Z","2025-03-13T14:57:40.000Z","BX-893175"
"0018g0sIV3B1vekAMB","GORGUND FREIGHT INC","www.us.grogundfreight.example","720.555.0147","53428 Page Way","Merrittfort","NH","03270","USA","Banking","","0058g0ZcmPcg7DcASI","","2019-03-12T18:36:35.000Z","2019-07-20T14:23:21.000Z","BX-196359"
"0018g0kIhwAW8g9AED","DIRZIOQ HLDGS INC.","","","","West Sandraland","NV","89393","US","Utilities","","0058g0ZcmPcg7DcASI","","2021-10-09T19:01:09.000Z","2022-05-18T04:40:24.000Z","BX-504967"
"0018g0HuNVWgLWNA03","Pyfail Technologies LLC","https://pyfail.example/","1-415-555-0170","","Fletcherland","ME","04115","United States of America","Utilities","7","0058g0UDR8Iyz1bAOB","","2017-12-20T11:42:24.000Z","2024-04-16T13:20:42.000Z","BX-303871"
"0018g0BixNH56sNASR","Quaitiork Works Inc","http://quaitiork.example","+1 702 555 0104","4617 Howe Lane","Leechester","NM","87861","US","Consulting","155","0058g0WErag4VkFAGU","","2023-03-20T02:38:26.000Z","2025-10-12T08:35:26.000Z","BX-535588"
"0018g0Yq1i99CL0ACM","Daeskaeq Dynamics LLC","WWW.DAESKAEQ.EXAMPLE","1-813-555-0195","0742 Kim Ct","North Ronaldland","HI","96867-1937","United States of America","Machinery","753","0058g0RfVEhB86UA0S","","2021-02-14T07:39:48.000Z","2023-11-06T23:30:30.000Z","BX-945324"
"0018g0KR3v2JYWeAGO","Trool Supply Corp.","","813.555.0117","19132 Steele Way","Claytonchester","VA","23101","US","Biotechnology","31","0058g0tvAn0HYSqAIO","","2022-07-20T04:01:02.000Z","2026-07-31T08:41:37.000Z","BX-713219"
"0018g0fcIvRrsVHAIZ","Kyclar Solutions Corporation","http://kyclar.example","305-555-0188","1205 Olson Road","Port Staceyton","TN","37734","USA","Food & Beverage","1209","0058g0ZcmPcg7DcASI","","2021-04-08T18:44:59.000Z","2021-07-12T18:05:37.000Z","BX-832971"
"0018g0C16WaiDR2ASM","Tegru Manufacturing Corp.","","1-312-555-0110","276 Oconnell Way","East Natalie","FL","32765","USA","Hospitality","80","0058g0WErag4VkFAGU","","2017-07-27T18:34:50.000Z","2021-11-13T15:06:12.000Z","BX-126008"
"0018g0YKM4ndKXDAO2","Claedrio Holdings LLC","","312-555-0106","2331 Jackson Lane","North Ann","NJ","08239","US","Communications","757","0058g0WErag4VkFAGU","","2018-02-02T18:15:15.000Z","2025-05-23T14:20:50.000Z","BX-688645"
"0018g0OST7qYWfaAOG","Vykoum Solutions Corporation","WWW.VYKOUM.EXAMPLE","702-555-0161","721 Rodriguez Street","South Cherylland","DC","20018","United States of America","Communications","25","0058g0tvAn0HYSqAIO","","2020-05-10T03:33:10.000Z","2024-10-04T10:17:58.000Z","BX-173547"
"0018g0yKQ6rzXgsAME","Trylael International Corp.","trylael.example","+1 305 555 0180","311 Bennett Way Suite 368","South Gloria","WA","98694","USA","Food & Beverage","155","0058g0ZcmPcg7DcASI","","2018-01-19T13:06:43.000Z","2021-04-24T22:34:13.000Z","BX-659345"
"0018g0blszswjPBAAY","Ryhio Capital Corporation","https://www.ryhio.example/about","206.555.0189","4228 Estrada Parkway","Maxwellmouth","NM","87088","United States of America","Transportation","82","0058g0GzOrXkmgqAKB","","2023-12-09T22:07:38.000Z","2025-12-31T07:42:10.000Z","BX-772139"
"0018g08rIuV0VQKAI3","Bypruth Health Ltd.","http://bypruth.example","1-404-555-0177","407 Taylor Parkway","North Tinaland","IN","47655-1851","United States of America","Education","309","0058g0RfVEhB86UA0S","","2022-07-28T13:40:11.000Z","2024-04-30T05:19:24.000Z","BX-684162"
"0018g0n6sDpZ0YDAQ0","Mivaer Technologies LLC","https://www.mivaer.example","415.555.0163","797 Marsh Place","New Jessicaville","KS","67392","US","Technology","85","0058g0WErag4VkFAGU","","2021-11-14T11:50:39.000Z","2026-06-20T22:50:41.000Z","BX-961213"
"0018g0rTudqQ0IbAEK","Flydynd Services Inc.","www.flydyndservices.example","1-212-555-0161","8976 Deleon Pkwy","Perkinston","MH","96962","USA","Media","158","0058g0UDR8Iyz1bAOB","","2017-03-24T22:28:32.000Z","2018-09-16T11:05:12.000Z","BX-989338"
"0018g0q8xUKO9RtAQL","Kyhaer Labs","kyhaer.example","206-555-0130","853 Logan Avenue Suite 648","Farmertown","MA","02367","US","Healthcare","5003","0058g0UDR8Iyz1bAOB","","2023-11-28T04:36:09.000Z","2025-04-01T15:33:09.000Z","BX-607604"
"0018g0sI8q5cbZ2AEI","Pubaen Industries Ltd.","","972.555.0154","0185 Davis Parkway","West Ericashire","FL","33613","US","Education","5008","0058g0ZcmPcg7DcASI","","2017-05-03T02:37:44.000Z","2021-05-18T20:09:51.000Z","BX-680466"
"0018g0ptvrJ5YX5AAN","Maibrrind Robotic Inc.","WWW.MAIBRIND.EXAMPLE","","536 Griffin Pl","East Annatown","NH","03196","US","Environmental","2368","0058g0GzOrXkmgqAKB","","2020-02-29T15:22:32.000Z","2021-11-25T05:08:19.000Z","BX-502109"
"0018g07GNrx5nb6AMA","Jydre Supply Ltd.","https://www.jydre.example/about","720-555-0191","308 Stephens Ct","North Victoria","MS","39344","United States of America","Transportation","17","0058g0ZcmPcg7DcASI","","2024-12-15T14:10:14.000Z","2025-07-09T15:03:32.000Z","BX-381910"
"0018g0q1rpwupYSAAY","Waclive Foods Ltd.","","","370 Padilla Street","Hughesbury","OK","73034","USA","Chemicals","48","0058g0WErag4VkFAGU","","2024-08-16T00:38:16.000Z","2025-09-06T12:39:46.000Z","BX-400643"
"0018g0CLhNkinIiAWI","Nougex Solutions Inc.","nougex.example","1-512-555-0105","702 Hughes Ave","Stewartfort","WI","54097","USA","Transportation","301","0058g0ZcmPcg7DcASI","","2023-05-16T03:42:09.000Z","2024-08-06T01:40:11.000Z","BX-853335"
"0018g0deDgLqNSbAIN","Bropae Services Inc","www.bropae.example","1-813-555-0147","451 Garcia Avenue","New Pamelastad","WY","82011","US","Communications","84","0058g0ZcmPcg7DcASI","","2023-02-05T11:44:34.000Z","2024-01-09T16:30:14.000Z","BX-993604"
"0018g0EADPJ5XgWA4V","Bilos Freight LLC","https://bilos.example/","1-512-555-0154","2079 Rogers Way","Perezville","SC","29243","United States of America","Retail","302","0058g0GzOrXkmgqAKB","","2019-06-13T16:07:14.000Z","2020-12-12T02:30:01.000Z","BX-917010"
"0018g0LexLEJ2n2ASD","Griprael Services Inc","WWW.GRIPRAEL.EXAMPLE","","38729 Fowler Parkway","Lake Kevinton","NH","03179","United States of America","Utilities","33","0058g0WErag4VkFAGU","","2025-03-04T06:55:41.000Z","2025-11-05T03:22:44.000Z","BX-173680"
"0018g0KGUgcBrnKAOS","Skikouve Freight","https://www.skikouve.example","(404) 555-0105","4304 Castro Pl","Travisshire","ID","83867-6081","United States of America","Environmental","14","0058g0UDR8Iyz1bAOB","","2023-02-22T18:46:18.000Z","2024-01-29T07:29:18.000Z","BX-496311"
"0018g0Np7NJPAIdASP","Prubail Freight Ltd.","www.prubail.example","512-555-0102","074 Malone Way","Charlesshire","OK","73182-9131","USA","Technology","87","0058g0GzOrXkmgqAKB","","2024-11-13T00:28:37.000Z","2026-04-28T18:50:11.000Z","BX-500488"
"0018g0VZpgNZ8hYAGT","Jaekouq Hldgs Inc.","www.jaekouq.example","503-555-0149","","Thomashaven","VT","05179","United States of America","Electronics","27","0058g0UDR8Iyz1bAOB","","2021-12-26T01:16:45.000Z","2022-12-03T09:28:45.000Z","BX-790633"
"0018g00tFlaMWlOAIW","Joubove Manufacturing","https://www.joubove.example","(904) 555-0147","5624 Matthews Avenue","West Meredith","RI","02812","US","Education","759","0058g0GzOrXkmgqAKB","","2017-10-29T03:54:46.000Z","2026-05-19T19:28:54.000Z","BX-410923"
"0018g0D9JHLqXMeA0N","Humirk Partners Inc.","https://www.humirk.example/about","415.555.0160","601 Proctor Road Suite 464","Patriciaport","TX","77996-5846","US","Electronics","84","0058g0WErag4VkFAGU","","2020-10-06T10:40:21.000Z","2023-10-08T19:21:49.000Z","BX-704030"
"0018g0oAp4FrX2xAEF","Zolir Supply Corp.","","","42387 Day St","Port Richardchester","SD","57685","United States of America","Recreation","","0058g0GzOrXkmgqAKB","","2020-05-28T12:51:16.000Z","2026-02-12T18:01:30.000Z","BX-860245"
"0018g0ngc7SgWRFAA3","Flohaex Robotics Inc","www.flohaex.example","206.555.0114","782 Ford Rd","Mendeztown","DC","20027","US","Telecommunications","16","0058g0WErag4VkFAGU","","2020-05-04T16:15:31.000Z","2023-08-16T03:33:13.000Z","BX-767712"
"0018g00ghmZcgPsAAJ","Clumaith International Inc.","https://www.clumaith.example","702.555.0194","89037 Vargas Parkway","Elizabethbury","HI","96837","United States of America","Government","32","0058g0GzOrXkmgqAKB","","2019-05-24T09:01:30.000Z","2022-07-10T02:31:10.000Z","BX-550219"
"0018g05dBTfqCVdAYM","Ziojios Materials","http://ziojios.example","+1 503 555 0146","52917 Nelson Way","South Alyssa","DE","19851","US","Technology","308","0058g0ZcmPcg7DcASI","","2022-10-21T17:12:17.000Z","2023-05-20T10:54:48.000Z","BX-690306"
"0018g0JIGwXsQ2wAOF","Decoux Works Ltd.","","415.555.0119","870 Carter Lane","New Mariah","NM","87935","US","Food & Beverage","304","0058g0GzOrXkmgqAKB","","2022-09-25T18:33:47.000Z","2024-07-18T11:49:09.000Z","BX-153232"
"0018g0t4KJcq3rxAYA","Fyler Capital LLC","www.fyler.example","312-555-0102","362 Chavez Street","Port Alicialand","LA","70767","United States of America","Recreation","152","0058g0UDR8Iyz1bAOB","","2025-05-19T09:59:32.000Z","2026-08-23T19:51:45.000Z","BX-171125"
"0018g0zjANlSwY5AYK","Hyvond Solutions Co.","hyvond.example","+1 702 555 0168","817 Kim Boulevard","Katieville","DC","20032","USA","Transportation","13","0058g0tvAn0HYSqAIO","","2025-03-14T13:41:41.000Z","2025-07-10T04:18:31.000Z","BX-762777"
"0018g0lR67N4eflAEB","Drourork Manufacturing","www.drourork.example","1-512-555-0103","35556 May Lane","Kimberlyton","GA","30721","USA","Communications","153","0058g0RfVEhB86UA0S","","2017-07-22T07:40:12.000Z","2025-10-18T01:26:11.000Z","BX-958918"
"0018g0aNLWyqRuhA2E","Wudox Supply","https://wudox.example/","617.555.0114","93196 Price Way Suite 138","Josebury","WA","98287","US","Recreation","752","0058g0RfVEhB86UA0S","","2021-07-19T19:07:17.000Z","2021-11-27T14:07:21.000Z","BX-692469"
"0018g0BFj5sCVdyAGG","Vyhaex Solutions","","1-404-555-0110","9176 Spencer Court","South Lindamouth","GA","31720","US","Electronics","13","0058g0UDR8Iyz1bAOB","","2019-11-29T16:19:36.000Z","2025-01-29T04:24:44.000Z","BX-483477"
"0018g0KB3sPjFwAAGV","Kiodrim Holdings","https://www.kiodrim.example/about","1-813-555-0188","187 Lawrence Way","West Jose","VA","22136","USA","Banking","84","0058g0WErag4VkFAGU","","2022-05-06T18:43:52.000Z","2023-11-23T01:12:10.000Z","BX-682471"
"0018g0Eeg5f5fkKACQ","Brouprund Systems Corporation","https://www.brouprund.example","+1 972 555 0156","602 Jones Drive","New Austin","HI","96895","US","Finance","1204","0058g0ZcmPcg7DcASI","","2023-10-27T07:10:36.000Z","2024-02-18T18:22:02.000Z","BX-531496"
"0018g0ty9CvrGVqAQM","Sujaeq Mfg Ltd.","WWW.SUJAEQ.EXAMPLE","813-555-0144","894 Decker Ave","North Georgemouth","AK","99750","USA","Healthcare","16","0058g0WErag4VkFAGU","","2022-04-14T04:28:44.000Z","2023-10-01T20:31:11.000Z","BX-690689"
"0018g0n3v17PD5EAAW","Myflai Outfitters Co.","","","","Katherineborough","MO","64271-5440","USA","Construction","308","0058g0UDR8Iyz1bAOB","","2018-09-04T12:13:49.000Z","2021-01-03T03:45:08.000Z","BX-613911"
"0018g08UOMsrAQpA2M","tritath robotic inc","","","1369 Adams Court Suite 411","Port Malloryfort","OR","97546","USA","Hospitality","","0058g0RfVEhB86UA0S","","2018-09-25T21:27:13.000Z","2020-03-26T15:54:56.000Z","BX-909716"
"0018g0GQcyI2pGlAGJ","Tequiol Solutions Corp.","http://tequiol.example","1-813-555-0120","19185 Kelly Way","Diamondstad","AK","99815-3229","USA","Machinery","300","0058g0tvAn0HYSqAIO","","2021-10-25T06:50:53.000Z","2026-07-11T15:38:18.000Z","BX-174656"
"0018g01pdOXe36dAQB","Broskairk Capital Corp.","http://broskairk.example","+1 972 555 0155","14579 Harmon Pkwy","Lake Jessicashire","DE","19821","USA","Recreation","300","0058g0WErag4VkFAGU","","2019-06-03T11:08:21.000Z","2022-01-26T06:10:58.000Z","BX-596196"
"0018g0gkPEzSeejAYC","Clivor Health Inc","clivor.example","(503) 555-0112","618 Adams Drive","Port Kathleenburgh","NE","68097","US","Agriculture","15","0058g0RfVEhB86UA0S","","2019-10-02T06:21:50.000Z","2026-04-21T05:50:33.000Z","BX-821263"
"0018g0QkKRPProQA0T","Zaeskus Analytics LLC","WWW.ZAESKUS.EXAMPLE","(206) 555-0137","1579 Thomas Parkway","Robertsbury","NY","12064","United States of America","Biotechnology","1203","0058g0GzOrXkmgqAKB","","2017-05-27T12:37:48.000Z","2020-01-25T09:07:42.000Z","BX-510490"
"0018g0DJihsPCyuAGG","Guquex International Corp.","https://www.guquex.example/about","1-617-555-0197","474 Beasley Parkway","Lake Paula","KS","66987","United States of America","Agriculture","33","0058g0ZcmPcg7DcASI","","2025-06-10T07:52:29.000Z","2025-10-03T17:00:49.000Z","BX-611376"
"0018g0hEdtE5CdgAEF","Fledryl Industries LLC","http://fledryl.example","+1 813 555 0130","13731 Gonzalez Court","Ballside","KY","40272","USA","Shipping","46","0058g0RfVEhB86UA0S","","2024-07-26T10:33:23.000Z","2026-08-15T03:22:44.000Z","BX-265707"
"0018g0sm2XggeyHAQQ","Lufam Holdings Co.","","(702) 555-0124","6308 Ritter Ln","Burnettton","AZ","86148","USA","Banking","32","0058g0UDR8Iyz1bAOB","","2021-05-13T07:36:51.000Z","2025-02-05T11:53:12.000Z","BX-402013"
"0018g0Xo9MrpfIwASI","Patreve Cap Co.","","503.555.0183","20097 Santos Dr","Aguilarchester","NM","87573-6880","US","Not For Profit","5001","0058g0GzOrXkmgqAKB","","2019-06-17T05:53:42.000Z","2024-01-26T13:34:08.000Z","BX-928493"
"0018g0ybiPUTwFNAQ1","Louneth Foods","","(503) 555-0135","5840 Maynard Avenue","Dylanbury","FM","96944","USA","Education","16","0058g0WErag4VkFAGU","","2023-07-06T12:37:30.000Z","2024-10-06T17:13:11.000Z","BX-761430"
"0018g0XtbBdrnHvASI","Dryryx Dynamics LLC","www.dryryx.example","1-503-555-0166","05121 Santos Boulevard","Dorothyfort","WI","54564","United States of America","Insurance","5005","0058g0WErag4VkFAGU","","2020-06-14T23:00:27.000Z","2022-05-25T05:06:10.000Z","BX-647539"
"0018g0mQhAqyjgEAUQ","Kubrerk Manufacturing LLC","WWW.KUBRERK.EXAMPLE","(512) 555-0159","60646 Ward Avenue","South Michael","WY","82414","US","Insurance","86","0058g0ZcmPcg7DcASI","","2021-12-03T06:55:10.000Z","2025-02-01T23:44:25.000Z","BX-691390"
"0018g069CebSKblAIG","Cyquond Partners Corp.","https://www.cyquond.example","(617) 555-0164","364 Maynard Parkway","Bradleyberg","SC","29589","US","Agriculture","","0058g0GzOrXkmgqAKB","","2023-05-02T06:54:40.000Z","2024-02-06T06:30:05.000Z","BX-428809"
"0018g0rTOzpjmG6AMI","Goucluq Industries Inc","https://www.goucluq.example/about","720-555-0197","4364 Hawkins Street","Hannahmouth","WY","82894-7482","USA","Other","1208","0058g0GzOrXkmgqAKB","","2022-06-23T21:24:05.000Z","2022-10-04T03:40:52.000Z","BX-505104"
"0018g0McyfiduhDACQ","Hopais Health LLC","","312-555-0199","8361 Morales Street","South Jimmyport","KS","67273","United States of America","Chemicals","5005","0058g0WErag4VkFAGU","","2022-09-23T04:33:46.000Z","2024-12-24T16:30:24.000Z","BX-739116"
"0018g0lbemnrhDkAAI","Rebris Foods Corporation","www.rebris.example","+1 305 555 0176","716 Boyle Avenue Suite 341","West Saraland","SC","29591","US","Other","5008","0058g0tvAn0HYSqAIO","","2021-01-18T12:50:50.000Z","2021-10-06T08:49:05.000Z","BX-208357"
"0018g0vrQBcSym9AYC","Nopoth Solutions Ltd.","https://www.nopoth.example","813-555-0167","644 Armstrong Way","West Johnmouth","RI","02844","US","Chemicals","10","0058g0tvAn0HYSqAIO","","2018-07-23T00:22:43.000Z","2025-03-14T07:11:55.000Z","BX-911903"
"0018g0OrDdSyedsAKB","Coquaeve Outfitters Inc","coquaeve.example","212.555.0114","371 Dawson Way","West Nicoleton","ME","04443","USA","Manufacturing","1206","0058g0UDR8Iyz1bAOB","","2021-01-17T16:23:10.000Z","2025-03-24T01:04:32.000Z","BX-496728"
"0018g0N7bIlT25RASS","Ziowax Logistics Corporation","http://ziowaxlogistics.example","(212) 555-0172","992 Williams Court","West Renee","ND","58478","US","Food & Beverage","1203","0058g0GzOrXkmgqAKB","","2017-03-21T01:05:40.000Z","2022-07-31T09:18:49.000Z","BX-316915"
"0018g0ByV1raElRAKU","Viofar Networks LLC","WWW.VIOFAR.EXAMPLE","(972) 555-0148","236 Navarro Way Suite 273","Mendozaport","AZ","86354","US","Utilities","85","0058g0UDR8Iyz1bAOB","","2020-10-14T08:45:56.000Z","2023-08-02T05:22:55.000Z","BX-434787"
"0018g0eMNJUfL2UA2V","Rougrol Logistics","https://www.rougrol.example","1-404-555-0102","692 Dorsey Road","Tuckerberg","MI","49365","US","Shipping","5008","0058g0ZcmPcg7DcASI","","2018-11-06T18:46:08.000Z","2026-08-22T16:30:49.000Z","BX-388156"
"0018g0JoytyONv5ACG","Koraer Partners Corporation","","1-206-555-0172","176 Williams Dr Ste 895","Ryanstad","OK","73177","USA","Biotechnology","87","0058g0GzOrXkmgqAKB","","2021-05-02T09:19:23.000Z","2026-08-10T20:31:02.000Z","BX-846631"
"0018g0HQcdTKVY0AGP","Jouvuth Analytics Corporation","WWW.JOUVUTH.EXAMPLE","(512) 555-0171","","East Connieshire","MI","48298","US","Banking","757","0058g0tvAn0HYSqAIO","","2018-10-01T21:57:25.000Z","2023-07-05T20:12:32.000Z","BX-882573"
"0018g0trqPAF2ALAQ1","Lekaex Partners","WWW.LEKAEX.EXAMPLE","+1 312 555 0140","63619 Hunter Court","North Richardberg","ND","58213","US","Media","18","0058g0WErag4VkFAGU","","2017-08-18T13:03:40.000Z","2022-05-23T01:58:57.000Z","BX-563804"
"0018g0ngqStlcZZAQY","Saifais Dynamics Inc","https://www.saifais.example/about","1-720-555-0144","35681 Mcmillan Avenue","Henryport","SD","57591","United States of America","Insurance","150","0058g0WErag4VkFAGU","","2023-11-09T10:57:26.000Z","2025-11-03T20:21:12.000Z","BX-228807"
"0018g0KqJmVe2WFAKZ","Praiclim Holdings","https://www.praiclim.example","720-555-0106","8109 Lamb Drive","Port Jennifer","VA","23247","USA","Chemicals","155","0058g0GzOrXkmgqAKB","","2023-08-12T11:47:38.000Z","2025-10-21T05:34:55.000Z","BX-496166"
"0018g0dhWYzqKcsAYE","Piba Outfitters Inc.","piba.example","","3481 Hester Way","Levinemouth","MN","56197","United States of America","Education","31","0058g0UDR8Iyz1bAOB","","2025-05-21T06:26:30.000Z","2026-06-14T16:48:09.000Z","BX-406995"
"0018g0OXdFJhv1gAWB","Dafaes Hldgs Corporation","www.dafaes.example","+1 503 555 0141","4687 Diaz Boulevard","North Amy","NY","12313","US","Food & Beverage","1540","0058g0WErag4VkFAGU","","2021-04-19T11:09:36.000Z","2023-04-15T20:19:40.000Z","BX-456334"
"0018g0aXnQXdUI7AUN","Vepral Freight","vepral.example","813.555.0167","31975 Lawson Avenue Suite 455","West Heathermouth","OR","97857","USA","Recreation","155","0058g0ZcmPcg7DcASI","","2022-11-16T07:44:24.000Z","2026-05-02T02:54:36.000Z","BX-986652"
"0018g0Oz2PRgExTASV","Vagrios Analytics","vagrios.example","415.555.0135","969 Solis Way","Thomasland","FL","33494-7475","US","Chemicals","757","0058g0UDR8Iyz1bAOB","","2019-06-12T23:46:33.000Z","2026-03-18T11:39:17.000Z","BX-483893"
"0018g0YI000rzUrAGI","Wyfol Outfitters","http://us.wyfol.example","(702) 555-0107","99317 Burns Lane","Port Samantha","OH","43415","US","Electronics","29","0058g0tvAn0HYSqAIO","","2020-08-18T06:56:19.000Z","2023-07-25T03:39:10.000Z","BX-850418"
"0018g0BlXHGnYJwA0N","Troukaes Materials Co.","https://troukaes.example/","+1 206 555 0123","29498 Shepard Place Suite 825","North Kevinburgh","PW","96940-4005","US","Finance","49","0058g0WErag4VkFAGU","","2019-10-19T08:25:11.000Z","2020-10-15T16:07:03.000Z","BX-662160"
"0018g0gdLscgbMIAIY","Trakim Solutions Co.","","312-555-0174","858 Adams Rd","West Janeport","MS","39132","United States of America","Biotechnology","301","0058g0UDR8Iyz1bAOB","","2018-04-13T12:09:25.000Z","2024-06-27T00:45:26.000Z","BX-764589"
"0018g0T5VrYw6oNAKR","Houvund Solutions Inc","https://www.houvund.example/about","(972) 555-0147","952 Green Dr","New Jill","FM","96941","United States of America","Utilities","5009","0058g0tvAn0HYSqAIO","","2021-07-24T19:01:54.000Z","2024-06-03T18:58:06.000Z","BX-407314"
"0018g0ikaUXUYSSAQ5","Stunain Capital Inc","https://www.stunain.example","972.555.0156","346 Williams Ln","Port Lisafurt","NH","03129","United States of America","Telecommunications","26","0058g0RfVEhB86UA0S","","2019-02-24T17:51:25.000Z","2024-01-13T08:32:03.000Z","BX-141527"
"0018g0EioDA3ObFASV","Droskoth Foods Corp.","WWW.DROSKOTH.EXAMPLE","1-512-555-0121","94103 Campbell Drive","East Barbara","MT","59156","USA","Technology","11","0058g0RfVEhB86UA0S","","2021-09-03T15:40:55.000Z","2024-06-13T10:24:42.000Z","BX-125894"
"0018g0sYEvwStixAMC","Hylas Materials LLC","WWW.HYLAS.EXAMPLE","+1 305 555 0101","8249 Beard Street","Port Jameshaven","NH","03591-6527","United States of America","Telecommunications","27","0058g0tvAn0HYSqAIO","","2021-05-17T17:23:48.000Z","2026-04-20T04:39:04.000Z","BX-103313"
"0018g0JGQk05IQ0AOM","Skionail Robotics Inc.","skionailrobotics.example","(813) 555-0101","055 Hull Boulevard","Johnsonmouth","CA","95956","United States of America","Media","750","0058g0UDR8Iyz1bAOB","","2025-03-20T00:44:54.000Z","2025-11-02T02:59:40.000Z","BX-808763"
"0018g05csyhlafgAAA","Pedrul Industries Corporation","http://pedrul.example","+1 904 555 0198","2318 Williams Boulevard Suite 985","North Eric","PA","17479-4605","US","Apparel","750","0058g0ZcmPcg7DcASI","","2021-10-17T12:58:15.000Z","2022-08-14T13:23:59.000Z","BX-945597"
"0018g02D1cmbCP3AEM","Ratrax Energy Corporation","https://ratrax.example/","1-702-555-0118","80010 Lynch Lane","North Hannahland","HI","96810","United States of America","Environmental","83","0058g0UDR8Iyz1bAOB","","2017-11-07T02:19:38.000Z","2024-03-27T20:46:10.000Z","BX-785582"
"0018g0W9fxJLgT4ACL","Zusyth Logistics Ltd.","","904-555-0186","8628 Wade Street","South Jason","RI","02868","United States of America","Chemicals","304","0058g0UDR8Iyz1bAOB","","2021-06-17T06:27:29.000Z","2023-04-07T00:29:38.000Z","BX-419562"
"0018g07YERU2cwQA2R","Kobin Health Co.","http://kobin.example","+1 404 555 0116","411 Crosby Place Suite 358","West Paula","SC","29267-5707","United States of America","Electronics","756","0058g0GzOrXkmgqAKB","","2020-12-08T16:17:42.000Z","2021-01-17T09:17:10.000Z","BX-527625"
"0018g0wliVyJZiBAQW","Kequan Industries Corporation","https://kequan.example/","(904) 555-0150","033 Smith Place","Michaelport","NJ","08215","US","Healthcare","83","0058g0GzOrXkmgqAKB","","2022-10-28T21:48:40.000Z","2026-07-29T08:50:54.000Z","BX-229244"
"0018g0Y24PtviLSASY","Zioskou Solutions Inc.","www.zioskou.example","206-555-0101","009 Norris Place","North Richard","WA","98444","United States of America","Recreation","","0058g0UDR8Iyz1bAOB","","2018-07-17T07:54:39.000Z","2022-02-25T12:07:37.000Z","BX-117644"
"0018g0JwZcdtGzJAKU","Clivor Partners","https://www.clivorpartners.example","1-503-555-0190","618 Adams Drive","Port Kathleenburgh","NE","68097","USA","Healthcare","44","0058g0GzOrXkmgqAKB","","2023-03-15T03:43:03.000Z","2025-10-29T17:35:41.000Z","BX-304870"
"0018g0OkQl1JVtJAKW","Praidroq Capital Inc","https://www.praidroq.example/about","904-555-0103","1292 Ramirez Road","South Jennifer","IA","50812","United States of America","Electronics","5009","0058g0WErag4VkFAGU","","2023-04-29T18:01:40.000Z","2025-03-19T00:04:18.000Z","BX-171889"
"0018g0Evx59NxwwACC","Fygil Robotics","https://www.fygil.example/about","+1 813 555 0190","2202 Taylor Pkwy","Johnville","NH","03252","US","Communications","304","0058g0RfVEhB86UA0S","","2022-09-04T16:25:30.000Z","2025-03-27T14:47:06.000Z","BX-833403"
"0018g0cRPy575bMAMQ","Riobou Health Co.","www.riobou.example","1-512-555-0141","609 Ferguson Drive Suite 781","New Holly","NM","88008-6600","United States of America","Biotechnology","30","0058g0ZcmPcg7DcASI","","2017-12-15T14:50:04.000Z","2025-08-23T10:10:31.000Z","BX-706604"
"0018g0TdPUmwK85A0E","Hofair Net Ltd.","","(972) 555-0179","","Joyceshire","MN","56701","USA","Not For Profit","","0058g0GzOrXkmgqAKB","","2020-07-06T13:56:47.000Z","2021-12-04T00:43:38.000Z","BX-435988"
"0018g0HvWoyE8j0AKC","Synis Technologies LLC","https://synis.example/","+1 813 555 0102","607 Brown Way","North Kenneth","OK","73090","US","Apparel","758","0058g0RfVEhB86UA0S","","2017-05-14T21:58:33.000Z","2021-01-09T23:32:44.000Z","BX-832862"
"0018g0P67xnEuXwACK","Stawen Capital Inc.","stawen.example","+1 415 555 0105","89904 Hahn Court Suite 732","Port Caleb","DC","20026","United States of America","Energy","6","0058g0GzOrXkmgqAKB","","2017-05-09T03:44:08.000Z","2021-01-11T01:18:09.000Z","BX-665577"
"0018g0CWoOYVlYJAW1","Powaer Services Ltd.","","702.555.0195","2043 Wagner Parkway","Fisherton","NM","88036","US","Agriculture","156","0058g0tvAn0HYSqAIO","","2018-09-02T00:16:47.000Z","2019-02-25T23:26:34.000Z","BX-883146"
"0018g0hctqJ1DquAAF","Hyskynd Freight Corporation","hyskynd.example","","732 Garcia Avenue","North Sarahmouth","ID","83649","USA","Not For Profit","5002","0058g0ZcmPcg7DcASI","","2020-04-09T21:33:05.000Z","2024-09-19T23:44:00.000Z","BX-598024"
"0018g0Zyw0igAPMAC2","Pionaim Networks Corporation","WWW.PIONAIM.EXAMPLE","206-555-0199","1876 Gonzalez Dr","East Michaelland","NC","27740","US","Government","1208","0058g0UDR8Iyz1bAOB","","2017-10-18T10:17:39.000Z","2020-12-28T16:05:31.000Z","BX-380999"
"0018g0wK8MRzmyZAUR","Ketrond Health Ltd.","https://www.ketrond.example/about","720-555-0121","262 Dawson Place","West Thomas","IN","46784-5141","USA","Education","304","0058g0WErag4VkFAGU","","2023-06-06T01:53:02.000Z","2026-08-04T03:40:03.000Z","BX-996455"
"0018g0RLYNKpmGxA4J","fllysour cap inc","WWW.FLYSOUR.EXAMPLE","","644 Cooper Court","Port Paultown","MO","65239-3931","USA","Biotechnology","70","0058g0UDR8Iyz1bAOB","","2023-10-02T14:58:09.000Z","2026-05-21T18:59:11.000Z","BX-755329"
"0018g0nCVxSrc50AMB","Jozond Technologies Co.","jozond.example","972-555-0112","980 Zimmerman Parkway Suite 662","Julianside","FL","32273","US","Entertainment","11","0058g0GzOrXkmgqAKB","","2022-12-05T03:15:44.000Z","2025-11-07T22:43:34.000Z","BX-526010"
"0018g0VlugilBv7ACE","Jaepend Foods Co.","jaepend.example","","769 Cook Dr","New Rodney","NH","03044","US","Telecommunications","87","0058g0WErag4VkFAGU","","2024-12-30T05:41:19.000Z","2025-12-31T09:18:23.000Z","BX-595096"
"0018g0Agk2Upnf3ACB","Hatruq Dynamics Corp.","https://www.hatruq.example/about","(512) 555-0103","4457 Ellis Road","Elizabethland","MT","59297","US","Engineering","85","0058g0tvAn0HYSqAIO","","2021-12-07T06:40:33.000Z","2022-06-15T07:31:54.000Z","BX-866941"
"0018g0EtnLwwIROAS2","Laigox Foods","https://laigox.example/","206.555.0192","9765 Reyes Rd Ste 437","Rojasberg","MT","59814","USA","Communications","759","0058g0UDR8Iyz1bAOB","","2024-12-31T23:28:46.000Z","2025-09-16T05:39:07.000Z","BX-373818"
"0018g0ldC3JiRiRAIV","Voniol Networks","http://voniol.example","1-972-555-0165","614 Taylor Pkwy Ste 296","Rosemouth","ME","04819-3552","USA","Machinery","45","0058g0tvAn0HYSqAIO","","2021-10-11T14:44:30.000Z","2024-07-19T05:20:12.000Z","BX-759816"
"0018g0wtbf0Je6NAAS","loboq technologies ltd.","","904.555.0144","0705 Turner St","South Johnport","IN","47348","USA","Biotechnology","","0058g0WErag4VkFAGU","","2024-02-05T13:46:35.000Z","2026-05-10T05:34:21.000Z","BX-168871"
"0018g0og2V5Wf95AQC","Floulaem Robotics Inc","https://floulaem.example/","512-555-0105","21253 Owens Avenue","Reidview","LA","70222","US","Finance","83","0058g0GzOrXkmgqAKB","","2018-05-23T01:03:20.000Z","2022-04-27T08:50:18.000Z","BX-999527"
"0018g0AeZ5y4EksAKE","Daiwer Dynamics","http://daiwer.example","1-404-555-0171","042 Gibson Pl","South Alexis","TN","38587","US","Manufacturing","89","0058g0ZcmPcg7DcASI","","2025-06-11T22:04:37.000Z","2025-10-23T11:28:00.000Z","BX-472548"
"0018g0k5jHQLA7GAQX","Lerork Holdings","https://www.lerork.example","+1 415 555 0162","6113 Lane Way","Christianshire","CA","92188","United States of America","Environmental","151","0058g0WErag4VkFAGU","","2019-04-19T04:04:17.000Z","2021-01-01T07:47:30.000Z","BX-500201"
"0018g04QxCgOJFEAU4","Claturk Systems Co.","www.claturk.example","206-555-0116","796 Russell Way","Steeleside","NJ","08600","US","Insurance","17","0058g0tvAn0HYSqAIO","","2024-01-08T04:30:00.000Z","2025-05-11T23:06:20.000Z","BX-755345"
"0018g0pZ3uoD0ORAE0","Tastind Labs Ltd.","","+1 404 555 0193","1413 Schneider St","Juliamouth","UT","84678","US","Food & Beverage","44","0058g0UDR8Iyz1bAOB","","2019-02-02T01:04:26.000Z","2023-06-30T21:40:44.000Z","BX-918571"
"0018g0rkBk9CqlBAIS","Pygun Supply Corporation","http://pygun.example","206-555-0122","4521 Williams Place Suite 921","Davisfurt","HI","96882","United States of America","Utilities","1208","0058g0tvAn0HYSqAIO","","2022-11-29T19:04:15.000Z","2024-07-27T18:25:15.000Z","BX-374330"
"0018g0H8apbbXVHAC2","Liohan Freight","https://www.liohan.example","1-503-555-0120","7919 Gutierrez Rd","Lake Jessicaberg","DC","20010","USA","Environmental","18","0058g0tvAn0HYSqAIO","","2023-10-14T18:48:49.000Z","2025-03-16T01:30:33.000Z","BX-288661"
"0018g0n0WwXnddfAIB","Todiox Logistics","https://www.todiox.example/about","312.555.0141","9007 Jackson Way","South Cory","AZ","85426","USA","Not For Profit","157","0058g0tvAn0HYSqAIO","","2023-02-19T16:48:43.000Z","2025-12-01T06:01:36.000Z","BX-808825"
"0018g04FI5xxkbGAMQ","Grilu Works Ltd.","grilu.example","+1 305 555 0143","039 Peterson Street Suite 326","New Sarahtown","HI","96831","US","Hospitality","44","0058g0RfVEhB86UA0S","","2017-03-03T01:08:59.000Z","2020-12-29T21:53:16.000Z","BX-664567"
"0018g0bSboIuNtlAEF","Betroq International Inc","http://betroq.example","404-555-0130","68185 Ward Boulevard Suite 217","Lake Tammyshire","WV","26691","United States of America","Agriculture","1208","0058g0tvAn0HYSqAIO","","2024-11-11T08:42:49.000Z","2025-06-11T16:30:20.000Z","BX-988712"
"0018g02B8SicGKxAUM","Laigrith Capital","WWW.LAIGRITH.EXAMPLE","702.555.0168","52870 Moon Way","Holtview","LA","70490","US","Environmental","20","0058g0RfVEhB86UA0S","","2018-06-07T13:39:18.000Z","2025-06-01T15:19:33.000Z","BX-398482"
"0018g0fu7tXEJHSAA5","Toquuq Freight Co.","WWW.APP.TOQUUQ.EXAMPLE","904.555.0135","","Arielview","OR","97326","USA","Entertainment","80","0058g0UDR8Iyz1bAOB","","2019-07-01T10:06:03.000Z","2025-06-04T02:49:20.000Z","BX-151761"
"0018g037LyiwRQSAI2","Drivox Outfitters Inc.","","305.555.0164","85338 Sandoval Street","Lake Timothyhaven","WY","82898","USA","Healthcare","43","0058g0RfVEhB86UA0S","","2022-03-21T15:03:14.000Z","2024-07-01T21:45:59.000Z","BX-108635"
"0018g0SBqX4HLCiAWO","Noustix Industries Corporation","https://www.noustix.example","720.555.0116","078 Hammond Road","Pricehaven","MN","55663","United States of America","Communications","89","0058g0GzOrXkmgqAKB","","2018-08-23T01:15:25.000Z","2025-04-06T00:13:56.000Z","BX-968773"
"0018g0PJJZlzOjVA4U","Kymeth Manufacturing Corp.","WWW.KYMETH.EXAMPLE","","37453 Baker Boulevard","Benderview","UT","84478","United States of America","Food & Beverage","5007","0058g0UDR8Iyz1bAOB","","2021-08-17T12:18:08.000Z","2026-02-21T16:13:25.000Z","BX-824646"
"0018g0XQYdPofCFAOZ","Hetrain Works","https://www.hetrain.example","503.555.0101","35372 Walker Parkway","Lake Frank","OH","44351","United States of America","Government","5006","0058g0tvAn0HYSqAIO","","2021-12-28T05:51:08.000Z","2023-08-10T02:01:52.000Z","BX-268064"
"0018g05ETmkxaPuAMI","Skaikis Intl Co.","WWW.SKAIKIS.EXAMPLE","206-555-0134","99700 Ellis Way","West Jeremyshire","SC","29334","US","Hospitality","13","0058g0ZcmPcg7DcASI","","2024-06-24T19:12:30.000Z","2026-05-14T23:55:24.000Z","BX-629750"
"0018g0iNyU6d18bAUA","Taezand Robotics Corporation","WWW.TAEZAND.EXAMPLE","+1 617 555 0123","02822 Butler Avenue","North Stephanie","NE","68085","United States of America","Not For Profit","21","0058g0UDR8Iyz1bAOB","","2022-05-01T00:35:14.000Z","2025-06-12T09:26:59.000Z","BX-970058"
"0018g01FeayXvtnAEC","Memyn Freight Co.","memyn.example","1-206-555-0173","5079 Vaughn Drive","New Melody","ID","83465","USA","Healthcare","28","0058g0tvAn0HYSqAIO","","2017-05-14T16:55:31.000Z","2017-10-15T08:45:54.000Z","BX-911172"
"0018g0qelmW5V1wAAF","Joflous Energy Corporation","","972-555-0131","1309 Ruiz Lane","Port Michael","ID","83705","United States of America","Agriculture","152","0058g0tvAn0HYSqAIO","","2023-09-28T08:39:52.000Z","2025-05-31T14:44:56.000Z","BX-219342"
"0018g0DvifD8tsCACR","Tuge Robotics","","813.555.0181","91889 Duncan Lane","West Jesusfort","LA","70023","US","Engineering","20","0058g0ZcmPcg7DcASI","","2022-09-15T22:08:33.000Z","2022-09-26T17:00:27.000Z","BX-335052"
"0018g0ULwGsodPFAWY","Vistys Manufacturing","www.vistys.example","1-503-555-0192","23398 Peterson Street","Lake Dwayne","AR","72060","United States of America","Recreation","84","0058g0GzOrXkmgqAKB","","2017-04-17T06:13:05.000Z","2021-07-14T02:37:58.000Z","BX-491876"
"0018g0W8AjouSq3AKE","Gadaeth Technologies Inc","www.gadaeth.example","503-555-0120","660 Stephens Parkway","Kingberg","WI","54653","United States of America","Government","40","0058g0ZcmPcg7DcASI","","2017-11-02T15:59:02.000Z","2023-09-12T22:53:32.000Z","BX-709327"
"0018g0NvhK5y1rWASQ","Kouzaiq Energy Inc.","https://www.kouzaiq.example","(904) 555-0187","4507 Roman Parkway Suite 115","Huangburgh","AR","72885","United States of America","Hospitality","20","0058g0UDR8Iyz1bAOB","","2018-12-23T05:37:17.000Z","2021-08-31T21:56:06.000Z","BX-994235"
"0018g0pRl4lDBykAEG","Waidiove Analytics Inc","","","2520 Hayes Road","South Martha","NC","27586","USA","Entertainment","754","0058g0ZcmPcg7DcASI","","2019-12-01T10:21:49.000Z","2025-06-21T08:25:48.000Z","BX-821721"
"0018g0CDEiwvj1KAOQ","Jaesork Foods Co.","www.jaesork.example","","555 Black Drive","West Melanie","MI","48935","US","Shipping","7","0058g0GzOrXkmgqAKB","","2019-07-18T15:22:57.000Z","2023-11-03T23:36:26.000Z","BX-743658"
"0018g0g12tiDMXZAA4","Vegix Networks Corporation","https://www.vegix.example","720-555-0142","474 Smith Court","East Jessicahaven","ME","04828","United States of America","Education","308","0058g0WErag4VkFAGU","","2023-09-27T15:42:25.000Z","2023-10-18T15:54:46.000Z","BX-529027"
"0018g0dzv2V3hnxAAB","Wemil Systems Corp.","wemil.example","","6298 Williams Lane","New George","MT","59720","US","Media","46","0058g0UDR8Iyz1bAOB","","2021-09-24T18:57:45.000Z","2026-05-25T18:07:34.000Z","BX-344972"
"0018g0kdjOuzOMFAQ2","Skuskox Dynamics Inc","www.skuskox.example","904-555-0101","95163 Rodriguez Ct Ste 497","Haydenland","AL","35087","USA","Other","15","0058g0tvAn0HYSqAIO","","2022-10-16T11:48:23.000Z","2024-02-07T06:46:46.000Z","BX-874801"
"0018g0ptPMxQNqvAYG","Jekan Materials LLC","https://www.jekanmaterials.example/about","(503) 555-0173","04538 Moore Street","Stephenton","ND","58005","United States of America","Engineering","152","0058g0ZcmPcg7DcASI","","2021-04-20T21:34:32.000Z","2022-10-05T22:53:13.000Z","BX-900846"
"0018g0omn17Rv8nAAC","Heasteth Inds LLC","http://haesteth.example","","417 Walker Street","New Shawn","NV","88918","USA","Banking","47","0058g0ZcmPcg7DcASI","","2021-07-23T20:44:09.000Z","2025-12-26T21:27:26.000Z","BX-507678"
"0018g0ZBjByaqXQAWY","Toukoth Freight LLC","www.toukoth.example","972.555.0197","3757 Morales Street","South Stephanie","WA","99019","USA","Energy","83","0058g0RfVEhB86UA0S","","2024-12-17T19:24:39.000Z","2026-07-10T16:07:46.000Z","BX-679558"
"0018g03Oq26cokvAEA","Vuvath Robotics Inc","WWW.VUVATH.EXAMPLE","813.555.0129","4057 Allen Place","Escobarfurt","MT","59219","United States of America","Technology","5009","0058g0GzOrXkmgqAKB","","2019-09-15T02:52:14.000Z","2022-06-10T08:29:21.000Z","BX-294174"
"0018g0Z4HjBQU0YAKX","Jioclem Works Corporation","WWW.JIOCLEMWORKS.EXAMPLE","","957 Brown Avenue","Frostshire","AZ","85571-9532","United States of America","Food & Beverage","1201","0058g0RfVEhB86UA0S","","2022-06-03T11:02:40.000Z","2023-12-17T23:46:01.000Z","BX-876047"
"0018g0XKGRfIrHXA40","Sionioth Outfitters Ltd.","https://sionioth.example/","(305) 555-0109","798 Gray Street Suite 542","Jamesmouth","TX","79736","United States of America","Healthcare","5008","0058g0ZcmPcg7DcASI","","2022-10-12T03:26:25.000Z","2026-06-01T17:24:36.000Z","BX-135465"
"0018g0Ax680rAS6ACM","Brejourk Materials LLC","","404.555.0103","20007 Anderson Way","Lake Walter","IA","50024","USA","Education","30","0058g0ZcmPcg7DcASI","","2020-08-23T22:27:32.000Z","2025-01-22T18:38:54.000Z","BX-236108"
"0018g0QTcDbRBI0AWO","Staiverk Holdings","http://staiverk.example","+1 617 555 0193","78086 Smith Avenue Suite 633","Brentbury","SD","57055","USA","Environmental","8","0058g0GzOrXkmgqAKB","","2021-07-24T10:43:36.000Z","2022-10-21T10:30:47.000Z","BX-307120"
"0018g0gM9Ef5sTHAUY","Floucynd Labs Ltd.","https://www.floucynd.example","404.555.0138","3807 Tanner Boulevard Suite 872","New Sydneytown","WV","25607","United States of America","Chemicals","5006","0058g0tvAn0HYSqAIO","","2021-12-18T06:33:42.000Z","2025-10-12T07:36:07.000Z","BX-778989"
"0018g0jkHYjjP0KAYU","TATOVE HOLDINGS CORPORATION","WWW.TATOVE.EXAMPLE","(404) 555-0106","18322 Clark Boulevard Suite 908","Ericburgh","IL","60127","USA","Manufacturing","5009","0058g0RfVEhB86UA0S","","2018-06-14T04:18:37.000Z","2024-10-25T13:19:11.000Z","BX-942844"
"0018g0c9wBPut6oAQB","Noflynd Networks Corporation","noflynd.example","(312) 555-0170","442 Lewis Rd","New Lisa","NC","27682","USA","Manufacturing","13","0058g0RfVEhB86UA0S","","2021-06-25T22:13:39.000Z","2021-12-15T17:21:02.000Z","BX-448750"
"0018g0a0IUXS2GlAYL","Bofliq Sol Ltd.","www.bofliq.example","1-212-555-0192","553 Sexton Ave","Willistown","CA","95067-2457","US","Machinery","34","0058g0RfVEhB86UA0S","","2019-07-07T19:46:49.000Z","2020-10-16T22:51:34.000Z","BX-707871"
"0018g0TlP2kqB0xAKE","Vaquy Outfitters Inc.","www.vaquy.example","1-312-555-0155","1118 Curtis Road Suite 957","East Ashleyville","LA","70335","US","Chemicals","1201","0058g0GzOrXkmgqAKB","","2021-04-07T14:05:20.000Z","2021-08-03T22:24:14.000Z","BX-485391"
"0018g0JCaA5cQkTAWU","Praeclur Systems Corp.","https://www.praeclur.example","","48719 Fisher Avenue Suite 430","Melissabury","VT","05098","United States of America","Food & Beverage","757","0058g0tvAn0HYSqAIO","","2024-06-19T11:16:36.000Z","2025-12-18T12:24:12.000Z","BX-597510"
"0018g0jYAjkI5R8AMK","Griojoun Partners","https://griojoun.example/","(206) 555-0129","105 Foley Street","North Brianburgh","WY","82452-1111","USA","Shipping","1206","0058g0RfVEhB86UA0S","","2024-02-01T11:55:39.000Z","2025-04-21T03:19:50.000Z","BX-426098"
"0018g0SfQsLMzO5AKL","Saderi Robotics Corp.","","","","Antoniotown","MD","21212-4577","US","Manufacturing","291","0058g0tvAn0HYSqAIO","","2020-12-21T19:13:38.000Z","2021-01-05T01:21:22.000Z","BX-236757"
"0018g05qAHXKaRQAY1","Kacliond Logistics Corporation","http://kacliond.example","1-404-555-0178","3643 Wang Parkway","Samanthaborough","MS","39723","United States of America","Healthcare","43","0058g0GzOrXkmgqAKB","","2018-03-12T09:52:01.000Z","2020-01-05T17:29:48.000Z","BX-384297"
"0018g0OwxG5TfKhASK","Jaiskes Freight Ltd.","www.jaiskes.example","(404) 555-0113","67707 Moore Place","Billyberg","NJ","08856-6260","United States of America","Apparel","6","0058g0WErag4VkFAGU","","2021-01-25T18:22:14.000Z","2024-07-18T20:29:42.000Z","BX-157133"
"0018g0QEJfn5E3oAOE","Byflaex Partners Co.","https://byflaex.example/","+1 404 555 0120","20419 Barnes Lane","Jonesmouth","NV","89118","US","Agriculture","31","0058g0RfVEhB86UA0S","","2022-09-05T14:31:31.000Z","2023-05-21T15:06:51.000Z","BX-740169"
"0018g0dKp7JrcVLAEZ","Zeflun Technologies Ltd.","https://zeflun.example/","(720) 555-0181","220 Cox Way","New Amandahaven","MO","64921-8966","US","Utilities","14","0058g0tvAn0HYSqAIO","","2020-01-23T23:31:40.000Z","2023-03-11T06:46:08.000Z","BX-819350"
"0018g0Hx4w7C0s8ACC","Tuflol Partners Inc","https://www.tuflol.example/about","904-555-0150","00365 Torres Place","North Cassandraside","MS","38690","United States of America","Hospitality","5008","0058g0tvAn0HYSqAIO","","2018-03-22T19:28:54.000Z","2022-05-29T21:01:47.000Z","BX-297102"
"0018g0oH4yYCwICAE1","Donoux Freight Inc","https://www.donoux.example","617.555.0199","16963 Herman Way","Port Michael","PA","15096","US","Shipping","34","0058g0WErag4VkFAGU","","2021-05-08T18:35:25.000Z","2023-05-04T08:54:59.000Z","BX-832014"
"0018g05k4O0Sn1sAQC","Limen Materials Inc.","www.limen.example","206-555-0132","945 Caldwell Avenue","Lake Codyfort","SD","57549-8823","USA","Recreation","1204","0058g0GzOrXkmgqAKB","","2017-01-18T00:40:52.000Z","2022-12-02T17:30:26.000Z","BX-747681"
"0018g0KwEQfw6GEA0Y","Dugriond Foods LLC","https://www.dugriond.example","(305) 555-0137","03325 West Place","Griffithborough","SC","29553","US","Retail","43","0058g0ZcmPcg7DcASI","","2023-07-16T09:43:14.000Z","2025-08-22T14:28:41.000Z","BX-502909"
"0018g0q0OcylvnTAIQ","Quaedrair Holdings Inc","http://quaedrair.example","+1 720 555 0116","03550 Aguilar Dr","Port Anthony","FL","34387","USA","Finance","1204","0058g0ZcmPcg7DcASI","","2018-01-27T20:39:52.000Z","2019-11-06T17:35:33.000Z","BX-903473"
"0018g0oMZ1fDR6nAMG","Gaeflyq Logistics Corp.","http://gaeflyq.example","415.555.0108","1560 Scott Parkway","Lake Michelle","AR","72584","USA","Technology","20","0058g0UDR8Iyz1bAOB","","2023-01-17T06:33:30.000Z","2024-07-21T11:37:44.000Z","BX-538057"
"0018g0nHVZCnLcVA2V","Skutioth Networks Inc.","","+1 904 555 0100","43201 Miller Place","Aaronborough","AK","99656","United States of America","Energy","41","0058g0GzOrXkmgqAKB","","2025-04-19T11:04:48.000Z","2025-12-03T10:33:02.000Z","BX-259468"
"0018g0f8zoKPebJAAT","Siodyth Health Co.","https://www.siodythhealth.example/about","1-212-555-0164","882 Gray Rd","Ashleybury","MO","64128","United States of America","Finance","34","0058g0ZcmPcg7DcASI","","2025-04-13T12:35:10.000Z","2025-04-22T03:30:26.000Z","BX-432949"
"0018g0jMh6lb50oAEA","Trunym Dynamics Corporation","http://trunym.example","1-972-555-0183","590 Norton Parkway","East Elizabethburgh","DE","19965","United States of America","Machinery","151","0058g0tvAn0HYSqAIO","","2020-08-16T03:00:55.000Z","2023-03-25T05:52:09.000Z","BX-908581"
"0018g0V5UYUaUH6A0N","Raigron Cap Co.","http://raigron.example","404.555.0170","42776 Wilson Drive","Davischester","CT","06169","US","Food & Beverage","13","0058g0UDR8Iyz1bAOB","","2020-08-23T14:12:04.000Z","2025-06-29T09:30:29.000Z","BX-844979"
"0018g09RsKus7hYAUQ","Fiowiol Systems","fiowiol.example","+1 206 555 0121","31638 Jackson Ct","East Thomaston","SC","29206","USA","Communications","306","0058g0tvAn0HYSqAIO","","2019-11-11T03:30:56.000Z","2023-01-22T07:39:37.000Z","BX-575245"
"0018g0gQ2O0XWipAUG","Godoum Sys Corporation","https://www.godoum.example/about","415.555.0138","78441 Haney Parkway","Leechester","SC","29209","US","Communications","86","0058g0WErag4VkFAGU","","2023-06-27T16:34:24.000Z","2025-03-15T06:03:44.000Z","BX-141604"
"0018g0zm0vNZvecAAD","Domark Foods Corporation","WWW.DOMARK.EXAMPLE","1-720-555-0147","98383 Perez Place","Port Jennifershire","OH","44918","US","Construction","86","0058g0WErag4VkFAGU","","2024-07-30T07:18:02.000Z","2025-04-29T16:59:33.000Z","BX-667668"
"0018g05zNi1sHLGAI2","Ziodrind Works Co.","http://go.ziodrind.example","972.555.0153","089 Escobar Street","Jessicaburgh","CA","90443","US","Not For Profit","45","0058g0GzOrXkmgqAKB","","2022-01-30T02:59:55.000Z","2026-08-17T14:42:24.000Z","BX-544301"
"0018g0KVRYfS8fKA4S","Doukum Capital Inc","https://doukumcapital.example/","","","West Michael","LA","70501","USA","Biotechnology","44","0058g0GzOrXkmgqAKB","","2017-02-21T21:46:58.000Z","2021-02-15T05:23:20.000Z","BX-589002"
"0018g0uNnkTOuc6AED","Roflum Materials Inc","https://www.roflum.example/about","(813) 555-0115","3116 Hess Avenue Suite 355","Parksbury","OH","45332","US","Food & Beverage","21","0058g0tvAn0HYSqAIO","","2018-07-12T21:50:05.000Z","2026-06-10T07:12:12.000Z","BX-590435"
"0018g0JO2SLFRzrAWH","Jaerirk Supply Ltd.","https://jaerirk.example/","702.555.0191","4626 Wolfe Boulevard Suite 671","Port Chad","NJ","07086","United States of America","Hospitality","308","0058g0ZcmPcg7DcASI","","2023-11-27T02:03:31.000Z","2024-09-15T08:27:37.000Z","BX-539003"
"0018g0sFqfaE1ZaAEK","Boflaes Systems Inc","http://boflaes.example","1-415-555-0181","7346 Landry Drive","Port Julie","MN","55900","USA","Engineering","8","0058g0RfVEhB86UA0S","","2020-12-21T14:34:40.000Z","2021-12-20T11:59:15.000Z","BX-550790"
"0018g09RHybFPptAMG","Kiquaes Supply Inc.","https://kiquaes.example/","","67567 Silva Way","Pierceshire","IA","50704","United States of America","Government","159","0058g0RfVEhB86UA0S","","2020-01-03T16:48:08.000Z","2024-08-12T03:39:08.000Z","BX-848603"
"0018g0CpHwxGqNBAK0","Draetryr Manufacturing Inc","https://draetryr.example/","1-503-555-0108","1808 Lopez Rd","Mcintyreport","MA","02756","USA","Transportation","85","0058g0tvAn0HYSqAIO","","2018-01-03T19:37:24.000Z","2020-01-12T07:23:35.000Z","BX-303301"
"0018g0qqzrjLLINAA4","Droumou Manufacturing Inc","droumou.example","212.555.0141","3946 Taylor Lane","New Elizabeth","KY","41220","USA","Government","25","0058g0tvAn0HYSqAIO","","2024-11-12T12:24:32.000Z","2024-12-22T12:51:28.000Z","BX-352925"
"0018g018FvIb2WrAIJ","Riocli Partners Co.","","(312) 555-0189","66429 Hutchinson Pl","North Robertberg","NH","03168","United States of America","Energy","1209","0058g0UDR8Iyz1bAOB","","2022-01-09T08:06:56.000Z","2023-02-23T00:45:24.000Z","BX-223303"
"0018g0Hy0buoAXPAC2","Dyburve Industries Ltd.","www.dybruve.example","","1341 Rowland Blvd","Reginaberg","ID","83440-1898","US","Banking","86","0058g0WErag4VkFAGU","","2019-12-29T01:10:49.000Z","2022-03-05T19:33:21.000Z","BX-131896"
"0018g0fIViwvldPAMQ","Drouskem International","http://drouskem.example","1-206-555-0184","97433 Davis Rd","Hickmanside","RI","02805","United States of America","Chemicals","48","0058g0GzOrXkmgqAKB","","2024-03-26T09:29:16.000Z","2025-01-24T04:36:38.000Z","BX-455747"
"0018g0MXmM5C3XZAW0","Zaevun Technologies Corp.","","1-512-555-0197","652 Miller Place Suite 977","Oconnellstad","WI","54312","United States of America","Government","5007","0058g0ZcmPcg7DcASI","","2020-02-14T21:45:01.000Z","2023-11-30T11:44:21.000Z","BX-804949"
"0018g03eQ8UQQIeAIP","Prioskix Svcs Corp.","","+1 720 555 0187","61971 Bright Place","Lake Shawnstad","WA","98783","United States of America","Education","","0058g0UDR8Iyz1bAOB","","2022-03-22T17:10:42.000Z","2025-01-14T00:10:00.000Z","BX-844041"
"0018g0k0qa8afpuAAA","Praizaend Robotics Co.","https://www.praizaend.example/about","+1 720 555 0132","9315 Morris Dr","Keithmouth","AR","72314","USA","Hospitality","32","0058g0WErag4VkFAGU","","2023-03-13T09:33:02.000Z","2025-03-05T17:52:50.000Z","BX-139581"
"0018g0OlYV2InUDA00","Vumi Partners Co.","www.vumi.example","1-503-555-0153","634 Tran Avenue Suite 400","Joshuafurt","CT","06157-7099","US","Media","13","0058g0ZcmPcg7DcASI","","2022-08-19T00:08:49.000Z","2023-02-22T18:57:18.000Z","BX-518395"
"0018g0mS7Xb59j7AUA","Claskaeth Manufacturing Inc.","https://claskaeth.example/","","78242 Gilbert Way","Erikabury","KS","66163-3933","United States of America","Government","142","0058g0GzOrXkmgqAKB","","2020-10-08T23:10:09.000Z","2023-05-04T23:23:03.000Z","BX-513175"
"0018g0fCYV7Co6RA2S","Vaisttais Solutions","","","73768 Allen Ave","North Sarah","VA","23738","US","Transportation","22","0058g0ZcmPcg7DcASI","","2023-04-15T01:03:44.000Z","2025-04-04T00:52:02.000Z","BX-175077"
"0018g0MrrYgW6IyASK","Tevour Systems Co.","https://www.tevour.example/about","305.555.0142","115 Willis Parkway","Wrighttown","VT","05430","USA","Utilities","28","0058g0ZcmPcg7DcASI","","2023-12-07T17:16:00.000Z","2024-08-12T21:03:05.000Z","BX-338516"
"0018g0EMUEUaLUyA4N","Sicourk International Co.","","206-555-0149","96899 Fritz St","South Vanessatown","CT","06278","US","Recreation","5002","0058g0tvAn0HYSqAIO","","2024-11-05T07:31:27.000Z","2025-01-26T22:27:38.000Z","BX-552612"
"0018g02IHpQTHeDAMX","Queprys Health Inc","http://queprys.example","813.555.0129","5508 Martinez Street","Thomasside","TX","77904","United States of America","Shipping","29","0058g0tvAn0HYSqAIO","","2021-11-01T14:18:23.000Z","2022-11-21T14:57:06.000Z","BX-690473"
"0018g0OKugeTMKrAGO","Haanain Labs Inc","","1-904-555-0192","15856 White Avenue","Port Melinda","WV","26785","United States of America","Electronics","33","0058g0UDR8Iyz1bAOB","","2025-03-08T09:57:10.000Z","2026-07-12T18:16:00.000Z","BX-703106"
"0018g07FfQu705hAUA","Laefurk Industries","https://www.laefurk.example","+1 512 555 0198","","Troyfurt","MA","01170","US","Recreation","33","0058g0GzOrXkmgqAKB","","2018-09-26T05:51:57.000Z","2020-06-10T18:44:15.000Z","BX-317658"
"0018g0Sewz1dVRFAC2","Brylond Industries Ltd.","https://brylond.example/","","740 Stephens Dr","New Ericmouth","HI","96884","United States of America","Healthcare","372","0058g0ZcmPcg7DcASI","","2017-01-08T05:01:07.000Z","2022-07-12T03:38:45.000Z","BX-192271"
"0018g0A90p5ZIESAC4","Molem Dynamics Corporation","","1-512-555-0150","58862 Lopez Place","Josephhaven","VT","05010","US","Agriculture","12","0058g0GzOrXkmgqAKB","","2019-05-06T22:13:58.000Z","2026-07-15T13:54:45.000Z","BX-762746"
"0018g0WIch3fm83AGA","Skofaex Industries Corporation","https://www.skofaex.example/about","972.555.0104","16187 Bolton Court","East Elizabethmouth","FL","33289","USA","Transportation","306","0058g0WErag4VkFAGU","","2024-06-26T18:29:34.000Z","2024-08-06T14:48:06.000Z","BX-250838"
"0018g0FxqHUHCpjASH","Predar Capital","predar.example","503-555-0167","363 Brown Drive","Haynesmouth","AL","36407","US","Healthcare","5000","0058g0tvAn0HYSqAIO","","2024-04-12T14:49:25.000Z","2026-03-06T22:31:50.000Z","BX-923236"
"0018g0HBvbwmUSSAG2","Claezim Holdings","https://claezim.example/","1-404-555-0190","621 Rogers Drive Suite 485","North Jamesshire","NY","14197","United States of America","Education","759","0058g0tvAn0HYSqAIO","","2022-03-08T23:32:46.000Z","2023-03-01T03:17:58.000Z","BX-850173"
"0018g0UeDcu2qxLAKQ","Jitril Materials Ltd.","https://www.jitril.example/about","+1 404 555 0161","1042 Peterson Rd","Tylerton","NC","27705","United States of America","Entertainment","308","0058g0GzOrXkmgqAKB","","2017-04-28T13:44:13.000Z","2020-02-21T16:54:08.000Z","BX-688557"
"0018g09Xjx9M2vHAES","Stuwend Analytics","https://www.stuwend.example","1-415-555-0123","6561 Johnston Road","Kurtfort","MO","63304","USA","Food & Beverage","159","0058g0tvAn0HYSqAIO","","2023-11-26T06:08:08.000Z","2025-09-15T08:38:58.000Z","BX-276944"
"0018g0MMfK54ZkFAWU","Nuquy Supply Inc.","https://www.nuquy.example","1-404-555-0185","837 Harmon Road","Harrisport","KS","67331-2746","USA","Agriculture","753","0058g0RfVEhB86UA0S","","2018-09-11T00:51:31.000Z","2025-11-17T17:27:30.000Z","BX-141068"
"0018g0mF6x3d6wpAEA","Stionaix Freight Corp.","www.stionaix.example","702.555.0168","79740 Simmons Road","Oneilltown","DC","20034","US","Manufacturing","10","0058g0ZcmPcg7DcASI","","2025-02-14T10:03:50.000Z","2026-06-14T06:45:52.000Z","BX-948290"
"0018g0Uomg0ah9XACQ","Kusai Mfg LLC","","(720) 555-0186","4489 Perez Street","South Amy","AL","35234","USA","Manufacturing","","0058g0tvAn0HYSqAIO","","2024-04-01T23:28:50.000Z","2025-04-19T06:46:29.000Z","BX-933139"
"0018g0XloOtAFiqASG","CLABUM SERVICES LTD.","https://clabum.example/","","216 Campos Road Suite 203","Haleyport","WY","82687","USA","Finance","","0058g0ZcmPcg7DcASI","","2020-12-04T23:24:59.000Z","2023-04-13T11:12:47.000Z","BX-187966"
"0018g07cOfSucYeAIJ","Lisath Outfitters","http://lisath.example","1-206-555-0193","9516 Lee Street","North Nicholasview","AZ","85769","USA","Engineering","153","0058g0WErag4VkFAGU","","2017-01-09T16:40:24.000Z","2026-03-22T07:42:27.000Z","BX-689732"
"0018g0KP5kdAhjiAGC","Kubrerk Inds Inc","https://kubrerkindustries.example/","","4301 Gomez Blvd","Port Jesus","OR","97577","US","Not For Profit","","0058g0UDR8Iyz1bAOB","","2017-09-28T01:30:33.000Z","2018-09-16T19:26:50.000Z","BX-842228"
"0018g0a3jxwCthFAAS","Caquix Logistics Co.","","(415) 555-0105","7233 Fowler Dr","Kristinport","KS","67446-6151","USA","Apparel","757","0058g0RfVEhB86UA0S","","2021-06-30T09:51:58.000Z","2023-10-18T14:17:11.000Z","BX-446617"
"0018g0xmOgEmQpHAIV","Voujae Dynamics Ltd.","WWW.VOUJAEDYNAMICS.EXAMPLE","206.555.0179","78346 Farmer Way","Martinberg","KS","67241","United States of America","Other","756","0058g0tvAn0HYSqAIO","","2023-12-17T21:34:06.000Z","2024-08-18T13:34:36.000Z","BX-267099"
"0018g00oYPBknuHAYR","Vobuar Solutions Corporation","WWW.VOUBAR.EXAMPLE","(206) 555-0176","39173 Lewis Way","Debrabury","NM","87168","United States of America","Telecommunications","","0058g0GzOrXkmgqAKB","","2021-11-20T01:49:58.000Z","2024-11-09T16:42:31.000Z","BX-484034"
"0018g0cEye4aBSFAE2","Zaibraeq Energy Inc","https://zaibraeq.example/","+1 904 555 0185","226 Bates Boulevard","Bensonview","WV","26342","US","Biotechnology","1201","0058g0RfVEhB86UA0S","","2020-01-30T02:45:27.000Z","2022-12-07T19:37:13.000Z","BX-427347"
"0018g0q6zckeCCBAA2","Taiskael Freight Ltd.","http://taiskael.example","(312) 555-0173","82999 James Drive","East Courtneyshire","IA","52559","USA","Other","5002","0058g0RfVEhB86UA0S","","2021-03-03T05:02:21.000Z","2021-05-14T20:13:48.000Z","BX-175276"
"0018g0DEnTF54SfAWJ","Defoul Logistics Group Corporation","","","119 Thompson Drive","Sandraburgh","NV","89528","United States of America","Chemicals","150","0058g0GzOrXkmgqAKB","","2021-02-01T12:09:18.000Z","2026-07-07T08:22:44.000Z","BX-245860"
"0018g0pR5I2QixKAUS","Laivaem Manufacturing","laivaem.example","+1 206 555 0116","3598 Foster Lane","Eduardoberg","NM","87963","United States of America","Transportation","19","0058g0ZcmPcg7DcASI","","2023-10-06T20:20:09.000Z","2024-09-23T09:40:16.000Z","BX-598457"
"0018g0Mi7qtvZUxACM","GRALIO MANUFACTURING INC.","","1-972-555-0104","6039 Fischer Parkway","North Katiechester","LA","70395","USA","Retail","13","0058g0GzOrXkmgqAKB","","2019-11-25T06:22:35.000Z","2020-06-23T15:12:21.000Z","BX-926910"
"0018g03GAwyF9IRAM0","Debru Industries Co.","https://www.debru.example","","9793 Ryan Lane","Clarkview","CO","80922-2955","USA","Consulting","307","0058g0RfVEhB86UA0S","","2018-12-29T13:33:45.000Z","2025-03-22T06:19:34.000Z","BX-851406"
"0018g0rhs8tSmvQAAS","Guvoq Manufacturing Inc","","904.555.0194","29809 Romero Avenue","Lake Thomasville","OK","73058","USA","Government","1201","0058g0ZcmPcg7DcASI","","2021-09-08T19:56:49.000Z","2026-07-09T00:19:54.000Z","BX-500656"
"0018g0LYk7CtStQAGV","Gaiclael Freight","https://gaiclael.example/","1-404-555-0139","06887 Dickerson Place","South Stephanie","IA","50156","United States of America","Retail","300","0058g0WErag4VkFAGU","","2023-10-07T10:39:01.000Z","2025-06-26T10:35:20.000Z","BX-159323"
"0018g0yB0H6CcONAU0","Haifler Services LLC","WWW.HAIFLER.EXAMPLE","1-212-555-0117","868 Moore Street","Lake Ronaldfort","MH","96961","United States of America","Food & Beverage","30","0058g0tvAn0HYSqAIO","","2021-01-06T08:29:11.000Z","2023-02-15T03:54:33.000Z","BX-909726"
"0018g03n9EbB6egAQC","Pioquio Supply Corp.","https://www.pioquio.example","1-206-555-0132","736 Rhodes Road","Jacobchester","NM","87306","US","Apparel","17","0058g0WErag4VkFAGU","","2020-02-02T23:57:03.000Z","2022-10-13T01:57:21.000Z","BX-912286"
"0018g0yheni22bXAAQ","gucoq health corporation","http://gucoq.example","1-813-555-0146","80599 White St","New Michaelmouth","VT","05065","US","Technology","","0058g0UDR8Iyz1bAOB","","2019-08-22T14:50:02.000Z","2020-01-04T02:15:25.000Z","BX-730587"
"0018g0U7aQdxxsRASQ","Pucous Health","","1-972-555-0143","3668 Rodriguez Ct","Youngburgh","ID","83705","United States of America","Technology","1204","0058g0ZcmPcg7DcASI","","2021-02-02T14:26:16.000Z","2023-06-04T02:18:38.000Z","BX-524649"
"0018g0bHshFnRUtAEN","Zyquu Robotics Corp.","","404.555.0163","3361 Kim Road","Cranehaven","MN","55649","United States of America","Telecommunications","5007","0058g0WErag4VkFAGU","","2018-06-13T10:45:18.000Z","2025-08-05T05:55:13.000Z","BX-224416"
"0018g0FtlihHEfhACG","Praikouth Analytics Group Corporation","","","","Port Shawnberg","SC","29139","US","Biotechnology","17","0058g0tvAn0HYSqAIO","","2018-01-06T08:50:03.000Z","2025-02-16T18:44:36.000Z","BX-692511"
"0018g0UFeoyBvIgAGK","Gyhund Energy","www.gyhund.example","","596 Ruiz Rd","Zacharyberg","MO","63350","US","Food & Beverage","80","0058g0UDR8Iyz1bAOB","","2020-12-02T13:16:09.000Z","2026-08-13T03:36:59.000Z","BX-966405"
"0018g0BGuXRLdrtAWD","Naibaith Sys Inc.","","415.555.0173","673 Turner Place","South Davidton","FM","96943","USA","Healthcare","40","0058g0RfVEhB86UA0S","","2023-08-19T12:46:31.000Z","2026-04-04T03:51:13.000Z","BX-237139"
"0018g0HesZFKv2fASD","Floufen Power Ltd.","https://www.floufen.example","617.555.0182","5273 Peterson Ct Ste 384","Port Jorgebury","PA","19448-2421","United States of America","Food & Beverage","903","0058g0tvAn0HYSqAIO","","2018-07-03T00:46:34.000Z","2019-06-17T11:31:10.000Z","BX-565859"
"0018g0qCNJ5KTwGA2W","Baevim Outfitters Corp.","https://www.baevim.example/about","904-555-0169","692 Patrick Pl","Port Jonathanland","ME","04075","United States of America","Not For Profit","9003","0058g0RfVEhB86UA0S","","2024-11-12T02:03:53.000Z","2026-04-08T17:10:17.000Z","BX-457231"
"0018g0eB274hlRoAEI","Luprax Partners Corporation","www.luprax.example","","185 Lynch Road","Port Sara","VT","05115","USA","Not For Profit","27","0058g0RfVEhB86UA0S","","2019-05-09T15:57:33.000Z","2022-08-28T16:06:41.000Z","BX-152387"
"0018g0gBwHnMcR8AUK","Brenail Supply Co.","WWW.BRENAIL.EXAMPLE","720-555-0128","1563 Sweeney Avenue Suite 505","East Maria","NJ","07109","US","Telecommunications","47","0058g0GzOrXkmgqAKB","","2017-08-26T13:00:15.000Z","2024-11-27T03:50:56.000Z","BX-726275"
"0018g0e5JApJummAYC","Briolyq Holdings Inc.","","206.555.0113","44915 Shelton Road","South Brandyhaven","NV","89155","USA","Machinery","14","0058g0WErag4VkFAGU","","2023-06-18T03:03:26.000Z","2025-03-27T00:46:41.000Z","BX-978835"
"0018g070miEyN6VAAV","Bragiol Health LLC","WWW.BRAGIOL.EXAMPLE","+1 206 555 0100","4807 Marshall Drive","Port Jamesbury","NJ","07748-3737","United States of America","Manufacturing","305","0058g0UDR8Iyz1bAOB","","2018-03-23T08:53:40.000Z","2023-08-24T13:39:25.000Z","BX-821919"
"0018g0xMpPNNekpAUD","Jaipil Labs Corp.","","(312) 555-0110","","East Donaldside","NC","27390","United States of America","Biotechnology","755","0058g0tvAn0HYSqAIO","","2023-07-19T11:01:40.000Z","2025-09-23T02:19:15.000Z","BX-348181"
"0018g05TrqObqxIAER","Cledraq Manufacturing Corporation","www.cledraq.example","702-555-0184","856 Perez Court Suite 864","South Christopher","NE","68005","USA","Engineering","86","0058g0ZcmPcg7DcASI","","2020-04-15T04:58:39.000Z","2023-01-18T09:24:31.000Z","BX-538703"
"0018g0n3VbphKstAIE","Ciostoux Services Inc","https://www.ciostoux.example","305-555-0100","4703 Reid Place","Gavinfurt","MD","20905","United States of America","Biotechnology","758","0058g0WErag4VkFAGU","","2023-06-29T11:58:05.000Z","2024-01-25T21:45:23.000Z","BX-768966"
"0018g0RRstCk3OVAGZ","Wepus Energy Inc.","www.wepus.example","","189 Barrett Way","Hinesburgh","TN","37426","US","Machinery","31","0058g0WErag4VkFAGU","","2019-09-26T05:01:49.000Z","2024-03-11T20:45:19.000Z","BX-159021"
"0018g0V1MDCd7dXA0R","Woikan Cap Inc","wiokan.example","1-503-555-0120","5861 Lara Parkway","East Allisontown","NC","27174","USA","Electronics","582","0058g0WErag4VkFAGU","","2022-11-24T19:51:41.000Z","2023-11-10T15:25:18.000Z","BX-709923"
"0018g0Zn2JILLOAAS5","Tijyn Holdings Inc.","https://www.tijyn.example/about","(720) 555-0122","8899 Gonzales Place","Tylerfurt","HI","96730","United States of America","Energy","89","0058g0RfVEhB86UA0S","","2018-08-23T12:27:16.000Z","2018-12-29T19:15:08.000Z","BX-518444"
"0018g03To7scM2VAEU","Stounul Supply Corp.","www.stounul.example","312.555.0188","280 Smith Boulevard","Lake Raymondstad","ID","83717","US","Entertainment","5003","0058g0tvAn0HYSqAIO","","2024-10-15T07:15:52.000Z","2025-07-27T23:56:28.000Z","BX-163137"
"0018g03hojmPYGYAA4","Jyval Analytics Co.","https://www.jyval.example","(972) 555-0147","7602 Peters Way","Stacyshire","WY","82648","USA","Shipping","759","0058g0UDR8Iyz1bAOB","","2020-01-14T00:17:16.000Z","2022-10-09T18:36:25.000Z","BX-333348"
"0018g0tsXswe6ZaAII","Cynyx International","","206-555-0162","631 Collins Drive","Port Vanessa","NJ","08537","US","Manufacturing","12","0058g0RfVEhB86UA0S","","2020-09-18T16:52:50.000Z","2022-12-11T13:50:28.000Z","BX-682025"
"0018g0ifugiX9BYAA0","Caimym Works Corporation","www.caimym.example","813.555.0131","2946 Moreno Drive","Rogermouth","NM","87033","US","Agriculture","5008","0058g0WErag4VkFAGU","","2021-11-30T07:41:41.000Z","2022-07-11T17:10:58.000Z","BX-536385"
"0018g0bWMqOPhcoAMD","Hicio Dynamics Inc.","https://hicio.example/","","393 Trevino Boulevard","Dayhaven","CO","80234","USA","Engineering","84","0058g0RfVEhB86UA0S","","2023-05-18T06:47:34.000Z","2025-05-20T05:19:25.000Z","BX-111505"
"0018g0DaLNWPFZSA05","Trekoth Capital Co.","https://trekoth.example/","1-503-555-0198","5758 Brandt Avenue Suite 663","Morrowhaven","KS","66752","USA","Shipping","26","0058g0RfVEhB86UA0S","","2020-05-12T21:06:11.000Z","2022-11-12T09:00:51.000Z","BX-328121"
"0018g0u73QDZNtkAQH","Trenioq Partners Ltd.","https://trenioq.example/","(904) 555-0134","067 Green Street Suite 877","East Loriville","MH","96961","USA","Environmental","87","0058g0ZcmPcg7DcASI","","2025-05-18T19:46:41.000Z","2026-06-19T12:09:16.000Z","BX-313413"
"0018g0jqmsjLVsBAAW","Kadryth Industries Corporation","www.kadryth.example","1-415-555-0109","42558 Ford Avenue","South Kristine","MN","55989","US","Biotechnology","40","0058g0UDR8Iyz1bAOB","","2023-09-07T06:02:33.000Z","2025-07-13T02:50:10.000Z","BX-417833"
"0018g0aigFleUxCAQU","CYVI INDS CORPORATION","https://www.cyvi.example/about","","4150 Green Way Ste 811","Dianaland","LA","70588","United States of America","Chemicals","","0058g0RfVEhB86UA0S","","2019-02-02T14:09:54.000Z","2019-05-20T07:25:17.000Z","BX-380068"
"0018g0aZs6B7fYsAEJ","Vaebrourk Manufacturing Inc","WWW.VAEBROURK.EXAMPLE","(813) 555-0178","44721 Flores Court","Phillipsport","MD","21116","US","Utilities","151","0058g0GzOrXkmgqAKB","","2020-05-06T07:30:30.000Z","2020-11-07T21:47:16.000Z","BX-784816"
"0018g0YappYnBeVACV","Gojam Systems Inc","https://gojam.example/","1-415-555-0153","3227 Hudson Road","Raymondfort","DE","19755","USA","Communications","12","0058g0ZcmPcg7DcASI","","2023-08-12T01:37:43.000Z","2026-05-31T20:44:23.000Z","BX-209462"
"0018g0CYVn0s38dAOA","Mytix Supply Inc","https://www.mytix.example/about","(312) 555-0154","3663 Johnson Rd","Washingtonland","CT","06224","US","Environmental","5000","0058g0GzOrXkmgqAKB","","2020-10-26T19:24:41.000Z","2024-02-23T16:50:49.000Z","BX-284834"
"0018g0j1Ubj9RObAIM","Trofland Holdings Corporation","trofland.example","","500 Gray Place","North Sherri","UT","84535","US","Utilities","5001","0058g0UDR8Iyz1bAOB","","2017-09-13T19:09:02.000Z","2022-10-25T22:14:56.000Z","BX-458240"
"0018g0nb6wcSw7nAAC","driosax hldgs corporation","driosax.example","","093 Watson Boulevard","Lake Elizabethshire","FM","96943","USA","Biotechnology","150","0058g0UDR8Iyz1bAOB","","2021-11-16T17:32:17.000Z","2025-06-23T13:57:30.000Z","BX-453876"
"0018g0lULUERTbVA2X","Wulis Solutions","","+1 305 555 0145","621 Owens Court Suite 546","West Ericaborough","CO","80806","United States of America","Shipping","156","0058g0UDR8Iyz1bAOB","","2024-12-13T00:04:27.000Z","2025-03-22T21:29:24.000Z","BX-774112"
"0018g0xJb5kc6csAEA","Pazoum Manufacturing Corporation","pazoum.example","1-312-555-0147","9497 Castaneda Place","West Timothy","ID","83856","United States of America","Chemicals","157","0058g0GzOrXkmgqAKB","","2023-04-19T15:57:59.000Z","2025-01-17T09:57:56.000Z","BX-843466"
"0018g0Zjwzb4ReGACU","Skaefliond Services Inc","https://skaefliond.example/","","488 Brown Avenue","Amberhaven","OK","73054","US","Apparel","31","0058g0RfVEhB86UA0S","","2019-12-19T08:40:00.000Z","2021-05-29T05:14:39.000Z","BX-596028"
"0018g0jaGrOfCpeAIF","Triojael International Inc","","(904) 555-0156","88754 Marquez Avenue","Banksland","WA","98405","United States of America","Biotechnology","5006","0058g0GzOrXkmgqAKB","","2024-12-02T18:20:28.000Z","2025-09-30T19:09:19.000Z","BX-433093"
"0018g0Ptx58PBx1ACG","Nobeve Holdings Corporation","WWW.NOBEVE.EXAMPLE","(212) 555-0138","76964 Henderson Court","Port Terryshire","ID","83726","US","Entertainment","41","0058g0tvAn0HYSqAIO","","2021-11-19T16:51:10.000Z","2021-11-29T22:26:56.000Z","BX-748959"
"0018g0tQWY0YqAHA20","Griomaim Services Corporation","WWW.GRIOMAIM.EXAMPLE","(212) 555-0137","8264 Heath Ct","Kellyport","SD","57227","US","Construction","44","0058g0RfVEhB86UA0S","","2022-06-14T13:38:51.000Z","2025-09-22T20:55:44.000Z","BX-167225"
"0018g0DndwR4468ACB","Vestoth Networks LLC","","(720) 555-0130","69152 Love Place","New Stephaniemouth","ID","83604","United States of America","Media","755","0058g0ZcmPcg7DcASI","","2017-11-23T10:48:40.000Z","2019-11-13T13:59:40.000Z","BX-577621"
"0018g0R3sYqcmIPASY","Naidel Labs","https://www.shop.naidel.example","720.555.0111","1650 Bates Street","Hallville","ID","83377","USA","Not For Profit","21","0058g0UDR8Iyz1bAOB","","2017-09-03T15:18:26.000Z","2019-04-19T13:45:52.000Z","BX-896745"
"0018g0YsHiUswr6AKB","Manoux Logistics Inc","www.manoux.example","305.555.0174","6430 Bautista Lane Suite 732","Lake Matthew","SD","57232-1432","United States of America","Technology","5003","0058g0WErag4VkFAGU","","2023-11-13T12:42:47.000Z","2024-11-20T12:15:50.000Z","BX-283438"
"0018g03Dq3MbRdjAEF","Zadur Foods Inc","www.zadur.example","(617) 555-0128","84715 Hill Dr","New Adamland","NM","87496","United States of America","Technology","11","0058g0RfVEhB86UA0S","","2018-11-26T23:58:44.000Z","2025-07-13T05:10:47.000Z","BX-768578"
"0018g0trvz2c6bwAAA","Diogair Technologies","https://diogair.example/","312-555-0106","99312 Huang Ln","Longberg","HI","96747","USA","Retail","302","0058g0UDR8Iyz1bAOB","","2022-03-11T20:26:36.000Z","2023-07-22T15:36:42.000Z","BX-763907"
"0018g0xgwo4UKRkAAO","Flabraen Systems Ltd.","WWW.FLABRAEN.EXAMPLE","+1 512 555 0128","97540 Gilbert Avenue","Joneschester","NV","89706","USA","Other","1204","0058g0GzOrXkmgqAKB","","2024-08-01T06:56:09.000Z","2025-10-22T05:23:16.000Z","BX-607697"
"0018g05LChcScZIAM0","Skotaeq Networks","WWW.SKOTAEQ.EXAMPLE","503-555-0153","3938 Martinez Place","Aimeeside","WV","25391","US","Media","8","0058g0RfVEhB86UA0S","","2022-12-03T14:08:51.000Z","2026-06-08T08:02:09.000Z","BX-652864"
"0018g03vCzfQU6oAIG","Skoumyve Logistics Inc","http://skoumyve.example","720-555-0184","64305 Clark Lane","East Emilyburgh","AK","99737","USA","Entertainment","88","0058g0GzOrXkmgqAKB","","2018-05-10T08:24:23.000Z","2024-05-14T19:36:55.000Z","BX-407789"
"0018g0XcuaO2oMiACJ","Skyhaith Freight","https://www.skyhaith.example/about","","67316 Fritz Parkway","North Rachelland","NE","68106","United States of America","Construction","84","0058g0ZcmPcg7DcASI","","2018-06-30T22:24:17.000Z","2018-09-10T03:52:35.000Z","BX-429890"
"0018g05DdaOlDsjAEF","Skaiflox Partners Inc.","WWW.SKAIFLOX.EXAMPLE","(212) 555-0114","34019 Thompson Court","East Robinfurt","MA","01820","US","Construction","157","0058g0ZcmPcg7DcASI","","2020-04-07T06:39:05.000Z","2025-09-22T22:03:44.000Z","BX-153906"
"0018g0x9HkoYbW9AIK","Ceskous Holdings Corporation","www.ceskous.example","+1 813 555 0174","7212 Lopez Way","Margaretport","KS","66860","US","Food & Beverage","5009","0058g0GzOrXkmgqAKB","","2019-01-05T15:19:52.000Z","2024-11-25T01:58:56.000Z","BX-808921"
"0018g0vS3ZEM9ApAUL","Sewo Logistics LLC","","+1 212 555 0186","458 Reyes Drive","Reedfort","IN","46520","United States of America","Communications","41","0058g0GzOrXkmgqAKB","","2020-10-07T20:24:33.000Z","2021-10-07T05:12:35.000Z","BX-381036"
"0018g03ebZ5yfnjAQA","Brejourk Materials LLC","https://www.brejourk.example","(404) 555-0197","5719 Miller Street","Lake Walter","IA","51947-9685","United States of America","Education","30","0058g0GzOrXkmgqAKB","","2018-05-01T00:55:13.000Z","2026-05-16T09:20:06.000Z","BX-715179"
"0018g0WldeJBMV7ACP","Zoufim Services Corp.","https://www.zoufim.example/about","","7415 Pittman Ln","Port Alexandratown","PA","17371","US","Machinery","68","0058g0RfVEhB86UA0S","","2020-06-26T06:34:56.000Z","2024-12-05T18:49:49.000Z","BX-596799"
"0018g0DGZdYLW2uAOH","Brouskos Labs LLC","","(702) 555-0119","606 Robinson Parkway","Lopezstad","WV","26482","USA","Consulting","18","0058g0RfVEhB86UA0S","","2021-11-13T01:26:09.000Z","2022-10-21T01:23:43.000Z","BX-782898"
"0018g05QcCVaWNfAUN","Skodrydn Analytics LLC","https://www.skodrynd.example","(972) 555-0187","9666 Hernandez Way","Nunezport","ND","58282","USA","Manufacturing","40","0058g0ZcmPcg7DcASI","","2021-11-19T04:21:59.000Z","2023-08-03T10:08:41.000Z","BX-672881"
"0018g0iGeHVWZ5JAUX","Jaitriove Energy LLC","http://jaitriove.example","512-555-0158","70511 Reynolds Drive","Zacharyton","WI","53481","USA","Engineering","750","0058g0GzOrXkmgqAKB","","2017-01-11T04:39:15.000Z","2024-12-08T07:15:55.000Z","BX-998201"
"0018g05J9jUILQPAE5","Riotith Industries Ltd.","WWW.RIOTITH.EXAMPLE","904-555-0196","57993 Flores Lane Suite 625","East Connie","MA","01872","US","Other","157","0058g0WErag4VkFAGU","","2018-03-20T21:53:15.000Z","2019-10-14T15:43:05.000Z","BX-794359"
"0018g0H6dPwjcOpASI","Caeprind Logistics","http://caeprind.example","415.555.0137","1393 Robertson Boulevard Suite 918","Dakotaborough","AK","99513","US","Government","7","0058g0UDR8Iyz1bAOB","","2019-11-07T08:50:16.000Z","2025-10-13T13:36:36.000Z","BX-144665"
"0018g07oj5QI2U8AAL","Boskol Systems","","1-512-555-0181","33867 Joseph Drive","Port Michaelstad","KS","66176","US","Agriculture","755","0058g0GzOrXkmgqAKB","","2022-06-13T13:06:35.000Z","2025-05-05T05:11:08.000Z","BX-941982"
"0018g0OvxW2NFNuASO","Taefil Materials Inc.","","720.555.0123","72483 Soto Drive","North Kimberlystad","MO","65661","United States of America","Electronics","1200","0058g0tvAn0HYSqAIO","","2022-05-25T03:43:01.000Z","2023-10-14T22:53:33.000Z","BX-181551"
"0018g03AYApwF16A2E","Vaewoul Robotics Corp.","https://www.vaewoul.example","1-512-555-0166","919 Barron Boulevard","Seanside","CA","90807-6990","USA","Agriculture","87","0058g0RfVEhB86UA0S","","2020-07-11T17:32:46.000Z","2025-09-12T01:01:49.000Z","BX-686843"
"0018g0cOBxB3zo5AMB","Pyzior Systems","https://www.pyzior.example","","0552 Anderson Pl Ste 166","Jennifertown","AZ","86138","United States of America","Manufacturing","1200","0058g0UDR8Iyz1bAOB","","2019-11-26T21:42:52.000Z","2023-02-28T08:00:17.000Z","BX-578935"
"0018g0VsD0N0f6eAKB","Mosix Works Corporation","","512.555.0143","9152 Lynch Avenue","East Blake","DE","19893-7298","USA","Manufacturing","84","0058g0WErag4VkFAGU","","2019-08-30T08:55:36.000Z","2020-05-11T23:51:08.000Z","BX-653842"
"0018g05G85MfR0fAEF","Waistair Works Co.","https://www.waistair.example","(904) 555-0117","0963 Avila Place","Lake Markstad","WI","53538","USA","Shipping","755","0058g0UDR8Iyz1bAOB","","2024-04-29T17:04:40.000Z","2024-10-06T07:29:04.000Z","BX-532052"
"0018g01JOfyTc5OAMS","Flubro Systems LLC","","","47404 Cook Pkwy Ste 910","New Jessicaport","CA","96028","United States of America","Telecommunications","","0058g0UDR8Iyz1bAOB","","2018-05-11T03:48:43.000Z","2023-10-26T19:24:57.000Z","BX-678865"
"0018g0EFe1ZBdrxAGD","Ciciove Solutions Co.","http://ciciove.example","(212) 555-0177","4076 Joseph Street","Jeffreymouth","WV","25285","USA","Recreation","5003","0058g0GzOrXkmgqAKB","","2023-11-15T05:36:22.000Z","2024-08-28T17:31:03.000Z","BX-576604"
"0018g0H5ONfu6MdA0I","Haitaex Works Inc.","","","65320 Sexton Drive","Jessicaburgh","PA","18411","US","Food & Beverage","5","0058g0WErag4VkFAGU","","2021-04-21T12:04:17.000Z","2023-04-01T15:49:17.000Z","BX-312663"
"0018g0S2U7KSIhWAKX","Pestyn Logistics LLC","https://www.pestyn.example/about","","433 Perez Parkway","Hinesville","TN","37605","US","Government","6","0058g0ZcmPcg7DcASI","","2017-07-04T01:40:00.000Z","2019-01-28T07:19:42.000Z","BX-839974"
"0018g0uFbQtDssSAUS","Graidyn Solutions Corp.","graidyn.example","(702) 555-0135","812 Ray Avenue","East Edwardport","DC","20037","US","Government","1205","0058g0RfVEhB86UA0S","","2025-04-25T15:59:55.000Z","2026-04-06T16:59:24.000Z","BX-618178"
"0018g0zOAyZmzXxAMJ","Flylem Partners Ltd.","https://www.flylem.example","720.555.0109","849 Trujillo Parkway","Marcville","OK","73152","USA","Manufacturing","43","0058g0tvAn0HYSqAIO","","2020-04-30T15:24:15.000Z","2022-04-12T01:42:46.000Z","BX-506139"
"0018g0xkH5UX4KmAIL","Saicys Labs LLC","https://saicys.example/","904-555-0179","999 Phillips Lane","Pamelaberg","HI","96778","US","Environmental","25","0058g0ZcmPcg7DcASI","","2024-03-20T04:30:25.000Z","2024-08-13T05:46:02.000Z","BX-384925"
"0018g0oBN26qClfAME","Ziowioq Holdings LLC","https://www.ziowioq.example/about","+1 415 555 0181","174 Lyons Road","South Bradley","LA","70100","US","Retail","8","0058g0GzOrXkmgqAKB","","2017-05-26T18:58:57.000Z","2023-12-10T08:04:08.000Z","BX-193165"
"0018g0OblQMz7z8ASB","Steclyl International Ltd.","https://www.steclyl.example","+1 813 555 0194","05101 Cole Way Ste 174","Porterside","IA","51161","USA","Healthcare","1207","0058g0WErag4VkFAGU","","2023-02-03T13:27:37.000Z","2023-04-20T05:37:09.000Z","BX-600219"
"0018g0ksbpPv5h0AAB","Pabrum Freight Corporation","pabrum.example","415-555-0104","7635 Mcclain Parkway","Gregoryside","FL","33283","US","Insurance","158","0058g0WErag4VkFAGU","","2025-06-05T03:52:39.000Z","2025-11-03T07:00:49.000Z","BX-503002"
"0018g0qrEUgP4wvAYC","Vaiclyth Analytics","https://www.vaiclyth.example","+1 415 555 0117","6797 Terry Place","Victoriaview","MT","59228","United States of America","Apparel","49","0058g0WErag4VkFAGU","","2018-05-29T01:03:38.000Z","2025-07-18T09:24:17.000Z","BX-254355"
"0018g0qlYFlsaRcAYI","Lula Labs Co.","https://www.lula.example","305-555-0102","3042 Spencer Street","Barrytown","NJ","08967","USA","Entertainment","753","0058g0UDR8Iyz1bAOB","","2022-02-18T11:38:09.000Z","2026-07-30T20:30:26.000Z","BX-804693"
"0018g01vOFFQJ88AYH","Hetoth Solutions Corp.","WWW.HETOTH.EXAMPLE","(305) 555-0158","341 Cohen Dr","Russellport","AL","35803","US","Communications","12","0058g0UDR8Iyz1bAOB","","2019-08-06T22:02:02.000Z","2025-03-07T23:43:38.000Z","BX-743066"
"0018g0xPqYjcfceAUA","Motel Analytics","https://app.motel.example/","(720) 555-0167","28169 Lopez Road","Port Clinton","AK","99523","USA","Healthcare","152","0058g0ZcmPcg7DcASI","","2023-12-20T20:10:59.000Z","2025-03-11T20:20:52.000Z","BX-566088"
"0018g01PJh0oWDJAM2","Floudren Works Corporation","http://floudren.example","+1 312 555 0120","20658 Gonzalez Road","Lyonsbury","WY","82743","USA","Entertainment","307","0058g0ZcmPcg7DcASI","","2022-01-29T01:09:00.000Z","2026-03-13T03:00:01.000Z","BX-747118"
"0018g0ULrsY0toyAGB","Quogouve Capital Corp.","WWW.QUOGOUVE.EXAMPLE","312.555.0147","77324 Miller Drive","Pamelachester","AR","71823","United States of America","Insurance","89","0058g0tvAn0HYSqAIO","","2022-08-18T03:59:32.000Z","2025-06-06T01:39:17.000Z","BX-299588"
"0018g044pl6QOXZAA4","Gaeros Partners Inc","WWW.GAEROSPARTNERS.EXAMPLE","(617) 555-0176","23727 Burton Place Suite 251","Harperbury","WA","98632-8222","US","Education","154","0058g0tvAn0HYSqAIO","","2021-06-09T16:42:24.000Z","2021-10-30T17:54:18.000Z","BX-491032"
"0018g00RD7XkyYYAMZ","Miground Works Corporation","https://miground.example/","(503) 555-0144","71244 Alexander Place","Lake Michael","VA","22478","US","Healthcare","17","0058g0RfVEhB86UA0S","","2024-04-05T17:11:36.000Z","2024-12-25T07:58:12.000Z","BX-122338"
"0018g05a6bzBoTUAA0","Traivos Logistics Inc","https://www.traivos.example/about","+1 813 555 0183","079 Solis Dr Ste 249","North Maria","CA","93942","US","Manufacturing","153","0058g0UDR8Iyz1bAOB","","2018-05-30T07:12:40.000Z","2018-08-22T07:06:34.000Z","BX-532513"
"0018g0i6CXJzYltAYF","Gujaex Systems Co.","www.gujaex.example","(312) 555-0110","812 Donovan Avenue","South Jacobhaven","IA","51065","United States of America","Consulting","85","0058g0UDR8Iyz1bAOB","","2022-07-08T05:14:50.000Z","2025-06-07T12:28:14.000Z","BX-633832"
"0018g0nAJa9nE1nAME","Drestourk Technologies","","1-512-555-0191","7890 Browning Ave","South Sarah","ID","83810","United States of America","Finance","26","0058g0ZcmPcg7DcASI","","2022-08-21T01:18:48.000Z","2024-04-17T06:58:16.000Z","BX-111257"
"0018g0e10bijf7zAAA","Laefurk Industries Ltd.","www.laefurk.example","1-512-555-0198","776 Sandoval Pl","Troyfurt","MA","01170","USA","Apparel","33","0058g0tvAn0HYSqAIO","","2019-01-23T07:57:10.000Z","2022-12-06T23:40:16.000Z","BX-956586"
"0018g0nr37eLC02AAG","Traeraim Labs Ltd.","WWW.TRAERAIM.EXAMPLE","(512) 555-0116","028 Jones Place Suite 128","Henryport","HI","96887","USA","Banking","1207","0058g0RfVEhB86UA0S","","2024-12-11T09:13:04.000Z","2025-09-18T03:31:43.000Z","BX-243641"
"0018g03zi3f8IGxAAM","Stourgael Food Co Inc.","","","91056 Moore Avenue Suite 791","Anthonyview","AL","35764","United States of America","Energy","1207","0058g0RfVEhB86UA0S","","2018-05-11T16:08:28.000Z","2026-01-22T10:14:10.000Z","BX-735860"
"0018g0HyBHnQhDwA0K","Flaeskior Outfitters Inc.","WWW.FLAESKIOR.EXAMPLE","","9710 Anderson Parkway Suite 836","Webbview","OH","44847","United States of America","Insurance","153","0058g0GzOrXkmgqAKB","","2019-01-06T17:28:52.000Z","2024-06-13T12:30:38.000Z","BX-911836"
"0018g0ysYXDCx4cAYD","Kehork Materials Corporation","WWW.KEHORK.EXAMPLE","702-555-0156","819 Baker Pl","New Jacob","NJ","08725","US","Food & Beverage","756","0058g0UDR8Iyz1bAOB","","2024-05-29T10:43:39.000Z","2025-06-22T04:53:56.000Z","BX-804143"
"0018g0C3WH3RCGcA0O","Qufom Robotic Inc.","","702.555.0111","6371 Baker Place","East Joseph","MT","59053","United States of America","Entertainment","47","0058g0GzOrXkmgqAKB","","2018-11-19T17:46:10.000Z","2025-02-25T20:01:18.000Z","BX-773002"
"0018g0APiUE4JIuAWN","Hojave Labs LLC","https://hojave.example/","+1 720 555 0158","187 Sanchez Street Suite 579","Lake Jeffreyfurt","KS","67926","USA","Construction","16","0058g0WErag4VkFAGU","","2023-08-19T03:23:01.000Z","2026-02-17T13:47:24.000Z","BX-399794"
"0018g0dCRWBc1mpA2B","Mystound Systems LLC","www.mystoundsystems.example","720.555.0159","083 Lewis Drive","Archerborough","WY","82487","US","Media","47","0058g0ZcmPcg7DcASI","","2020-01-02T08:03:19.000Z","2023-08-04T18:14:01.000Z","BX-417363"
"0018g0SPJYLRZ8CA4X","Capruve Health Co.","https://capruve.example/","+1 702 555 0183","018 Giles Parkway","South Donna","OK","73094","United States of America","Healthcare","1200","0058g0WErag4VkFAGU","","2021-03-05T22:47:36.000Z","2024-07-31T02:54:33.000Z","BX-817244"
"0018g0CG64A2VVsAGN","Hebraes Capital","www.hebraes.example","(503) 555-0157","21807 Tyler Pkwy","Fieldsstad","NM","87010","US","Other","158","0058g0tvAn0HYSqAIO","","2019-02-03T14:23:42.000Z","2021-06-06T05:49:09.000Z","BX-394496"
"0018g0t8Z2crGBhAIM","PATRVE OUTFITTERS CO.","patrove.example","813.555.0116","","Munozville","PA","17288-9240","United States of America","Entertainment","","0058g0tvAn0HYSqAIO","","2022-05-12T17:15:50.000Z","2024-03-28T12:56:11.000Z","BX-946770"
"0018g0c5Oj9SHVRAI4","Zehaq Networks Corporation","","(904) 555-0175","929 Day Avenue","Port Tonyshire","IN","47153","United States of America","Electronics","5001","0058g0tvAn0HYSqAIO","","2020-02-07T10:59:33.000Z","2022-06-09T06:01:53.000Z","BX-698835"
"0018g03eU0HE2RKAI1","Himeve Outfitters Co.","https://www.himeve.example","+1 212 555 0174","5117 Curtis Avenue","Lake Veronica","ND","58418-4780","United States of America","Government","5008","0058g0UDR8Iyz1bAOB","","2024-07-13T09:16:26.000Z","2025-08-05T06:29:14.000Z","BX-607890"
"0018g0766tevtzSAAQ","Fuwion Manufacturing Ltd.","http://fuwion.example","+1 720 555 0190","011 Guzman Road","West Patricia","WV","24942","USA","Manufacturing","750","0058g0tvAn0HYSqAIO","","2018-10-12T15:02:10.000Z","2019-08-20T23:48:47.000Z","BX-383672"
"0018g0kcI7I3YvsAIF","ciogir industries co.","","","3014 Medina Ave","Lake Rachel","UT","84511","US","Not For Profit","15","0058g0GzOrXkmgqAKB","","2023-01-14T16:43:19.000Z","2023-07-30T10:40:22.000Z","BX-989432"
"0018g0G1O1ltl1yAKA","Praikouth Analytics Corporation","https://www.praikouth.example","(702) 555-0175","3492 Ramos Parkway","Port Shawnberg","SC","29242","US","Biotechnology","31","0058g0tvAn0HYSqAIO","","2020-07-25T17:30:36.000Z","2023-03-10T23:41:25.000Z","BX-364588"
"0018g08XzeX24IEAEZ","Huclynd Supply Inc.","huclynd.example","+1 415 555 0168","0392 Taylor Road","North Shirleystad","NY","14892","United States of America","Hospitality","83","0058g0GzOrXkmgqAKB","","2017-09-29T21:41:11.000Z","2020-04-26T21:33:41.000Z","BX-489407"
"0018g0ILEA0YuxoA4C","Staijiond Capital Co.","www.staijiond.example","312.555.0167","750 Watson Street","Hodgeville","MI","49041","US","Manufacturing","154","0058g0tvAn0HYSqAIO","","2022-02-22T19:35:33.000Z","2024-05-12T15:45:44.000Z","BX-329159"
"0018g0hQ4UBVwyDAUT","Drytraiq Systems Corp.","www.drytraiq.example","(415) 555-0119","0275 Lee Drive","Mikaylaport","SD","57283","USA","Consulting","84","0058g0UDR8Iyz1bAOB","","2017-07-04T23:02:20.000Z","2023-07-25T11:52:34.000Z","BX-342250"
"0018g0H5ScIvOPBAK3","Vaefoth Robotics Corp.","https://vaefoth.example/","","03010 Mercado Road Suite 248","Darrenmouth","TN","38296","USA","Retail","301","0058g0WErag4VkFAGU","","2018-02-16T07:22:00.000Z","2022-10-11T16:47:15.000Z","BX-707718"
"0018g0mnN7S2rShAIJ","Caetyve Systems Corporation","caetyve.example","","04234 Robinson Pl","South James","MA","01761","USA","Apparel","6","0058g0ZcmPcg7DcASI","","2018-02-01T13:53:39.000Z","2019-03-04T13:38:00.000Z","BX-890127"
"0018g0D9IahbG7HAKU","Munae Robotics Ltd.","munae.example","512.555.0191","27691 Jackson Place","New John","MO","64637","USA","Energy","85","0058g0ZcmPcg7DcASI","","2023-04-05T16:25:47.000Z","2023-08-07T01:32:33.000Z","BX-784464"
"0018g0F8OovlexDAKQ","Stiostam Analytics Co.","http://stiostam.example","+1 617 555 0159","8887 Collier Lane","Port Scott","DC","20006","USA","Media","337","0058g0tvAn0HYSqAIO","","2022-11-03T07:02:59.000Z","2023-05-30T18:48:22.000Z","BX-287062"
"0018g0i5GHMgThrAYF","Mauix Freight Ltd.","maquix.example","1-720-555-0108","81831 Davis Ave","Clarkton","CA","91846","US","Government","5001","0058g0WErag4VkFAGU","","2022-03-06T20:57:36.000Z","2024-07-26T06:52:40.000Z","BX-569315"
"0018g0uliQ2CTZMAQ4","Moflen Dynamics Co.","https://app.moflendynamics.example/","+1 512 555 0190","727 Pearson Ct","Kellyshire","NC","28731-5186","United States of America","Construction","753","0058g0ZcmPcg7DcASI","","2021-07-30T00:32:16.000Z","2023-01-15T10:32:53.000Z","BX-267241"
"0018g06OKzhJ3jqAMC","Codym Systems Ltd.","codym.example","972.555.0117","528 Williams Lane Suite 469","Lopezbury","NC","28708","US","Food & Beverage","82","0058g0tvAn0HYSqAIO","","2019-12-11T21:50:48.000Z","2020-07-11T11:53:40.000Z","BX-469477"
"0018g0pWX4YsAuBAMV","Flaewan Dynamics Corp.","http://flaewan.example","","641 Murray Avenue","Thompsonchester","MO","65401","USA","Recreation","32","0058g0GzOrXkmgqAKB","","2017-09-20T04:35:11.000Z","2025-07-19T02:19:53.000Z","BX-892434"
"0018g0GxqcB98SpACJ","Graigais Logistics Inc","http://graigais.example","512-555-0136","314 Barrera Way","East Kristine","MO","63370","United States of America","Transportation","757","0058g0ZcmPcg7DcASI","","2025-02-16T14:06:02.000Z","2026-02-09T01:27:47.000Z","BX-990796"
"0018g0VUiputqb5AGA","Taenioq Analytics LLC","https://taenioq.example/","1-404-555-0160","240 Raymond Way","North Jeffreytown","AZ","86311","USA","Transportation","758","0058g0UDR8Iyz1bAOB","","2017-09-28T16:55:49.000Z","2024-06-23T01:24:32.000Z","BX-283347"
"0018g03PNT23g5rA2A","Jusiox Industries Ltd.","https://www.jusiox.example","503-555-0193","9707 Green Place","Shawntown","NV","89523","USA","Chemicals","306","0058g0RfVEhB86UA0S","","2017-05-30T04:45:08.000Z","2018-05-10T16:03:15.000Z","BX-872168"
"0018g0ZTgiDCBYWAG5","Kycloux International Ltd.","https://www.kycloux.example","","2690 Campbell Boulevard Suite 652","Tylershire","WV","25826-6091","United States of America","Engineering","302","0058g0UDR8Iyz1bAOB","","2022-05-26T23:33:25.000Z","2024-06-07T22:26:20.000Z","BX-782885"
"0018g0tvJmbbTAIAI2","Trutrios Dynamics Inc","http://trutrios.example","813.555.0193","2143 Irwin Ln","Port Evelynberg","VA","22967","United States of America","Apparel","13","0058g0WErag4VkFAGU","","2021-02-22T21:44:39.000Z","2021-06-10T18:21:59.000Z","BX-793204"
"0018g0bTc22Ccs2AEC","Jitrourk International","jitrourk.example","","214 Salas Place","Byrdside","IA","52587","United States of America","Agriculture","303","0058g0RfVEhB86UA0S","","2021-05-10T21:39:29.000Z","2023-08-25T00:33:30.000Z","BX-200846"
"0018g0pxovQeokHAAR","Zegreq Foods Co.","https://www.zegreq.example","","0526 Zamora Place Suite 138","Port Jodi","GA","30304","US","Communications","5000","0058g0ZcmPcg7DcASI","","2020-02-26T11:36:02.000Z","2026-07-18T11:22:31.000Z","BX-526094"
"0018g0XQ7YsEpmzAWC","Brufliond Foods Corp.","www.brufliond.example","904-555-0140","3642 Mcdonald Court","Powellland","TN","37121","USA","Electronics","5002","0058g0GzOrXkmgqAKB","","2025-02-11T03:03:36.000Z","2026-04-22T10:13:24.000Z","BX-278301"
"0018g0CQ0sFVw0VAGT","darraix sys ltd.","https://draraix.example/","1-904-555-0181","0995 Davis Dr","Port Kimland","MO","64154","United States of America","Banking","44","0058g0WErag4VkFAGU","","2024-10-03T16:35:52.000Z","2026-05-05T08:00:59.000Z","BX-845227"
"0018g0iPNSYtVzoA2F","Traegox Dynamics","","415-555-0188","953 Brown Road","Juarezmouth","SC","29177","US","Utilities","1209","0058g0GzOrXkmgqAKB","","2018-02-27T19:36:15.000Z","2019-06-28T23:49:56.000Z","BX-114576"
"0018g0XFg3NHrzNAGT","Tryskais Holdings Inc","www.us.tryskais.example","","026 Liu Ct","Millsberg","ND","58173","US","Government","156","0058g0tvAn0HYSqAIO","","2022-11-13T08:27:15.000Z","2026-05-24T23:42:38.000Z","BX-332471"
"0018g068aKZLOWYAQ5","Braern Solutions Ltd.","","972-555-0142","5402 Hill Ave","Bryanhaven","ND","58395","US","Agriculture","87","0058g0tvAn0HYSqAIO","","2017-10-27T17:24:23.000Z","2021-01-05T14:43:59.000Z","BX-366891"
"0018g0AuIZEl0djA0B","Bohal Industries Ltd.","WWW.BOHAL.EXAMPLE","(512) 555-0184","831 Watkins Parkway","West Rachelhaven","NC","28857","United States of America","Education","89","0058g0UDR8Iyz1bAOB","","2018-02-22T16:18:49.000Z","2023-06-01T07:28:39.000Z","BX-607319"
"0018g0vdQ248Op5AIE","Mulil Networks Ltd.","http://mulil.example","+1 904 555 0139","979 Buchanan Place","Masonmouth","MS","38976","USA","Machinery","34","0058g0ZcmPcg7DcASI","","2019-09-26T01:09:20.000Z","2021-10-15T15:45:32.000Z","BX-801336"
"0018g00Knx7cMZrAEM","Toubirk Works Inc","http://toubirk.example","617.555.0185","619 Garcia Lane","South Samanthamouth","IA","50916","US","Government","80","0058g0tvAn0HYSqAIO","","2018-07-12T18:20:29.000Z","2019-03-15T03:08:41.000Z","BX-539210"
"0018g0sOlAey5YBAUY","Jioclem Solutions Corp.","https://www.jioclem.example/about","(972) 555-0128","0207 Hall Place","Frostshire","AZ","85571","United States of America","Recreation","302","0058g0RfVEhB86UA0S","","2021-07-15T17:45:06.000Z","2021-08-26T16:31:55.000Z","BX-660348"
"0018g0923aTjUFmAAN","Praigyth Holdings Inc.","www.praigyth.example","(720) 555-0181","81418 Walton St","North Michael","WI","53009","USA","Consulting","29","0058g0GzOrXkmgqAKB","","2022-05-30T23:46:48.000Z","2024-10-13T18:43:59.000Z","BX-923710"
"0018g06BkG3JuyTAUS","Sogyn Cap Corporation","https://www.skogyn.example/about","404-555-0119","4929 Williams Avenue","Jonesville","OK","73151","USA","Entertainment","30","0058g0UDR8Iyz1bAOB","","2019-09-26T21:25:48.000Z","2021-06-29T03:20:34.000Z","BX-990868"
"0018g0eXEUW7jKdA2J","Draflios Logistics Inc","WWW.DRAFLIOS.EXAMPLE","305.555.0186","4490 Hurley Ln","West Ana","MN","55033","USA","Transportation","48","0058g0WErag4VkFAGU","","2019-05-25T16:42:36.000Z","2019-12-04T07:30:47.000Z","BX-865960"
"0018g0F74KuaMMMAS2","Stiodox Robotics Co.","https://www.us.stiodox.example","206-555-0114","","East Kylemouth","ID","83444","United States of America","Engineering","307","0058g0WErag4VkFAGU","","2023-10-30T19:33:18.000Z","2023-11-05T21:19:18.000Z","BX-833681"
"0018g0QmsnsA3DOAC0","Skygain Logistics Ltd.","http://skygain.example","+1 212 555 0110","92266 Parker Way","New Christina","NH","03588","US","Hospitality","89","0058g0WErag4VkFAGU","","2022-12-22T09:04:58.000Z","2024-09-06T02:01:28.000Z","BX-550293"
"0018g0M27x0lQd2ACE","Jagis Laboratories Inc","","","063 Mueller Pkwy","Huntmouth","AR","71686","US","Utilities","","0058g0UDR8Iyz1bAOB","","2025-05-02T03:59:40.000Z","2026-05-04T06:28:44.000Z","BX-662436"
"0018g0pbL1KuV0mAIF","Festul Capital Ltd.","www.festul.example","1-702-555-0122","63071 Lester Lane","Lake Michellebury","PW","96940","United States of America","Engineering","86","0058g0ZcmPcg7DcASI","","2018-11-17T15:51:51.000Z","2024-02-10T13:28:32.000Z","BX-386399"
"0018g0VvGkmDnsuAKC","Kefaive Capital Co.","https://kefaive.example/","415.555.0144","41390 Smith Rd Ste 133","Lake Gabriela","NJ","07555","United States of America","Media","300","0058g0GzOrXkmgqAKB","","2017-11-13T12:46:43.000Z","2022-04-24T23:55:27.000Z","BX-631119"
"0018g0nvquFcumUAAR","Haitras Manufacturing Corporation","http://shop.haitras.example","","16343 David Way","West Jamestown","AL","36298","United States of America","Utilities","","0058g0ZcmPcg7DcASI","","2023-09-17T02:58:43.000Z","2024-11-24T17:23:45.000Z","BX-424305"
"0018g0GGmAY6cZDAWZ","Clyskath Industries Co.","https://clyskath.example/","+1 972 555 0170","5196 Reynolds Street","Parkerland","IN","47285","USA","Biotechnology","13","0058g0RfVEhB86UA0S","","2019-07-03T19:33:06.000Z","2021-07-01T13:31:27.000Z","BX-119445"
"0018g0A3P4lZXUsAKO","Kaejith Robotics Inc.","","","41991 Davidson Road","Kelseyport","VT","05008","United States of America","Education","1209","0058g0UDR8Iyz1bAOB","","2023-07-29T14:29:51.000Z","2023-10-05T15:46:03.000Z","BX-924545"
"0018g0Z7h2TGjfKACT","Ceflaive Energy Inc","http://ceflaive.example","813-555-0194","58918 Russell Court","Lake Sarah","MA","02771","USA","Construction","1201","0058g0ZcmPcg7DcASI","","2021-12-30T23:23:10.000Z","2025-10-28T19:24:15.000Z","BX-988522"
"0018g0AoTNCIAJyA0P","Siobork Dynamics Inc.","siobork.example","(312) 555-0104","738 Thornton Parkway","Campbellstad","MO","63307","USA","Biotechnology","21","0058g0UDR8Iyz1bAOB","","2023-07-27T14:44:17.000Z","2024-09-28T08:18:01.000Z","BX-578712"
"0018g0id2H9CwcmAQC","Fluclaeth International LLC","WWW.FLUCLAETH.EXAMPLE","1-512-555-0133","1160 Wood Court","New Ericshire","GA","31145-3136","United States of America","Recreation","18","0058g0UDR8Iyz1bAOB","","2022-12-02T21:05:48.000Z","2023-05-14T08:35:51.000Z","BX-492382"
"0018g0zebO1NSf3AQG","Fliocaix Holdings Inc.","fliocaix.example","972.555.0174","75189 Patel Rd Ste 217","West Alexanderborough","IL","61172","USA","Finance","158","0058g0WErag4VkFAGU","","2019-08-14T23:05:08.000Z","2020-02-24T08:24:08.000Z","BX-373844"
"0018g0j67qJFhLIAA1","Ludove Capital Inc","","404.555.0127","7940 Baker Place","Brittneyberg","MD","21296","US","Chemicals","27","0058g0WErag4VkFAGU","","2023-07-18T09:12:42.000Z","2026-01-09T04:00:43.000Z","BX-877687"
"0018g0Ep9wLCKNNAC5","Bruviond Freightways Inc.","www.bruviond.example","404-555-0171","5339 Burgess Blvd","Curtisberg","MN","55077-4996","USA","Communications","89","0058g0UDR8Iyz1bAOB","","2019-01-30T20:01:58.000Z","2026-07-06T14:49:30.000Z","BX-679096"
"0018g0bWWiLXJi1AMH","Draira International Inc","","","","Connerberg","HI","96729","USA","Construction","1158","0058g0GzOrXkmgqAKB","","2020-05-15T20:28:04.000Z","2023-09-28T18:50:48.000Z","BX-988669"
"0018g0BezWYknRWASZ","Jinuve Dynamics","https://jinuve.example/","","005 Scott Parkway","New Sharon","NV","89764","US","Environmental","41","0058g0UDR8Iyz1bAOB","","2020-07-05T23:08:48.000Z","2024-11-09T12:08:48.000Z","BX-474458"
"0018g0Vhb0ZruDXACZ","Souraes Health Ltd.","souraes.example","212-555-0189","287 Gray Way","Coleport","VT","05479","US","Banking","5003","0058g0WErag4VkFAGU","","2023-07-13T07:55:35.000Z","2025-08-11T13:27:32.000Z","BX-455456"
"0018g0OpxE3xuMnASI","Noumiove Analytics LLC","WWW.NOUMIOVE.EXAMPLE","305-555-0133","3329 Gibson Lane","Port Wayne","AR","72598","USA","Retail","151","0058g0WErag4VkFAGU","","2021-07-08T05:01:02.000Z","2023-11-24T13:16:11.000Z","BX-772306"
"0018g0O8j6fdOmRACU","Wenair Holdings Corp.","https://www.wenair.example","1-702-555-0116","29203 Eaton Drive","Kellytown","MN","56523","United States of America","Other","757","0058g0UDR8Iyz1bAOB","","2018-06-20T10:43:29.000Z","2022-08-09T15:50:50.000Z","BX-569628"
"0018g0w14YI3SjuAQF","Jekairk Health LLC","jekairk.example","1-813-555-0181","71663 Smith Parkway","Alexandraville","MN","55051","US","Manufacturing","34","0058g0UDR8Iyz1bAOB","","2017-06-09T02:18:35.000Z","2024-12-10T16:45:00.000Z","BX-940589"
"0018g0FKpBdBfb0AWC","Tyfair Supply Inc.","www.tyfair.example","+1 813 555 0134","184 Cabrera Lane","Montgomeryview","SD","57606","US","Technology","5","0058g0GzOrXkmgqAKB","","2022-06-17T08:51:55.000Z","2026-01-10T13:55:57.000Z","BX-526686"
"0018g00Puqf4MHIAE2","Savork Capital Inc.","https://www.savork.example","","838 Weber Way","Reidside","MS","38858","United States of America","Communications","153","0058g0GzOrXkmgqAKB","","2017-01-22T12:53:26.000Z","2017-02-04T10:22:09.000Z","BX-637694"
"0018g0GNq2tie47AGA","Clequark Logistics Corporation","","305.555.0149","68863 Sanders Place","Latoyamouth","NJ","08012","US","Recreation","33","0058g0GzOrXkmgqAKB","","2021-09-20T04:43:10.000Z","2023-09-11T09:41:36.000Z","BX-582549"
"0018g0A6H8pYwA7AKK","Declyx Manufacturing Ltd.","https://www.declyx.example/about","1-312-555-0192","251 Moore Court","Daniellestad","MA","01176","USA","Banking","45","0058g0RfVEhB86UA0S","","2017-07-22T23:24:12.000Z","2020-12-31T12:15:47.000Z","BX-778074"
"0018g0zbTTvq65UAYQ","Lbrum Cap Ltd.","","972.555.0124","4032 Smith Boulevard","Judyport","AK","99513","US","Transportation","","0058g0UDR8Iyz1bAOB","","2024-04-08T21:02:25.000Z","2024-06-16T02:24:47.000Z","BX-113027"
"0018g08KYWGay02A2B","Trionyth Dynamics Ltd.","https://trionyth.example/","","628 Taylor Ct","West Melanieborough","MH","96967","US","Construction","86","0058g0UDR8Iyz1bAOB","","2025-02-11T06:18:12.000Z","2025-04-12T18:26:22.000Z","BX-378783"
"0018g0lpomcoAScAAM","Migound Solutions Ltd.","http://migound.example","(206) 555-0132","57887 Dawson Avenue","Christopherchester","MA","02093","United States of America","Telecommunications","750","0058g0WErag4VkFAGU","","2018-08-25T15:57:46.000Z","2025-02-11T14:30:45.000Z","BX-774831"
"0018g0MpJeYMInoAKH","Waerar Logistics Corp.","WWW.WAERAR.EXAMPLE","+1 904 555 0159","045 Preston Drive","Port Peter","SD","57153","USA","Telecommunications","83","0058g0tvAn0HYSqAIO","","2021-09-02T04:33:47.000Z","2023-04-22T04:04:34.000Z","BX-807149"
"0018g00Jn3GjGkYAEV","Prypround Energy Corp.","https://prypround.example/","","3190 Gilbert Parkway","Hinesmouth","OH","44769","United States of America","Retail","1206","0058g0UDR8Iyz1bAOB","","2022-09-17T12:17:47.000Z","2025-05-13T02:52:33.000Z","BX-939019"
"0018g0WOpR9plCRAWY","Zadur Food Co Inc","","617-555-0119","7365 Mendez Place","New Adamland","NM","87663","US","Telecommunications","11","0058g0GzOrXkmgqAKB","","2021-01-08T12:49:49.000Z","2024-02-23T12:51:06.000Z","BX-265646"
"0018g0biUuzq2hhAIA","Quiofloux Manufacturing","quiofloux.example","1-206-555-0149","77738 Robinson Ln","Port Traci","GA","31602","United States of America","Entertainment","81","0058g0ZcmPcg7DcASI","","2020-10-08T03:09:46.000Z","2024-07-16T15:00:21.000Z","BX-697247"
"0018g0XuVzKOWPYAK5","Couquend Labs Inc.","https://www.couquend.example","702.555.0158","5926 Velez Avenue","Mcculloughfurt","UT","84172-3543","United States of America","Banking","47","0058g0tvAn0HYSqAIO","","2022-11-24T19:07:41.000Z","2025-05-10T14:06:26.000Z","BX-243350"
"0018g0kXI6Tv8L6AMJ","Brozous Dynamics Ltd.","WWW.BROZOUS.EXAMPLE","212.555.0130","26241 Perez Avenue","Riceshire","NV","89666","US","Media","1209","0058g0RfVEhB86UA0S","","2024-01-04T03:52:47.000Z","2025-03-08T06:25:18.000Z","BX-754358"
"0018g0xcBkHRwLTAI1","Laigrir Dyn Inc","","1-212-555-0187","","Kaylaton","NM","87162","United States of America","Insurance","47","0058g0RfVEhB86UA0S","","2017-02-01T12:05:31.000Z","2023-09-12T20:44:55.000Z","BX-232354"
"0018g0TjAq3TZ1mAKG","SKYCLA DYNAMICS LLC","","503.555.0110","","Port Megan","AZ","85933-7654","United States of America","Shipping","","0058g0GzOrXkmgqAKB","","2023-07-06T23:57:37.000Z","2024-04-15T07:29:21.000Z","BX-732145"
"0018g0QCwCYx9nIAWR","Hafyth Technologies Co.","https://www.hafyth.example/about","","6362 Myers Street Suite 293","Thomasview","UT","84519","United States of America","Hospitality","309","0058g0UDR8Iyz1bAOB","","2020-06-05T17:00:03.000Z","2021-02-10T19:11:23.000Z","BX-172979"
"0018g0VbgsVwzpbACB","Kydork Dynamics Inc.","https://www.kydork.example","(512) 555-0136","8710 Hill Rd","Stewartstad","MN","56430","USA","Consulting","750","0058g0RfVEhB86UA0S","","2019-05-05T08:23:40.000Z","2024-01-12T22:09:56.000Z","BX-523942"
"0018g0RMGhh3iQPAOY","Dequym Systems Corp.","dequym.example","813.555.0114","80936 Murphy Blvd","New Jenniferview","ME","04207","US","Chemicals","303","0058g0WErag4VkFAGU","","2017-04-07T16:48:51.000Z","2024-12-31T12:04:04.000Z","BX-930076"
"0018g0rdrTMrAJUAQ3","Flohous Logistics Ltd.","www.flohous.example","312-555-0137","3540 Davis Pkwy Ste 549","North Heather","OH","45620","US","Apparel","80","0058g0WErag4VkFAGU","","2021-02-26T18:05:49.000Z","2025-07-13T03:22:31.000Z","BX-314955"
"0018g0ZTQG7wfCSA4Y","Bripourk Industries Ltd.","http://bripourk.example","(617) 555-0184","4588 Hale Road","Jenningston","SD","57080","US","Recreation","1201","0058g0WErag4VkFAGU","","2021-02-01T06:09:57.000Z","2023-04-29T20:00:47.000Z","BX-784462"
"0018g0vLtTCifUIAUZ","Viotiond Manufacturing LLC","","813-555-0157","977 Cooper Drive","Port Yvonnechester","IA","52134","USA","Recreation","43","0058g0WErag4VkFAGU","","2024-03-24T03:37:07.000Z","2025-06-08T20:26:20.000Z","BX-292012"
"0018g0xYWhVlfQcAMJ","Trouflan Capital Inc","http://trouflan.example","1-404-555-0146","8713 Smith Avenue","East Nicholas","WY","82095","United States of America","Shipping","5001","0058g0WErag4VkFAGU","","2017-03-02T15:12:54.000Z","2024-11-26T22:58:27.000Z","BX-866450"
"0018g0O2BFjJdMUA00","Juhin Services Corporation","WWW.JUHIN.EXAMPLE","972.555.0193","77347 Flores Way","Barnettstad","HI","96880","US","Banking","30","0058g0RfVEhB86UA0S","","2017-01-26T05:10:53.000Z","2022-10-23T08:05:16.000Z","BX-888627"
"0018g0qOF0hhT7PAMU","Quaedraaeve Works Co.","http://quaedraeve.example","404-555-0176","6655 Morrison Avenue","Curtisberg","MS","39507","USA","Hospitality","301","0058g0WErag4VkFAGU","","2021-03-31T14:12:37.000Z","2022-01-11T17:10:09.000Z","BX-391772"
"0018g0fc94OT9dBAAT","SKANAITH ANALYTICS CO.","www.go.skanaith.example","904-555-0112","161 Ward Court","Lanceberg","PW","96940","United States of America","Environmental","14","0058g0tvAn0HYSqAIO","","2017-08-17T12:04:58.000Z","2020-03-28T01:55:21.000Z","BX-340613"
"0018g0rdFa6aGiLAIU","Wotraer Manufacturing Corporation","https://www.wotraer.example","813.555.0136","4478 Bennett Boulevard","South Reginaldchester","RI","02805","United States of America","Consulting","1209","0058g0tvAn0HYSqAIO","","2023-03-05T17:38:29.000Z","2023-05-10T13:39:40.000Z","BX-274880"
"0018g0m85b89LDKAA2","Tredin Freight Corporation","WWW.TREDIN.EXAMPLE","+1 617 555 0170","1953 Ellison Boulevard","East Heather","RI","02899","USA","Shipping","15","0058g0GzOrXkmgqAKB","","2018-11-15T13:04:58.000Z","2021-09-19T18:43:14.000Z","BX-106966"
"0018g0eHscnjL6NAEU","Pahyve Outfitters Ltd.","http://pahyve.example","+1 813 555 0160","554 Porter Parkway","New Nathan","NE","68031-3839","US","Biotechnology","303","0058g0ZcmPcg7DcASI","","2022-04-17T00:40:53.000Z","2025-04-14T07:51:52.000Z","BX-490269"
"0018g0MMvkjngjOAGQ","Dudo Analytics LLC","WWW.DUDO.EXAMPLE","1-404-555-0199","00986 Wolfe Avenue","South Jamesberg","FL","32368","United States of America","Insurance","25","0058g0WErag4VkFAGU","","2020-05-24T13:05:10.000Z","2025-03-31T14:03:14.000Z","BX-499654"
"0018g0tkcZLhiIiAQJ","Painave Capital Ltd.","www.painave.example","","84047 Villa Road Suite 816","Paulville","VA","24216","US","Technology","87","0058g0GzOrXkmgqAKB","","2023-03-19T03:56:49.000Z","2026-01-28T09:33:02.000Z","BX-314683"
"0018g0g5yCRne1sAQB","Bequuael Services Inc","https://bequael.example/","512.555.0120","0630 Nichols Place","East Gregory","MI","48209","USA","Manufacturing","30","0058g0tvAn0HYSqAIO","","2021-10-14T19:52:54.000Z","2025-04-26T00:23:23.000Z","BX-961285"
"0018g0FEOravJFoAOM","Zegrol Robotics Inc","zegrol.example","503-555-0198","13616 Perez Avenue","Rodriguezside","SD","57036","USA","Energy","44","0058g0ZcmPcg7DcASI","","2024-11-20T22:17:25.000Z","2026-01-14T05:07:50.000Z","BX-469944"
"0018g0qcCixZs6KAIS","Drogry Materials LLC","WWW.DROGRY.EXAMPLE","1-702-555-0138","22825 Boyle Boulevard","Howellmouth","NJ","08798","United States of America","Energy","82","0058g0GzOrXkmgqAKB","","2022-11-24T01:26:31.000Z","2022-12-26T09:26:37.000Z","BX-863116"
"0018g001FDkp9cOAYQ","Gopral Supply Ltd.","https://www.gopral.example","702-555-0181","96876 Burch Parkway","Caldwelltown","ND","58217","US","Banking","756","0058g0ZcmPcg7DcASI","","2018-03-09T16:24:50.000Z","2023-04-09T04:54:24.000Z","BX-859632"
"0018g06stnCVJkxAAH","Quacaer International Ltd.","quacaer.example","+1 617 555 0134","5573 Short Lane","Michaelmouth","TN","37120-9604","United States of America","Education","159","0058g0tvAn0HYSqAIO","","2022-04-08T14:32:10.000Z","2024-04-03T23:28:00.000Z","BX-896522"
"0018g0RYSTuZ7CaA4K","Gonel Supply Ltd.","http://gonel.example","813.555.0165","582 Armstrong Way","Samuelfurt","ID","83407","US","Recreation","5000","0058g0ZcmPcg7DcASI","","2019-09-22T16:00:58.000Z","2020-12-24T04:58:21.000Z","BX-788078"
"0018g09Zv9i5elKAEQ","Wigae Logistics Corp.","","1-813-555-0107","940 Booker Boulevard","North Patriciaberg","MI","49418","US","Not For Profit","","0058g0GzOrXkmgqAKB","","2022-07-08T00:48:11.000Z","2024-01-29T22:23:44.000Z","BX-431441"
"0018g0k7WEXXW35AYH","Taezai Outfitters","www.taezai.example","720.555.0144","1060 Brooks Place Suite 581","North Austinhaven","OH","45332-6305","USA","Recreation","1208","0058g0GzOrXkmgqAKB","","2021-01-15T20:56:07.000Z","2022-06-30T18:55:18.000Z","BX-299420"
"0018g0D6tb8H0zhACC","Zibaes Dynamics Corporation","https://www.zibaes.example/about","720-555-0175","3362 Davis Place","Larryview","HI","96752","US","Apparel","757","0058g0UDR8Iyz1bAOB","","2025-06-02T10:41:06.000Z","2026-06-15T23:51:14.000Z","BX-237099"
"0018g0g7tx8TumlAAC","Wiolyq Manufacturing Ltd.","www.wiolyq.example","+1 512 555 0105","841 Nichols Way Suite 662","Susanside","NE","68103","United States of America","Energy","11","0058g0RfVEhB86UA0S","","2018-06-09T05:21:39.000Z","2020-11-06T16:56:31.000Z","BX-649436"
"0018g0j84Qs7hOyAQI","Westo Outfitters Inc","http://westo.example","404.555.0139","965 Price Road","North Teresaland","AZ","85306","USA","Engineering","","0058g0GzOrXkmgqAKB","","2019-12-01T06:18:13.000Z","2023-03-03T14:47:41.000Z","BX-295609"
"0018g0lGQ1Fg8MNAMZ","Tresu Robotics Corp.","www.tresu.example","(212) 555-0176","572 Estrada Street","West Linda","AR","72555","US","Shipping","159","0058g0GzOrXkmgqAKB","","2024-12-03T07:51:19.000Z","2026-01-12T10:38:16.000Z","BX-725561"
"0018g0l1hT1aQiOAQU","Votyr Manufacturing Co.","www.votyr.example","+1 312 555 0118","8952 Jenkins Road Suite 146","Nunezbury","OR","97908","USA","Machinery","151","0058g0UDR8Iyz1bAOB","","2019-01-13T15:13:13.000Z","2024-12-26T22:43:53.000Z","BX-895666"
"0018g0nFgeLCBKaAEP","Jiohux Supply Co.","","(904) 555-0131","7050 Foster Street","Hernandezton","NC","28221","US","Technology","45","0058g0UDR8Iyz1bAOB","","2021-11-01T12:23:32.000Z","2024-05-06T07:08:04.000Z","BX-727830"
"0018g0mRsasr8F9AEI","Skoskiom Holdings","https://www.skoskiom.example","(972) 555-0148","466 Sandoval Boulevard","North Angelaburgh","IN","46448","US","Engineering","159","0058g0GzOrXkmgqAKB","","2024-07-24T22:58:55.000Z","2025-09-12T14:47:28.000Z","BX-686742"
"0018g0PJdP3aAeyAWE","Haibrioth Technologies LLC","haibrioth.example","1-617-555-0107","3916 Ferrell Dr","Port Katherineshire","OK","73077","US","Recreation","18","0058g0GzOrXkmgqAKB","","2018-01-06T00:54:55.000Z","2018-09-12T02:07:21.000Z","BX-544478"
"0018g0AC3uels4MAGQ","TRESU MATERIALS INC","http://tresumaterials.example","(206) 555-0177","091 Lopez Rd","West Linda","AR","72555","USA","Chemicals","339","0058g0ZcmPcg7DcASI","","2022-09-07T08:52:18.000Z","2023-10-26T01:30:48.000Z","BX-457413"
"0018g0Us8sL9dReACJ","Geflur Supply Co Ltd.","WWW.GEFLUR.EXAMPLE","(312) 555-0152","5079 Knapp Place","Elizabethmouth","PW","96940","United States of America","Consulting","","0058g0GzOrXkmgqAKB","","2024-06-21T06:39:06.000Z","2025-02-08T14:44:47.000Z","BX-669900"
"0018g0RboO7y4R1ASI","Suhaind Dynamics Corp.","https://www.suhaind.example","(305) 555-0127","927 Nguyen Parkway","Brendabury","ND","58573","USA","Energy","302","0058g0tvAn0HYSqAIO","","2025-01-10T08:24:56.000Z","2026-07-13T17:13:28.000Z","BX-830585"
"0018g0TLVdfl56lAOA","Dybruve Industries","www.dybruve.example","(404) 555-0151","00533 Kirby Court","Reginaberg","ID","83532","United States of America","Environmental","86","0058g0UDR8Iyz1bAOB","","2024-08-04T12:35:12.000Z","2026-08-25T22:17:37.000Z","BX-147360"
"0018g0nLf8htluuAEA","Gaefland International Corporation","gaefland.example","617-555-0113","3462 Taylor Lane","Tracyfort","OH","45445","US","Food & Beverage","30","0058g0GzOrXkmgqAKB","","2021-01-24T06:59:53.000Z","2026-03-02T02:04:50.000Z","BX-325806"
"0018g0tj01T1ERVAA3","Quaepir Sol LLC","WWW.QUAEPIR.EXAMPLE","1-702-555-0104","3381 Martin Parkway","New Miranda","VT","05203","USA","Shipping","12","0058g0ZcmPcg7DcASI","","2022-10-13T09:55:31.000Z","2023-04-18T07:58:23.000Z","BX-529413"
"0018g04SkINNBSyAUP","Lytour Manufacturing Co.","https://www.lytour.example/about","(720) 555-0148","2971 Cook Place","South Jessicaton","DC","20007","US","Biotechnology","46","0058g0tvAn0HYSqAIO","","2020-04-11T01:44:27.000Z","2025-11-18T01:47:12.000Z","BX-618779"
"0018g0RdoHWx97pASB","Lunaeq Foods Co.","https://www.lunaeq.example/about","","00003 Glover Lane","Michaelstad","WI","54889-9465","USA","Telecommunications","","0058g0RfVEhB86UA0S","","2019-01-13T22:10:38.000Z","2022-02-04T08:15:43.000Z","BX-233662"
"0018g0gcg0TRs6kAAD","Quustur Services LLC","","","959 Santos Lane Suite 894","South Amandaton","FL","32705","US","Technology","150","0058g0UDR8Iyz1bAOB","","2021-03-04T07:47:28.000Z","2025-07-16T05:10:29.000Z","BX-682956"
"0018g0yaOncKjwJAIS","Zioquyx Analytics Inc.","zioquyx.example","1-720-555-0179","82608 Schultz Pl","West Keith","VT","05468","US","Consulting","150","0058g0RfVEhB86UA0S","","2018-01-26T07:32:31.000Z","2021-02-12T20:40:32.000Z","BX-262881"
"0018g0Eml8wdif7ACA","Rysuq Networks Co.","https://www.rysuq.example/about","617.555.0155","610 Freeman Blvd","Holtchester","RI","02865","USA","Retail","158","0058g0tvAn0HYSqAIO","","2018-06-20T22:47:01.000Z","2024-10-29T01:22:52.000Z","BX-313282"
"0018g03nlNzcVt8AQE","Braeprark Foods LLC","WWW.BRAEPRARK.EXAMPLE","(503) 555-0104","580 Parrish Ct","West James","NV","89800-6254","US","Shipping","81","0058g0ZcmPcg7DcASI","","2018-11-12T15:13:09.000Z","2025-12-06T09:03:01.000Z","BX-760076"
"0018g0eWCN14mXVA2Y","Quistus Solutions Corp.","https://www.quistus.example/about","1-212-555-0152","428 Foster Pl","Sherriland","AL","36129","USA","Utilities","46","0058g0WErag4VkFAGU","","2023-03-22T03:31:34.000Z","2025-12-17T09:46:39.000Z","BX-996374"
"0018g0lSUqApXYPAM3","Clyskind Robotics Inc","https://www.clyskind.example","+1 720 555 0126","572 Lindsey Boulevard","Ericfurt","PA","17998","United States of America","Utilities","42","0058g0UDR8Iyz1bAOB","","2022-06-11T05:51:18.000Z","2025-11-25T01:04:01.000Z","BX-778644"
"0018g0PL3Lwsk5nAWA","Flafo Energy Inc","flafo.example","702-555-0181","207 Valdez Boulevard Suite 615","West Josemouth","CA","95082","US","Education","752","0058g0GzOrXkmgqAKB","","2018-07-24T11:59:01.000Z","2026-05-19T09:16:52.000Z","BX-483150"
"0018g0XQnUVGtFFAW1","Nostiox Holdings Corp.","","503.555.0134","1853 Vance Court","Danieltown","AR","72481","US","Other","1204","0058g0GzOrXkmgqAKB","","2022-04-19T07:49:10.000Z","2023-11-19T23:19:20.000Z","BX-379287"
"0018g0gWksngAdKAEU","Souprioth Intl Co.","https://www.souprioth.example","","41914 Torres Street","Michaelmouth","PW","96940","United States of America","Transportation","5005","0058g0WErag4VkFAGU","","2018-06-19T12:14:34.000Z","2024-12-18T17:11:19.000Z","BX-407609"
"0018g0eVn8VEnQ3AEL","Grystaem Freight LLC","WWW.GRYSTAEM.EXAMPLE","305-555-0140","70977 Walls Road","South Jenniferburgh","CA","92437","US","Government","81","0058g0tvAn0HYSqAIO","","2022-01-05T02:11:39.000Z","2024-11-15T07:01:34.000Z","BX-979151"
"0018g0vDVVWRcYgA2L","Kiozairk Freight Corp.","WWW.KIOZAIRK.EXAMPLE","312-555-0173","725 Anderson Way","West Edwardside","PA","19580","US","Transportation","751","0058g0tvAn0HYSqAIO","","2019-02-14T04:09:35.000Z","2024-02-13T15:38:09.000Z","BX-190061"
"0018g0DeD0MZuIfAKL","Styziiox Materials Inc.","","","77951 Parker Parkway","Millermouth","IA","50599","USA","Education","1201","0058g0ZcmPcg7DcASI","","2021-11-27T20:27:30.000Z","2024-12-03T12:36:17.000Z","BX-429809"
"0018g0zvhne5h0wAAA","Sabaeq Svcs Inc","https://www.sabaeq.example","617.555.0141","710 Jones Place","North Vanessa","PW","96940","USA","Education","5001","0058g0GzOrXkmgqAKB","","2024-07-28T07:20:20.000Z","2025-12-04T08:41:46.000Z","BX-508387"
"0018g0G1XthuxEEAKY","Graedrux Health Co.","www.graedrux.example","720-555-0158","79786 Johnson Dr Ste 613","Cherylborough","HI","96731","US","Education","13","0058g0WErag4VkFAGU","","2024-09-08T04:12:09.000Z","2026-07-27T12:19:15.000Z","BX-637520"
"0018g0epf1nZ1eqAAC","Niogriol Supply Corp.","niogriol.example","+1 404 555 0156","78471 Williams Pl","Patricktown","DE","19777","USA","Food & Beverage","5007","0058g0GzOrXkmgqAKB","","2021-07-07T01:50:52.000Z","2024-12-24T01:20:15.000Z","BX-775054"
"0018g0oA9oOQxIDAE1","Gijaeve Partners LLC","https://www.gijaeve.example/about","+1 720 555 0197","97373 Clay Ln Ste 510","Deannachester","NH","03059","USA","Electronics","","0058g0GzOrXkmgqAKB","","2018-10-23T11:11:47.000Z","2021-10-21T02:36:02.000Z","BX-103754"
"0018g0fVNUHIz4BA2T","Stucluq Services Co.","https://www.stucluq.example","720.555.0101","642 Moore Court","Martinfort","IA","52175","United States of America","Government","753","0058g0GzOrXkmgqAKB","","2024-10-18T19:15:06.000Z","2025-08-26T05:40:26.000Z","BX-438033"
"0018g0G7Z8IR5n2AKD","Rairin Foods Corporation","","+1 305 555 0180","96020 Armstrong Place","East Steven","AL","35091","US","Machinery","20","0058g0ZcmPcg7DcASI","","2019-11-19T16:53:39.000Z","2023-07-04T07:57:24.000Z","BX-626671"
"0018g0WdZWeeH5JA0U","Trioprel Robotics Corp.","www.trioprel.example","503-555-0127","2793 Williams Way","New Teresa","PA","19342","USA","Retail","40","0058g0GzOrXkmgqAKB","","2024-09-07T06:54:19.000Z","2025-04-16T03:39:06.000Z","BX-535400"
"0018g0B8MjT757iAKB","Paerin International Ltd.","http://paerin.example","","75179 Nguyen Avenue","West Ricky","MO","63844","USA","Retail","13","0058g0ZcmPcg7DcASI","","2023-10-13T11:45:08.000Z","2024-07-29T19:55:49.000Z","BX-670535"
"0018g0OHzrwm6z0AGA","Haiquun Energy Corporation","","1-702-555-0126","","North Karen","WA","99314","United States of America","Shipping","46","0058g0ZcmPcg7DcASI","","2020-02-09T10:08:09.000Z","2022-09-12T16:13:13.000Z","BX-984469"
"0018g0KrYbX4bAiAKJ","WAZAENND OUTFITTER CORP.","www.wazaend.example","305-555-0113","14813 Young Street","West Scott","TN","38237-4039","United States of America","Engineering","758","0058g0WErag4VkFAGU","","2021-02-08T19:15:15.000Z","2021-12-20T13:18:46.000Z","BX-354027"
"0018g0tHm6dAox7AEC","Rawam Networks LLC","https://www.rawam.example/about","","231 Fields Parkway Suite 579","Connertown","AK","99694","USA","Telecommunications","151","0058g0RfVEhB86UA0S","","2017-06-20T20:32:19.000Z","2019-11-08T22:59:34.000Z","BX-946078"
"0018g0EGTbt5YxlAOE","Loproux Foods Corp.","http://loproux.example","+1 813 555 0154","1376 Gonzalez Drive","Lake James","IL","62835","United States of America","Manufacturing","300","0058g0RfVEhB86UA0S","","2019-07-31T16:09:48.000Z","2023-09-14T21:15:38.000Z","BX-587455"
"0018g0JrkZkHCasASG","Stefiro Logistics Co.","www.shop.stefior.example","","08879 Santiago Lane","Cantrellmouth","OH","45070","United States of America","Recreation","9","0058g0GzOrXkmgqAKB","","2018-10-16T21:18:43.000Z","2022-01-28T20:40:06.000Z","BX-560827"
"0018g09E6qPvc0eAEB","Grupind Analytics Co.","grupind.example","(404) 555-0189","0091 Miller Street","Zimmermanmouth","OH","44571","United States of America","Other","49","0058g0tvAn0HYSqAIO","","2018-02-01T17:37:20.000Z","2022-05-25T20:52:22.000Z","BX-486504"
"0018g0JKdmdfDvpAGE","Skyflaex Solutions Ltd.","","206-555-0137","43612 West Dr","Lake Tanya","KY","41793","United States of America","Apparel","159","0058g0GzOrXkmgqAKB","","2023-10-12T07:12:17.000Z","2024-05-09T16:55:55.000Z","BX-798286"
"0018g0jUrXj4DacAUE","Simend Capital Corp.","https://www.simend.example","+1 415 555 0182","2429 Turner Way","Port Timothy","OR","97765","United States of America","Communications","1207","0058g0GzOrXkmgqAKB","","2023-09-23T19:19:04.000Z","2025-02-12T01:50:23.000Z","BX-878560"
"0018g0aLsUglgy5AUA","Noumyx Partners LLC","","972-555-0168","20591 Hess Way","Sandersfort","RI","02872-5764","US","Agriculture","38","0058g0ZcmPcg7DcASI","","2021-01-19T12:06:11.000Z","2023-12-07T14:48:27.000Z","BX-254324"
"0018g0fptupgIXwAAM","Claiipom Holdings","shop.claipiom.example","206-555-0107","49487 Atkins Court","Carpenterchester","MO","63301","USA","Entertainment","152","0058g0tvAn0HYSqAIO","","2019-06-23T00:07:32.000Z","2022-10-18T04:39:05.000Z","BX-697499"
"0018g0L3DeKAtOiAKL","Kubra Outfitters Corp.","kubra.example","","73684 Christensen Parkway","Lake Julie","OR","97569","United States of America","Entertainment","5009","0058g0ZcmPcg7DcASI","","2022-08-30T03:06:19.000Z","2024-11-30T01:43:11.000Z","BX-166868"
"0018g0FwSymLQPqAKO","Jiocouve Solutions Ltd.","https://www.jiocouve.example/about","1-305-555-0191","171 Jackson Place","Larryfort","FL","33942","USA","Hospitality","159","0058g0RfVEhB86UA0S","","2018-08-09T04:44:25.000Z","2021-10-08T21:46:53.000Z","BX-493472"
"0018g0HXp8aHllIAGS","Trouflan Cap Ltd.","","404.555.0146","8713 Smith Avenue","East Nicholas","WY","82095","US","Shipping","5001","0058g0WErag4VkFAGU","","2022-10-07T19:03:27.000Z","2025-10-12T17:39:32.000Z","BX-302947"
"0018g0J2MQpIzCxA0K","Claqual Hldgs Corp.","","","134 Joseph Court","Jaredshire","WA","98992","US","Utilities","150","0058g0tvAn0HYSqAIO","","2018-03-18T17:27:03.000Z","2023-11-22T17:26:58.000Z","BX-760313"
"0018g0lQqvJKjQnAEL","Quyjer Capital Inc","","(617) 555-0103","22948 Camacho Road","Mcintoshland","FM","96942","US","Banking","25","0058g0ZcmPcg7DcASI","","2018-03-20T23:59:09.000Z","2024-04-03T11:06:37.000Z","BX-936095"
"0018g0XsmFlJq79ASC","Claehaim Systems Ltd.","www.claehaim.example","","488 Zhang Lane","Robertbury","GA","30359","US","Healthcare","155","0058g0WErag4VkFAGU","","2021-06-30T16:06:30.000Z","2025-09-23T04:49:29.000Z","BX-382682"
"0018g0naC99kQTFAI2","Flyquax Freight Inc","","+1 206 555 0185","02288 Brown Lane Suite 686","Anthonyberg","FM","96941","USA","Insurance","13","0058g0GzOrXkmgqAKB","","2025-05-13T12:56:37.000Z","2025-05-27T11:19:15.000Z","BX-614516"
"0018g07CB9VUkHqAML","Naedraq Foods Inc","https://naedraq.example/","813.555.0180","29434 Love Lane","Meghanland","ME","04072","USA","Finance","89","0058g0WErag4VkFAGU","","2024-05-13T06:03:30.000Z","2026-06-22T21:35:03.000Z","BX-443931"
"0018g0nX3FbeG1SAUU","Hawar Health Inc","https://hawar.example/","(617) 555-0157","316 Duffy Street","Williamstad","SC","29150","United States of America","Energy","29","0058g0UDR8Iyz1bAOB","","2017-03-12T06:31:48.000Z","2025-06-30T04:49:09.000Z","BX-102990"
"0018g0zNZHF6RgBA2V","Nimork Energy Corp.","nimork.example","(503) 555-0165","6328 Kelley Ave","Lake Bryan","DC","20022","US","Education","31","0058g0UDR8Iyz1bAOB","","2021-05-27T15:29:33.000Z","2025-12-22T20:00:33.000Z","BX-428156"
"0018g0ALeL7Adc5AWC","Reham Capital Inc.","WWW.REHAM.EXAMPLE","512-555-0187","44098 Jones Place","Stephensonshire","NV","89800","USA","Agriculture","755","0058g0UDR8Iyz1bAOB","","2020-04-22T03:39:31.000Z","2022-12-03T06:05:02.000Z","BX-921703"
"0018g0U5FMRVvCfA0L","Flaiflaith Dyn Corp.","","813.555.0127","250 Johnson Pl","Lake Danielle","NC","28324","USA","Construction","5003","0058g0UDR8Iyz1bAOB","","2017-08-21T08:21:54.000Z","2018-05-08T12:45:07.000Z","BX-249491"
"0018g0nGixYo8R8AEJ","Clesun Dynamics Corp.","https://www.clesun.example/about","720-555-0199","5018 Farrell Boulevard","Port Jennifer","OH","43342","US","Construction","1206","0058g0RfVEhB86UA0S","","2024-12-24T17:11:50.000Z","2025-04-01T09:12:32.000Z","BX-580031"
"0018g0pLSUbnO4lA2E","Prytiom Robotics","","+1 212 555 0112","2255 Oliver Parkway Suite 832","Underwoodberg","FM","96943","United States of America","Healthcare","17","0058g0ZcmPcg7DcASI","","2019-08-11T14:49:02.000Z","2023-10-09T14:03:56.000Z","BX-805448"
"0018g0UHMpSixIfAOJ","Haeclaem Energy Ltd.","WWW.HAECLAEM.EXAMPLE","1-305-555-0117","6044 Flores Way","Lake Elizabeth","NJ","08330-8351","USA","Retail","","0058g0UDR8Iyz1bAOB","","2023-07-30T09:03:36.000Z","2025-02-23T00:13:07.000Z","BX-343580"
"0018g0NdAPU1R37A0F","Wecoux Solutions Ltd.","https://www.wecoux.example/about","1-512-555-0122","6281 Thomas Road Suite 782","Angelaberg","SD","57304","United States of America","Manufacturing","150","0058g0ZcmPcg7DcASI","","2023-12-29T12:36:35.000Z","2026-05-26T09:01:02.000Z","BX-486280"
