org,Id,entity_id,role,families
org_a,0015A0lNoosD25qQEC,E00000,primary,web_missing
org_a,0015A0rjlWjmAttQQE,E00001,primary,web_missing|zip_plus4
org_a,0015A0huDGEeADWQY3,E00002,primary,
org_a,0015A0aXI3byzTTQMY,E00003,primary,addr_abbrev
org_a,0015A0KPH3APWIfQOP,E00004,primary,
org_a,0015A0N9he1sG1IQCU,E00006,primary,
org_a,0015A0nhleUET1mQAH,E00008,primary,
org_a,0015A0x7XptatgiQIA,E00009,primary,addr_abbrev
org_a,0015A0y4qTcQHQbQQO,E00011,primary,phone_missing
org_a,0015A0G5JqEJgw8QKD,E00014,primary,
org_a,0015A077U4ULaPZQI1,E00016,primary,
org_a,0015A0LYHOswStuQ4E,E00017,primary,web_missing
org_a,0015A0pEK9zR3Q7QMK,E00019,primary,
org_a,0015A0qspAtzuVlQQI,E00021,primary,
org_a,0015A05h6SbyEY6QQM,E00026,primary,zip_plus4
org_a,0015A0zFDvWWpAbQML,E00027,primary,addr_abbrev
org_a,0015A0hl2AT5jN7QQJ,E00029,primary,
org_a,0015A0iQuduMO1AQEW,E00032,primary,
org_a,0015A08wubRDhFQQA1,E00033,primary,
org_a,0015A0lF3Q7x6AkQUI,E00034,primary,addr_abbrev
org_a,0015A0VfGkHnrNkQKJ,E00036,primary,
org_a,0015A00fmik7wBsQAI,E00037,primary,addr_abbrev
org_a,0015A001yOiy4m9QQA,E00038,primary,
org_a,0015A0HXZA2rHlfQ4E,E00039,primary,
org_a,0015A0vr2tJFi0VQAT,E00040,intra_dup,addr_abbrev
org_a,0015A0aN8fe1DVtQEM,E00040,primary,addr_abbrev
org_a,0015A0VFhSruZ5hQWE,E00042,primary,
org_a,0015A0wSrnqsICyQEM,E00043,primary,
org_a,0015A0p90vAhmLDQAZ,E00044,primary,zip_plus4
org_a,0015A0JOqmTiNQUQG3,E00047,primary,addr_abbrev
org_a,0015A0nEQtIdnHuQMJ,E00051,primary,
org_a,0015A0TYqzw3Bv2QGE,E00052,primary,
org_a,0015A0nY5wEARFjQEP,E00053,intra_dup,addr_abbrev|addr_missing|zip_plus4
org_a,0015A0vFGnEzVJJQM3,E00053,primary,
org_a,0015A0GywGWYLkiQSH,E00054,primary,
org_a,0015A0dqRfwtMt3QIE,E00056,primary,addr_abbrev|zip_plus4
org_a,0015A0rhrvCFhBHQA1,E00057,primary,
org_a,0015A0qK8qS89OAQEZ,E00058,primary,zip_plus4
org_a,0015A04I9Vhw6hHQUQ,E00059,primary,
org_a,0015A0lPhwssOHkQEM,E00062,primary,
org_a,0015A0JVh6pOIaiQGG,E00063,primary,
org_a,0015A0KCmzql5OzQGI,E00064,primary,addr_abbrev
org_a,0015A0x7aqEWiUWQA1,E00066,primary,
org_a,0015A0xIF11GfLJQM0,E00067,primary,zip_plus4
org_a,0015A0mk9H9eQHeQQM,E00068,primary,
org_a,0015A0wmNNSqxMoQYJ,E00071,primary,addr_abbrev
org_a,0015A0YYKDuNhpeQ4C,E00072,primary,web_missing
org_a,0015A0tNESHYLWbQ2P,E00075,primary,
org_a,0015A0OYQb80xUeQOI,E00076,intra_dup,addr_missing|zip_plus4
org_a,0015A0F8OFCw5IQQ0Z,E00076,primary,
org_a,0015A0niCQmuv7LQYQ,E00077,primary,
org_a,0015A0gbKd0y1MMQIY,E00078,intra_dup,name_sector_variant|phone_missing|zip_plus4
org_a,0015A0DXAZFjwMUQ4Z,E00078,primary,
org_a,0015A0bNKa4K5BfQMK,E00079,primary,addr_abbrev
org_a,0015A0iVnPd6YMtQUM,E00080,primary,addr_abbrev|zip_plus4
org_a,0015A09Zp1M5KGKQE3,E00081,primary,
org_a,0015A0PogbrPb13QCC,E00082,primary,addr_abbrev
org_a,0015A0JDe96jBkmQGE,E00083,primary,
org_a,0015A0q6NuKB3ZqQIL,E00084,intra_dup,name_suffix|web_missing
org_a,0015A0L7KzINxdWQKT,E00084,primary,
org_a,0015A0c22B6icLMQQY,E00085,primary,
org_a,0015A0c4DnNwo8ZQIR,E00087,intra_dup,addr_abbrev|addr_moved|conflict_industry|name_suffix|phone_changed
org_a,0015A0BN9pH6RMAQG3,E00087,primary,
org_a,0015A0bgrndO68AQAS,E00088,primary,
org_a,0015A0PQC0uqSb8QOE,E00089,primary,
org_a,0015A0RVrPmDvT7QWK,E00090,primary,
org_a,0015A0kRUbThJ15QMF,E00091,primary,web_missing
org_a,0015A0NkX92OaCzQKK,E00095,primary,
org_a,0015A0Jqrxu3Zy0QCE,E00098,primary,
org_a,0015A0K10jtoKxxQCE,E00099,primary,
org_a,0015A00yZxdoVZqQIM,E00101,primary,web_missing
org_a,0015A0kBn53M3zjQEC,E00102,primary,
org_a,0015A0D4C0s9eNcQKI,E00103,primary,
org_a,0015A0SCdXTKgRmQWL,E00106,primary,
org_a,0015A0LCprFZoKPQG1,E00107,primary,
org_a,0015A0uAeYWwgy1QUB,E00109,primary,zip_plus4
org_a,0015A0jksHW4sksQQB,E00111,primary,
org_a,0015A0NkSEDNlflQ0D,E00113,primary,addr_abbrev|phone_missing
org_a,0015A0wKshQRd3jQED,E00114,primary,
org_a,0015A0Q2scnfrohQCA,E00116,primary,
org_a,0015A0BqomvZ8M2QCK,E00119,primary,web_missing|zip_plus4
org_a,0015A0hEl7lgeMEQEY,E00120,primary,addr_abbrev
org_a,0015A0HBQH6vNYRQ42,E00121,primary,
org_a,0015A0mERem1mWqQMI,E00122,primary,
org_a,0015A081Yh0VyulQIC,E00123,primary,zip_plus4
org_a,0015A0uqbrlUs1vQAC,E00125,primary,
org_a,0015A0mdcfcNkuQQAS,E00126,primary,
org_a,0015A0btM8l9moKQIQ,E00127,primary,
org_a,0015A0Fop4Ze4maQCB,E00130,primary,
org_a,0015A0U8ScJ66vjQKB,E00132,primary,
org_a,0015A0MpnVl16N7QSI,E00133,primary,phone_missing
org_a,0015A04yE8qmZVtQIM,E00139,primary,
org_a,0015A0a6GjCmXBwQIN,E00140,primary,
org_a,0015A08XnICD5opQUD,E00141,primary,addr_abbrev
org_a,0015A0tt4hilMSeQAM,E00143,primary,
org_a,0015A0JHDyJFGEpQOP,E00144,primary,
org_a,0015A0hFpr1WeKMQE0,E00145,primary,
org_a,0015A0I1IwLISRFQK5,E00146,primary,
org_a,0015A0F04rVnraRQCR,E00148,primary,web_missing
org_a,0015A07fd3YBSt3QAH,E00149,primary,
org_a,0015A0ptnS2UW1KQQW,E00151,primary,
org_a,0015A0Q7Ri55Wz2QKE,E00152,primary,phone_missing
org_a,0015A0Z08ejB2PuQCK,E00153,primary,
org_a,0015A0uHZqc98WoQMI,E00155,primary,
org_a,0015A0zsh66hGK2QAM,E00156,primary,
org_a,0015A0Bq76Yvpp0QCB,E00157,primary,web_missing
org_a,0015A0eaFgNJHu7QIH,E00159,primary,addr_abbrev
org_a,0015A0HUWiFSiPNQO1,E00161,primary,web_missing
org_a,0015A0jA0Y7uYMjQUM,E00162,primary,
org_a,0015A0HwPnxR4thQKC,E00163,primary,
org_a,0015A0I71hnDFC9QCO,E00164,primary,
org_a,0015A0oX0RTwPI4QUN,E00166,primary,
org_a,0015A0UIDCqmWGYQ42,E00167,primary,
org_a,0015A0vhuyNqkViQAJ,E00168,primary,
org_a,0015A0iYTDr5T2wQ2E,E00169,primary,phone_missing
org_a,0015A0PMdDg7LdmQWE,E00173,primary,addr_abbrev
org_a,0015A0lwYA1n2ebQYA,E00176,primary,
org_a,0015A0S5pCyf7kFQSQ,E00177,primary,phone_missing
org_a,0015A05tQqW6BRkQIN,E00178,primary,zip_plus4
org_a,0015A0Zhj7d9Bu7QCE,E00182,primary,
org_a,0015A0Nd9tRnQ4iQCF,E00183,primary,addr_abbrev
org_a,0015A0poIBrWASNQY4,E00186,primary,addr_abbrev
org_a,0015A0euwzONXSnQAP,E00187,primary,web_missing
org_a,0015A0lkF1dE5BnQIK,E00190,primary,addr_abbrev
org_a,0015A0QkktHOoO9QCL,E00191,primary,web_missing
org_a,0015A02h8SBOhBfQQL,E00197,primary,
org_a,0015A0xG6zoKqfDQES,E00199,intra_dup,conflict_industry|name_suffix|web_subdomain
org_a,0015A0wmyLUO8dOQQT,E00199,primary,
org_a,0015A0TrGOZbkYzQ0J,E00201,primary,addr_abbrev
org_a,0015A0zmH4teutyQIA,E00203,primary,
org_a,0015A03hpS3YMTaQQO,E00204,primary,
org_a,0015A0gANM5NkBqQ2K,E00205,intra_dup,conflict_industry|name_sector_variant
org_a,0015A0qB6tHfjsGQER,E00205,primary,
org_a,0015A0WGm3OAVuFQGX,E00208,primary,web_missing
org_a,0015A0qBL51jBzXQMU,E00209,primary,
org_a,0015A0fx3P9v4fpQQA,E00210,primary,
org_a,0015A0FAyc4WFmXQGW,E00212,primary,phone_missing
org_a,0015A0E6pR1IwpDQSS,E00214,primary,
org_a,0015A0QSTn05TQZQO2,E00215,primary,
org_a,0015A0ECKKJi3DvQ4J,E00216,primary,
org_a,0015A016lBHvcskQQB,E00218,primary,web_missing
org_a,0015A00qbhKmGaoQAF,E00223,primary,web_missing
org_a,0015A0Ii5OV9GdiQSF,E00224,primary,
org_a,0015A06TPKYg5ORQ2Z,E00225,primary,addr_abbrev
org_a,0015A0FbQOwi1HqQ0I,E00228,primary,addr_abbrev
org_a,0015A0teDz30fkGQIQ,E00231,primary,
org_a,0015A0SruwiSyCbQCK,E00234,primary,
org_a,0015A0WXqG70jgCQWQ,E00235,primary,zip_plus4
org_a,0015A0wKWS9VrG3Q2K,E00236,primary,phone_missing
org_a,0015A0xgCRRIDSCQY5,E00240,primary,
org_a,0015A08krOT0rSqQQJ,E00243,primary,
org_a,0015A0z2IUCzmIvQYJ,E00245,primary,
org_a,0015A0f0wF6fqHwQQI,E00246,primary,
org_a,0015A0si3xqRlAIQA0,E00247,primary,phone_missing|web_missing
org_a,0015A0EoGV3nbk0Q0A,E00248,primary,
org_a,0015A0GfdaymdC6QCI,E00250,primary,zip_plus4
org_a,0015A0KND9QtVdtQOF,E00251,primary,
org_a,0015A0891xYaoiEQAR,E00253,primary,
org_a,0015A01zwubudfIQAQ,E00254,primary,web_missing
org_a,0015A0lDi9wjbMPQEY,E00256,primary,
org_a,0015A0AQxY7ZhI1QWK,E00257,primary,
org_a,0015A0xjoKFxSUhQQN,E00258,primary,
org_a,0015A0kEcfV9b0lQEB,E00259,primary,
org_a,0015A0G17A4UqntQSC,E00261,primary,addr_abbrev
org_a,0015A0qkBcKgb2tQIB,E00263,primary,
org_a,0015A0hqHch48uTQIQ,E00265,primary,
org_a,0015A08vRrtJxIYQI0,E00272,primary,
org_a,0015A0Sm6fkjHrwQCE,E00273,primary,addr_abbrev
org_a,0015A0q3RnFXPntQIH,E00274,primary,addr_abbrev
org_a,0015A0bCVrkXtlfQMC,E00276,primary,web_missing
org_a,0015A0LaSZbhqWpQ0I,E00277,primary,
org_a,0015A0LMBwayGWBQO2,E00283,primary,phone_missing
org_a,0015A0GCBjteZrTQOU,E00285,primary,
org_a,0015A0Sgvv06KZbQCM,E00286,primary,web_missing
org_a,0015A0aVbfTAws6QED,E00287,primary,addr_abbrev
org_a,0015A0EB0NLzL6VQWV,E00288,primary,
org_a,0015A0KDWHvjJxLQ4U,E00290,primary,
org_a,0015A0c9GE9kRjLQYU,E00291,primary,addr_abbrev
org_a,0015A0h3rXL832aQQB,E00299,primary,
org_a,0015A0Ru77zGXROQC4,E00300,primary,
org_a,0015A0lXPzhQrM6QMK,E00302,primary,
org_a,0015A0UehCuzZSgQSM,E00303,primary,addr_abbrev
org_a,0015A0A2s7iGdHmQCK,E00304,primary,addr_abbrev
org_a,0015A0L9g9DagS0QCJ,E00306,primary,addr_abbrev
org_a,0015A0LHSK0RPkBQ4W,E00307,primary,
org_a,0015A0NcVAU877oQ0B,E00308,primary,
org_a,0015A0qPUv2LRUGQM4,E00309,primary,
org_a,0015A0ZU4Rut8aSQWQ,E00310,primary,
org_a,0015A0S8RWEKGq9Q0H,E00312,primary,
org_a,0015A0aTAZelJcmQ2E,E00314,primary,web_missing
org_a,0015A0BFD9GN2YqQOL,E00318,primary,
org_a,0015A0w3qKlHnnmQQC,E00319,primary,phone_missing
org_a,0015A0napI01Hl7QQE,E00322,primary,
org_a,0015A0ozg3moLPWQA2,E00323,primary,addr_abbrev
org_a,0015A0kGV15n3bxQMA,E00324,primary,zip_plus4
org_a,0015A0VeAkzXSv9QKG,E00325,primary,addr_abbrev
org_a,0015A052iIxZPUTQQ4,E00326,primary,web_missing
org_a,0015A0MRfSnp0gJQWQ,E00328,primary,
org_a,0015A0laErVhGVZQI3,E00331,primary,phone_missing
org_a,0015A0GUPLHX0LBQ41,E00333,primary,
org_a,0015A078IASFZDNQY5,E00335,primary,
org_a,0015A0VWjRLvNukQWF,E00337,primary,addr_abbrev
org_a,0015A0yFcUfrnQOQUY,E00338,primary,
org_a,0015A0gFxUy8JSlQUM,E00339,primary,zip_plus4
org_a,0015A0c0ULXOGFvQYP,E00340,primary,phone_missing
org_a,0015A05HIkQI2TaQML,E00342,primary,addr_abbrev
org_a,0015A0WUX4rRnjGQOS,E00343,primary,
org_a,0015A0mH5YFE52GQUT,E00345,primary,
org_a,0015A0wNbt6zwLZQEY,E00347,primary,addr_abbrev
org_a,0015A0ydhLtZDTZQQ4,E00348,primary,web_missing
org_a,0015A0fX4yLrZ5ZQEV,E00350,primary,
org_a,0015A0llto6wwC2QAI,E00354,primary,addr_abbrev|phone_missing|web_missing
org_a,0015A0T2cUnF9XRQS0,E00355,primary,
org_a,0015A0DdhODrvCXQSZ,E00356,primary,
org_a,0015A03rQ8lJg83QIC,E00360,primary,web_missing
org_a,0015A0jJRc391wfQMA,E00361,primary,
org_a,0015A0hIg3IKR4RQEX,E00366,primary,
org_a,0015A08oAavMrFuQIK,E00367,primary,addr_abbrev
org_a,0015A0ZU9xksK9WQGU,E00368,primary,
org_a,0015A0K4pmOMC37QCH,E00370,primary,
org_a,0015A0IiOqaTGakQKG,E00373,primary,web_missing
org_a,0015A0iIv78O6bFQES,E00375,primary,
org_a,0015A0bxWQlAz36QYC,E00376,primary,addr_abbrev
org_a,0015A0u69UzjIJtQQM,E00378,primary,
org_a,0015A0B0OW4UipSQ0S,E00379,primary,phone_missing
org_a,0015A05LsDFjwyRQUR,E00381,primary,
org_a,0015A0kxfafuzN2QAI,E00382,primary,
org_a,0015A0opTCv8OvmQYE,E00383,primary,
org_a,0015A0ULIBYA6izQ4D,E00384,primary,
org_a,0015A0DLOYhGg9RQ4S,E00385,primary,
org_a,0015A0tPQUp67WNQ2Y,E00386,primary,
org_a,0015A0gtnddPAdQQAW,E00388,primary,
org_a,0015A0Rih5LG4LxQCL,E00389,primary,
org_a,0015A0HCMScAjGCQ40,E00390,primary,
org_a,0015A0PIUYXe7QAQ4Z,E00391,primary,
org_a,0015A0YQmBqgKWXQW2,E00392,intra_dup,name_sector_variant|web_missing
org_a,0015A0tXwBPA536QUD,E00392,primary,addr_abbrev
org_a,0015A02FDbXNVBcQMP,E00393,primary,
org_a,0015A0MGp5xbK2rQGE,E00395,primary,
org_a,0015A0FFYthefFwQOI,E00396,primary,web_missing
org_a,0015A0pzyMtAhhHQQS,E00397,primary,
org_a,0015A07llXOhoaFQQR,E00398,primary,
org_a,0015A0tE4fk4YhTQEU,E00399,primary,
org_a,0015A0qjNxcTQFeQIO,E00402,primary,web_missing
org_a,0015A0QeJvG8NuyQKF,E00403,primary,
org_a,0015A0ZU3V0CeigQWC,E00404,primary,
org_a,0015A0kUGC752oIQ2Q,E00405,primary,
org_a,0015A0nsKXOvc8JQYR,E00406,primary,
org_a,0015A0EPHL5IDhSQ4W,E00408,primary,
org_a,0015A0h3F0H4yTyQIJ,E00412,primary,
org_a,0015A0klQP7QHLRQY4,E00414,intra_dup,conflict_industry|phone_changed
org_a,0015A0t9p5jdDgMQAU,E00414,primary,
org_a,0015A0glLzKFWnfQIH,E00415,primary,web_missing
org_a,0015A0DeQHta6HZQ0Y,E00418,primary,web_missing|zip_plus4
org_a,0015A0Cuh1yeItHQCU,E00420,primary,
org_a,0015A04ZJHIJaU5Q2L,E00421,primary,
org_a,0015A0yPDjIlIPXQM3,E00422,intra_dup,addr_abbrev|addr_moved|conflict_industry|name_sector_variant|name_suffix
org_a,0015A0rgSLA8No5QYF,E00422,primary,
org_a,0015A0fu3Bgt29EQQQ,E00426,primary,phone_missing
org_a,0015A0jB4ISC7nCQUT,E00427,primary,zip_plus4
org_a,0015A0oXgahJI1JQEW,E00429,primary,
org_a,0015A0cLQhdiCGSQM2,E00430,primary,zip_plus4
org_a,0015A0L1OSn7aSdQ0I,E00431,primary,
org_a,0015A0NmFc0cZvWQKU,E00432,primary,
org_a,0015A05UewBcHkkQEF,E00436,primary,
org_a,0015A0AHZwLQqTHQO1,E00440,primary,
org_a,0015A0dDwFWglCYQUZ,E00441,primary,
org_a,0015A0HoPLCet1lQ0B,E00442,primary,addr_abbrev
org_a,0015A02a72ktPRQQA2,E00443,primary,
org_a,0015A0nSF8EOUAgQMP,E00445,primary,
org_a,0015A0YTSRhgIZDQ42,E00448,primary,
org_a,0015A0c3SZR4bsaQYB,E00449,primary,
org_a,0015A0a6c6rRtsYQAS,E00451,primary,addr_abbrev
org_a,0015A0muV4VCwa9QID,E00454,primary,
org_a,0015A0fijRKyyftQQB,E00455,primary,
org_a,0015A0R5g2lALDoQCO,E00456,primary,phone_missing
org_a,0015A0h8uqiOKSfQAO,E00457,primary,
org_a,0015A0CU2wnmoSzQGI,E00458,primary,addr_abbrev|phone_missing
org_a,0015A0edvcyEiBnQAK,E00461,primary,web_missing
org_a,0015A0TsleXx4h3QCB,E00462,primary,web_missing|zip_plus4
org_a,0015A0DGgEoJ3N0QWK,E00463,primary,web_missing
org_a,0015A0G006RLByBQCX,E00464,primary,
org_a,0015A0pvpf5N2GmQAK,E00472,primary,
org_a,0015A0jMK3tCJYOQM4,E00473,primary,web_missing
org_a,0015A0OsUDgKtTwQ0K,E00477,primary,
org_a,0015A0bFQlGzFNGQM3,E00478,primary,web_missing
org_a,0015A00dV8oXSRxQIO,E00480,primary,
org_a,0015A0AWvDGKdnoQWD,E00481,primary,
org_a,0015A0C2wXPYtZ3QSL,E00482,primary,
org_a,0015A0HbGOG97npQ0B,E00484,primary,zip_plus4
org_a,0015A0pJwint7ImQEI,E00487,primary,web_missing
org_a,0015A0lcOGRJlYbQYL,E00490,primary,
org_a,0015A0GFf3AMgjlQGD,E00491,primary,zip_plus4
org_a,0015A0v5JeRUmY7QIL,E00492,primary,
org_a,0015A00HZ1GkMOQQM3,E00493,primary,
org_a,0015A0vplBxV709QQC,E00494,primary,addr_abbrev
org_a,0015A0pp3ONCP20QQH,E00497,primary,
org_a,0015A0IeLTRYtsOQ0T,E00498,primary,
org_a,0015A0dK0hVm8tFQER,E00499,primary,addr_abbrev
org_a,0015A0VT05aaOVhQGM,E00500,primary,zip_plus4
org_a,0015A0PiglAplb3QCB,E00502,primary,
org_a,0015A0Q3WkdwHFFQK2,E00503,primary,
org_a,0015A0GdYJeGUicQ0G,E00504,primary,
org_a,0015A0BavvXWFsWQCX,E00505,primary,
org_a,0015A06VVPN0OA5Q2N,E00506,primary,
org_a,0015A0a2egm4D3mQAE,E00507,primary,
org_a,0015A0Io0PDi98JQSR,E00508,primary,
org_a,0015A0E8YVDPPFvQ0P,E00510,primary,
org_a,0015A0Ie7314pxBQCQ,E00512,primary,web_missing
org_a,0015A0YceWjWUvMQSW,E00513,primary,
org_a,0015A0YMYzooKHzQOM,E00514,primary,
org_a,0015A0sXhe0GqL4QEK,E00517,primary,
org_a,0015A0CfWWAeBF8Q0N,E00519,primary,addr_abbrev|phone_missing|zip_plus4
org_a,0015A0rRAyNeIgFQMV,E00521,primary,
org_a,0015A0a8SLYtjJ9QYJ,E00522,primary,zip_plus4
org_a,0015A08fVsX6CYnQIN,E00523,primary,addr_abbrev
org_a,0015A0YVdKgEVJmQWO,E00524,primary,
org_a,0015A0lWIyxVg58QMC,E00526,primary,addr_abbrev
org_a,0015A0Hvz6wM0fqQCC,E00527,primary,
org_a,0015A0GknyzDF0uQCG,E00528,primary,
org_a,0015A0JT3bJyFYPQG3,E00530,primary,
org_a,0015A0aoCRHJsrFQYT,E00534,primary,
org_a,0015A0Z2gQUsUxiQSF,E00537,primary,
org_a,0015A0M8Lw5A6VEQK0,E00538,primary,phone_missing
org_a,0015A0y5M4PC4ZnQIL,E00541,primary,
org_a,0015A0rsdPVXZccQQH,E00542,primary,
org_a,0015A0qFpjBVk0TQET,E00544,primary,web_missing
org_a,0015A06EtkPd9BGQEZ,E00547,primary,
org_a,0015A0dH1qbPczNQES,E00548,primary,
org_a,0015A0YuB6cqLJIQK2,E00553,primary,
org_a,0015A0tncFosD0bQQE,E00556,primary,web_missing
org_a,0015A0HttYpX9MIQS0,E00558,primary,phone_missing
org_a,0015A0ufiEMz5HpQQJ,E00561,primary,
org_a,0015A0ZSCfN0udcQOB,E00562,primary,
org_a,0015A0imonaOJizQAG,E00566,primary,web_missing
org_a,0015A0m7yDhUAQHQQ4,E00568,primary,web_missing
org_a,0015A0ulXSV4RPaQYN,E00569,primary,addr_abbrev
org_a,0015A0M33dJca9GQCR,E00571,primary,web_missing
org_a,0015A0ghrHfqzFpQQI,E00574,primary,addr_abbrev
org_a,0015A0FOt3dGi7SQGS,E00575,primary,addr_abbrev
org_a,0015A0gAzaoiFjrQEE,E00576,intra_dup,addr_moved|name_sector_variant|zip_plus4
org_a,0015A0p6OLhIpOBQY0,E00576,primary,
org_a,0015A0w8gnPvWgBQAV,E00577,primary,
org_a,0015A0TqTUWbBBzQ0N,E00581,primary,
org_a,0015A0caqT0fIaDQQU,E00583,intra_dup,addr_abbrev|addr_moved
org_a,0015A0xfHF0V41gQYC,E00583,primary,
org_a,0015A0r7OvSq2tdQIB,E00584,primary,web_missing
org_a,0015A0R9FdsUtVMQK0,E00586,primary,phone_missing
org_a,0015A0j1FYIVCxhQYH,E00588,primary,
org_a,0015A0pQIbZE39LQMT,E00589,primary,web_missing
org_a,0015A0KvbMsfWnpQSE,E00590,primary,
org_a,0015A0AKLAytKPWQ42,E00591,primary,phone_missing
org_a,0015A0wxxccFuoRQAS,E00594,primary,
org_a,0015A0cu69R3mTmQAJ,E00595,primary,addr_abbrev
org_a,0015A0youQGmNlQQQV,E00600,primary,
org_a,0015A0Wk1pYm4LMQCZ,E00601,primary,addr_abbrev
org_a,0015A0l0xtzLJ5cQAG,E00602,primary,
org_a,0015A0Idsbm7O40QCE,E00604,primary,
org_a,0015A0c7g28NwxjQAC,E00605,primary,
org_a,0015A0x7bOXDLr8QQH,E00606,primary,
org_a,0015A0e9GhxFbnBQIS,E00607,primary,
org_a,0015A0mggFtesXlQQI,E00608,primary,addr_abbrev|web_missing
org_a,0015A0W84jsks6wQCA,E00609,primary,addr_abbrev|web_missing
org_a,0015A0WAYKeFDhrQ4G,E00610,primary,phone_missing|web_missing
org_a,0015A0Dx88YCD1uQCH,E00611,primary,
org_a,0015A0r01Iai7GEQQY,E00613,primary,
org_a,0015A0Ob7FDQ7npQSD,E00615,primary,addr_abbrev
org_a,0015A0YPzRE7VDSQW3,E00616,primary,
org_a,0015A0O5vRAbSpxQSF,E00620,primary,addr_abbrev|phone_missing
org_a,0015A0pG5EntTjuQUE,E00621,primary,web_missing
org_a,0015A0wiD9dTq9BQIS,E00623,primary,
org_a,0015A0OEqBonKsZQWU,E00625,primary,addr_abbrev
org_a,0015A0kRgFmz38UQUQ,E00627,primary,phone_missing
org_a,0015A02NckeUODjQEO,E00629,primary,addr_abbrev
org_a,0015A0z9ooNgY7xQAF,E00636,primary,
org_a,0015A0i20iwrHcBQAU,E00638,primary,
org_a,0015A0UKg7MbIXtQGN,E00641,primary,
org_a,0015A0tXAmgPv2hQMC,E00645,primary,
org_a,0015A0N9TdTRYevQKH,E00648,primary,
org_a,0015A0AvIZnr9EeQ0I,E00649,primary,addr_abbrev
org_a,0015A0NnJDJbZWVQ03,E00650,primary,
org_a,0015A0O0vFg4kEmQSI,E00651,primary,
org_a,0015A05VCJ4gEL7Q2M,E00652,primary,
org_a,0015A0Bxopml2TbQCI,E00655,primary,
org_a,0015A0sC83VQuPaQEL,E00658,primary,zip_plus4
org_a,0015A0zeAzru6YNQIY,E00659,primary,phone_missing|web_missing
org_a,0015A0xUXDv8tHmQ2I,E00660,primary,web_missing
org_a,0015A0EWNgpG5D1QOK,E00661,primary,
org_a,0015A0di6tBoYayQAF,E00662,primary,
org_a,0015A0VDPvIh4Z4QOJ,E00663,primary,
org_a,0015A0Dk80otkVJQCY,E00664,primary,web_missing
org_a,0015A0TAOQgWwYbQ4K,E00665,primary,addr_abbrev|web_missing
org_a,0015A0nYNTCPithQ2D,E00668,primary,
org_a,0015A0LoWOVc7igQ0B,E00669,primary,web_missing
org_a,0015A0hdlef9dICQAY,E00670,primary,
org_a,0015A0upKE1qkOZQYY,E00671,primary,web_missing
org_a,0015A0CrL8ys0wnQKA,E00674,primary,
org_a,0015A0qK8Byduh0QUA,E00675,primary,phone_missing|web_missing
org_a,0015A0AGcMw6UnBQWU,E00676,primary,
org_a,0015A0YSw1KXHZ6QGP,E00680,primary,
org_a,0015A0Va9mZK8f8QCD,E00684,primary,
org_a,0015A0FsibM8LSEQC3,E00686,primary,
org_a,0015A0H9hXTZTNCQS5,E00687,primary,
org_a,0015A0ze2WKBFBlQQP,E00688,intra_dup,addr_abbrev|name_suffix|phone_changed
org_a,0015A0sSdMV7yqzQUB,E00688,primary,phone_missing
org_a,0015A0KjmFkVuBMQS0,E00689,primary,
org_a,0015A0OwjAZIWTiQSP,E00692,primary,
org_a,0015A0YIJ7msB0fQOE,E00693,primary,phone_missing
org_a,0015A0QRl9HnuRkQGJ,E00694,primary,
org_a,0015A0nx06ATW9hQAH,E00695,primary,
org_a,0015A03zNZbIwhGQYS,E00697,primary,
org_a,0015A0pD9HS8SDrQUN,E00698,primary,web_missing
org_a,0015A0odzf9F49EQAS,E00699,primary,
org_a,0015A0GIkoSwRgHQGV,E00700,primary,
org_a,0015A0BekLwOwQsQSK,E00701,primary,addr_abbrev|zip_plus4
org_a,0015A0cVztzXk3KQES,E00702,primary,
org_a,0015A0iyhlbtkvrQAA,E00704,primary,
org_a,0015A0l9iSNGeXRQQ1,E00705,primary,
org_a,0015A0wH46S6beKQER,E00708,primary,
org_a,0015A0dXg2CeXwFQEV,E00709,primary,
org_a,0015A0gscRI8xP6QQJ,E00714,primary,
org_a,0015A0cir8gKyZJQA0,E00715,primary,
org_a,0015A03K2aablfsQEA,E00716,primary,
org_a,0015A0hkQ4Q66ZMQIZ,E00718,primary,
org_a,0015A0Rxu3jRHfkQCG,E00719,primary,addr_abbrev|web_missing
org_a,0015A0ew8Adi0H7QQI,E00721,primary,
org_a,0015A0Jk3oNi75EQCR,E00723,primary,addr_abbrev
org_a,0015A04H0CQPLvWQUX,E00724,primary,
org_a,0015A0CYJLvGDrWQ4W,E00731,intra_dup,phone_changed
org_a,0015A0hYNfjm6v1QMA,E00731,primary,
org_a,0015A0wBSiD4VSmQMN,E00733,primary,
org_a,0015A0NHD4TrOrcQOF,E00735,primary,
org_a,0015A0Nvv7Mg8XzQCJ,E00736,primary,zip_plus4
org_a,0015A0cWQO6NDjPQ2W,E00737,primary,
org_a,0015A0997OyuN7KQQU,E00739,primary,
org_a,0015A0VUI4yjEylQOE,E00741,primary,
org_a,0015A0gortz7q52QAA,E00745,primary,addr_abbrev
org_a,0015A0i6tekYH3lQAG,E00747,primary,
org_a,0015A0kspNgYPInQQO,E00748,primary,
org_a,0015A0vGSCZNy5WQ2T,E00750,primary,
org_a,0015A0D3lRUj2QYQSZ,E00751,primary,
org_a,0015A0U83Qf6Y2vQSE,E00752,primary,addr_abbrev
org_a,0015A0RwqZutHotQSE,E00753,primary,
org_a,0015A0kLmOjpSp7QUE,E00754,primary,addr_abbrev
org_a,0015A0KQ4TnNLICQW4,E00755,primary,
org_a,0015A0GHfXsw0JBQWY,E00759,primary,addr_abbrev
org_a,0015A0I8kALvoWXQSZ,E00760,intra_dup,name_suffix
org_a,0015A0gf2Vhz1iiQQA,E00760,primary,
org_a,0015A0hlBEZcNStQYN,E00761,primary,addr_abbrev
org_a,0015A0efcfGmgNgQAJ,E00762,primary,web_missing
org_a,0015A0qpia7MmamQAC,E00763,primary,phone_missing
org_a,0015A0ldpAan1w9QQA,E00764,primary,
org_a,0015A0rZMnNmPKnQMN,E00767,intra_dup,addr_abbrev|conflict_industry|name_typo|web_missing
org_a,0015A08eSrCxG3rQIF,E00767,primary,
org_a,0015A00E0KNfZNKQU3,E00768,primary,
org_a,0015A0t1UTSLduMQYT,E00771,primary,addr_abbrev
org_a,0015A0yATxiyKIUQM2,E00773,primary,
org_a,0015A0bPxBV9yUcQUJ,E00774,intra_dup,addr_abbrev|addr_moved|name_sector_variant|web_subdomain
org_a,0015A0Syn2xL7dbQCC,E00774,primary,
org_a,0015A0yO8qB6RKMQE3,E00778,primary,web_missing
org_a,0015A0W0dMu7gczQSA,E00780,primary,
org_a,0015A0QWArVY4i9QOD,E00781,primary,
org_a,0015A0cjKPpjoiqQYA,E00782,primary,
org_a,0015A0vhhmwR6cqQAC,E00783,primary,
org_a,0015A0nv0zFMXNoQAP,E00784,primary,addr_abbrev
org_a,0015A02wqGRAfcDQQT,E00786,intra_dup,addr_moved|conflict_industry|phone_missing|zip_plus4
org_a,0015A0sWOYKeglFQ2R,E00786,primary,zip_plus4
org_a,0015A0aoQ44L6TGQI0,E00787,primary,addr_abbrev|phone_missing
org_a,0015A0365Zk4RGHQQ2,E00789,primary,
org_a,0015A0iiwOw9U3RQQU,E00790,primary,
org_a,0015A0he2NpM3USQQ0,E00793,primary,zip_plus4
org_a,0015A0vBKF0T7taQ2C,E00795,primary,
org_a,0015A0XQSlor4hkQOA,E00796,intra_dup,conflict_employees|conflict_industry|name_case|zip_plus4
org_a,0015A0Sv0YpfR0NQSU,E00796,primary,
org_a,0015A0br8eSswbSQAR,E00797,primary,
org_a,0015A0D8AEEdIWxQ0N,E00798,primary,web_missing
org_a,0015A0DDVKAOSMTQ45,E00799,intra_dup,name_sector_variant
org_a,0015A0dxr6giLu7QAE,E00799,primary,
org_a,0015A0UVjVOHPunQWH,E00802,primary,
org_a,0015A0GHmLrGsJiQWK,E00804,primary,addr_abbrev
org_a,0015A0tgZF15Q5aQYE,E00805,primary,
org_a,0015A0PbzaJBLdPQCX,E00806,primary,phone_missing
org_a,0015A0mVkVOf0UtQUJ,E00807,primary,
org_a,0015A0z8lGOlVwQQQV,E00808,intra_dup,addr_moved|name_case|name_sector_variant|phone_changed|web_missing|zip_plus4
org_a,0015A0Y8MhCNFy9QKH,E00808,primary,addr_abbrev|phone_missing
org_a,0015A0Wqd1LsWOvQCN,E00809,primary,addr_abbrev
org_a,0015A0mpT4NhXbRQIV,E00812,primary,
org_a,0015A0zC8z74LGNQE2,E00813,primary,
org_a,0015A0ndSBbkMQRQY2,E00814,primary,
org_a,0015A0KsixKFxYVQC1,E00815,primary,addr_abbrev
org_a,0015A0NtG1lWEBlQKO,E00816,primary,
org_a,0015A08NUbnhwmCQMQ,E00818,primary,
org_a,0015A0wkfBLvTvbQQF,E00820,intra_dup,conflict_employees|conflict_industry|name_sector_variant|name_suffix
org_a,0015A0tjMwOXSwBQIX,E00820,primary,zip_plus4
org_a,0015A0lxVoldteXQIQ,E00821,primary,
org_a,0015A0CXlZ19Ur7QWE,E00822,primary,
org_a,0015A09Apar7gQTQEY,E00823,primary,
org_a,0015A0Oag9qb2ntQCA,E00825,intra_dup,addr_abbrev|name_suffix|phone_changed
org_a,0015A0hLRshjSyaQME,E00825,primary,
org_a,0015A06eeEHTsD1QQL,E00826,primary,
org_a,0015A0cb9YTJlUDQQ1,E00827,primary,
org_a,0015A0leAHktFIzQYM,E00829,primary,
org_a,0015A031zolbcrIQAQ,E00830,primary,web_missing
org_a,0015A0aYhH4nEboQUE,E00831,primary,
org_a,0015A02NXXFwu1RQ2R,E00832,primary,
org_a,0015A0UZNCTi3h0Q4B,E00835,primary,
org_a,0015A01srbWpJVlQAN,E00838,primary,addr_abbrev
org_a,0015A0wHLYLnfySQ2R,E00841,primary,phone_missing
org_a,0015A0AmIHSP7ZGQ01,E00842,primary,phone_missing|web_missing
org_a,0015A0rBVIEVGPeQ2P,E00849,primary,
org_a,0015A0VbxfHyJ8CQCV,E00850,intra_dup,addr_moved|name_suffix|web_missing
org_a,0015A024az8CHvFQAW,E00850,primary,
org_a,0015A0Hil2N47YRQCZ,E00851,primary,phone_missing
org_a,0015A0Js44pDz45QCC,E00854,primary,addr_abbrev|web_missing
org_a,0015A02Fe4CNNwjQEH,E00857,primary,
org_a,0015A0OWbLSDeVEQW1,E00858,primary,
org_a,0015A0K5zv3NmZ5QCK,E00859,primary,web_missing
org_a,0015A0ldE7C6Um8QIF,E00860,primary,
org_a,0015A0PYuAxQTJrQWO,E00861,intra_dup,addr_moved|conflict_employees|web_missing
org_a,0015A0ZNRijW3VzQOK,E00861,primary,
org_a,0015A0D2iiPMgVvQCL,E00862,primary,
org_a,0015A0Ohnre2DvGQCU,E00863,primary,phone_missing|web_missing
org_a,0015A0fIbup4xB8QEI,E00867,primary,
org_a,0015A0Igj5NLHK8QCP,E00872,primary,
org_a,0015A0NrwrUakfvQCB,E00874,primary,
org_a,0015A0ZVR5uRAC8QOO,E00875,primary,web_missing
org_a,0015A0Op5GErxB0QSJ,E00876,primary,web_missing
org_a,0015A0vs2wsaE9xQAE,E00878,primary,web_missing
org_a,0015A01lYarcylzQIA,E00880,primary,web_missing
org_a,0015A0pwEZ4N2UZQY0,E00881,primary,
org_a,0015A0Q7MNwEvB4Q0K,E00883,primary,
org_a,0015A0QzCO1T0kXQ0S,E00885,primary,
org_a,0015A0YXC8filjiQOA,E00888,primary,phone_missing
org_a,0015A0bXQoMA7WOQM1,E00892,primary,
org_a,0015A0CWElQil9qQOB,E00895,primary,zip_plus4
org_a,0015A0tbY1Qc4foQIB,E00896,primary,
org_a,0015A0IteFnp1HiQSI,E00899,primary,
org_a,0015A04J1Ev9LS3QUM,E00901,primary,
org_a,0015A01cbhMiSIKQA3,E00902,primary,
org_a,0015A0sAE557oNkQMI,E00903,primary,web_missing
org_a,0015A0ER2pdrsTZQGY,E00904,primary,
org_a,0015A0hYD6EIxy4QMD,E00908,primary,addr_abbrev|phone_missing
org_a,0015A0ZJLy7h6LUQOY,E00911,primary,
org_a,0015A0nGhAZvWGvQUN,E00914,primary,zip_plus4
org_a,0015A02ob8qGjSLQA0,E00921,primary,
org_a,0015A0VN9x2WXX3QGO,E00922,primary,web_missing
org_a,0015A0QbKyaI5N6QKK,E00924,primary,
org_a,0015A0euQIjVaJdQYK,E00925,primary,phone_missing
org_a,0015A0WV2NB0IkuQWF,E00926,primary,addr_abbrev|web_missing|zip_plus4
org_a,0015A0xHW8J2zFqQMJ,E00928,primary,
org_a,0015A0dnRAFJUQJQY5,E00929,primary,zip_plus4
org_a,0015A0ibCbu4TXqQIM,E00932,primary,web_missing
org_a,0015A0F0uVdETjAQSW,E00935,primary,
org_a,0015A0B8QfsasXyQKI,E00936,primary,
org_a,0015A0yIPba8IjpQME,E00937,primary,web_missing
org_a,0015A0yo5kQilerQAB,E00942,primary,
org_a,0015A0Y9x6Tcwr5QCB,E00943,primary,
org_a,0015A0CNLj42tckQOA,E00944,primary,
org_a,0015A031KMAmWk8QYF,E00950,primary,
org_a,0015A0HUv9IVpaDQGT,E00954,primary,phone_missing
org_a,0015A0hJp9gSlGoQEK,E00955,primary,
org_a,0015A092JI0CK8jQYG,E00957,primary,
org_a,0015A0YOJ74Vq54QOC,E00960,primary,addr_abbrev
org_a,0015A0Q5CrYveJlQKJ,E00962,primary,addr_abbrev|web_missing
org_a,0015A0NXhvKQ5DdQGL,E00963,primary,
org_a,0015A0t2CknVfy6QIC,E00966,primary,addr_abbrev|phone_missing
org_a,0015A0lHS1GferKQMR,E00967,primary,
org_a,0015A01QN5KzJnaQMF,E00968,primary,
org_a,0015A03RHl2ATIUQM4,E00970,primary,phone_missing
org_a,0015A0oRKntiCQ7QMM,E00971,primary,
org_a,0015A0oC0oQjZSRQE3,E00972,intra_dup,conflict_industry|name_sector_variant|name_suffix
org_a,0015A0lz04FCQ7VQAX,E00972,primary,
org_a,0015A0ZoLXwTUjeQ0G,E00975,intra_dup,conflict_employees|zip_plus4
org_a,0015A0c9H8BME9RQIX,E00975,primary,
org_a,0015A0inSwRdgR6QIJ,E00977,primary,web_missing
org_a,0015A0busmvXKCxQAO,E00980,primary,phone_missing
org_a,0015A00B0Ac1tvyQUA,E00981,primary,
org_a,0015A0fJSy8mMdBQMU,E00982,primary,web_missing
org_a,0015A0GvVojVcSqQKK,E00984,primary,zip_plus4
org_a,0015A0eLJYhUENFQ24,E00987,primary,
org_a,0015A0tp6nTkF6BQAV,E00988,intra_dup,conflict_employees|name_suffix
org_a,0015A0YArp8OiXoQGK,E00988,primary,
org_a,0015A0hHuwOXBdZQEX,E00989,primary,
org_a,0015A0Oc35d8y7JQCQ,E00990,primary,web_missing
org_a,0015A0zfRO2tukJQYQ,E00992,primary,
org_a,0015A0znvDaIznZQQS,E00994,primary,
org_a,0015A06rmKgyBOsQQM,E00996,primary,addr_abbrev
org_a,0015A0M4Iz3WOWNQK4,E00997,primary,
org_a,0015A0B31ufJlIMQC0,E00998,primary,addr_abbrev|phone_missing
org_a,0015A0NFRXWbGnsQ4F,E01000,primary,
org_a,0015A0VLonmS9YYQG0,E01002,primary,addr_abbrev
org_a,0015A0TyGzFSzFYQK1,E01003,primary,
org_a,0015A0x4aiArci5QAB,E01004,primary,web_missing
org_a,0015A0TSDjgYyVdQOK,E01008,primary,zip_plus4
org_a,0015A0rV24wf8xVQEQ,E01010,primary,web_missing
org_a,0015A0vkXkHr6ijQIB,E01012,primary,
org_a,0015A0uFyM8kHeMQUU,E01014,primary,
org_a,0015A0KwPxDGIhcQKH,E01015,primary,
org_a,0015A0pev1EDPCTQA5,E01016,primary,
org_a,0015A0Bis2U15nUQCR,E01018,primary,web_missing
org_a,0015A0cRToqwEMuQMM,E01021,primary,web_missing|zip_plus4
org_a,0015A03QJejFk1oQMC,E01025,primary,addr_abbrev|web_missing
org_a,0015A0WZ2iEdT3AQGV,E01028,primary,phone_missing
org_a,0015A0sAUfwZZtvQMG,E01029,primary,
org_a,0015A0ey1IdzT5GQQU,E01030,primary,
org_a,0015A0uxcTae2xfQQA,E01035,primary,
org_a,0015A0V97Ipc4CgQSI,E01037,primary,web_missing
org_a,0015A05oFjf94m4QIA,E01038,primary,
org_a,0015A0SKonirseAQGQ,E01039,primary,
org_a,0015A0NqyTzNOVNQS4,E01040,primary,
org_a,0015A0td5Mp203nQQA,E01042,primary,web_missing
org_a,0015A0AXdZQa8NYQWZ,E01043,primary,
org_a,0015A05jqbLGa0SQAT,E01044,primary,addr_abbrev|zip_plus4
org_a,0015A0GUT2eFZb0QOG,E01045,primary,
org_a,0015A06rNcAKWZRQI5,E01048,primary,
org_a,0015A0JGu1PDDhVQGX,E01050,primary,
org_a,0015A0WrJP7s8YvQ0I,E01052,primary,
org_a,0015A0Nf4qzb1C6QCI,E01053,primary,phone_missing
org_a,0015A0y4q7rXXYcQAO,E01054,primary,
org_a,0015A0dhjX5PfIvQQK,E01055,primary,phone_missing
org_a,0015A0VtHn2HCCAQK4,E01056,primary,
org_a,0015A05sAawXjV6QIK,E01057,primary,
org_a,0015A0uuU7oTVW7QIO,E01061,primary,
org_a,0015A0Juv5szv7OQCQ,E01063,primary,addr_abbrev|web_missing
org_a,0015A0gnX8QdC9AQIV,E01064,primary,addr_abbrev
org_a,0015A0L8mm8VezTQCS,E01066,primary,
org_a,0015A08Ai0GSnbaQED,E01067,primary,addr_abbrev|phone_missing
org_a,0015A0QnfNhqrQbQSI,E01070,primary,
org_a,0015A0KcZjIls3HQKR,E01071,intra_dup,addr_abbrev|addr_moved|conflict_industry|name_suffix|name_typo
org_a,0015A01SAyON2vEQMT,E01071,primary,web_missing
org_a,0015A0RRZXA7XrrQ4F,E01072,primary,
org_a,0015A0CM8cx3RwyQGE,E01073,primary,phone_missing
org_a,0015A0AbjLa6008QSA,E01074,primary,
org_a,0015A0JfLAgRQJUQ04,E01077,primary,web_missing
org_a,0015A0JjnSBNMdEQSX,E01078,primary,
org_a,0015A0326vM3jfqQAB,E01079,primary,
org_a,0015A0QldW8Ru8eQSC,E01080,primary,
org_a,0015A0j9NoRCjOnQIL,E01081,primary,
org_a,0015A00DEfHLwPHQM1,E01083,primary,
org_a,0015A0v6iN4wYIWQQ2,E01084,primary,
org_a,0015A0Evh13YYeBQCW,E01085,primary,
org_a,0015A06FHnXq3ubQMB,E01087,primary,
org_a,0015A0MdZkURFtLQKX,E01088,primary,zip_plus4
org_a,0015A0yi3zQOcBhQAL,E01089,primary,addr_abbrev
org_a,0015A0OPjH5LhedQWC,E01091,primary,
org_a,0015A0pMduOYB5UQEX,E01093,primary,
org_a,0015A0Z6EISBjqgQ0D,E01095,primary,
org_a,0015A0IrRzDabnGQKR,E01099,primary,
org_a,0015A0csF6zaXRzQIM,E01101,primary,
org_a,0015A0LXoPJ9HBXQW3,E01107,primary,phone_missing
org_a,0015A0wJpU3JHosQUG,E01108,primary,
org_a,0015A0yo1fdP42KQAS,E01109,primary,web_missing
org_a,0015A0ofwQ3HQ6QQQW,E01110,primary,
org_a,0015A0jwEYm34lFQYQ,E01111,primary,
org_a,0015A0NjxZnRgQ9QSK,E01113,primary,addr_abbrev
org_a,0015A0qw2s0FYENQA4,E01115,primary,
org_a,0015A0Za5s7D67vQCC,E01116,primary,
org_a,0015A0NyZib4uRKQKY,E01118,primary,
org_a,0015A0W002tA4ANQC0,E01119,primary,
org_a,0015A0hdpY5uVrzQQE,E01123,primary,
org_a,0015A0cKpxkqpXpQEI,E01124,primary,addr_abbrev
org_a,0015A0Fp75TIEltQCH,E01125,primary,
org_a,0015A0MGHRtQEb2Q4G,E01126,primary,zip_plus4
org_a,0015A0xIGvzZnN5QMK,E01127,primary,zip_plus4
org_a,0015A0qzU3VBBVXQI5,E01128,primary,
org_a,0015A0Feh0bOOEWQC4,E01132,primary,phone_missing
org_a,0015A0pMgtFntbiQEB,E01133,primary,
org_a,0015A08r9MvYyaHQQS,E01136,primary,
org_a,0015A0eicQMh1bkQQB,E01137,primary,addr_abbrev|web_missing
org_a,0015A0uy2tiaKn8QAE,E01138,primary,
org_a,0015A0ufjB2us7hQQA,E01139,primary,zip_plus4
org_a,0015A0McFuS1X5dQKF,E01140,primary,zip_plus4
org_a,0015A0ARpw4ejKpQGI,E01141,primary,
org_a,0015A0lOya2k9VhQEI,E01142,primary,addr_abbrev
org_a,0015A0u4h1kcE5FQAU,E01146,primary,
org_a,0015A0bcrhvKWzLQAW,E01147,primary,zip_plus4
org_a,0015A012WDoeAUOQY2,E01148,primary,
org_a,0015A0fc4ozYJ4mQAG,E01149,primary,
org_a,0015A08fosq6ao4QAA,E01150,primary,
org_a,0015A09WLCAgB5SQ2V,E01155,primary,
org_a,0015A0tJi7QT6ovQED,E01158,primary,
org_a,0015A04KjAqusD0QUI,E01159,primary,zip_plus4
org_a,0015A0MoqTbmlzfQSA,E01160,primary,addr_abbrev|web_missing
org_a,0015A0nZxCIQILuQUP,E01161,primary,web_missing
org_a,0015A0RrIf5lmQSQKY,E01163,primary,
org_a,0015A05M5yVogYUQEZ,E01167,primary,
org_a,0015A0jwidR8avyQAB,E01169,primary,
org_a,0015A0aC0ENwLUIQU3,E01170,primary,phone_missing
org_a,0015A0eQxXA3JORQU3,E01171,primary,
org_a,0015A04C8J77oibQUA,E01173,primary,addr_abbrev|zip_plus4
org_a,0015A0gC23L2HC6QEN,E01175,primary,
org_a,0015A0FruFBfuT6QSJ,E01176,primary,
org_a,0015A0KFV7dGWwZQOW,E01180,primary,web_missing
org_a,0015A0scym6gFBMQA2,E01181,primary,
org_a,0015A0a6kDL3j88QQB,E01182,primary,
org_a,0015A09vmso334cQAA,E01183,primary,zip_plus4
org_a,0015A0SXaPVdUEuQWN,E01184,primary,addr_abbrev
org_a,0015A0OMshxwpGLQGY,E01185,primary,web_missing
org_a,0015A0BWjcejKATQG2,E01187,primary,addr_abbrev|web_missing
org_a,0015A0c9cmjJfzRQAS,E01188,primary,
org_a,0015A09IO4xmgMNQMY,E01189,primary,
org_a,0015A0IQTUvgUxVQ4U,E01190,primary,
org_a,0015A0YpkOpOfnEQSS,E01191,intra_dup,addr_missing|conflict_employees|name_suffix|phone_missing
org_a,0015A0HANQpTU4vQ4G,E01191,primary,addr_abbrev
org_a,0015A04kgZQodvPQQR,E01192,primary,
org_a,0015A0pTcex7t0WQEQ,E01193,primary,addr_abbrev
org_a,0015A0QEeAwHm7eQWC,E01194,primary,
org_a,0015A0z8JbhDKV3QIO,E01195,primary,
org_a,0015A0UF35PQKNAQG5,E01197,primary,web_missing
org_a,0015A0ei0oOgMhaQAF,E01198,primary,web_missing
org_a,0015A0M1TRekcOmQ0I,E01199,primary,addr_abbrev
org_a,0015A09m9rO1KkqQAF,E01200,primary,
org_a,0015A02lroGMKLvQAP,E01201,primary,
org_a,0015A0YgxZRKIAhQSP,E01203,primary,
org_a,0015A09vkXWl8XJQQZ,E01205,primary,
org_a,0015A0UCyZN5VaTQWV,E01207,primary,zip_plus4
org_a,0015A0i6X87Y4l5QIC,E01210,primary,
org_a,0015A0F1XH3KyBFQ00,E01214,primary,
org_a,0015A0Xq3DSXcrGQST,E01215,primary,
org_a,0015A052ba0WCx9QAG,E01219,primary,web_missing
org_a,0015A0qw1ys6ICgQAM,E01220,primary,addr_abbrev
org_a,0015A0LJDSeCxykQ4C,E01221,primary,
org_a,0015A0LgPOdqa1OQ0Q,E01222,primary,
org_a,0015A0weeN4l87bQQA,E01226,primary,
org_a,0015A0E4E9s0bqPQKQ,E01227,primary,
org_a,0015A0mqmvuh4QBQAY,E01232,primary,
org_a,0015A0yd1VjmTCuQQM,E01234,intra_dup,conflict_employees|conflict_industry|phone_changed|web_missing|zip_plus4
org_a,0015A0YC9s5lpcbQGA,E01234,primary,
org_a,0015A0y0X5ovFDIQI2,E01235,primary,
org_a,0015A0HWP632idtQOA,E01237,primary,addr_abbrev
org_a,0015A0OSuIBX9wfQWD,E01238,primary,
org_a,0015A02lH2cgwrRQIQ,E01240,primary,addr_abbrev
org_a,0015A0GDPJ2NO1bQ4G,E01242,primary,addr_abbrev
org_a,0015A0u5FyO5UsEQIV,E01243,intra_dup,addr_abbrev|conflict_employees|name_case
org_a,0015A0xZsew8SRkQEM,E01243,primary,addr_abbrev
org_a,0015A0BtGG3jnLuQ0I,E01244,primary,
org_a,0015A0uvM16lP3VQIU,E01245,primary,phone_missing
org_a,0015A0r9aqMKmlcQAD,E01246,primary,
org_a,0015A0wYnbT0jqxQEB,E01247,primary,phone_missing
org_a,0015A0cFkDaDbBQQU0,E01249,primary,addr_abbrev
org_a,0015A0pUxOsROhdQUG,E01251,primary,zip_plus4
org_a,0015A07bJMbKVjlQYG,E01252,primary,addr_abbrev
org_a,0015A02DSqKiYziQMF,E01253,primary,addr_abbrev
org_a,0015A0dFoymUrteQEC,E01255,primary,
org_a,0015A0ewW02mrRYQIY,E01256,primary,
org_a,0015A0UgsPDwus4QSB,E01257,intra_dup,addr_abbrev|name_suffix|phone_missing
org_a,0015A0OWGef7v39QOA,E01257,primary,
org_a,0015A0ghV9Nbc57QIB,E01260,primary,addr_abbrev|phone_missing
org_a,0015A072qKs94oZQQQ,E01261,primary,
org_a,0015A0heJ0NKMZeQIP,E01262,primary,phone_missing|zip_plus4
org_a,0015A0MqkTSMqGDQS1,E01264,primary,
org_a,0015A0x2l88OgWgQAK,E01266,primary,
org_a,0015A0uXsSU3XQYQU3,E01267,primary,
org_a,0015A0w0W9czAzQQIU,E01268,primary,
org_a,0015A0wXNsp0HJsQMM,E01270,primary,
org_a,0015A0aJIjFQTc3QMH,E01274,primary,addr_abbrev|web_missing
org_a,0015A01vfmeimnfQAA,E01276,primary,
org_a,0015A0pv6o3Axf3QAC,E01277,primary,web_missing
org_a,0015A0p3y2qn28jQAA,E01278,primary,
org_a,0015A06mRPbu022QYA,E01279,primary,phone_missing
org_a,0015A0YDIEShcTBQ4Z,E01280,primary,phone_missing
org_a,0015A0Z91gVRQjxQCH,E01281,primary,
org_a,0015A0XTcI3M4dyQWC,E01282,primary,
org_a,0015A0hDOZtVlJcQ2K,E01283,primary,
org_a,0015A0c5lbyJ9phQAC,E01284,primary,
org_a,0015A0bUI9zJRONQM4,E01286,primary,
org_a,0015A0XBRZCJElHQ4X,E01289,primary,addr_abbrev
org_a,0015A0YxzrUb9UmQCJ,E01291,primary,
org_a,0015A0SxZWaRY2RQ0W,E01293,primary,
org_a,0015A0HnIWzJf1dQ0C,E01294,primary,
org_a,0015A0P5XlFrB8zQKF,E01296,primary,
org_a,0015A0LFgrI5LrdQGF,E01297,primary,addr_abbrev
org_a,0015A05Rne4zCAvQEM,E01299,primary,
org_a,0015A0KjpvMYKdjQCH,E01300,primary,
org_a,0015A0bPGE4A4s4Q2C,E01301,primary,
org_a,0015A0NpQVDG1edQ0D,E01302,primary,addr_abbrev
org_a,0015A0bIDU4kBWqQ2M,E01304,intra_dup,conflict_employees|conflict_industry|name_case|name_sector_variant|web_missing
org_a,0015A0Nq35S1WWWQC3,E01304,primary,
org_a,0015A077k9vEHhnQAG,E01307,primary,addr_abbrev|phone_missing
org_a,0015A0qTcGGyL3zQUF,E01310,primary,web_missing
org_a,0015A043JF9G52CQYS,E01314,primary,
org_a,0015A0bYwyhtxiCQEQ,E01315,primary,addr_abbrev
org_a,0015A01UFuUoRK5QMN,E01316,primary,addr_abbrev
org_a,0015A0F7FjJ9Y0tQKF,E01318,primary,addr_abbrev
org_a,0015A0nHlefvyU1QEI,E01320,primary,
org_a,0015A0G2jwCyaGqQCJ,E01321,primary,
org_a,0015A02wGp0vVh4QIE,E01322,primary,
org_a,0015A0ltiCi0UfjQQE,E01323,primary,
org_a,0015A08ZCEyU2zzQ2C,E01325,primary,
org_a,0015A07iA1w2AboQIE,E01326,primary,
org_a,0015A0E4LiTOPfdQKH,E01327,primary,
org_a,0015A0YLEONeN48Q4F,E01328,primary,
org_a,0015A0dByOXlDzTQUV,E01329,primary,phone_missing
org_a,0015A0Mcn0NURxYQCX,E01330,primary,
org_a,0015A0aR3jSor5qQEB,E01331,primary,
org_a,0015A0JwT3YrXEtQKN,E01333,primary,
org_a,0015A08i2Z4aUJtQQM,E01334,primary,
org_a,0015A0DeojjosHNQCY,E01336,primary,
org_a,0015A06Ldx7UqMWQE0,E01337,primary,
org_a,0015A0kQTFKDWfAQ2X,E01338,primary,addr_abbrev
org_a,0015A0nTOtGoMgQQMV,E01339,primary,addr_abbrev
org_a,0015A0J3GMnbnEkQ0I,E01340,primary,
org_a,0015A09bYzJstbfQIB,E01341,primary,web_missing
org_a,0015A0JYwz3uah1QGA,E01342,primary,web_missing
org_a,0015A0L7AQV19EVQ0Z,E01343,primary,web_missing
org_a,0015A0MuAYJJK47Q0H,E01344,primary,
org_a,0015A0ZIauOMFZIQG5,E01346,primary,addr_abbrev|zip_plus4
org_a,0015A0yBeyqGzuYQES,E01347,primary,
org_a,0015A0lkCRL9XZiQYN,E01348,primary,web_missing
org_a,0015A0RCS6ysmEaQOI,E01350,primary,
org_a,0015A0SM8HEmkJwQWJ,E01352,primary,addr_abbrev
org_a,0015A0Cfxj6fk2nQCA,E01353,primary,
org_a,0015A01WHgFEOaqQMH,E01355,primary,web_missing
org_a,0015A0jRUWoZKleQ2G,E01358,primary,
org_a,0015A0Ov1noOuNjQCK,E01360,primary,
org_a,0015A05Ouvy6mMEQEY,E01363,primary,
org_a,0015A0DhziZc9TrQCJ,E01364,primary,
org_a,0015A08BrAhI75aQUC,E01373,primary,
org_a,0015A0QJ1Po43yBQWQ,E01374,primary,
org_a,0015A0oFA0T7eMZQMZ,E01375,primary,
org_a,0015A0hlJZt8FOGQY2,E01376,primary,addr_abbrev
org_a,0015A0Yj7yyPe43QCC,E01378,primary,addr_abbrev
org_a,0015A0sroZbqjzFQQQ,E01380,primary,
org_a,0015A0Em6prRF8IQCW,E01381,primary,web_missing
org_a,0015A05D4OSqxeHQUR,E01382,primary,
org_a,0015A0G9JfSFVx5QKH,E01383,primary,zip_plus4
org_a,0015A0NYcP1VYXBQW4,E01384,primary,
org_a,0015A01bELcuJHKQY2,E01391,primary,addr_abbrev
org_a,0015A0G0JzVIs2FQKT,E01392,primary,addr_abbrev
org_a,0015A0NPaLJpQmFQWV,E01393,primary,web_missing
org_a,0015A0bKMu3DIZoQMO,E01396,primary,
org_a,0015A0ywPXGSJ6BQYX,E01397,intra_dup,addr_abbrev|conflict_employees|name_sector_variant
org_a,0015A0O5mwtplybQCA,E01397,primary,web_missing
org_a,0015A0dnAKRVQxbQYH,E01398,primary,addr_abbrev|web_missing
org_a,0015A0xaeAQI9XOQQ1,E01399,primary,
org_a,0015A0vBXQzetv1Q2A,E01401,primary,
org_a,0015A0T0onsFs25QCC,E01402,primary,
org_a,0015A0dXk4qrs4aQEA,E01403,primary,phone_missing
org_a,0015A0zsn6l405JQAQ,E01404,primary,
org_a,0015A0YX6t64s5hQGA,E01405,primary,
org_a,0015A0A9MH9SMFvQ0O,E01406,primary,
org_a,0015A0NZu1WQQ1bQGH,E01407,primary,addr_abbrev
org_a,0015A0CEQQd8BHZQ42,E01408,primary,addr_abbrev
org_a,0015A0j5Nk8lIiWQIU,E01409,primary,
org_a,0015A0SVJuETzUOQO1,E01411,primary,web_missing
org_a,0015A0Z7NYvJhICQ00,E01412,primary,
org_a,0015A037ZRuIf8nQYC,E01413,intra_dup,conflict_employees|name_case|name_sector_variant|phone_missing
org_a,0015A0Rx97Kz2GOQCZ,E01413,primary,addr_abbrev
org_a,0015A0LynJysds0QSA,E01414,primary,
org_a,0015A005W51mkZ9QII,E01415,primary,web_missing
org_a,0015A0l4atfIZAvQAO,E01416,primary,addr_abbrev
org_a,0015A0yTEMfk7qjQ2A,E01417,primary,
org_a,0015A0CFBmPoEVNQO3,E01419,primary,
org_a,0015A0mORD9YPKhQ2O,E01420,primary,
org_a,0015A06wu5p5kTDQAY,E01426,primary,
org_a,0015A09d8VjvZ7aQQE,E01427,primary,
org_a,0015A0CCGLfiPEUQ42,E01428,primary,addr_abbrev
org_a,0015A0Kqr6KUCiWQCX,E01430,primary,
org_a,0015A0WLQse4kGYQOY,E01432,primary,web_missing
org_a,0015A0LHlyReOZWQG3,E01433,primary,web_missing
org_a,0015A0zMSctysLkQMI,E01435,primary,zip_plus4
org_a,0015A0RTv5WUWztQGH,E01436,primary,
org_a,0015A0AMYKd1n9UQ4Q,E01437,primary,addr_abbrev
org_a,0015A0SyExxwu3KQKQ,E01438,primary,addr_abbrev|web_missing
org_a,0015A0WZXXb0kBmQ4I,E01439,primary,
org_a,0015A0mGigcfvXvQEI,E01440,primary,
org_a,0015A0QRNJFjSDUQ43,E01441,primary,phone_missing
org_a,0015A0JeMDMqMKRQ03,E01442,primary,
org_a,0015A0OGpAGWh8IQWT,E01443,primary,addr_abbrev|web_missing|zip_plus4
org_a,0015A0zj6BYfGE6QQN,E01445,primary,web_missing
org_a,0015A0ymNXxK1gBQYS,E01446,primary,
org_a,0015A0tfY1BbVfJQIV,E01448,primary,
org_a,0015A0wU9lR8KtpQEF,E01449,primary,addr_abbrev
org_a,0015A0BWJuAzIoqQOF,E01450,primary,
org_a,0015A0iGD3HvvLkQMJ,E01451,primary,
org_a,0015A0nw2o9s9pxQAA,E01452,primary,
org_a,0015A0zJotuMlaxQEC,E01453,primary,
org_a,0015A0gxH9NufmtQIB,E01454,primary,
org_a,0015A055bmuG252QAC,E01455,primary,
org_a,0015A0XvcdUdLbbQCF,E01456,primary,phone_missing
org_a,0015A0aWkLQrzVBQUZ,E01457,primary,
org_a,0015A0N7ZcaGPXaQKO,E01458,primary,
org_a,0015A0rlJAA5RctQYF,E01459,primary,
org_a,0015A0A5A6TpD2yQKF,E01460,primary,web_missing
org_a,0015A0x1dp4RxyhQAC,E01462,primary,
org_a,0015A04cnP1puOFQQY,E01463,primary,addr_abbrev|zip_plus4
org_a,0015A0mMcpaWh11QEC,E01465,primary,addr_abbrev
org_a,0015A0ZAeuBpC3lQGF,E01468,primary,addr_abbrev
org_a,0015A0H7miB5iuVQCR,E01469,primary,
org_a,0015A0uDAntGxdrQMC,E01471,primary,
org_a,0015A0LX2EBRUYeQWP,E01473,primary,
org_a,0015A0fKDv87HDgQMM,E01475,primary,
org_a,0015A06Tvmdy6fDQEQ,E01476,primary,
org_a,0015A0RgcWmblozQSA,E01480,primary,
org_a,0015A0SsedWj8QxQCJ,E01483,primary,
org_a,0015A0sviKir1IiQQI,E01484,primary,
org_a,0015A09sSZZ6JzPQYV,E01485,primary,web_missing
org_a,0015A06XwN5x4G7QUI,E01488,primary,phone_missing
org_a,0015A0LLyaHCerkQGD,E01489,intra_dup,addr_moved|conflict_employees|conflict_industry|name_case|name_sector_variant|phone_changed
org_a,0015A0W5bTS8byRQSR,E01489,primary,addr_abbrev
org_a,0015A01RyvDSbyfQED,E01490,primary,addr_abbrev
org_a,0015A0RQC2kQC1TQOW,E01494,primary,
org_a,0015A0iH3OZmUIHQU3,E01495,primary,web_missing
org_a,0015A0C40BLzNuwQSF,E01496,primary,web_missing
org_a,0015A0jYDj9igwUQMQ,E01499,primary,addr_abbrev
org_a,0015A09RkgjjdCWQEY,E01500,primary,
org_a,0015A07sq8q5OHLQA2,E01502,primary,
org_a,0015A0EEgF6qtVcQWI,E01504,primary,addr_abbrev|zip_plus4
org_a,0015A0yVSY8f60jQ2A,E01506,primary,
org_a,0015A0b193KpViVQAV,E01507,primary,
org_a,0015A02SzLSiQsuQUF,E01510,primary,
org_a,0015A0jLoWYkJh7QUF,E01511,primary,
org_a,0015A0AuQiJcsYIQKZ,E01512,primary,web_missing
org_a,0015A0Fhl1WWmSjQCL,E01513,primary,addr_abbrev
org_a,0015A0s20TZ9S1bQQF,E01514,primary,
org_a,0015A0MfVh5LSCGQK4,E01515,primary,
org_a,0015A0tJDCFAKCbQ2P,E01517,primary,
org_a,0015A0YQIb5TZOaQOO,E01518,primary,
org_a,0015A0rGSVai08gQ2A,E01521,primary,
org_a,0015A0Jv366uVDmQCM,E01523,primary,
org_a,0015A0p2bfUmFXLQA3,E01525,primary,addr_abbrev
org_a,0015A0R8uKYhivqQSB,E01528,primary,web_missing
org_a,0015A0uOoP1LYgrQUG,E01529,primary,
org_a,0015A0kW3z9lyi0QEA,E01530,primary,
org_a,0015A0Cec9gBKc9QCG,E01532,primary,
org_a,0015A0CYLdk6W82QOE,E01533,primary,web_missing|zip_plus4
org_a,0015A0VT97mOziZQGS,E01534,primary,
org_a,0015A0jzpAU057aQQB,E01535,primary,
org_a,0015A0HNhbziAzxQGE,E01536,primary,
org_a,0015A0INl3JwN6VQGV,E01537,primary,
org_a,0015A00JeKVgi8JQUR,E01539,primary,
org_a,0015A08liKWCp49QQD,E01540,primary,
org_a,0015A0MQ0rQGHIMQG5,E01542,primary,
org_a,0015A0H2UgkHpCuQKK,E01543,primary,
org_a,0015A0GTAhHQk5HQOT,E01544,primary,
org_a,0015A0VGW6lkTNCQO2,E01545,primary,addr_abbrev|web_missing|zip_plus4
org_a,0015A0pRn6pROZzQEO,E01546,primary,
org_a,0015A0cBqRAYbx7QUD,E01547,primary,
org_a,0015A0ojIYzOn7EQYS,E01548,primary,web_missing
org_a,0015A005k2bBfZaQAK,E01550,primary,
org_a,0015A0Wwtg5z5kBQCQ,E01553,intra_dup,name_sector_variant|name_suffix|web_subdomain|zip_plus4
org_a,0015A0OeGCMhLnTQ0V,E01553,primary,addr_abbrev
org_a,0015A0FbIDP1ykkQ0B,E01554,primary,
org_a,0015A0QaLJLQS9XQ0X,E01556,primary,phone_missing
org_a,0015A0stARJqYQVQY3,E01557,primary,
org_a,0015A0zANmZOCUGQM5,E01558,primary,
org_a,0015A05HsPc4gXmQUI,E01559,primary,addr_abbrev
org_a,0015A03qQo7ps4QQIQ,E01560,primary,
org_a,0015A0dB2dJfyjpQEB,E01562,primary,phone_missing
org_a,0015A0IiQ3DR51eQKD,E01565,primary,addr_abbrev
org_a,0015A0ZrrIcWpTbQSK,E01566,primary,
org_a,0015A0C1aA2LcaHQSS,E01567,primary,addr_abbrev
org_a,0015A0u9bS6ivjdQQA,E01568,primary,
org_a,0015A0aI7qEv30mQEB,E01573,primary,web_missing
org_a,0015A03UZgy7L9gQME,E01575,primary,
org_a,0015A0DnYcAcPRWQK3,E01579,primary,addr_abbrev
org_a,0015A0hctjzeHbZQAU,E01580,primary,addr_abbrev
org_a,0015A05kv9GVXTUQA5,E01581,primary,
org_a,0015A0aGmGbSDccQUG,E01582,primary,addr_abbrev
org_a,0015A0lwXihD8gsQIC,E01583,primary,
org_a,0015A06p7IrRIpSQQW,E01584,primary,
org_a,0015A0vFd0R903vQEB,E01585,primary,addr_abbrev
org_a,0015A0BOlqqZ03SQGS,E01586,primary,
org_a,0015A0BywSrxSqjQSE,E01588,primary,
org_a,0015A0b6FCvN7t1QYC,E01590,primary,web_missing
org_a,0015A0wrw3c2zYhQAI,E01592,primary,web_missing
org_a,0015A0ETp8oO2x7QGC,E01594,primary,
org_a,0015A0ZskXGrCG8QSN,E01596,primary,
org_a,0015A00xn2VlhCmQAJ,E01597,primary,zip_plus4
org_a,0015A0ztfhhZfLNQA0,E01604,primary,
org_a,0015A05xBo2wYbuQIE,E01606,primary,phone_missing
org_a,0015A0HMnoTvJnQQGV,E01609,primary,
org_a,0015A09knt11LNIQA2,E01611,primary,addr_abbrev|web_missing
org_a,0015A0TbWCDXqIHQ01,E01612,primary,
org_a,0015A0UjqXmjalIQSQ,E01613,primary,web_missing
org_a,0015A0YsOrPRprYQKT,E01614,primary,
org_a,0015A0w5GNcXB48QYG,E01615,primary,
org_a,0015A08zl9dDXC8QAO,E01618,primary,
org_a,0015A07jXudlZS0QIM,E01622,primary,zip_plus4
org_a,0015A0qiyywjmWxQAI,E01623,primary,addr_abbrev
org_a,0015A0WXKf9MxnYQOS,E01628,primary,
org_a,0015A0XTM6XqX2tQOF,E01631,primary,
org_a,0015A0GMJsXqZ7nQOF,E01635,primary,
org_a,0015A043NPLBoGLQY1,E01636,primary,addr_abbrev
org_a,0015A0mdzYiDRAlQQO,E01637,primary,
org_a,0015A0geNuSPTaTQIX,E01638,primary,addr_abbrev
org_a,0015A0YZPScoszYQ4Q,E01641,intra_dup,addr_abbrev|conflict_industry|web_missing
org_a,0015A0BfLtba2j4QKA,E01641,primary,addr_abbrev|zip_plus4
org_a,0015A0gIU1NsFKdQMN,E01643,primary,addr_abbrev
org_a,0015A0FSzVoR200QWC,E01645,primary,
org_a,0015A0jvirgj8YlQAI,E01646,primary,
org_a,0015A0UC7ENHtIHQW1,E01648,primary,
org_a,0015A0wMQ0sxAiNQMU,E01654,primary,phone_missing|web_missing
org_a,0015A0BcHjveLMPQK2,E01655,primary,
org_a,0015A0H6d8Gymh7QCB,E01657,primary,
org_a,0015A0wkLJtRr7aQYC,E01658,primary,addr_abbrev
org_a,0015A024nc0BnmVQAS,E01662,primary,web_missing
org_a,0015A0CKCrtZiEcQOK,E01664,primary,web_missing
org_a,0015A0KdZtSC0DOQK1,E01666,primary,phone_missing
org_a,0015A0r6jSLrTgRQQV,E01667,primary,zip_plus4
org_b,0018g0vcubg84R4AAI,E00005,primary,
org_b,0018g0B0AXZfRdhA0F,E00007,primary,zip_plus4
org_b,0018g0rXLw85yTjAMI,E00010,primary,web_missing
org_b,0018g0IHHYUfNSQA43,E00011,shared_copy,addr_abbrev|addr_missing|conflict_industry|phone_missing|web_missing|zip_plus4
org_b,0018g0hPwQcP3d9AUC,E00012,primary,
org_b,0018g0bLwWpUMNbAUO,E00013,primary,web_missing
org_b,0018g0DnN7MFHmtAKH,E00014,shared_copy,addr_abbrev|addr_missing|addr_moved
org_b,0018g0mrqFJdZNRAQ3,E00015,primary,
org_b,0018g0saTvnCFJNAI4,E00018,primary,addr_abbrev|phone_missing|zip_plus4
org_b,0018g0qg03VIK0RAAX,E00019,shared_copy,conflict_industry|name_case|name_sector_variant
org_b,0018g0uqlfKzvJUAAZ,E00020,primary,zip_plus4
org_b,0018g0bsxYjSUreAQG,E00022,primary,phone_missing
org_b,0018g02id83rMGLAA2,E00023,primary,
org_b,0018g0KV4EoKrH9AWK,E00024,primary,phone_missing
org_b,0018g05vogDCxrpAAD,E00025,primary,phone_missing
org_b,0018g0cEVs0c7GVAMY,E00028,primary,web_missing
org_b,0018g0kU8h7TAiIAEW,E00030,primary,web_missing
org_b,0018g06D4G3WzuFAUS,E00031,primary,
org_b,0018g0vyINgjOyoAYE,E00032,shared_copy,addr_abbrev
org_b,0018g00pJk8QsfaAIC,E00035,primary,
org_b,0018g0vRQN7F6LDA20,E00036,shared_copy,addr_moved
org_b,0018g0gwTUZzqcDAYR,E00041,primary,
org_b,0018g0cKR9Ug752AMB,E00045,primary,
org_b,0018g0hGnRjcZQBAU2,E00046,primary,
org_b,0018g03FmUKTlVZAU1,E00047,shared_copy,addr_missing|addr_moved|conflict_employees|name_suffix|phone_changed
org_b,0018g0kZz7JeIlcAEF,E00048,primary,
org_b,0018g06oeSo2t2JAQQ,E00049,primary,
org_b,0018g0l0CdT5OeYAIV,E00050,primary,
org_b,0018g0NoLacbsvvAKA,E00055,primary,phone_missing
org_b,0018g0aVaNh1JDxAUM,E00060,primary,
org_b,0018g04cJByCgFhAYK,E00061,primary,
org_b,0018g0QinreFzmOACS,E00062,shared_copy,addr_abbrev|name_suffix|name_typo|rebrand_domain
org_b,0018g0I1D5dy4eLAKQ,E00064,shared_copy,name_typo|phone_missing|web_subdomain|zip_plus4
org_b,0018g0XGqfqIwhoAGC,E00065,primary,
org_b,0018g0WEQeE3k4qAOB,E00069,intra_dup,addr_missing|conflict_employees|conflict_industry|name_suffix|zip_plus4
org_b,0018g0VPKHHqYX9A4N,E00069,primary,
org_b,0018g0aMLYgSEMmA2O,E00070,primary,
org_b,0018g0VNZr2tJJ1AOM,E00073,primary,
org_b,0018g0y5GdbU4WUAI0,E00074,primary,
org_b,0018g0tIZU3EWDJA24,E00075,shared_copy,addr_abbrev|addr_moved|conflict_employees|conflict_industry|name_case|name_sector_variant|web_missing
org_b,0018g0w5mXGKmd9AQD,E00076,shared_copy,addr_abbrev|addr_moved|conflict_employees|conflict_industry|name_suffix|rebrand_domain|zip_plus4
org_b,0018g05dJzM8KOMAI3,E00079,shared_copy,name_case|name_sector_variant|phone_changed
org_b,0018g0JyZ1J0UofAKF,E00080,shared_copy,phone_changed|rebrand_domain|zip_plus4
org_b,0018g0BpfN2SovhASC,E00086,primary,
org_b,0018g0O4ehZCu3uACD,E00092,primary,
org_b,0018g0oN40Rou9jAEB,E00093,primary,
org_b,0018g0PswYplMouASE,E00094,primary,
org_b,0018g0a1GYDF4uwAYD,E00096,primary,web_missing
org_b,0018g0LGrGJ5w99AWB,E00097,primary,
org_b,0018g0MKfp6DRkmAGG,E00098,shared_copy,addr_missing|addr_moved|name_case|name_sector_variant
org_b,0018g0oPyf08j6CAEQ,E00100,primary,phone_missing
org_b,0018g00NWVABQCAA25,E00101,shared_copy,web_missing
org_b,0018g0RfkzcAy1UACS,E00104,primary,
org_b,0018g0jJidO48q4AEB,E00105,primary,
org_b,0018g0NkpbUABo9ACH,E00108,primary,addr_abbrev
org_b,0018g0r8uQCrwDoAQJ,E00110,primary,
org_b,0018g0cC3RqlHvEAUU,E00112,primary,
org_b,0018g0UaeeyXMM4ACO,E00115,primary,addr_abbrev
org_b,0018g0rthSs2QikAQE,E00117,primary,web_missing
org_b,0018g0g5njt3jmMAAQ,E00118,primary,
org_b,0018g0ufNufwNn7AIE,E00123,shared_copy,conflict_employees|conflict_industry|name_typo
org_b,0018g0h4rAxux0qAQA,E00124,primary,
org_b,0018g0bzKV88MsAAYU,E00128,intra_dup,addr_moved|phone_missing|web_missing
org_b,0018g0Aoo3KeW7WACV,E00128,primary,
org_b,0018g0cvez52MYIAA2,E00129,primary,
org_b,0018g0ARLNsUU7sA4G,E00130,shared_copy,conflict_employees|name_sector_variant|name_suffix|phone_missing|web_missing|zip_plus4
org_b,0018g0Try1fsXmYACU,E00131,primary,
org_b,0018g0kWsV8BKamAUG,E00134,primary,
org_b,0018g082JNekqd3AYA,E00135,primary,
org_b,0018g0hTBom2zoUAMQ,E00136,primary,
org_b,0018g0l3OYjc5K3AYI,E00137,primary,web_missing
org_b,0018g0EbsIpf7GMASY,E00138,primary,phone_missing
org_b,0018g0uQq3KlPFEAE3,E00140,shared_copy,conflict_industry|phone_changed|web_subdomain|zip_plus4
org_b,0018g0Eqbgc9BDEAC2,E00142,primary,zip_plus4
org_b,0018g0gWhDmMKlYAUW,E00145,shared_copy,addr_abbrev|phone_missing|rebrand_domain|zip_plus4
org_b,0018g0swIe81zPLAIY,E00147,intra_dup,addr_abbrev|addr_moved|name_suffix|zip_plus4
org_b,0018g0PFAls5lLzAOI,E00147,primary,web_missing
org_b,0018g0DdDzmyS2kAKE,E00150,primary,addr_abbrev|web_missing
org_b,0018g0xvTRpkzZ9AYI,E00151,shared_copy,phone_missing|rebrand_domain
org_b,0018g0Ix0jrT4oTACS,E00154,primary,phone_missing
org_b,0018g0G7yvuOMsOACW,E00157,shared_copy,addr_abbrev|conflict_employees|name_suffix|phone_missing
org_b,0018g0Wg8viy4yrACA,E00158,primary,
org_b,0018g0T2G31LS96AKG,E00160,primary,
org_b,0018g0ABzzbRkDKAG0,E00162,shared_copy,addr_abbrev|addr_moved|conflict_employees|name_suffix
org_b,0018g0Xv7j5FuGrACK,E00165,primary,
org_b,0018g0DNoRrFWDcAWO,E00166,shared_copy,addr_missing|addr_moved|name_typo
org_b,0018g0Qm1jjRw31ACC,E00167,shared_copy,name_case|name_typo|phone_changed|rebrand_domain
org_b,0018g0X7zxBeKyrACF,E00170,primary,
org_b,0018g0IKZSk6IghA4E,E00171,primary,
org_b,0018g0re8IuhTIHAQ2,E00172,primary,web_missing
org_b,0018g0Gikc6ug0KACQ,E00174,primary,
org_b,0018g0QIQrlycrxAOA,E00175,primary,
org_b,0018g0LavnJp0KnACJ,E00179,primary,
org_b,0018g0e8yBYZtL9AQL,E00180,primary,phone_missing
org_b,0018g0bOEs1y5QFAMY,E00181,primary,phone_missing
org_b,0018g0TlEiROkPGAK1,E00182,shared_copy,name_sector_variant|phone_missing|web_missing
org_b,0018g0YI6rqbUcgAGE,E00184,primary,web_missing
org_b,0018g0S79YI14c6ASB,E00185,primary,
org_b,0018g00l01runsQAAQ,E00188,primary,
org_b,0018g0Nx3AJMdvUAST,E00189,primary,
org_b,0018g0yEDw6bCBtAMM,E00192,primary,
org_b,0018g0K1Nc1CyKvAKK,E00193,primary,
org_b,0018g0bfdJrWXcYAQW,E00194,primary,
org_b,0018g0q3V1RFZTEAI5,E00195,primary,
org_b,0018g0hiHteezNQAIY,E00196,primary,
org_b,0018g07OQOpZzlkA2C,E00198,primary,
org_b,0018g0PMkgvUXGsAGO,E00200,primary,
org_b,0018g0iIP7ev12rAMA,E00201,shared_copy,addr_abbrev|addr_moved|conflict_employees|phone_missing|web_missing
org_b,0018g00ay1uXbzTAAS,E00202,intra_dup,conflict_employees|conflict_industry|name_sector_variant|phone_changed|web_missing
org_b,0018g00uwc44BjaAAE,E00202,primary,
org_b,0018g0iRWRdMt5uA2C,E00206,primary,
org_b,0018g0U3SsDVseDAKT,E00207,primary,
org_b,0018g0PXZggVGLzAOO,E00209,shared_copy,addr_moved|name_sector_variant|name_suffix
org_b,0018g0ENbGRxCq6AWF,E00210,shared_copy,conflict_industry|name_case|name_suffix|phone_missing|web_missing
org_b,0018g0bRrpd2grtAEA,E00211,primary,
org_b,0018g0I65hJTuyoACD,E00213,primary,addr_abbrev
org_b,0018g00ws0fdrivAAA,E00217,primary,addr_abbrev
org_b,0018g0Vx9SyP51rASC,E00219,primary,phone_missing
org_b,0018g0BrgxkllLhACI,E00220,primary,
org_b,0018g02jnKn8jw2AQA,E00221,primary,
org_b,0018g0kcqQ81qmQAQQ,E00222,primary,phone_missing|zip_plus4
org_b,0018g0sYjpanJwzAEE,E00224,shared_copy,name_suffix|phone_changed|web_missing|zip_plus4
org_b,0018g0zh5CyxSgwAQE,E00226,primary,
org_b,0018g0FGg1G32sLAGR,E00227,primary,
org_b,0018g0MJVxNdGi9AOF,E00229,primary,
org_b,0018g0KLDcPBstjAOD,E00230,intra_dup,addr_abbrev|name_typo|zip_plus4
org_b,0018g0Ee1eTWsJdACL,E00230,primary,
org_b,0018g04DgYWvFihAUF,E00231,shared_copy,addr_moved|phone_missing
org_b,0018g0vRrGjX3OhAUK,E00232,primary,web_missing
org_b,0018g0g54HMHjXbAQL,E00233,primary,
org_b,0018g086L1M1443AIB,E00234,shared_copy,addr_moved|name_case|name_suffix|phone_changed|web_missing
org_b,0018g0I4DstZ3VdAKK,E00236,shared_copy,addr_abbrev|conflict_employees|name_case|web_subdomain
org_b,0018g0KhjNSTyvfASD,E00237,primary,web_missing
org_b,0018g0vgFYytUjNAYU,E00238,primary,
org_b,0018g0dSeVxATIbAUO,E00239,primary,
org_b,0018g0ZC64onFLZAG2,E00241,primary,
org_b,0018g0A73X3qeKrASI,E00242,primary,
org_b,0018g0qsw2p6WcCAAU,E00244,primary,
org_b,0018g0ClRbAvB0SAKV,E00249,primary,
org_b,0018g05ZSQnxqPIA2Y,E00250,shared_copy,addr_abbrev|conflict_employees|name_suffix|name_typo|phone_changed|rebrand_domain
org_b,0018g0h82Soka3pAQA,E00252,primary,addr_abbrev
org_b,0018g0IRkdwVKugAGG,E00253,shared_copy,addr_abbrev|addr_moved|name_typo|web_missing
org_b,0018g0wsAFITGhtAYH,E00255,primary,zip_plus4
org_b,0018g0Q7Ufrf0P8AKI,E00260,primary,
org_b,0018g0w1NSopNykAYE,E00262,primary,
org_b,0018g0Qgh3DRdJ7ACL,E00263,intra_dup,conflict_employees|name_suffix|web_missing
org_b,0018g05jzKWz0OiAQJ,E00263,shared_copy,addr_abbrev|name_case|web_subdomain
org_b,0018g0pA1tq2xVJAEY,E00264,primary,zip_plus4
org_b,0018g0SW8ZLedaQAWR,E00266,primary,
org_b,0018g0CeiHKrsBEASZ,E00267,primary,web_missing
org_b,0018g0TEl74aqk2AGA,E00268,primary,
org_b,0018g0zda89Pr6FAAS,E00269,primary,
org_b,0018g074DIRFauWAYT,E00270,primary,addr_abbrev
org_b,0018g0wnZwheUGAAI2,E00271,primary,addr_abbrev
org_b,0018g0hATSNMSneA2H,E00275,primary,
org_b,0018g00IVuwq82uAMA,E00278,primary,addr_abbrev|zip_plus4
org_b,0018g0DiUJQ9pTIA0Z,E00279,primary,addr_abbrev
org_b,0018g0jWJhCuq1VAMR,E00280,primary,
org_b,0018g0WC8vISxFJAG1,E00281,primary,
org_b,0018g0E43zIqTVYAC3,E00282,primary,
org_b,0018g06JmxAwGQBAE3,E00284,primary,
org_b,0018g0QTARkj5RYA4Y,E00286,shared_copy,addr_abbrev|addr_moved|name_sector_variant|name_typo|web_subdomain|zip_plus4
org_b,0018g0IYPfYkAuhAOF,E00288,shared_copy,name_typo|phone_missing
org_b,0018g0JNTdqGTTkAOO,E00289,primary,addr_abbrev
org_b,0018g0ZUkLijvzOAWQ,E00291,shared_copy,conflict_industry|name_sector_variant|name_suffix|phone_missing|web_subdomain
org_b,0018g0eaaxZyCw6AAF,E00292,primary,
org_b,0018g0ZUG2KfWVEAO3,E00293,primary,addr_abbrev
org_b,0018g0jdY6yl9CcAII,E00294,primary,zip_plus4
org_b,0018g0mq2gJSb7JAAT,E00295,primary,addr_abbrev
org_b,0018g0GtHN7RaonA0C,E00296,primary,
org_b,0018g0oP4EpnYPkAUM,E00297,primary,web_missing
org_b,0018g0iIrLQeLQKAU3,E00298,primary,addr_abbrev
org_b,0018g08JNgLEnIpAML,E00300,shared_copy,name_typo|phone_missing
org_b,0018g0W3DmmijrbAKA,E00301,primary,web_missing
org_b,0018g0NTZD06qI5A4I,E00305,primary,
org_b,0018g0Fnv4qvMlOACU,E00307,shared_copy,addr_abbrev|name_sector_variant|phone_changed
org_b,0018g0sbi6sXmANAA0,E00310,shared_copy,addr_abbrev|phone_missing
org_b,0018g0JHbX9CHIGAW4,E00311,primary,
org_b,0018g00cra7yMvzAAE,E00313,primary,addr_abbrev
org_b,0018g0KMTONOlV6A4L,E00315,primary,
org_b,0018g0V6ruP7w19ACB,E00316,primary,phone_missing
org_b,0018g0fSSMyXsqhA2C,E00317,primary,
org_b,0018g024VvGCO7dAIH,E00318,shared_copy,conflict_employees|web_subdomain
org_b,0018g04KqYZgbhvAUB,E00319,shared_copy,addr_abbrev|name_suffix|phone_missing|zip_plus4
org_b,0018g07QafQjWH0AEN,E00320,primary,
org_b,0018g0alNq7mINuAIM,E00321,primary,
org_b,0018g0wtuxOkMvTAAV,E00325,shared_copy,conflict_industry|name_sector_variant|rebrand_domain
org_b,0018g0sTPiwnzR1AMI,E00327,primary,
org_b,0018g0MEZ9AMWuBAOX,E00329,primary,addr_abbrev
org_b,0018g0uV5aP9LjJAEV,E00330,primary,
org_b,0018g0W97CsE6nVASS,E00331,shared_copy,name_sector_variant|name_suffix|rebrand_domain|zip_plus4
org_b,0018g0SHMXXkcZxA4J,E00332,primary,
org_b,0018g03Cj7krICNAE2,E00334,primary,
org_b,0018g0GBvsv71FgAGI,E00336,primary,
org_b,0018g07cBHRUe3MAYT,E00338,shared_copy,conflict_employees|name_sector_variant|web_subdomain
org_b,0018g0mJdNaoyDuAUI,E00339,shared_copy,addr_abbrev|conflict_industry|name_suffix|name_typo
org_b,0018g07V6rsjMvCAEU,E00341,primary,zip_plus4
org_b,0018g09JbnJDgVfAEL,E00343,shared_copy,conflict_industry|name_case|name_typo
org_b,0018g03VYbCfHdRAMV,E00344,primary,
org_b,0018g0AgOKSlwwKA0R,E00345,shared_copy,addr_abbrev|name_suffix|phone_missing|web_missing
org_b,0018g0J6lVTzDGdASN,E00346,primary,
org_b,0018g0nJh5SXZYVAE5,E00348,shared_copy,addr_abbrev|addr_moved|phone_missing
org_b,0018g0tMbNzrBHqAUM,E00349,primary,
org_b,0018g02MLKWafWDA2Z,E00351,primary,
org_b,0018g0RkzcTdKaFACV,E00352,primary,
org_b,0018g0I46OgIzTaASK,E00353,primary,
org_b,0018g091ooEJ2i7AAD,E00357,primary,
org_b,0018g0lVQYuyP29A2E,E00358,primary,addr_abbrev|phone_missing
org_b,0018g0ChfbaK8bOACS,E00359,primary,addr_abbrev
org_b,0018g0AA5JKRGe7AWH,E00362,primary,
org_b,0018g0PJMR5xnfmA4A,E00363,primary,
org_b,0018g0ErgkPTBcvACH,E00364,primary,
org_b,0018g0UaizqYSzTACW,E00365,primary,
org_b,0018g0FESKyoTHxA4M,E00369,primary,
org_b,0018g06YaUY11lkAUB,E00371,primary,
org_b,0018g0tUcgOCmmyAED,E00372,primary,web_missing
org_b,0018g0RXvXiBi44AWC,E00374,primary,
org_b,0018g019Pzd4ufQAIQ,E00375,shared_copy,addr_moved|conflict_employees|phone_changed
org_b,0018g0IlV1RLPS1AKP,E00376,shared_copy,addr_abbrev|phone_changed|web_missing|zip_plus4
org_b,0018g0J7M0Z4vxKAKR,E00377,primary,
org_b,0018g0gyHgIDcORAI1,E00379,shared_copy,addr_missing|addr_moved
org_b,0018g0HOeaTzIgEAGV,E00380,primary,
org_b,0018g0FtuThy4SZASY,E00382,intra_dup,conflict_employees|name_case|web_subdomain
org_b,0018g0LM1IGd4a1AWB,E00382,shared_copy,name_suffix|phone_missing|web_subdomain
org_b,0018g0bT0oTSHyMAEX,E00384,shared_copy,addr_abbrev
org_b,0018g07l1EHU0aKAQT,E00385,shared_copy,addr_moved|name_suffix|phone_changed|web_missing
org_b,0018g0ZqwMOqbpaASB,E00387,primary,addr_abbrev
org_b,0018g0pk56qSExVAAW,E00391,shared_copy,addr_abbrev|addr_moved|name_suffix|name_typo|phone_missing
org_b,0018g0vtxadYhynAAC,E00393,shared_copy,addr_missing|addr_moved|name_suffix|phone_changed|zip_plus4
org_b,0018g0tvV7fGZOVAI4,E00394,primary,
org_b,0018g0DiEKxzym9A0A,E00396,intra_dup,addr_abbrev|name_case|name_typo|phone_changed|web_missing
org_b,0018g00DZnkKKePAMW,E00396,shared_copy,addr_abbrev|addr_moved|name_sector_variant|phone_changed
org_b,0018g0L2rkCAINpACP,E00400,primary,
org_b,0018g0mWrXEcb67AUB,E00401,primary,web_missing
org_b,0018g0oCBowwVLmAMM,E00402,shared_copy,addr_moved|conflict_employees|name_case|phone_changed|web_missing
org_b,0018g0jT7FbPiEZAU0,E00406,shared_copy,addr_abbrev|addr_moved|rebrand_domain
org_b,0018g0O4XW6Zhg9A0C,E00407,primary,
org_b,0018g0HVFbn2XEcAOM,E00409,primary,addr_abbrev|phone_missing
org_b,0018g0nkDE1iIgAAYU,E00410,primary,addr_abbrev
org_b,0018g0HikE68r9mASA,E00411,primary,
org_b,0018g0FKnCLdYaiAWF,E00412,shared_copy,addr_abbrev|addr_moved|name_typo
org_b,0018g0z8IPHzPpDAYV,E00413,primary,addr_abbrev|phone_missing
org_b,0018g05RXjtBTBLAM4,E00416,primary,web_missing
org_b,0018g0wMHWw6xwpA2A,E00417,primary,
org_b,0018g0HqzQOxh3RASR,E00419,primary,
org_b,0018g06BYU1ynfHA2Q,E00420,shared_copy,addr_abbrev|conflict_employees|phone_missing|web_missing
org_b,0018g0BOcH64lg3AWA,E00423,primary,
org_b,0018g08ribYn3KzAAJ,E00424,primary,
org_b,0018g0acOjfz6k2AIA,E00425,primary,
org_b,0018g0N7CK7AOVIA04,E00428,primary,
org_b,0018g0OzrKJipDWASZ,E00433,primary,web_missing
org_b,0018g0DIfNQw4ZWAWZ,E00434,primary,
org_b,0018g0RfCxoPDkbAKG,E00435,primary,
org_b,0018g0wN9X2PlxzAUC,E00437,primary,
org_b,0018g0TQIbaO6daAOC,E00438,primary,
org_b,0018g0IfU77l5sBAKQ,E00439,intra_dup,addr_moved|conflict_industry|name_sector_variant
org_b,0018g0wDZyW0zMTAMZ,E00439,primary,
org_b,0018g0xVki2WZlYAEW,E00443,shared_copy,name_sector_variant|phone_missing|web_missing|zip_plus4
org_b,0018g0toJg43wxcAIA,E00444,primary,
org_b,0018g0YYDLA3tkCA4R,E00445,shared_copy,addr_missing|addr_moved|conflict_industry|web_subdomain|zip_plus4
org_b,0018g0Sat1M8BkoACF,E00446,primary,
org_b,0018g0hVUXcFJVgA2O,E00447,primary,
org_b,0018g0iZwdPpvhGAER,E00448,shared_copy,addr_moved|name_case|name_sector_variant|phone_missing|rebrand_domain
org_b,0018g0fVMmnREOvAMO,E00450,primary,addr_abbrev|phone_missing
org_b,0018g0ejSiHr065AIB,E00452,primary,addr_abbrev
org_b,0018g0iWXCD41UEA2Z,E00453,primary,
org_b,0018g0oqoHyjsgNAQQ,E00458,shared_copy,addr_moved|name_case|name_sector_variant|phone_changed|web_subdomain
org_b,0018g0U3uquYYpSACW,E00459,primary,phone_missing|web_missing
org_b,0018g024lPJFKIAAQ5,E00460,primary,
org_b,0018g0uuMoeHBKGAI4,E00465,intra_dup,addr_missing|name_sector_variant|web_missing
org_b,0018g0VdMKPjvryA0B,E00465,primary,addr_abbrev|web_missing
org_b,0018g05Cqh3PQgZAEW,E00466,primary,zip_plus4
org_b,0018g0gR6aBnFHqAEN,E00467,primary,
org_b,0018g0FFTdjT4q7AOC,E00468,primary,zip_plus4
org_b,0018g0QIy5x32fNAGQ,E00469,primary,
org_b,0018g0uglXbUlvCAQS,E00470,primary,
org_b,0018g0kEBCnzT2PA2U,E00471,primary,
org_b,0018g0pcXy2fUGJAI2,E00474,primary,
org_b,0018g03uAkqWs7AAIS,E00475,primary,
org_b,0018g0dbWnowZSeAIM,E00476,primary,
org_b,0018g0d70LdnW5oAQE,E00479,primary,web_missing
org_b,0018g0ETybmm2CxAGI,E00481,shared_copy,name_case|name_sector_variant|zip_plus4
org_b,0018g0rQfFCdAtaAUF,E00483,primary,
org_b,0018g03B0sLqPkkAEF,E00485,primary,
org_b,0018g0ol9C8BQA9AQO,E00486,primary,phone_missing
org_b,0018g0yrBkS7ES2AIN,E00487,shared_copy,conflict_employees|name_suffix|name_typo|phone_missing
org_b,0018g0aPmDLiCTVAU3,E00488,primary,
org_b,0018g0vLAWBZfzlA2D,E00489,intra_dup,conflict_industry|name_sector_variant|name_suffix|web_missing
org_b,0018g0WJJ0lKNYrAOO,E00489,primary,web_missing
org_b,0018g0hLIn318VcAMI,E00495,primary,web_missing
org_b,0018g0kgnFS2PJ1AQN,E00496,primary,
org_b,0018g00oHY2CCMDAY4,E00498,shared_copy,addr_missing|addr_moved|name_sector_variant|zip_plus4
org_b,0018g0x2xOocVMeAQM,E00499,shared_copy,addr_moved|name_suffix|rebrand_domain
org_b,0018g0Wb4Iz7kNWASY,E00501,primary,
org_b,0018g0xxshpqlPuAAI,E00503,shared_copy,addr_moved|conflict_industry|name_case|phone_missing|web_missing
org_b,0018g0Wsuk6a3E9ACI,E00506,shared_copy,name_sector_variant|rebrand_domain
org_b,0018g0LyUulozOOAKY,E00507,shared_copy,addr_missing|conflict_employees|name_case|rebrand_domain
org_b,0018g0WxD5IM3aNAKT,E00509,primary,
org_b,0018g03lbIxK8lfAQC,E00511,primary,addr_abbrev
org_b,0018g0D8byiSSqOACW,E00512,shared_copy,conflict_employees|phone_changed
org_b,0018g0gRIf98d2XAMQ,E00515,primary,
org_b,0018g0UnD2osJHNAK2,E00516,primary,
org_b,0018g0xEjmL0uSRAEZ,E00518,primary,
org_b,0018g0uB4HdlLrtAUE,E00520,primary,
org_b,0018g0DlDjFHuBzAKL,E00523,shared_copy,addr_missing|addr_moved|name_sector_variant|name_typo
org_b,0018g0kQKnk7mk0AMA,E00525,primary,zip_plus4
org_b,0018g0Nh2sepQAkACM,E00526,intra_dup,addr_abbrev|conflict_industry
org_b,0018g01Vgcxu5QYAEY,E00526,shared_copy,addr_moved|name_typo|phone_missing
org_b,0018g09YHugMspmAMC,E00529,intra_dup,name_sector_variant|name_suffix|name_typo|web_missing
org_b,0018g0XXg9099nkAGA,E00529,primary,
org_b,0018g0ysBs370vpAIA,E00531,intra_dup,name_case|name_suffix
org_b,0018g0DaCmsu21OAKQ,E00531,primary,
org_b,0018g05hPyIIPB8AIP,E00532,primary,
org_b,0018g0oLD8hxZjCAMU,E00533,primary,web_missing
org_b,0018g09Hiz2LxmkAEC,E00534,shared_copy,addr_abbrev|name_sector_variant|name_suffix|web_missing
org_b,0018g0ed0rMefK8AAJ,E00535,primary,
org_b,0018g0RW5h5shNdAGI,E00536,primary,addr_abbrev
org_b,0018g0d6jPLlQf2AQF,E00537,shared_copy,addr_moved|name_suffix|phone_missing
org_b,0018g05bSBUwKKaAYN,E00539,primary,
org_b,0018g0wX8FJHBSwAUP,E00540,primary,
org_b,0018g0A9AfQlvwLAKR,E00541,shared_copy,conflict_industry|name_suffix|phone_changed|web_missing
org_b,0018g01nHdmPc6hAIC,E00543,primary,
org_b,0018g03CNWgRPJSA24,E00545,primary,
org_b,0018g0r1nhxRpvTAAS,E00546,primary,
org_b,0018g0YJucsuVHHAG2,E00547,shared_copy,name_sector_variant|phone_changed
org_b,0018g0oxfDHWVBeAQP,E00548,shared_copy,name_sector_variant|rebrand_domain
org_b,0018g0krZlpGF92AIG,E00549,primary,
org_b,0018g0Yo1LL3ij3ASB,E00550,primary,
org_b,0018g0LYjd8UoWgAGK,E00551,primary,
org_b,0018g0j3PbTxGVXAI3,E00552,primary,
org_b,0018g0WaF6LyOSZAK3,E00554,primary,zip_plus4
org_b,0018g0F1rNbKe4hASC,E00555,primary,
org_b,0018g0DkHynvoxKAKQ,E00557,primary,addr_abbrev
org_b,0018g03yF1oMepZAIS,E00558,shared_copy,name_suffix|phone_missing
org_b,0018g0WBRWVQrjqA4D,E00559,primary,
org_b,0018g0YPZgpDWKYAO4,E00560,primary,
org_b,0018g0TJZPD5HoKA4V,E00562,shared_copy,addr_abbrev|web_missing
org_b,0018g0mPaCUy5gFAUR,E00563,primary,
org_b,0018g0MfEqq5OuOAKU,E00564,primary,
org_b,0018g0dTGEgUWfwA2G,E00565,primary,phone_missing
org_b,0018g09oHrYKB7AAIX,E00566,shared_copy,addr_moved|name_case|name_typo|phone_missing
org_b,0018g02FwjRHILFAE5,E00567,primary,
org_b,0018g0OJpSM8UIRAW3,E00570,primary,
org_b,0018g0sJHiPzxOsAMJ,E00572,primary,
org_b,0018g0KWrLTBIvMAWX,E00573,primary,phone_missing
org_b,0018g028aejn3iPAAQ,E00576,intra_dup,addr_abbrev|conflict_employees|name_sector_variant|name_suffix|name_typo|zip_plus4
org_b,0018g0NbbmsrvfTACQ,E00576,shared_copy,name_case|name_typo|zip_plus4
org_b,0018g0eJDTtD5oIA2S,E00578,primary,
org_b,0018g0V7DXY56ZZA0Z,E00579,primary,
org_b,0018g0vqNoBkVMZAI3,E00580,primary,
org_b,0018g0jHLlKjB66AMF,E00582,primary,
org_b,0018g0XAzc0H5cnAGC,E00584,shared_copy,name_sector_variant|name_suffix|phone_missing
org_b,0018g0yR6rkUI5RAEW,E00585,primary,web_missing
org_b,0018g00DYcAfl8BAMR,E00587,primary,
org_b,0018g09XbrHPkaOAET,E00592,primary,
org_b,0018g0QaNY0F17YA0S,E00593,primary,
org_b,0018g0Pw26OizmXACR,E00594,shared_copy,addr_moved|conflict_industry|name_suffix
org_b,0018g0n5w37kuwOAAQ,E00596,primary,zip_plus4
org_b,0018g0kQwpWZDATAE5,E00597,primary,
org_b,0018g0oOjZ4r585AUA,E00598,primary,addr_abbrev
org_b,0018g0anhRheHRGAQ2,E00599,primary,
org_b,0018g0Ghecx7ZbrACE,E00601,shared_copy,addr_moved|rebrand_domain
org_b,0018g0HKzaRaXEEAG3,E00602,shared_copy,addr_moved|phone_missing|rebrand_domain|zip_plus4
org_b,0018g083BHswA6AAYU,E00603,primary,
org_b,0018g07DFxslVdjAME,E00611,shared_copy,addr_abbrev|addr_moved|conflict_employees
org_b,0018g062srwBxZJAA0,E00612,primary,
org_b,0018g0vEDQyb4ryA2A,E00614,primary,phone_missing|web_missing
org_b,0018g0OSLDprKt8A4E,E00617,primary,web_missing
org_b,0018g0yWMQ7E56vA2C,E00618,primary,phone_missing
org_b,0018g0EkQ9U7dvSAKR,E00619,primary,web_missing
org_b,0018g0V11MMVQR3ASP,E00620,shared_copy,web_missing
org_b,0018g097DB4RPtBAYW,E00622,primary,addr_abbrev
org_b,0018g0cTGwjhnRcAMI,E00623,intra_dup,name_suffix|name_typo
org_b,0018g0TpvS7UZrSASW,E00623,shared_copy,name_typo
org_b,0018g0giLZKxvAFAYZ,E00624,primary,
org_b,0018g0SDiEgBIouAWG,E00626,primary,
org_b,0018g0Sex0TSMHrACP,E00628,primary,
org_b,0018g0KMxQL1fkbAWB,E00630,intra_dup,addr_moved|conflict_industry|name_suffix|zip_plus4
org_b,0018g0opAGP0VcpAYF,E00630,primary,
org_b,0018g0i1cvHIAU1AAP,E00631,primary,
org_b,0018g05qW6XrVMEAI3,E00632,primary,
org_b,0018g0b8FIDOMcDAYX,E00633,primary,
org_b,0018g0NTe9t0gxUAGQ,E00634,primary,
org_b,0018g0bWyMk9xdLAUQ,E00635,primary,addr_abbrev
org_b,0018g0rbdyFdIvtAAF,E00637,primary,zip_plus4
org_b,0018g0sBikgYKeqAEG,E00639,primary,addr_abbrev
org_b,0018g0I2Pnh90OFAKY,E00640,primary,web_missing
org_b,0018g0gfmx1htWhAAI,E00642,primary,
org_b,0018g09Pk1kGNl3AEG,E00643,primary,
org_b,0018g0vTMLkbWJvA2M,E00644,primary,
org_b,0018g0ITH0IH0cZAOT,E00646,primary,addr_abbrev
org_b,0018g0BTqYIHEEfAWP,E00647,primary,
org_b,0018g0d5KQtspfmAYA,E00648,shared_copy,name_suffix|phone_changed|web_missing
org_b,0018g0uXYyW6q8PAMR,E00653,primary,
org_b,0018g0GTtjgj2b6AGA,E00654,primary,
org_b,0018g0HMUi026BsAOI,E00655,shared_copy,addr_abbrev|web_missing
org_b,0018g0mmly0DUkKAAW,E00656,primary,
org_b,0018g0SH2EbBsBAAW0,E00657,primary,
org_b,0018g0AE1uxGxa1AGC,E00659,shared_copy,addr_moved|conflict_employees|phone_missing|zip_plus4
org_b,0018g0A7ViKo8sEAKR,E00665,shared_copy,conflict_employees|name_case|name_sector_variant|phone_changed|web_missing
org_b,0018g0ox8FCY613AQD,E00666,primary,
org_b,0018g0ytqsB6JwdAAF,E00667,primary,web_missing
org_b,0018g0D0o7gisg4ACA,E00671,shared_copy,addr_abbrev|addr_moved|conflict_employees|name_sector_variant|name_suffix|name_typo|phone_missing|web_subdomain
org_b,0018g0jnODdZEMzAYO,E00672,primary,addr_abbrev|phone_missing|web_missing
org_b,0018g0g45xJOmlXAAT,E00673,primary,
org_b,0018g02dO3LXwYLAI1,E00676,shared_copy,zip_plus4
org_b,0018g0Fqf4sPvURAC0,E00677,primary,addr_abbrev|zip_plus4
org_b,0018g0Vu5WsjSGnASM,E00678,primary,addr_abbrev|zip_plus4
org_b,0018g0JN6WCCWJ0AWP,E00679,primary,
org_b,0018g0E7zA0LJAhASO,E00681,primary,phone_missing
org_b,0018g0PZYQRciWzA4J,E00682,primary,addr_abbrev|phone_missing|web_missing
org_b,0018g05oyIKQFQqAQP,E00683,primary,web_missing
org_b,0018g0sBcnvMtCqAEK,E00685,primary,
org_b,0018g02ILMRZBRvA2P,E00690,primary,
org_b,0018g0T3PRxLwvVA0S,E00691,primary,
org_b,0018g0CMBv7CwdxAOC,E00693,shared_copy,conflict_employees|phone_missing
org_b,0018g0qNQe3Imz4AMC,E00696,primary,
org_b,0018g0gEta057DrAEI,E00700,shared_copy,addr_moved|phone_missing|rebrand_domain
org_b,0018g0nT8Uai7EtAUI,E00703,primary,
org_b,0018g0hZZtu9uU1AMI,E00704,shared_copy,name_typo|phone_changed|rebrand_domain
org_b,0018g07p7aYfRVZAA3,E00705,shared_copy,addr_missing|phone_missing|zip_plus4
org_b,0018g0XDf6IuELlAGN,E00706,primary,
org_b,0018g0Txl4BzHHBAC3,E00707,primary,
org_b,0018g0HsJBHIqwWA0T,E00709,shared_copy,addr_abbrev|conflict_industry|phone_changed
org_b,0018g0SgEXQUVcjA0H,E00710,primary,
org_b,0018g0dauPFBObzAQH,E00711,primary,addr_abbrev
org_b,0018g0FeLE6en5RA0Q,E00712,primary,
org_b,0018g09txd4n1ELAAY,E00713,primary,
org_b,0018g0zWYZ1jaKlA2I,E00716,shared_copy,conflict_employees|phone_changed|zip_plus4
org_b,0018g0kkKiyV6bXAIS,E00717,primary,
org_b,0018g0IFFfvy4vbAOA,E00720,intra_dup,addr_abbrev|name_typo
org_b,0018g0dd87JwY27AAF,E00720,primary,
org_b,0018g0EN4l4ysioAGA,E00722,primary,addr_abbrev|phone_missing
org_b,0018g0xHLb4q9iOAMQ,E00723,shared_copy,addr_missing|conflict_employees|conflict_industry|web_missing|zip_plus4
org_b,0018g0ha1csAPYjAAO,E00724,shared_copy,addr_moved|name_case|name_suffix|phone_changed|zip_plus4
org_b,0018g0pSPCduUU5A2M,E00725,primary,addr_abbrev
org_b,0018g0R38Zph3AvASI,E00726,primary,
org_b,0018g0UNBZzHbSwA4K,E00727,primary,
org_b,0018g0ylwV0Ib6dAQC,E00728,primary,
org_b,0018g05l7CRnXJNAQ3,E00729,primary,zip_plus4
org_b,0018g0zN9ADpYUkAUN,E00730,primary,
org_b,0018g0C3AmoLDWIAK4,E00732,primary,
org_b,0018g0ZARbUKGBJAO5,E00734,primary,
org_b,0018g0Q0v2qqLDqACM,E00735,shared_copy,conflict_employees|name_case|phone_changed|web_missing
org_b,0018g0Iq0c30ijNACQ,E00738,primary,
org_b,0018g0VaaPG5sukASB,E00740,primary,
org_b,0018g085XaDZnsjAID,E00741,shared_copy,phone_missing
org_b,0018g0eoWdR92zGAIR,E00742,primary,
org_b,0018g0ysRF9Z2sEAYS,E00743,primary,
org_b,0018g0dSd5pAAheAEG,E00744,primary,
org_b,0018g0J3NgQKsi8AKD,E00746,primary,web_missing
org_b,0018g0rWHpH6knbAMB,E00749,primary,
org_b,0018g07Nxf1IJD3AEO,E00750,shared_copy,addr_abbrev|conflict_employees|conflict_industry|name_case|name_typo|web_missing
org_b,0018g0S9jc0PQq2ACG,E00754,shared_copy,addr_abbrev|conflict_employees|web_missing|zip_plus4
org_b,0018g0qpDr6WKlGAIW,E00756,primary,
org_b,0018g0UglrgmDNnACM,E00757,primary,
org_b,0018g04XO2QMOB6AMP,E00758,primary,
org_b,0018g05j4oPEBlRAAX,E00759,shared_copy,addr_missing|conflict_industry|name_suffix|name_typo|phone_missing|web_missing
org_b,0018g0yVpYEgcErAUJ,E00760,shared_copy,conflict_industry|name_sector_variant|web_subdomain
org_b,0018g0rS5q1SGlkAEG,E00761,shared_copy,addr_abbrev|conflict_industry|name_sector_variant|name_suffix|phone_missing|zip_plus4
org_b,0018g0jVsBEDobJAUT,E00764,shared_copy,conflict_industry|name_suffix|phone_missing
org_b,0018g0MXyok9MOJAG2,E00765,primary,
org_b,0018g0JLzMAJE0oAWH,E00766,primary,addr_abbrev
org_b,0018g07JRP0YaX9A2K,E00769,primary,
org_b,0018g0LDX6ULbkoAOD,E00770,primary,
org_b,0018g08AY2zsD0yAME,E00771,shared_copy,addr_abbrev|addr_moved|conflict_industry|name_suffix|name_typo|phone_missing
org_b,0018g05sGsZsHnnAIF,E00772,primary,
org_b,0018g0qwgP7wx3ZAQQ,E00773,shared_copy,conflict_industry|name_sector_variant|phone_changed|web_subdomain
org_b,0018g0yMyJDsJKdAUN,E00775,primary,phone_missing|zip_plus4
org_b,0018g0T1xcdknxwACA,E00776,primary,
org_b,0018g0ltwYXjou3AQB,E00777,intra_dup,addr_abbrev|name_suffix|web_missing
org_b,0018g0V1Jd2otscAKA,E00777,primary,
org_b,0018g0R2XDyf7fjA0A,E00779,primary,phone_missing
org_b,0018g0FM7NhohNuAWI,E00785,primary,
org_b,0018g0bM6RGOdeqAUD,E00787,shared_copy,addr_missing|name_suffix|name_typo|web_subdomain
org_b,0018g0v8MutIpbWAIS,E00788,primary,
org_b,0018g0S3VuIkbGUAKZ,E00790,shared_copy,addr_moved|name_case
org_b,0018g0IlsNrilgsASA,E00791,primary,web_missing
org_b,0018g0Foaq9MzJFAC0,E00792,intra_dup,conflict_industry|name_sector_variant|web_missing
org_b,0018g0tqd6YX6rYAAT,E00792,primary,
org_b,0018g0vFfxsEy10AEC,E00794,primary,
org_b,0018g0wjQJK5Dw6AYF,E00797,shared_copy,addr_moved|conflict_employees|name_suffix|phone_missing|web_missing
org_b,0018g0RXvZQYHLHAW5,E00800,primary,
org_b,0018g0aCjUhiKrRAUU,E00801,primary,zip_plus4
org_b,0018g0lpVAtzD3pAYE,E00803,primary,zip_plus4
org_b,0018g0SnaWxE9ubASC,E00804,shared_copy,addr_abbrev|phone_missing
org_b,0018g0K0otdaWGzACM,E00805,shared_copy,name_case|name_typo
org_b,0018g0ijkgwzGyTAAU,E00807,shared_copy,addr_moved|conflict_industry|name_typo|web_missing
org_b,0018g0HjeBvyOHFAS2,E00808,shared_copy,addr_abbrev|conflict_employees|name_sector_variant|web_missing|zip_plus4
org_b,0018g0PIElp8WB2AOM,E00810,primary,
org_b,0018g0kJ9sj1xjxAEA,E00811,primary,addr_abbrev
org_b,0018g0K1XUPqKvsA0F,E00813,shared_copy,addr_abbrev|name_case|name_sector_variant|name_suffix|phone_missing
org_b,0018g0kFARCsmaKA2R,E00817,primary,addr_abbrev
org_b,0018g0tXkWEreUbAUJ,E00819,primary,
org_b,0018g0sCv8Wu2LsAEJ,E00824,primary,web_missing
org_b,0018g0g6ocbdPWBAA2,E00828,primary,
org_b,0018g0I0v1B3JHfACN,E00830,shared_copy,addr_missing|conflict_industry|name_sector_variant|name_suffix
org_b,0018g0zXu3R7BIuAEN,E00832,shared_copy,addr_moved|web_subdomain
org_b,0018g06kAazrpIwAII,E00833,primary,
org_b,0018g0FC5ekRvL0AGK,E00834,primary,
org_b,0018g0sAnP7UlB3AUK,E00835,shared_copy,name_sector_variant|name_typo|phone_changed
org_b,0018g0oj2aFpAHxAAN,E00836,primary,
org_b,0018g0qLG9tYFhtAMG,E00837,primary,addr_abbrev
org_b,0018g0f4kUl5Gk4AQE,E00839,intra_dup,addr_abbrev|conflict_industry|name_sector_variant|phone_changed|web_subdomain|zip_plus4
org_b,0018g0P2gQytg9IASQ,E00839,primary,addr_abbrev|zip_plus4
org_b,0018g0WDE8ezkkAAOQ,E00840,primary,addr_abbrev
org_b,0018g0C2WOGJlyRA0T,E00843,primary,
org_b,0018g0aiXMBJz21AYD,E00844,primary,zip_plus4
org_b,0018g0kd096OSXRAA4,E00845,primary,addr_abbrev
org_b,0018g04WARkYdfQA2S,E00846,primary,addr_abbrev|web_missing
org_b,0018g0agmJendRRAQY,E00847,intra_dup,addr_moved|conflict_industry|phone_missing
org_b,0018g0QRupEVSvuAGH,E00847,primary,addr_abbrev
org_b,0018g02b4UqGcYUAQ0,E00848,primary,
org_b,0018g0yXpgumoUsAEI,E00849,shared_copy,name_suffix|phone_missing
org_b,0018g0Otm9l16NVACY,E00850,shared_copy,addr_abbrev|conflict_industry|web_subdomain
org_b,0018g0l1QHFu62kAYB,E00852,primary,
org_b,0018g0WGimEwcD1AGJ,E00853,primary,
org_b,0018g0PF515Ak1YAGS,E00854,shared_copy,addr_abbrev|addr_moved|phone_missing
org_b,0018g0hSLrLTw9ZAMT,E00855,primary,
org_b,0018g0BHG9ZxpdGAOR,E00856,primary,
org_b,0018g024LZSnclRAYR,E00860,shared_copy,conflict_industry|name_typo
org_b,0018g0PRKqluJlbAOE,E00862,shared_copy,addr_abbrev|name_sector_variant|name_typo
org_b,0018g0EJ1t9lc7mAGA,E00863,shared_copy,conflict_employees|phone_changed|web_subdomain
org_b,0018g0hvXfTSObxAIH,E00864,primary,zip_plus4
org_b,0018g0ygm7ZNJVbAAP,E00865,primary,
org_b,0018g05F7AiXu4fAUC,E00866,primary,addr_abbrev
org_b,0018g0qoJDHNkIpAYL,E00868,primary,web_missing|zip_plus4
org_b,0018g0I46MMpHDoASN,E00869,intra_dup,conflict_employees
org_b,0018g0ppUW2sj5TAYQ,E00869,primary,
org_b,0018g03H8ujxedXAEQ,E00870,primary,addr_abbrev|phone_missing
org_b,0018g07dlT2kqwgAQA,E00871,primary,
org_b,0018g05kh9wvNHuAAM,E00873,primary,
org_b,0018g0dsdsgMezTAAS,E00877,primary,
org_b,0018g0s1f6wNh4AAAS,E00878,shared_copy,addr_abbrev|addr_moved|conflict_employees|name_case|name_typo|phone_changed|zip_plus4
org_b,0018g0QZbJGqCasAWF,E00879,primary,
org_b,0018g0y3WRCAQJkAYP,E00880,shared_copy,conflict_employees|name_case
org_b,0018g0gMJlhw8aLAMQ,E00882,intra_dup,addr_abbrev|addr_missing|conflict_employees|conflict_industry|name_suffix|web_missing
org_b,0018g0TLjiw30s9AGA,E00882,primary,
org_b,0018g0JbTyHT7wEAKT,E00884,primary,
org_b,0018g04zncqlDgnAAE,E00886,primary,
org_b,0018g03cSjCk5gKAIR,E00887,primary,web_missing
org_b,0018g0iXOzRCThPAMX,E00889,primary,phone_missing|web_missing
org_b,0018g0HYP6RPOmtAOH,E00890,primary,
org_b,0018g07sihyWNGzAAO,E00891,primary,addr_abbrev|zip_plus4
org_b,0018g0NzIlPyHXmAKN,E00893,primary,
org_b,0018g0Upb1eRNiuACG,E00894,primary,
org_b,0018g0oORrUeUJeAMN,E00897,primary,
org_b,0018g09ed5zfWjdAAE,E00898,primary,web_missing
org_b,0018g0l5InhPEQHAI4,E00899,shared_copy,addr_abbrev|conflict_industry|name_suffix|phone_changed|web_missing
org_b,0018g03of0ihvlVAAQ,E00900,primary,
org_b,0018g05R3eTuw0MAER,E00902,shared_copy,addr_abbrev|addr_moved|name_sector_variant|phone_changed|zip_plus4
org_b,0018g0FKnnWRjPIAG1,E00905,primary,
org_b,0018g0knpnzn9gIAAQ,E00906,primary,phone_missing|zip_plus4
org_b,0018g0GJDs5lgAmAOI,E00907,primary,
org_b,0018g0lp4CIDfYeAQL,E00908,shared_copy,conflict_employees|name_typo
org_b,0018g0qlmI1ltsnAQA,E00909,primary,phone_missing
org_b,0018g078cv5vrcRAAQ,E00910,primary,
org_b,0018g0ZTFJVyi7bA4B,E00911,shared_copy,name_case|zip_plus4
org_b,0018g0ehZq8tjjVAIQ,E00912,primary,web_missing
org_b,0018g0bCpVNaOWTAU3,E00913,primary,
org_b,0018g0TbLzzUEhyAKG,E00915,primary,
org_b,0018g0HcxDsARAKAS4,E00916,primary,
org_b,0018g0zg5bT9aw1AAB,E00917,primary,
org_b,0018g0A4beOQdo8ACD,E00918,primary,
org_b,0018g0rHVqImu7XAMR,E00919,primary,addr_abbrev
org_b,0018g0cog1XjCf5AAF,E00920,primary,
org_b,0018g0siLaci5zoAIA,E00923,primary,
org_b,0018g0nZ2Ptp6VMAUY,E00924,shared_copy,addr_abbrev|conflict_industry|phone_changed|web_subdomain
org_b,0018g0KWV94b2gzAOA,E00927,primary,web_missing
org_b,0018g0CanvWgKHiACN,E00930,primary,addr_abbrev
org_b,0018g07P4WDO36lAUD,E00931,primary,phone_missing
org_b,0018g0axsZGof2PAQR,E00933,primary,web_missing
org_b,0018g0Ge1qVEY3JACX,E00934,primary,web_missing
org_b,0018g0VUU5qynDZAOY,E00935,shared_copy,name_sector_variant|phone_missing|web_missing|zip_plus4
org_b,0018g0asD6NzRuqAIF,E00938,primary,
org_b,0018g0IG3fYxcSTAGZ,E00939,primary,
org_b,0018g0I82RGgrUkASJ,E00940,primary,web_missing
org_b,0018g0EB5jlOF7dAGG,E00941,primary,
org_b,0018g0mr0aobxGyAAI,E00942,shared_copy,addr_abbrev|conflict_employees|name_sector_variant|name_typo|phone_changed|web_missing
org_b,0018g0e80a1dpIQAAY,E00945,primary,
org_b,0018g0YF5gtssXCAGY,E00946,intra_dup,addr_abbrev|phone_missing|web_subdomain
org_b,0018g0sDU6cAVBEAM4,E00946,primary,phone_missing
org_b,0018g0d3C2z0R3TAIU,E00947,primary,zip_plus4
org_b,0018g0ZaeBqyA0xASE,E00948,primary,
org_b,0018g0Hyyzh3jUmACI,E00949,primary,
org_b,0018g0x5wQFwXmvAQF,E00951,primary,
org_b,0018g0Y7tK3DxacASC,E00952,primary,
org_b,0018g0LpZ1GqVHnAKN,E00953,primary,phone_missing
org_b,0018g0xi5aLFXN8AAP,E00955,shared_copy,name_sector_variant|name_typo|web_missing
org_b,0018g0guqalmbiLAAQ,E00956,primary,
org_b,0018g0omUL7IMpmAYG,E00958,primary,zip_plus4
org_b,0018g0XOriZaC3oAGF,E00959,primary,
org_b,0018g0NYQJIbBLQA43,E00960,intra_dup,addr_moved|conflict_employees|conflict_industry|phone_missing|web_missing
org_b,0018g0lZ9zrrT0jAEE,E00960,shared_copy,addr_abbrev|conflict_employees|name_case|name_suffix|phone_changed
org_b,0018g04if3bkxLLAAY,E00961,primary,
org_b,0018g0bmP7J0Ub7AIF,E00963,shared_copy,name_suffix|name_typo|zip_plus4
org_b,0018g0Ljb5PL2giACD,E00964,primary,
org_b,0018g0iaTGX0AQIAY3,E00965,primary,web_missing
org_b,0018g0LkiW1KyB7ASK,E00969,primary,addr_abbrev
org_b,0018g0J11lOtaOCACZ,E00973,primary,
org_b,0018g0CUb3jm2RHAGY,E00974,primary,web_missing|zip_plus4
org_b,0018g0lMDzXMslpAMD,E00975,shared_copy,addr_abbrev|name_suffix|zip_plus4
org_b,0018g0BJei4C6FnAGK,E00976,primary,
org_b,0018g0mRneinKLaAEM,E00977,shared_copy,addr_abbrev|conflict_industry|name_sector_variant|name_suffix|phone_missing|web_missing|zip_plus4
org_b,0018g0NpLB0fmWkA0I,E00978,primary,
org_b,0018g0a4ttsm1aiAAA,E00979,primary,
org_b,0018g0hJfFS0bIbAUJ,E00980,shared_copy,addr_abbrev|addr_missing|phone_missing|zip_plus4
org_b,0018g0cFAIunaYoA2I,E00981,shared_copy,phone_changed|rebrand_domain
org_b,0018g0wDKWTK2ATA21,E00983,primary,
org_b,0018g0I0DE2WWU3A0O,E00985,primary,
org_b,0018g0UQkHe4u42AWA,E00986,primary,addr_abbrev|web_missing
org_b,0018g0TRsE6kbl2AWA,E00991,intra_dup,addr_moved|conflict_industry|name_sector_variant|name_suffix|phone_missing
org_b,0018g0n10N6TvU3AQK,E00991,primary,
org_b,0018g0LdKl2lrbZAKQ,E00993,primary,
org_b,0018g0ZUy2I0VcoAGF,E00995,primary,
org_b,0018g0Wbw0ZcU5MACV,E00999,primary,
org_b,0018g0LbCaYsw16AKB,E01001,primary,phone_missing
org_b,0018g0yrDGKicmqAYB,E01002,shared_copy,addr_abbrev|addr_missing|conflict_employees|name_sector_variant|web_missing
org_b,0018g0w1PIsv9MNAYY,E01003,shared_copy,addr_abbrev|addr_moved|rebrand_domain
org_b,0018g0HmHUZvcHmA0J,E01005,primary,phone_missing
org_b,0018g0mrogCwcN0AAJ,E01006,primary,addr_abbrev|phone_missing
org_b,0018g0ButAUWrSzASL,E01007,primary,web_missing
org_b,0018g0smSm6U4WJAI0,E01009,primary,
org_b,0018g06ta8YvBvSAAV,E01010,shared_copy,addr_moved|conflict_employees|name_suffix
org_b,0018g0x9UzzLOXMAI4,E01011,primary,
org_b,0018g06LSll3gKjAMI,E01012,shared_copy,addr_moved|phone_changed
org_b,0018g0idfWvPSgnAQG,E01013,primary,web_missing
org_b,0018g0D3Z9ou9FsAKI,E01014,shared_copy,addr_moved|conflict_industry|name_case|name_suffix|phone_missing
org_b,0018g0nEvPtQpiHAUS,E01017,primary,
org_b,0018g05IekDSXeKAEX,E01019,primary,
org_b,0018g0O7f1YCenUACT,E01020,primary,
org_b,0018g0z9nhmHKh7AAG,E01022,primary,
org_b,0018g0S39ooJy7hACC,E01023,primary,
org_b,0018g0VmsRYSOSrASP,E01024,primary,
org_b,0018g0b5ABXOUBlAYP,E01025,shared_copy,addr_moved|conflict_industry|web_subdomain
org_b,0018g0oedHcfVDkAQM,E01026,primary,addr_abbrev
org_b,0018g0cfEq5TMjhAIG,E01027,primary,web_missing
org_b,0018g0eR4PB03J4AUJ,E01031,primary,phone_missing
org_b,0018g0slAoz90vHAIQ,E01032,primary,addr_abbrev|zip_plus4
org_b,0018g0N9QsUe5JbAKJ,E01033,primary,
org_b,0018g0YmFyUyJmgAKF,E01034,primary,
org_b,0018g0pldEOqfheAQB,E01036,primary,
org_b,0018g0ueLtgEpnoAIC,E01041,primary,
org_b,0018g0Y6jVlr0e9ASA,E01042,shared_copy,name_case|phone_missing
org_b,0018g0IsrsNpEmcACF,E01046,primary,
org_b,0018g0eVzGP9ExUAUV,E01047,primary,
org_b,0018g0vlAyEh8CSAIZ,E01048,shared_copy,conflict_employees|name_case|name_sector_variant|name_suffix|phone_missing|web_missing
org_b,0018g0xFNa7lqw6AMA,E01049,primary,
org_b,0018g02VOQlx4XaA2I,E01051,primary,phone_missing
org_b,0018g0TsWVNSFGLA05,E01052,shared_copy,name_typo|phone_changed|web_subdomain
org_b,0018g0hrTR8NvcmAYC,E01054,shared_copy,addr_abbrev|addr_moved|conflict_industry
org_b,0018g0vildq5TAmAAM,E01055,shared_copy,conflict_employees|name_sector_variant|name_suffix|phone_changed|zip_plus4
org_b,0018g0XwNvrKeORAK0,E01056,shared_copy,conflict_industry|name_suffix|name_typo
org_b,0018g0nnmsVMrsZAAT,E01057,shared_copy,addr_missing|conflict_industry|name_suffix|phone_missing|web_missing
org_b,0018g0K2uRFi6xVASR,E01058,primary,phone_missing|zip_plus4
org_b,0018g0sGY3arYY0AMM,E01059,primary,
org_b,0018g0ZBkNGVJagAWH,E01060,primary,
org_b,0018g0EbUX6NOlxA0G,E01061,shared_copy,name_case
org_b,0018g0PSCd4vX02AOE,E01062,primary,addr_abbrev
org_b,0018g0E4yJUA4WNAS1,E01065,primary,
org_b,0018g0wzbC4WzjlAQC,E01066,shared_copy,addr_moved|name_sector_variant|name_suffix|name_typo
org_b,0018g0KeOw9rI82AKE,E01067,shared_copy,addr_moved|conflict_industry|name_suffix
org_b,0018g0xUSy84HWYAM2,E01068,primary,
org_b,0018g0Snkl6bmnHACQ,E01069,primary,phone_missing|web_missing
org_b,0018g0PV691c6nZAGQ,E01074,shared_copy,addr_missing|addr_moved|name_typo|phone_changed
org_b,0018g0FWIxN8yxEAOR,E01075,primary,
org_b,0018g0onKKbCr9cAYC,E01076,primary,
org_b,0018g0Plj7sfcPzACI,E01080,shared_copy,name_case
org_b,0018g0e8hwbzaScAAI,E01081,shared_copy,addr_missing|zip_plus4
org_b,0018g0ge8WdeMUyAQM,E01082,primary,
org_b,0018g0YPYKg3GgdA4E,E01084,intra_dup,conflict_employees|conflict_industry|name_sector_variant|phone_missing|web_subdomain
org_b,0018g0PL8zzJmI0AGK,E01084,shared_copy,addr_abbrev|conflict_employees|phone_missing|web_missing
org_b,0018g05c6MyjhAPAQY,E01086,primary,
org_b,0018g0olMEDiANyAYN,E01090,primary,
org_b,0018g0uXL7nbiZgAMI,E01092,primary,
org_b,0018g0qHW1nc6IZAMY,E01094,primary,web_missing
org_b,0018g0LoNS7ruUsA0I,E01096,primary,
org_b,0018g0wTKBoxJGLA22,E01097,primary,addr_abbrev
org_b,0018g0xJoMa6zhGAUQ,E01098,primary,
org_b,0018g0PY1P2JVafAWG,E01100,primary,
org_b,0018g0KEOZXuVMpA4N,E01101,intra_dup,addr_abbrev|name_case
org_b,0018g07EGU4YpcpA2C,E01101,shared_copy,conflict_industry|name_sector_variant|name_suffix|zip_plus4
org_b,0018g0YxfjaxeILACY,E01102,primary,
org_b,0018g0jq8U2I1rDAQS,E01103,primary,phone_missing
org_b,0018g0OAxw3bnKHAGY,E01104,primary,
org_b,0018g0naDAJY2RpAYL,E01105,primary,zip_plus4
org_b,0018g0I4KxSQb1oAKD,E01106,primary,
org_b,0018g0L4layUWleACG,E01107,shared_copy,addr_abbrev|addr_missing|conflict_industry|name_case|name_suffix
org_b,0018g0ILYsCRfNSAO1,E01110,shared_copy,phone_changed|web_missing
org_b,0018g08OUrrfjpMAMQ,E01111,shared_copy,addr_abbrev|addr_missing|conflict_industry|name_case|name_suffix|name_typo|phone_missing|rebrand_domain|zip_plus4
org_b,0018g0UIK80sb8fAOA,E01112,primary,
org_b,0018g0ieyg73h4YAAQ,E01114,primary,
org_b,0018g0bHi2T3KxgAEF,E01117,primary,
org_b,0018g06KO0jNRoyAMG,E01118,shared_copy,addr_abbrev|name_sector_variant|name_typo|phone_missing|rebrand_domain
org_b,0018g0wAqbHsgj7AEB,E01119,shared_copy,addr_moved|conflict_industry|name_sector_variant|phone_missing|zip_plus4
org_b,0018g0bQYLKmHKWA23,E01120,primary,
org_b,0018g0zXQGoQQxKA2W,E01121,primary,
org_b,0018g0IWJnMgX4GAOV,E01122,primary,
org_b,0018g0DcqEUZK8dASH,E01129,primary,
org_b,0018g020vVfhmzAAQQ,E01130,primary,addr_abbrev
org_b,0018g0vd4lix2YJAAY,E01131,primary,
org_b,0018g0oMaf2Lv7jAEC,E01132,shared_copy,addr_abbrev|addr_moved
org_b,0018g08Ofn3nt0fAEA,E01134,primary,
org_b,0018g02Mx9dBSZwAEO,E01135,primary,
org_b,0018g0LsiyteSSyACM,E01138,shared_copy,name_suffix|name_typo|rebrand_domain
org_b,0018g0IW3VS6fneAWB,E01140,shared_copy,name_case|phone_changed|web_missing
org_b,0018g0oLxdWHuK6AEL,E01143,primary,web_missing
org_b,0018g0Q24JeNrcOASS,E01144,primary,
org_b,0018g0Vd5QY0vR6ASJ,E01145,primary,
org_b,0018g0GpMARAw9ZA0T,E01150,shared_copy,addr_moved|conflict_employees|name_suffix|phone_changed
org_b,0018g0G13kkp9JJACY,E01151,primary,
org_b,0018g0UgLfa8f0NAKQ,E01152,primary,
org_b,0018g0SUs6TO3IdAGL,E01153,primary,
org_b,0018g0L3w8xtOmtACE,E01154,primary,
org_b,0018g0sgOYXBs7pAYD,E01156,primary,web_missing
org_b,0018g0OGBxVjjPzAOJ,E01157,primary,web_missing
org_b,0018g0jL8sawNfSAEU,E01158,intra_dup,conflict_employees|name_suffix|phone_missing|web_missing
org_b,0018g0qGcdsxWFbAEM,E01158,shared_copy,addr_moved|name_case|name_sector_variant|name_suffix|name_typo|rebrand_domain
org_b,0018g0py6f7dQ6UAAU,E01162,primary,
org_b,0018g0EK9tol9VwAGI,E01164,primary,
org_b,0018g07XOSva0l8A2A,E01165,primary,
org_b,0018g0Go6axEqs9ACC,E01166,primary,
org_b,0018g0bLNMHTvDuA2L,E01168,primary,phone_missing
org_b,0018g0YiAZJDyfUA0T,E01170,shared_copy,name_suffix
org_b,0018g04PuqDOvWZAE1,E01172,primary,
org_b,0018g02Ic6pE61EAES,E01174,primary,
org_b,0018g0XCgeSKuPXAG1,E01177,primary,addr_abbrev
org_b,0018g0GvfOgWJ2yASG,E01178,primary,zip_plus4
org_b,0018g0AsvRuLxBWAS0,E01179,primary,zip_plus4
org_b,0018g0tgB1SgmlSAIR,E01181,shared_copy,name_case|name_suffix|phone_missing
org_b,0018g0LmWcd1geaAKA,E01186,primary,
org_b,0018g04NIp1yfQlAMI,E01188,shared_copy,conflict_industry|name_sector_variant|name_suffix|zip_plus4
org_b,0018g0ozONdwe9zAYA,E01192,shared_copy,addr_abbrev|conflict_industry|name_sector_variant|name_typo|web_missing
org_b,0018g09IUQGNh8FA2T,E01196,primary,
org_b,0018g0KQyfavOMZAG2,E01197,shared_copy,name_sector_variant|name_suffix|name_typo|web_missing
org_b,0018g0iXlSWfzqpAUB,E01198,shared_copy,addr_abbrev|web_missing
org_b,0018g0gFQWHMelIA2T,E01199,shared_copy,addr_abbrev|conflict_employees|conflict_industry|name_suffix|phone_missing|web_missing
org_b,0018g0Tx3yOAUERAC5,E01202,primary,
org_b,0018g0UoMKlykOrA0I,E01204,primary,web_missing
org_b,0018g0pM6BKS2ALAU1,E01206,primary,
org_b,0018g0JMAC8pyCaA4I,E01208,primary,
org_b,0018g0q4SKZ4hGHAYZ,E01209,primary,
org_b,0018g0hZ03dKDBJAE4,E01211,primary,web_missing
org_b,0018g09xHOcspIPAYY,E01212,primary,
org_b,0018g003Hebp5jmAIA,E01213,primary,
org_b,0018g0INUqSuAlXAOV,E01216,primary,
org_b,0018g0c7a3D0E1mAAF,E01217,primary,
org_b,0018g0Q2rTW6T56ASF,E01218,primary,
org_b,0018g0luH5zoBnSAIU,E01221,shared_copy,addr_moved|conflict_industry
org_b,0018g0iCeFSK3C2AUL,E01223,primary,addr_abbrev
org_b,0018g0me4V698RxAQI,E01224,primary,
org_b,0018g0uvTlF2XxeAIF,E01225,primary,web_missing
org_b,0018g0BZP3u4BTgAOM,E01227,shared_copy,conflict_industry|name_typo|rebrand_domain|zip_plus4
org_b,0018g0nLcqqEAqxAEG,E01228,primary,web_missing
org_b,0018g0UjNiW6MWBAK3,E01229,primary,
org_b,0018g0t3LLdwnH7AYI,E01230,intra_dup,addr_abbrev|addr_missing|addr_moved
org_b,0018g0RXsxjlCyqAGE,E01230,primary,
org_b,0018g0hx8wFMEyTAAX,E01231,primary,
org_b,0018g0QuHTSfZtXA0V,E01233,primary,phone_missing
org_b,0018g0EbsKvBLFMAS4,E01236,primary,phone_missing
org_b,0018g0CTufMAhsdAGD,E01239,primary,
org_b,0018g09GihwYEVKAE4,E01240,shared_copy,addr_missing|name_case|name_sector_variant
org_b,0018g0YwwgXaxWGACZ,E01241,primary,
org_b,0018g0PYMi8w3msAOA,E01242,shared_copy,addr_abbrev|conflict_industry|rebrand_domain
org_b,0018g07QwmlsKx2AEE,E01248,primary,phone_missing
org_b,0018g0iqKK1cq42AYA,E01249,shared_copy,addr_missing|addr_moved|conflict_industry|name_suffix|name_typo
org_b,0018g0F0U67br3VAKQ,E01250,primary,phone_missing
org_b,0018g0YoFj3yQwhAKE,E01254,primary,
org_b,0018g05a1AsPvXdAQK,E01257,shared_copy,addr_abbrev|addr_missing|name_sector_variant|name_suffix|phone_missing
org_b,0018g0LYKTVCxy8A4D,E01258,primary,
org_b,0018g0mO3o07rNlAEI,E01259,primary,
org_b,0018g0ORvpBR2XqAGL,E01263,intra_dup,name_typo
org_b,0018g0vkz27QRTWAA4,E01263,primary,addr_abbrev
org_b,0018g04n4rSCRrHAAX,E01265,primary,
org_b,0018g0RNdnwB1CgAGK,E01269,primary,zip_plus4
org_b,0018g0kv9DlNoH8AQK,E01270,shared_copy,addr_abbrev|addr_moved|conflict_employees|conflict_industry|name_suffix|web_missing|zip_plus4
org_b,0018g0ajAgx1aN7AII,E01271,primary,
org_b,0018g0jUPnI1nEHAMZ,E01272,primary,
org_b,0018g0ZhdISkXunASF,E01273,primary,
org_b,0018g0H9Kykja5FAKQ,E01275,primary,web_missing
org_b,0018g0sfQQMsTgFAYV,E01279,shared_copy,name_typo|phone_missing|rebrand_domain
org_b,0018g0WXJ1ttWp9AOE,E01280,shared_copy,conflict_employees|name_sector_variant|phone_changed|zip_plus4
org_b,0018g0VnS61Mq44AKC,E01285,primary,
org_b,0018g0D0058KP6BACW,E01287,primary,
org_b,0018g0ZNSxl1bo0AOA,E01288,primary,
org_b,0018g0b64DASoLBAQ1,E01289,shared_copy,addr_abbrev|addr_moved|phone_changed|rebrand_domain|zip_plus4
org_b,0018g0dSkqHZxdkAED,E01290,primary,zip_plus4
org_b,0018g0pkkrtXuVGAA0,E01292,primary,
org_b,0018g0JF1nwzqdfAGA,E01294,shared_copy,addr_abbrev|addr_missing|addr_moved|conflict_industry|name_typo|web_missing
org_b,0018g0akXDEbUFjAYN,E01295,primary,
org_b,0018g05IQ6QDwujAMD,E01296,shared_copy,addr_abbrev|addr_moved|conflict_employees|conflict_industry|name_suffix|phone_missing|rebrand_domain
org_b,0018g0f5oIkynBCAQY,E01298,primary,
org_b,0018g0y9gtwdFZsAAM,E01303,primary,
org_b,0018g0EVfXoLdzqAWC,E01305,primary,phone_missing
org_b,0018g0re8KPGRbeAQH,E01306,primary,
org_b,0018g0iyekYLIY6AAP,E01308,primary,
org_b,0018g0Ict0PXtGSAC1,E01309,primary,
org_b,0018g0KcMssyJbuAKE,E01311,primary,
org_b,0018g0cBAuZeHYpAMN,E01312,primary,phone_missing|web_missing|zip_plus4
org_b,0018g02awO3IVNJAQ4,E01313,primary,
org_b,0018g04Vg9AzpiHAER,E01314,shared_copy,addr_abbrev|conflict_industry|name_suffix|rebrand_domain
org_b,0018g0CltzII8sMACT,E01317,primary,
org_b,0018g0ZtTHXdxZEA0Z,E01319,primary,
org_b,0018g0yzNlHeNP3AIN,E01320,shared_copy,addr_abbrev|name_case
org_b,0018g0q5xbc08abAAA,E01324,primary,
org_b,0018g04NVwsXKJzAMO,E01325,shared_copy,addr_abbrev|name_suffix|phone_missing
org_b,0018g0PD5ft1qoRAGQ,E01329,shared_copy,conflict_industry|name_case|name_suffix|phone_missing|zip_plus4
org_b,0018g05etvVXCO1AAP,E01332,primary,
org_b,0018g0xSeWVkznKAUR,E01335,primary,addr_abbrev
org_b,0018g0I0AVuOxWOA00,E01340,shared_copy,addr_abbrev|addr_moved|name_suffix|name_typo
org_b,0018g0X1cVj9un7ASA,E01345,primary,addr_abbrev
org_b,0018g06jzR52msdAQA,E01349,primary,
org_b,0018g0JREqNIslRAOT,E01351,primary,
org_b,0018g0KRklpDJobAGG,E01354,primary,
org_b,0018g0wKJsKWho8AMD,E01356,primary,
org_b,0018g0wkOQrwvPJAYY,E01357,primary,
org_b,0018g0NlfWQCQqsASH,E01359,primary,
org_b,0018g0twT9C9QiEAIV,E01360,shared_copy,addr_moved
org_b,0018g0o6TJknYeHAYU,E01361,primary,addr_abbrev|web_missing
org_b,0018g0ikKTkgjQCAYY,E01362,primary,
org_b,0018g0cRTovDxKtAMK,E01363,shared_copy,addr_moved|name_typo|phone_changed
org_b,0018g00DnCEhg2uAUB,E01364,shared_copy,conflict_employees|conflict_industry|name_sector_variant|rebrand_domain
org_b,0018g0j4xM7VLKuAQO,E01365,primary,web_missing
org_b,0018g0N97rDs3zYACR,E01366,primary,
org_b,0018g0PBsYTUq5iAWD,E01367,primary,addr_abbrev
org_b,0018g03qm17pkzZAAQ,E01368,primary,
org_b,0018g0WFi2RYEbLAGX,E01369,primary,zip_plus4
org_b,0018g0dJb0Gao8UAER,E01370,primary,
org_b,0018g0z7eqgthKQAAY,E01371,primary,
org_b,0018g0CWAQ5Pk3QA4S,E01372,primary,web_missing
org_b,0018g0LIdvo1PHgAGM,E01375,shared_copy,addr_abbrev|addr_missing|name_sector_variant|phone_changed|web_missing
org_b,0018g0aAX5tACmHAMW,E01377,primary,web_missing|zip_plus4
org_b,0018g0poxg5Bp1KAAS,E01379,primary,
org_b,0018g040s4yjYSTAA2,E01385,primary,
org_b,0018g0IFy5AZp7EAGT,E01386,primary,
org_b,0018g0Ez6bAlzPFACZ,E01387,primary,zip_plus4
org_b,0018g0qBR2zEnvTAMS,E01388,primary,
org_b,0018g02NMdrCt9oAMC,E01389,primary,addr_abbrev|zip_plus4
org_b,0018g0XXAo0dQR7AOM,E01390,primary,
org_b,0018g0yHWLo2ByjA2E,E01394,primary,
org_b,0018g0kfoErHRPYAQ4,E01395,primary,
org_b,0018g0N0zri5CGoACM,E01398,shared_copy,addr_moved|conflict_employees|name_case|name_suffix|phone_changed|web_missing
org_b,0018g0NuHV0koXeA0I,E01399,shared_copy,name_sector_variant|phone_changed|rebrand_domain
org_b,0018g0FZiokNQ9VAGW,E01400,primary,web_missing
org_b,0018g0SzTPRHTOsA0P,E01402,intra_dup,name_sector_variant
org_b,0018g0pDLJoRrkxA2C,E01402,shared_copy,addr_abbrev|addr_moved|conflict_industry|web_missing
org_b,0018g0fzq5Wk6ldAAB,E01406,shared_copy,addr_moved|phone_missing
org_b,0018g0smPMalHiuAYE,E01407,shared_copy,addr_abbrev|addr_missing|conflict_employees|name_case|phone_missing|web_missing|zip_plus4
org_b,0018g0dAo53EmwPAES,E01409,shared_copy,addr_abbrev|name_suffix|web_missing
org_b,0018g0B9egSwtJhACJ,E01410,primary,zip_plus4
org_b,0018g0ZxhhlpuSxACI,E01414,shared_copy,addr_abbrev|conflict_employees|conflict_industry|web_subdomain
org_b,0018g05nlwLgjfYAAR,E01418,primary,
org_b,0018g0nEjLINFjfAUH,E01419,shared_copy,addr_moved|conflict_employees|name_sector_variant
org_b,0018g0RkuVUlLIQAS3,E01421,primary,
org_b,0018g0MixbDsNDpACN,E01422,primary,
org_b,0018g0fVujIhffnAEB,E01423,primary,
org_b,0018g0mMfZLBwnoAUD,E01424,primary,web_missing
org_b,0018g0aIhJmhRJvAUM,E01425,primary,
org_b,0018g0oeejBKUECAA5,E01427,shared_copy,name_case|name_suffix|phone_missing|web_missing
org_b,0018g0t6rEAVAEzAQP,E01428,shared_copy,conflict_employees|name_sector_variant
org_b,0018g04KkjlViksAEC,E01429,primary,addr_abbrev
org_b,0018g0Omr4ccrCGACY,E01431,primary,
org_b,0018g0UXIHX0x3bA4B,E01434,primary,addr_abbrev
org_b,0018g0P3dVgqLtfASE,E01441,shared_copy,addr_moved
org_b,0018g0PQuqflLUeAGM,E01442,shared_copy,phone_changed
org_b,0018g0CO8ck5DqiAGE,E01444,primary,addr_abbrev|web_missing
org_b,0018g0xiAVRLkKVAY1,E01445,shared_copy,addr_abbrev|addr_moved|conflict_employees|phone_missing
org_b,0018g0xxnxeHEZvAAO,E01447,primary,
org_b,0018g0FpQgO8EdUAKV,E01455,shared_copy,addr_moved|conflict_industry|name_case|phone_missing|zip_plus4
org_b,0018g0hLNTtQ9WsA2K,E01461,primary,
org_b,0018g0GGSZMcYa4A4F,E01464,primary,
org_b,0018g00gpm1uZUoAAM,E01465,shared_copy,addr_missing|addr_moved|phone_changed|web_missing
org_b,0018g0WM249sTCzAGM,E01466,primary,
org_b,0018g07mxu1oeJmAAI,E01467,primary,
org_b,0018g0ZyNuTitpyAKB,E01469,shared_copy,addr_abbrev|addr_missing|conflict_employees|name_sector_variant|web_missing
org_b,0018g07mZdWVKuYAIX,E01470,primary,
org_b,0018g0Bl0SvyIClASM,E01472,intra_dup,addr_abbrev|conflict_industry|phone_changed
org_b,0018g0vMWPzZgYyA2K,E01472,primary,addr_abbrev
org_b,0018g07M8vJ23egAEB,E01474,primary,addr_abbrev
org_b,0018g0gQjQDptHHAUZ,E01476,intra_dup,addr_abbrev|name_case|name_sector_variant|name_suffix|phone_missing
org_b,0018g0Lh9kOWmw7ACD,E01476,shared_copy,addr_missing|conflict_industry|phone_missing
org_b,0018g0IBvIqs1TNAWY,E01477,primary,
org_b,0018g0UDY8AijzcAOB,E01478,primary,addr_abbrev|phone_missing
org_b,0018g0w2qxsivI1AAI,E01479,primary,addr_abbrev
org_b,0018g0ZdDOVtqgqA0B,E01480,shared_copy,addr_moved|conflict_industry|name_suffix|phone_missing
org_b,0018g0jDnmrq5n7AEA,E01481,primary,
org_b,0018g0kCoiBxiFXAEZ,E01482,intra_dup,addr_abbrev|conflict_industry|phone_missing|web_missing
org_b,0018g0zqfdvGr4rAAC,E01482,primary,
org_b,0018g0S37eMdXC6ACN,E01486,primary,
org_b,0018g0Qab68YjozACC,E01487,primary,web_missing
org_b,0018g06tnW3Fn4bAQC,E01491,primary,
org_b,0018g0iqrhC36y0AAB,E01492,intra_dup,addr_moved|conflict_industry|name_suffix|name_typo
org_b,0018g0aDMenN9DlAMK,E01492,primary,
org_b,0018g0sCayNLDrJAEX,E01493,primary,
org_b,0018g02th6dUsMRAA0,E01497,primary,
org_b,0018g0e6qCp6fR5AQI,E01498,primary,addr_abbrev
org_b,0018g00hwlRocYqAAJ,E01501,primary,
org_b,0018g0YNQ0rcIYvAOM,E01502,shared_copy,addr_abbrev|addr_moved|conflict_employees|name_sector_variant|name_typo|zip_plus4
org_b,0018g0aB9bnm2wRAEQ,E01503,primary,
org_b,0018g0uKrzFgQ4RAEV,E01505,primary,
org_b,0018g0qYQF6uwwfA2A,E01507,shared_copy,addr_abbrev|name_sector_variant|name_suffix|web_missing
org_b,0018g0dBYyMr40XAMR,E01508,primary,
org_b,0018g0zH7E6SRYjAUO,E01509,primary,addr_abbrev
org_b,0018g00MLJ9p3t7A2A,E01510,shared_copy,conflict_industry|web_subdomain
org_b,0018g0dvxl0YWkbAAG,E01512,shared_copy,addr_abbrev|addr_missing|name_sector_variant|name_suffix|phone_missing|web_subdomain
org_b,0018g0GRN1bkFyOAOU,E01515,shared_copy,addr_abbrev|conflict_industry|name_case|phone_missing
org_b,0018g0HAc7Mliv7AGB,E01516,primary,
org_b,0018g0wlSIUvBN7AYN,E01517,intra_dup,addr_abbrev|web_subdomain|zip_plus4
org_b,0018g0wK3tZxX8EAEV,E01517,shared_copy,addr_abbrev|addr_moved|phone_missing|rebrand_domain
org_b,0018g0begFr25UjAQI,E01519,primary,phone_missing
org_b,0018g0q146m0FNNAA2,E01520,primary,
org_b,0018g0imelMjiStAAJ,E01521,shared_copy,addr_abbrev|addr_missing|name_typo|rebrand_domain|zip_plus4
org_b,0018g0qnWma5DCaAIM,E01522,primary,addr_abbrev|phone_missing
org_b,0018g0ZSyiRt9hVAGR,E01524,primary,
org_b,0018g0hPgR6vu6OAUQ,E01526,primary,addr_abbrev
org_b,0018g095UrcJtBqAIK,E01527,primary,zip_plus4
org_b,0018g0oB9wuwQN2AEM,E01531,primary,
org_b,0018g0KVVe7OFEqAOO,E01538,primary,addr_abbrev
org_b,0018g0khF6ktvuSAIQ,E01541,primary,
org_b,0018g0cyzPKM0qvAQD,E01543,shared_copy,addr_abbrev|conflict_industry|name_sector_variant|phone_missing
org_b,0018g0W0bJNdq08ASB,E01545,shared_copy,addr_abbrev|conflict_industry|name_sector_variant|name_suffix|phone_missing|rebrand_domain
org_b,0018g0hZdT5jxkbAUA,E01549,primary,addr_abbrev
org_b,0018g07UMPjPgF5A2K,E01551,primary,
org_b,0018g0BMP99XCvrAOG,E01552,primary,
org_b,0018g0xiWVNcOftAYF,E01555,primary,
org_b,0018g011NYWSYiJAYX,E01557,shared_copy,name_suffix
org_b,0018g047U8sLHB9AIO,E01558,shared_copy,addr_abbrev|name_case|name_sector_variant
org_b,0018g09WqWBzlWCAUZ,E01561,primary,
org_b,0018g07WLKfRv8UA2S,E01563,primary,
org_b,0018g0N0xilhu5IACQ,E01564,primary,web_missing
org_b,0018g04ROCdGwwOA2S,E01568,intra_dup,addr_abbrev|addr_missing|conflict_employees|name_case|name_sector_variant|phone_missing
org_b,0018g0lYEBmfstbA2A,E01568,shared_copy,name_case|name_sector_variant|name_suffix|phone_changed|web_missing
org_b,0018g0spXRSgqgPAYR,E01569,primary,
org_b,0018g03jpUcRExmAQG,E01570,primary,
org_b,0018g0C6odLWkFFAC1,E01571,primary,addr_abbrev|web_missing
org_b,0018g0T1DMD4kIYA0Z,E01572,primary,zip_plus4
org_b,0018g08eDCM0uWVAYZ,E01574,primary,
org_b,0018g0ZjAIqK4hNA0S,E01576,primary,phone_missing
org_b,0018g0A21oZgwRLACZ,E01577,primary,zip_plus4
org_b,0018g0FzYJn9WFyA0M,E01578,primary,
org_b,0018g0L5zJUtbBzASJ,E01579,shared_copy,addr_moved|conflict_employees|name_suffix|phone_missing|zip_plus4
org_b,0018g0hB6TNDzlMAUT,E01582,intra_dup,conflict_industry|name_case|name_suffix|phone_changed|web_missing
org_b,0018g0BqXhQAsD5AKL,E01582,shared_copy,name_typo
org_b,0018g0o3EwwujDFAIY,E01584,shared_copy,addr_abbrev|addr_missing|addr_moved|name_suffix|zip_plus4
org_b,0018g0SEXJhTlNIA40,E01587,primary,
org_b,0018g0jtIAzlTZ1AYM,E01589,primary,
org_b,0018g0QBPbzwBz8AOE,E01591,primary,addr_abbrev
org_b,0018g0vLS67zA0VAMU,E01593,primary,
org_b,0018g0dXBijN84OAMS,E01594,shared_copy,name_suffix
org_b,0018g01EzSLRqoHAUT,E01595,primary,
org_b,0018g0UgPVfuEb0A0E,E01598,primary,addr_abbrev
org_b,0018g0M4TjD2TbhAKF,E01599,primary,
org_b,0018g02ZWWv0wghA2A,E01600,primary,
org_b,0018g0MoYg33b4jAKA,E01601,primary,
org_b,0018g0gXcrMo88WAER,E01602,primary,
org_b,0018g0D6h5oA8zmACC,E01603,primary,
org_b,0018g0fMwinh3pJAEQ,E01605,primary,
org_b,0018g03nUVGVACLAY5,E01607,primary,web_missing
org_b,0018g02yUv24NLjAIM,E01608,primary,phone_missing
org_b,0018g0SR0GHTLN8AWP,E01610,primary,
org_b,0018g090mLtE4AIAQ0,E01611,shared_copy,addr_abbrev|name_suffix|phone_changed
org_b,0018g0MoViZ5DzpAKF,E01616,primary,
org_b,0018g02NGhBhfdKAMR,E01617,primary,
org_b,0018g0ZzAyuXjGIAK0,E01619,primary,
org_b,0018g0Hzeg8bDuUACU,E01620,primary,
org_b,0018g0URFQmvNBfA4M,E01621,primary,
org_b,0018g0aCbhgDLhFAEW,E01622,shared_copy,addr_abbrev|addr_missing|conflict_employees|name_sector_variant|name_suffix|phone_missing
org_b,0018g0WBUKieUpRA4U,E01624,primary,
org_b,0018g0HjRR8olYRA0Y,E01625,primary,web_missing
org_b,0018g0OpIEI9sLGA0Z,E01626,primary,
org_b,0018g0JqrNKPXVWAS5,E01627,primary,
org_b,0018g0Q29mOggbDACR,E01629,primary,
org_b,0018g02pzB9WhXhAQK,E01630,primary,
org_b,0018g0nYSqrYAjuAMG,E01632,primary,addr_abbrev
org_b,0018g03suY8dn2jAQA,E01633,primary,
org_b,0018g0EhtAV6evgASB,E01634,primary,
org_b,0018g09DaJlHpmPAUS,E01636,shared_copy,addr_abbrev|conflict_employees|name_case|name_typo|phone_missing
org_b,0018g0jTVU4jNkhA2E,E01637,shared_copy,addr_abbrev|name_suffix|web_missing
org_b,0018g0h1HrOu2rLAIR,E01639,primary,
org_b,0018g0ogZhZIOR1AIP,E01640,primary,
org_b,0018g06VARwOL8hA2G,E01642,primary,
org_b,0018g0ooPTt0wvzAYA,E01644,primary,
org_b,0018g0jqy4yRRjdAAG,E01645,shared_copy,name_sector_variant
org_b,0018g0EqiY7hlPvASI,E01647,primary,
org_b,0018g0tb3k1iFyTAAU,E01649,primary,
org_b,0018g029TeUyNt8AIF,E01650,primary,
org_b,0018g0aPPSkEMVJA24,E01651,primary,addr_abbrev
org_b,0018g0csAoCcv3iAIB,E01652,primary,
org_b,0018g0YqIeLMfAgAKL,E01653,primary,web_missing
org_b,0018g063Pg8g3GBAIY,E01655,shared_copy,addr_abbrev|addr_moved|conflict_employees|name_sector_variant|zip_plus4
org_b,0018g0d3MnokEevAIE,E01656,primary,
org_b,0018g03cUIZkZypAYF,E01659,primary,
org_b,0018g04ORE48SoRA2U,E01660,primary,
org_b,0018g052ZiM1t4UAIR,E01661,primary,
org_b,0018g0C18tTZel0ACD,E01662,shared_copy,conflict_industry|phone_changed
org_b,0018g0GPFtAvp9SAOR,E01663,primary,addr_abbrev
org_b,0018g03pCdyO1FSAI0,E01665,primary,
org_b,0018g0seyUJJOLOAQ5,E01667,shared_copy,addr_abbrev|name_sector_variant
org_b,0018g0lJeSXWX1XAUX,E01668,primary,
org_b,0018g07ffJqF2GXAQ0,E01669,primary,
