"Id","Name","Website","Phone","BillingStreet","BillingCity","BillingState","BillingPostalCode","BillingCountry","Industry","NumberOfEmployees","OwnerId","ParentId","CreatedDate","LastModifiedDate","Legacy_Account_Number__c"
"0015A0csTA6CJmMQYW","Nohaer Dynamics Inc.","http://nohaer.example","972-555-0143","2765 Villegas Avenue","Crossmouth","PW","96940","United States","Energy","1203","0055A01uzBTkGd7QQF","","2020-08-02T07:54:54.000Z","2024-12-25T22:10:16.000Z","LA-272081"
"0015A0qq3kPV28NQAT","Haiquaeq Energy Inc.","https://www.haiquaeq.example","1-617-555-0196","032 Myers St","New Shawnmouth","FL","33511","United States","Machinery","81","0055A0e5wmsQdryQAC","","2019-04-10T05:40:51.000Z","2023-08-19T14:29:51.000Z","LA-223346"
"0015A0qzr4tUeNtQAK","Hujous Robotics Inc","hujous.example","305.555.0126","4953 Medina Avenue","Freystad","RI","02802","United States","Apparel","758","0055A0e5wmsQdryQAC","","2022-06-21T14:11:02.000Z","2024-01-14T09:58:23.000Z","LA-203376"
"0015A0o51GUxwyfQQB","Sujaeq Manufacturing Ltd.","www.sujaeq.example","813-555-0144","894 Decker Avenue","North Georgemouth","AK","99750-9233","United States","Retail","16","0055A0e5wmsQdryQAC","","2019-04-19T20:19:20.000Z","2026-01-25T00:18:40.000Z","LA-655532"
"0015A0HnpaEFUEHQC5","Zusus Capital Corporation","https://www.zusus.example/about","(972) 555-0174","976 Craig Place","West Norma","MI","48289-5662","United States","Entertainment","1202","0055A01uzBTkGd7QQF","","2018-04-05T04:52:39.000Z","2019-03-31T01:16:26.000Z","LA-631952"
"0015A0A1QJRz3tQQ0R","Raveth Systems","https://www.raveth.example/about","415.555.0103","07263 Moreno Avenue","North Carolberg","WY","82263","United States","Shipping","87","0055A0GDajGWdDLQG1","","2023-02-26T05:57:09.000Z","2023-08-14T00:14:42.000Z","LA-332603"
"0015A0LxUhpxmmYQKQ","Wygruve Partners Corp.","","512.555.0137","3090 Trujillo Place","South Anne","KY","40355","United States","Utilities","750","0055A0fCkAOyoTsQUJ","","2019-10-22T11:32:59.000Z","2023-09-21T23:39:57.000Z","LA-254230"
"0015A0yr1Jju8j6QQA","Gyhund Energy","https://gyhund.example/","+1 404 555 0188","596 Ruiz Road","Zacharyberg","MO","63350","United States","Food & Beverage","80","0055A0yvFxoEhwfQIC","","2021-11-21T00:15:46.000Z","2024-05-20T09:04:42.000Z","LA-520896"
"0015A0tPi0qhgt7QEA","Gioruth Technologies","gioruth.example","(415) 555-0179","9341 Simpson Way","North Scottmouth","NE","68035","United States","Transportation","12","0055A0fCkAOyoTsQUJ","","2018-06-23T06:35:03.000Z","2020-04-30T04:19:11.000Z","LA-239372"
"0015A0wtcyEyzlhQAB","Flubro Systems Ltd.","www.flubro.example","+1 972 555 0198","47404 Cook Parkway Suite 910","New Jessicaport","CA","96028","United States","Telecommunications","26","0055A0fCkAOyoTsQUJ","","2021-02-18T16:40:34.000Z","2023-09-29T02:16:42.000Z","LA-831957"
"0015A09rHr6u3BcQII","Zuskiond Networks Co.","zuskiond.example","(720) 555-0161","3865 Green Court Suite 571","Tylerport","RI","02809-7871","United States","Energy","305","0055A0e5wmsQdryQAC","","2021-08-04T03:16:28.000Z","2022-04-30T05:27:33.000Z","LA-534772"
"0015A0OzSrUAseqQKD","Brylond Industries Co.","https://www.brylond.example/about","+1 404 555 0126","8836 Herrera Way","New Ericmouth","HI","96813","United States","Healthcare","308","0055A0e5wmsQdryQAC","","2017-02-19T03:26:30.000Z","2019-11-02T14:39:32.000Z","LA-578329"
"0015A0TahtzqLGRQC2","Jedroul Energy Corporation","","+1 617 555 0129","072 Silva Road Suite 950","Port Marytown","OH","45022","United States","Insurance","754","0055A0yvFxoEhwfQIC","","2017-11-03T16:24:20.000Z","2025-02-02T01:07:30.000Z","LA-808819"
"0015A0EPwVaamC9QWI","Cloubryrk Networks","cloubryrk.example","+1 972 555 0116","19126 Williams Boulevard","Stephensfort","UT","84073","United States","Apparel","301","0055A02sSeu3Y8qQIE","","2024-07-20T05:12:13.000Z","2025-09-16T17:35:48.000Z","LA-781503"
"0015A0jZkUoPLdUQUW","Haitras Manufacturing Inc","www.haitras.example","+1 415 555 0103","16343 David Way","West Jamestown","AL","36298","United States","Biotechnology","308","0055A0fCkAOyoTsQUJ","","2022-10-16T16:19:49.000Z","2023-06-23T04:00:45.000Z","LA-222684"
"0015A0XPSDf9y6jQ4A","Viwiove Analytics Co.","www.viwiove.example","(312) 555-0130","7846 Cruz Road Suite 723","New Staceyfurt","MO","64912","United States","Not For Profit","303","0055A0fCkAOyoTsQUJ","","2023-06-24T17:14:29.000Z","2026-07-05T08:22:04.000Z","LA-767232"
"0015A0syxcd56imQAA","Voubar Solutions Corporation","http://voubar.example","","434 Rangel Road Suite 583","Debrabury","NM","87826","United States","Telecommunications","34","0055A0fCkAOyoTsQUJ","","2019-05-10T09:23:17.000Z","2025-08-13T16:10:52.000Z","LA-330591"
"0015A0OsIwzTMI7QKO","Triolove Systems Corporation","WWW.TRIOLOVE.EXAMPLE","312-555-0181","577 Marquez Road Suite 975","West Emilychester","UT","84063","United States","Insurance","150","0055A02sSeu3Y8qQIE","","2025-04-16T21:17:27.000Z","2026-08-26T06:52:43.000Z","LA-402497"
"0015A0GPq9z4bh0QGA","Praipaen Health Co.","praipaen.example","+1 720 555 0103","76499 Garcia Parkway Suite 384","North Jenniferland","MD","21089","United States","Energy","26","0055A02sSeu3Y8qQIE","","2018-11-24T20:27:12.000Z","2026-06-27T23:48:14.000Z","LA-929198"
"0015A0RCY9v0Xy2QOE","Quoudyve Supply Inc.","","813-555-0146","97002 Lester Street","East Kevin","ID","83519","United States","Electronics","1207","0055A02sSeu3Y8qQIE","","2021-07-10T18:24:59.000Z","2024-06-06T02:27:45.000Z","LA-953843"
"0015A07gi0qtlGvQAI","Laevion Freight","www.laevion.example","(415) 555-0102","609 Gomez Avenue","Lake Gregoryside","PA","17522","United States","Chemicals","303","0055A0e5wmsQdryQAC","","2017-02-03T04:16:31.000Z","2017-02-05T21:20:43.000Z","LA-590179"
"0015A0stp2LfabAQAR","Houtrath Outfitters Corp.","https://www.houtrath.example/about","(972) 555-0118","196 Patton Court","Wardshire","UT","84091","United States","Retail","14","0055A01uzBTkGd7QQF","","2025-02-10T20:37:00.000Z","2026-03-02T12:24:50.000Z","LA-496250"
"0015A0YZMDHOmi7Q4D","Haesteth Industries LLC","http://haesteth.example","+1 503 555 0127","43481 Cox Lane","New Shawn","NV","89556-7436","United States","Banking","47","0055A0fCkAOyoTsQUJ","","2024-01-08T13:39:06.000Z","2026-03-26T09:48:34.000Z","LA-982587"
"0015A0YHw67oFgoQGE","Rykios Services Corp.","WWW.RYKIOS.EXAMPLE","404-555-0114","869 Anderson Court","Port Debraberg","CT","06012","United States","Chemicals","5005","0055A0e5wmsQdryQAC","","2019-06-09T03:32:51.000Z","2020-04-30T13:58:53.000Z","LA-622003"
"0015A0kZec2UD8MQEW","Pustiq Health LLC","pustiq.example","(702) 555-0114","13456 Williams Court","Barnesmouth","CT","06366","United States","Food & Beverage","11","0055A02sSeu3Y8qQIE","","2020-09-24T12:30:18.000Z","2025-03-16T19:45:41.000Z","LA-242472"
"0015A0FTJUK0eBzQ4J","Pryskyq Dynamics Corporation","https://pryskyq.example/","512-555-0105","454 Rogers Drive","Lake Brianmouth","UT","84368","United States","Machinery","752","0055A01uzBTkGd7QQF","","2023-09-10T16:25:40.000Z","2025-12-13T14:52:35.000Z","LA-460148"
"0015A0itbtFoGwNQAV","Stoumuve Technologies Corp.","stoumuve.example","813-555-0161","20372 Rodriguez Parkway","New Brittany","MT","59194","United States","Entertainment","7","0055A0fCkAOyoTsQUJ","","2024-10-29T15:04:53.000Z","2026-02-03T14:25:13.000Z","LA-141960"
"0015A0H8DUaP62uQ0C","Flydynd Materials Inc","https://www.flydynd.example/about","1-212-555-0133","8976 Deleon Parkway","Perkinston","MH","96962","United States","Engineering","44","0055A02sSeu3Y8qQIE","","2022-09-29T06:39:49.000Z","2025-02-26T21:59:31.000Z","LA-755068"
"0015A0pbC7moSSXQI2","Daeflaith Logistics LLC","daeflaith.example","(503) 555-0131","480 Johnston Ln","Alexandermouth","AL","35772-8273","United States","Communications","304","0055A0e5wmsQdryQAC","","2017-12-07T18:31:58.000Z","2018-03-30T16:35:46.000Z","LA-574815"
"0015A05arO74xucQQA","Zudal Capital","zudal.example","813.555.0183","21403 Kim Parkway Suite 225","Nathanfort","SD","57656","United States","Manufacturing","82","0055A0GDajGWdDLQG1","","2024-08-20T19:25:12.000Z","2024-08-23T20:38:37.000Z","LA-219601"
"0015A0uD3w5dIVRQE2","Godrend Robotics Co.","WWW.GODREND.EXAMPLE","+1 503 555 0108","7143 Martin Lane Suite 905","Carrillostad","IL","60785","United States","Food & Beverage","306","0055A0yvFxoEhwfQIC","","2019-06-16T11:07:53.000Z","2023-09-27T07:17:54.000Z","LA-831704"
"0015A0v7cu5gMfrQAE","Buhove Energy Inc","https://www.buhove.example","+1 617 555 0125","1758 Mcdaniel Pkwy","New Melody","IA","52540","United States","Healthcare","14","0055A01uzBTkGd7QQF","","2017-12-16T22:54:55.000Z","2019-03-02T00:18:10.000Z","LA-908980"
"0015A0x4I3FlxpqQIB","Quoudiox Industries Ltd.","WWW.QUOUDIOX.EXAMPLE","1-720-555-0123","326 Martin Drive","North Elizabeth","NC","28690","United States","Media","33","0055A02sSeu3Y8qQIE","","2018-02-23T20:37:28.000Z","2021-01-29T20:03:42.000Z","LA-658968"
"0015A0xiLuiIcyvQIC","Claqual Holdings Corp.","www.claqual.example","720.555.0130","3607 Arias Way","Jaredshire","WA","98358","United States","Utilities","150","0055A01uzBTkGd7QQF","","2025-01-02T11:51:36.000Z","2025-07-11T06:14:56.000Z","LA-910804"
"0015A0J32EeHXHMQS4","Flouvi Technologies Inc","www.flouvi.example","1-813-555-0125","34819 Perez Way","Raymondberg","WI","53277","United States","Machinery","47","0055A01uzBTkGd7QQF","","2021-05-07T12:53:27.000Z","2024-11-10T00:55:26.000Z","LA-539441"
"0015A0mJfg7EEf8QEG","Flourouq Dynamics Ltd.","http://flourouq.example","1-503-555-0153","122 Nelson Way","Danielport","IL","61897","United States","Consulting","158","0055A01uzBTkGd7QQF","","2022-11-13T22:38:28.000Z","2023-09-18T22:46:44.000Z","LA-466041"
"0015A0F3BRWRU3gQ0H","Jaepend Foods Co.","https://www.jaepend.example","+1 702 555 0195","769 Cook Drive","New Rodney","NH","03044","United States","Electronics","87","0055A0yvFxoEhwfQIC","","2021-09-29T15:15:20.000Z","2026-07-02T05:36:17.000Z","LA-547010"
"0015A01KadGzsHzQEJ","Fezirk Energy Inc","https://www.fezirk.example/about","+1 512 555 0141","32343 Johnson Drive","North Michaelfort","MH","96965","United States","Telecommunications","1202","0055A0fCkAOyoTsQUJ","","2017-10-24T11:53:10.000Z","2018-07-19T13:29:30.000Z","LA-742356"
"0015A0Qm0oUMmdnQCD","Mehiom Energy Inc","mehiom.example","+1 206 555 0183","1273 Nicholson Way","New Jamie","SC","29799","United States","Technology","34","0055A02sSeu3Y8qQIE","","2021-10-18T11:08:02.000Z","2022-08-14T22:39:12.000Z","LA-683580"
"0015A06F6Nux9bQQUQ","Roufan Networks","roufan.example","+1 312 555 0194","76848 Whitehead Way","Greenbury","LA","70568-6542","United States","Shipping","154","0055A0GDajGWdDLQG1","","2024-10-05T16:06:48.000Z","2026-07-19T06:13:36.000Z","LA-899882"
"0015A0tZPQSEWvUQ2X","Pystex Labs LLC","WWW.PYSTEX.EXAMPLE","212.555.0198","364 Flores Boulevard","Andersonton","PA","16669","United States","Agriculture","6","0055A02sSeu3Y8qQIE","","2020-09-13T03:08:53.000Z","2021-05-02T15:51:27.000Z","LA-810355"
"0015A06JDt6gjPQQMY","Haeclaem Energy Ltd.","","(305) 555-0117","6044 Flores Way","Lake Elizabeth","NJ","08330","United States","Biotechnology","155","0055A02sSeu3Y8qQIE","","2023-09-27T02:05:04.000Z","2026-08-18T15:54:20.000Z","LA-952208"
"0015A00C1eklIi5QEE","BRYSKAAE CAPITAL INC.","","+1 904 555 0131","59936 Torres Place Suite 641","East Coryland","TN","37193","United States","Entertainment","47","0055A0fCkAOyoTsQUJ","","2025-01-18T16:09:06.000Z","2025-10-26T20:41:44.000Z","LA-176823"
"0015A0pJxQzNgwpQUC","Claidriove Technologies Ltd.","https://www.claidriove.example/about","404-555-0186","70088 Barrett Parkway","Huanghaven","OH","45132","United States","Media","48","0055A0yvFxoEhwfQIC","","2019-06-12T19:30:45.000Z","2022-11-19T06:23:17.000Z","LA-428224"
"0015A0BOz4XPHFGQG5","Cosouth Networks Ltd.","WWW.COSOUTH.EXAMPLE","1-503-555-0129","9159 Jackson Lane","West Kelly","AK","99688","United States","Engineering","48","0055A0yvFxoEhwfQIC","","2023-03-21T23:21:32.000Z","2024-07-10T21:01:57.000Z","LA-664973"
"0015A0wKorkhXKQQE2","Febrar Foods LLC","http://febrar.example","(617) 555-0133","44876 Griffin Way","New Tyler","NV","89169","United States","Shipping","32","0055A02sSeu3Y8qQIE","","2022-06-25T21:33:24.000Z","2024-04-17T21:38:02.000Z","LA-842997"
"0015A0Z3AvleF9gQKE","Flulove Energy Corp.","http://flulove.example","312-555-0128","51364 Young Pl","Crossland","ND","58085","United States","Hospitality","49","0055A0e5wmsQdryQAC","","2021-05-15T11:59:59.000Z","2025-10-29T18:18:50.000Z","LA-947776"
"0015A0iD64ocw7jQEA","Skafim International Ltd.","https://skafiminternational.example/","1-404-555-0180","089 Hunter Place","Castillohaven","OK","73123","United States","Education","6","0055A01uzBTkGd7QQF","","2022-07-07T16:40:00.000Z","2022-12-10T03:06:01.000Z","LA-743508"
"0015A0M10jzX6b3QCC","Brioclasi Holdings","WWW.BRIOCLAIS.EXAMPLE","(813) 555-0160","19160 White Parkway","West Edwardburgh","UT","84688","United States","Hospitality","11","0055A01uzBTkGd7QQF","","2019-07-29T04:14:29.000Z","2020-12-16T05:20:38.000Z","LA-496480"
"0015A0WYKK9fX8OQ4U","Gydouq Materials Corporation","www.gydouq.example","404-555-0157","358 Bates Street Suite 990","East Stephen","NV","89470","United States","Consulting","21","0055A02sSeu3Y8qQIE","","2017-04-14T22:38:31.000Z","2020-04-22T23:07:56.000Z","LA-130895"
"0015A03EmVshezDQUQ","Kaiquaer Energy Corp.","www.kaiquaer.example","","5595 Mack Way","Port Meganmouth","LA","70285","United States","Media","154","0055A01uzBTkGd7QQF","","2022-02-26T18:01:29.000Z","2024-05-27T07:15:19.000Z","LA-501948"
"0015A0LABBOo2BLQ4Z","Trabuq Foods LLC","www.trabuq.example","","","Johnberg","LA","70599","United States","Machinery","759","0055A01uzBTkGd7QQF","","2025-04-07T16:33:46.000Z","2025-08-21T13:06:21.000Z","LA-805340"
"0015A07kCqSghEbQIJ","Quedrai Freight Co.","quedrai.example","720.555.0109","42880 Hayes Court","Heatherchester","UT","84187","United States","Shipping","8","0055A0e5wmsQdryQAC","","2020-04-20T16:30:55.000Z","2020-05-07T01:54:32.000Z","LA-682077"
"0015A0DIKFDuGulQ4F","Maegaeq Solutions Co.","maegaeq.example","212.555.0128","5014 Stewart Street","South Ericstad","CA","90881","United States","Consulting","14","0055A0e5wmsQdryQAC","","2018-10-07T00:17:37.000Z","2022-07-14T14:27:52.000Z","LA-524122"
"0015A0KvZ6Az2aKQKR","Flyquu Systems Corporation","https://flyquu.example/","312.555.0145","2781 Black Road","New Michaelmouth","NY","12727","United States","Insurance","40","0055A0e5wmsQdryQAC","","2017-03-19T17:48:28.000Z","2024-01-03T01:54:38.000Z","LA-653423"
"0015A0NSFyjFboYQOS","Stougrael Foods Inc.","stougrael.example","1-503-555-0134","91056 Moore Avenue Suite 791","Anthonyview","AL","35764","United States","Energy","1207","0055A02sSeu3Y8qQIE","","2023-01-11T00:27:55.000Z","2025-03-07T13:05:23.000Z","LA-406230"
"0015A069Tp3s4QnQII","Wabrax Technologies","WWW.WABRAX.EXAMPLE","1-904-555-0136","1389 Thompson Court","West Kathleenfurt","NC","27101","United States","Banking","13","0055A0fCkAOyoTsQUJ","","2018-06-23T19:32:39.000Z","2024-02-20T20:33:26.000Z","LA-271008"
"0015A0ZD5c5jcAwQGI","Fodiol Industries Corporation","https://www.fodiolindustries.example","1-503-555-0173","18641 Stevenson Street","North Kimberlyport","CT","06056","United States","Engineering","1202","0055A0yvFxoEhwfQIC","","2020-09-01T08:51:56.000Z","2022-06-15T14:21:18.000Z","LA-689767"
"0015A0P1nu6iMTyQCM","Quaedaeq Services","www.quaedaeq.example","972.555.0165","1263 Morales Road","North Margaret","ME","04196-5128","United States","Construction","19","0055A0GDajGWdDLQG1","","2019-02-21T00:12:00.000Z","2021-09-06T13:04:45.000Z","LA-589942"
"0015A0wn1BIxY9DQQV","Jaigriq Works Inc","https://www.jaigriq.example/about","+1 904 555 0189","06241 Gallagher Street","Cohenstad","OK","73168","United States","Banking","5005","0055A0fCkAOyoTsQUJ","","2017-07-11T06:04:09.000Z","2018-09-06T01:36:43.000Z","LA-112618"
"0015A0w3KEcvU3rQYE","Praipeq Technologies LLC","","415-555-0116","419 Lee Boulevard","West Christopher","FL","34205-9335","United States","Transportation","6","0055A01uzBTkGd7QQF","","2020-07-31T20:56:48.000Z","2025-08-04T02:01:50.000Z","LA-490770"
"0015A0A8uurlRUEQC2","Jiwur Energy Inc","jiwur.example","1-404-555-0160","185 Moore Boulevard","Karlachester","NH","03116","United States","Manufacturing","20","0055A0fCkAOyoTsQUJ","","2020-05-12T04:03:40.000Z","2022-02-28T02:27:40.000Z","LA-460066"
"0015A0OLDIPuY4IQ4V","Traesaex Technologies Inc","https://www.traesaex.example/about","(503) 555-0183","4759 Carter Rd","Carpenterberg","NV","89077-3894","United States","Not For Profit","304","0055A02sSeu3Y8qQIE","","2017-07-08T19:13:41.000Z","2018-01-13T17:33:17.000Z","LA-704971"
"0015A0lAACpTXP6Q2O","Mougron Systems","https://www.mougronsystems.example/about","972-555-0189","1782 James Road Suite 715","Port Timothyburgh","TN","37937","United States","Healthcare","1203","0055A0yvFxoEhwfQIC","","2018-07-18T16:49:57.000Z","2025-02-08T09:22:48.000Z","LA-918499"
"0015A0LVbduRWN1QGO","Ruvyve Materials Co.","www.ruvyve.example","1-512-555-0198","1353 Ramirez Court Suite 673","Lawsonport","MD","21710-2947","United States","Shipping","80","0055A0GDajGWdDLQG1","","2019-04-16T21:33:30.000Z","2024-03-13T13:27:56.000Z","LA-830784"
"0015A0OhrujKryqQCC","Dopax Partners Inc.","https://www.dopax.example","404.555.0120","9912 Chan Drive","Tonishire","IL","62295","United States","Agriculture","13","0055A0fCkAOyoTsQUJ","","2020-11-16T16:05:48.000Z","2026-07-12T07:46:09.000Z","LA-359248"
"0015A0goPN3QlQLQY0","Tresu Materials Inc","","+1 206 555 0177","091 Lopez Rd","West Linda","AR","72555","United States","Chemicals","306","0055A0yvFxoEhwfQIC","","2020-04-29T07:54:24.000Z","2023-05-19T07:19:50.000Z","LA-841725"
"0015A0SFEItwDxKQ4U","Grioquion Freight Corporation","","+1 404 555 0171","02645 Miller Boulevard","West Diane","CT","06282","United States","Chemicals","43","0055A0yvFxoEhwfQIC","","2025-05-10T05:31:51.000Z","2025-06-14T03:05:42.000Z","LA-149462"
"0015A0sNLSbBxsqQ2C","Quivaind Partners Ltd.","www.quivaind.example","(212) 555-0196","84232 Giles Parkway","North Maria","MH","96967","United States","Technology","30","0055A0GDajGWdDLQG1","","2019-04-19T22:54:18.000Z","2023-02-02T15:07:53.000Z","LA-375749"
"0015A0NJ7eSXwE7QGL","Gyvos Services Ltd.","gyvos.example","","441 Brown Street Suite 152","Port Darrell","ND","58696","United States","Machinery","5007","0055A0GDajGWdDLQG1","","2020-01-11T19:56:52.000Z","2024-11-20T20:47:37.000Z","LA-697108"
"0015A0ewuMAkIjsQQF","Trionyth Dynamics Corporation","https://www.trionyth.example","(305) 555-0141","","West Melanieborough","MH","96967","United States","Recreation","86","0055A0e5wmsQdryQAC","","2020-04-28T11:42:28.000Z","2025-09-11T02:03:01.000Z","LA-647702"
"0015A0zBtdfAvcQQES","Sakioth Supply LLC","","1-212-555-0151","11765 Carney Way Suite 574","Gutierrezstad","NH","03146","United States","Food & Beverage","6","0055A0yvFxoEhwfQIC","","2022-06-27T12:54:40.000Z","2025-07-07T19:10:30.000Z","LA-269752"
"0015A0KuwH0QLgWQSW","Fioniom Systems Inc","https://fioniom.example/","813-555-0116","39751 Alexander Parkway","East Maryfurt","VA","22026","United States","Biotechnology","159","0055A01uzBTkGd7QQF","","2017-02-06T06:53:48.000Z","2020-01-03T19:39:48.000Z","LA-266423"
"0015A0kKINefN0BQ2U","Stougove Freight","","(305) 555-0173","0695 Chavez Avenue","North Danport","AZ","85284","United States","Banking","159","0055A0fCkAOyoTsQUJ","","2024-07-09T18:09:10.000Z","2026-06-30T06:38:28.000Z","LA-824805"
"0015A05ItJO9QC7QUN","Tefou Systems","www.tefou.example","(702) 555-0189","867 White Boulevard","East Tyler","GA","30287","United States","Communications","11","0055A0yvFxoEhwfQIC","","2025-03-08T07:04:24.000Z","2025-11-06T03:14:29.000Z","LA-583937"
"0015A02Lysv6F6RQEU","Lojym Materials Inc","https://www.lojym.example","312.555.0102","60460 Reyes Court","Andersonmouth","DC","20019","United States","Technology","14","0055A0yvFxoEhwfQIC","","2024-07-23T05:15:04.000Z","2024-10-24T00:40:58.000Z","LA-358088"
"0015A0R390itZLfQCM","Drainairk Energy Co.","http://drainairk.example","+1 206 555 0190","61155 Wang Street Suite 901","Deannaside","MA","01023","United States","Food & Beverage","10","0055A01uzBTkGd7QQF","","2018-04-12T21:27:28.000Z","2021-12-14T22:36:02.000Z","LA-979909"
"0015A0qdlbDpSVdQAN","Ziodrind Works Co.","http://ziodrind.example","1-972-555-0153","87553 Murray Lane Suite 713","Jessicaburgh","CA","93537","United States","Not For Profit","45","0055A02sSeu3Y8qQIE","","2019-09-28T23:01:32.000Z","2024-07-29T08:13:56.000Z","LA-664451"
"0015A0f0XA0J7zfQYC","Gybrurk Outfitters LLC","gybrurk.example","","512 Hensley Way","East Sandraport","CA","95815","United States","Banking","8","0055A0e5wmsQdryQAC","","2020-06-09T17:21:41.000Z","2023-05-30T10:30:07.000Z","LA-623658"
"0015A09KULrIVdCQ2W","Jiovum Robotics LLC","WWW.JIOVUM.EXAMPLE","+1 503 555 0113","91292 Roberts Court","Juarezfurt","MH","96961","United States","Shipping","1206","0055A01uzBTkGd7QQF","","2025-02-18T06:52:15.000Z","2025-02-23T03:10:09.000Z","LA-134365"
"0015A0KhtJlT4D0QSK","Rouraind Industries Corp.","rouraind.example","","441 Wilson Street","Joshuaside","IL","62958","United States","Shipping","305","0055A0GDajGWdDLQG1","","2017-03-13T01:21:19.000Z","2017-12-02T01:29:21.000Z","LA-435800"
"0015A0vNjNMm6BUQUZ","Kogand Works Co.","https://www.kogand.example","305.555.0149","735 Lopez Road","Lake Amberfurt","DE","19731","United States","Finance","21","0055A0fCkAOyoTsQUJ","","2021-05-31T08:19:45.000Z","2022-11-11T10:39:48.000Z","LA-820599"
"0015A0Dfa8jOXVGQC4","Flebaem Manufacturing Co.","flebaem.example","617-555-0129","9288 Lewis Street","Lisaview","NE","68012","United States","Apparel","13","0055A0yvFxoEhwfQIC","","2019-01-29T04:00:41.000Z","2021-03-03T04:03:58.000Z","LA-207989"
"0015A0Cu7sJ8nqNQCR","Taefil Materials Co.","www.taefil.example","720-555-0123","72483 Soto Drive","North Kimberlystad","MO","65661","United States","Electronics","1200","0055A0yvFxoEhwfQIC","","2019-08-12T04:10:24.000Z","2021-01-24T17:43:51.000Z","LA-870593"
"0015A0i40VKAWXJQQ5","Quizourk Labs Inc","WWW.QUIZOURK.EXAMPLE","312-555-0108","27921 Evans Pkwy","New Rebecca","HI","96801","United States","Hospitality","5","0055A02sSeu3Y8qQIE","","2025-06-15T23:16:15.000Z","2026-03-24T06:44:34.000Z","LA-101439"
"0015A0C8O68U3PSQK0","Neneth Technologies Ltd.","neneth.example","","861 Brown Road","East Austinburgh","MD","21904","United States","Recreation","159","0055A0yvFxoEhwfQIC","","2017-09-28T19:30:24.000Z","2026-08-30T15:54:17.000Z","LA-648414"
"0015A0uzyHMigNKQQZ","Gydaerk Robotics Ltd.","https://www.gydaerk.example/about","972.555.0194","029 Boyle Boulevard","New George","WI","53939","United States","Telecommunications","1204","0055A0fCkAOyoTsQUJ","","2018-04-21T21:40:19.000Z","2022-01-27T10:45:29.000Z","LA-369170"
"0015A0qDbkF3zd6QEB","Quaecairk Foods Inc","","1-972-555-0168","442 Baldwin Avenue","Barbaraview","OH","44544","United States","Consulting","756","0055A0fCkAOyoTsQUJ","","2020-11-09T14:12:31.000Z","2024-07-01T07:36:23.000Z","LA-140116"
"0015A042x0zRYnTQAW","Taehax Networks Corp.","www.taehax.example","","037 Foster Way","Bryantland","CO","81104-8401","United States","Telecommunications","82","0055A02sSeu3Y8qQIE","","2021-01-31T01:36:21.000Z","2025-11-23T06:35:51.000Z","LA-790312"
"0015A0cRevupjdeQEA","Faibrou Capital Corp.","www.faibrou.example","+1 813 555 0122","337 Williams Parkway Suite 184","West Andreastad","MH","96970","United States","Biotechnology","85","0055A01uzBTkGd7QQF","","2020-11-04T17:47:25.000Z","2021-01-14T12:32:29.000Z","LA-833794"
"0015A0me8KVfj8CQQR","Quaedraeve Logistics Inc","WWW.QUAEDRAEVELOGISTICS.EXAMPLE","1-702-555-0165","88957 Thomas Boulevard Suite 363","Danielville","GA","31336","United States","Government","85","0055A0fCkAOyoTsQUJ","","2017-10-11T04:01:05.000Z","2021-05-08T18:08:28.000Z","LA-584224"
"0015A0Fi9PgNuOsQSK","Skasoth International Inc.","skasoth.example","972.555.0180","53637 Smith Street","Richardburgh","KY","40751","United States","Energy","30","0055A0GDajGWdDLQG1","","2023-06-13T13:56:54.000Z","2025-02-23T23:19:35.000Z","LA-683559"
"0015A0iWVhNmLl1QMF","Sytraive Robotics","http://sytraive.example","(206) 555-0146","49904 Figueroa Road Suite 688","Port Natalie","WV","25843","United States","Energy","83","0055A0yvFxoEhwfQIC","","2021-07-03T20:02:32.000Z","2022-02-06T03:05:42.000Z","LA-568053"
"0015A0WdcpOjHzaQCF","Bequael Services Corp.","https://www.bequael.example","1-512-555-0120","360 Ross Avenue Suite 577","East Gregory","MI","49459","United States","Manufacturing","30","0055A0fCkAOyoTsQUJ","","2022-03-01T16:11:30.000Z","2023-04-24T13:16:01.000Z","LA-803028"
"0015A01hDhYcah8QIB","Cuvend Networks Corporation","https://cuvend.example/","206-555-0192","2151 Huffman Avenue","Danielhaven","CT","06115","United States","Healthcare","758","0055A0e5wmsQdryQAC","","2024-10-23T01:05:50.000Z","2025-12-21T12:57:23.000Z","LA-155722"
"0015A0d3Xd8KHatQIG","Drizioq Holdings Inc.","drizioq.example","1-617-555-0190","85803 Scott Way","West Sandraland","NV","89393","United States","Utilities","758","0055A02sSeu3Y8qQIE","","2018-10-31T22:16:59.000Z","2019-01-02T12:12:58.000Z","LA-655750"
"0015A0RuoMtYOXjQSO","Grutrox Analytics Ltd.","WWW.GRUTROX.EXAMPLE","+1 305 555 0180","30584 Jones Road Suite 168","North Mary","CA","90669","United States","Communications","309","0055A02sSeu3Y8qQIE","","2025-03-05T14:33:37.000Z","2025-08-29T11:34:22.000Z","LA-575897"
"0015A09oZca6WGwQIM","Wytraith Logistics Corp.","https://wytraith.example/","1-404-555-0125","0833 Solis Avenue Suite 198","East Seanmouth","WA","99139","United States","Utilities","45","0055A0yvFxoEhwfQIC","","2020-08-28T16:53:56.000Z","2024-12-17T14:40:25.000Z","LA-511232"
"0015A0b3A8GbwGvQIJ","Stahyth Supply Inc.","https://www.stahyth.example","1-305-555-0122","80144 Jackson Parkway","South Ronaldville","ND","58197","United States","Government","156","0055A0yvFxoEhwfQIC","","2022-08-09T08:52:28.000Z","2024-01-12T21:04:28.000Z","LA-822889"
"0015A0IABwJkGcxQOF","Clizox Industries Inc.","https://www.clizox.example","305.555.0113","26404 Mccarthy Boulevard Suite 663","Jenningsshire","DE","19808","United States","Construction","301","0055A0e5wmsQdryQAC","","2024-06-20T23:32:20.000Z","2025-03-12T18:13:21.000Z","LA-236621"
"0015A0GTMGOUJZVQ45","Bujoux Technologies Ltd.","https://bujoux.example/","+1 813 555 0150","013 White Place Suite 775","Buchananburgh","WV","25842","United States","Finance","755","0055A0fCkAOyoTsQUJ","","2023-04-05T15:17:17.000Z","2023-06-13T12:56:56.000Z","LA-147842"
"0015A0ls2JpgdXyQQI","Tubork Energy Inc","https://www.tubork.example/about","(904) 555-0187","6219 Collier Dr Ste 179","Joseshire","MA","02182","United States","Entertainment","757","0055A02sSeu3Y8qQIE","","2025-02-08T19:52:18.000Z","2025-05-22T16:27:41.000Z","LA-539377"
"0015A07IxHF2KGdQUN","Taskes Labs Ltd.","https://www.taskes.example","720-555-0129","03307 Hill Rd Ste 195","East Lindaburgh","VT","05189","United States","Biotechnology","5000","0055A0e5wmsQdryQAC","","2018-07-24T22:09:24.000Z","2024-01-10T04:37:03.000Z","LA-756359"
"0015A0lk0teAMlRQAW","Taeliove Technologies Corp.","https://taeliove.example/","702-555-0115","47361 Warren Drive","Johnview","KY","42678","United States","Electronics","14","0055A0GDajGWdDLQG1","","2025-03-24T16:58:24.000Z","2025-07-16T06:18:09.000Z","LA-245660"
"0015A0VRZpPmqSEQOZ","wazaend outfitter corporation","www.wazaend.example","(305) 555-0185","","West Scott","TN","38237","United States","Engineering","547","0055A0fCkAOyoTsQUJ","","2018-11-06T05:36:30.000Z","2020-10-01T19:15:34.000Z","LA-389566"
"0015A0VbTDN0kibQ0B","Diodive Supply Inc","","212-555-0171","2912 Wallace Lane","Martinberg","AK","99926","United States","Media","302","0055A01uzBTkGd7QQF","","2019-04-09T10:15:41.000Z","2019-12-10T11:23:36.000Z","LA-477295"
"0015A0gerc7n7qNQAQ","Sequym Logistics","https://www.sequym.example/about","1-702-555-0189","90653 Taylor Place","Susanstad","VA","22364","United States","Media","1200","0055A02sSeu3Y8qQIE","","2018-07-31T08:35:15.000Z","2022-02-23T01:26:45.000Z","LA-481554"
"0015A0WUktnRQieQGG","Driojaith Services Inc.","WWW.DRIOJAITH.EXAMPLE","+1 206 555 0194","0731 Schultz Road Suite 571","Jacksonburgh","UT","84074","United States","Other","13","0055A0GDajGWdDLQG1","","2017-04-30T00:38:42.000Z","2023-06-03T18:28:01.000Z","LA-922701"
"0015A0LHgfs6iD2QGI","Zolerk Analytics Corporation","https://zolerk.example/","1-617-555-0101","74833 Chang Place","North Heather","LA","70204","United States","Biotechnology","5000","0055A02sSeu3Y8qQIE","","2023-05-10T22:47:26.000Z","2024-09-30T19:19:04.000Z","LA-916604"
"0015A0CGbWaZye5QWC","Vobaen Partners Corporation","https://www.vobaen.example","","1732 Knight Avenue","West Elaine","CO","81350","United States","Entertainment","5006","0055A02sSeu3Y8qQIE","","2017-01-27T04:37:44.000Z","2017-09-12T05:53:24.000Z","LA-102944"
"0015A09JXFpGu3OQ2S","Flison Foods Inc","WWW.FLISON.EXAMPLE","(212) 555-0175","27655 Bass Way","Morenohaven","NE","68054","United States","Electronics","152","0055A0yvFxoEhwfQIC","","2020-01-14T07:19:06.000Z","2020-07-30T13:00:45.000Z","LA-291627"
"0015A0pl8zIw00TQAR","Claeclar Materials","www.claeclar.example","","138 Fry Drive","Richardsstad","CT","06317","United States","Education","755","0055A02sSeu3Y8qQIE","","2017-03-27T20:00:07.000Z","2023-05-18T14:06:37.000Z","LA-329903"
"0015A0wkOZ9aUYBQY2","Haedyrk Works Corp.","https://www.haedyrk.example","+1 305 555 0111","564 Long Way","West Tracybury","CO","80738","United States","Banking","5003","0055A0e5wmsQdryQAC","","2025-06-19T06:50:25.000Z","2025-12-03T23:13:04.000Z","LA-976351"
"0015A0Vi9wpjkRsQCI","Jutrond Technologies Inc","https://www.jutrond.example/about","","3193 Oconnor St","Lake Cameron","AK","99827","United States","Environmental","1209","0055A0e5wmsQdryQAC","","2018-02-11T14:46:03.000Z","2022-06-18T15:47:43.000Z","LA-956500"
"0015A0AjN2OqoTWQKZ","Jiohal Industries Inc","www.jiohal.example","+1 972 555 0185","1586 Davis Drive Suite 124","North Sharon","MS","38653","United States","Communications","150","0055A0e5wmsQdryQAC","","2018-06-17T18:54:09.000Z","2019-05-19T12:02:00.000Z","LA-555672"
"0015A05PCry9mbiQMA","Driobroq Analytics Inc","https://www.driobroq.example","813.555.0119","191 Brewer Way","Crossmouth","RI","02883","United States","Healthcare","1207","0055A0e5wmsQdryQAC","","2021-06-29T12:34:21.000Z","2024-04-01T16:00:19.000Z","LA-433879"
"0015A0WgVfJh9fpQKB","Gairun Holdings LLC","http://gairun.example","(702) 555-0109","6592 Brewer Way","Jonesport","SD","57459","United States","Healthcare","86","0055A0fCkAOyoTsQUJ","","2019-04-24T22:36:43.000Z","2020-12-15T16:38:52.000Z","LA-654452"
"0015A0y3UJGVPGJQY5","Grogund Energy Inc.","","+1 404 555 0148","78974 Williams Road","East Keith","KS","67498","United States","Finance","25","0055A0yvFxoEhwfQIC","","2024-02-09T13:45:46.000Z","2024-10-05T10:32:24.000Z","LA-248167"
"0015A0jrwyNaq73QAB","Flyson Dynamics Ltd.","flyson.example","1-617-555-0133","2796 Craig Road","West Kimberly","WV","25010","United States","Retail","27","0055A02sSeu3Y8qQIE","","2025-04-13T14:07:52.000Z","2025-08-05T18:54:23.000Z","LA-477038"
"0015A0zcj1OxO2eQAF","Dionith Systems LLC","www.dionith.example","415.555.0125","384 Chapman Parkway","New Manuelmouth","ND","58483","United States","Finance","151","0055A01uzBTkGd7QQF","","2019-10-15T08:40:57.000Z","2023-03-03T06:26:18.000Z","LA-546861"
"0015A0bChFUjRmGQUV","Kowourk Energy Inc.","https://www.kowourk.example","1-212-555-0158","5996 Brooks Way","Reneemouth","CA","92133","United States","Manufacturing","13","0055A0GDajGWdDLQG1","","2021-11-09T17:20:48.000Z","2023-05-31T17:34:55.000Z","LA-935936"
"0015A0Guny1KcjbQCC","Zaivaeq Materials Inc.","www.zaivaeq.example","(702) 555-0174","9130 Jones Dr","Port Douglasland","CT","06113","United States","Communications","48","0055A0e5wmsQdryQAC","","2017-11-15T20:08:30.000Z","2021-10-29T13:13:10.000Z","LA-548458"
"0015A0PIt5MLnVjQGL","Skaezand Freight Inc.","WWW.SKAEZAND.EXAMPLE","+1 512 555 0113","9653 Delacruz Avenue","North Susan","MO","65296","United States","Construction","19","0055A02sSeu3Y8qQIE","","2018-09-11T00:51:17.000Z","2025-09-23T00:43:11.000Z","LA-867452"
"0015A0O4yoruno9QCA","Bryskae Capital Inc.","http://bryskae.example","904-555-0131","59936 Torres Place Suite 641","East Coryland","TN","37193","United States","Entertainment","47","0055A0GDajGWdDLQG1","","2018-07-14T22:06:28.000Z","2020-09-25T07:41:10.000Z","LA-925107"
"0015A0g55aGUZPlQAP","Douvoth Dynamics Inc.","https://www.douvoth.example","(404) 555-0199","3685 Gallagher Boulevard Suite 310","Christopherberg","MI","49461","United States","Entertainment","12","0055A0fCkAOyoTsQUJ","","2019-06-10T17:34:08.000Z","2025-12-22T20:03:11.000Z","LA-368736"
"0015A0Kox7CMZLzQCP","Kukork Foods Inc","WWW.KUKORK.EXAMPLE","(512) 555-0120","414 Bartlett Place","Andersonfurt","RI","02919","United States","Electronics","16","0055A0yvFxoEhwfQIC","","2024-08-27T09:18:02.000Z","2026-07-06T17:00:10.000Z","LA-434949"
"0015A0vusuuCH4VQAW","Rioprym Technologies Inc.","http://rioprym.example","415.555.0134","913 Saunders Avenue","North Amyview","SD","57686","United States","Entertainment","85","0055A02sSeu3Y8qQIE","","2020-07-04T02:21:44.000Z","2020-10-12T21:46:17.000Z","LA-998318"
"0015A0uUNHkgiiQQ2Q","Baecaes Capital Ltd.","WWW.BAECAES.EXAMPLE","1-212-555-0144","5340 Hicks Parkway","New Nancy","AR","71913","United States","Electronics","5000","0055A0yvFxoEhwfQIC","","2020-09-29T19:28:01.000Z","2024-08-04T08:24:38.000Z","LA-331644"
"0015A0jhUZ45eo9QYA","Praipond Capital Ltd.","https://praipond.example/","415-555-0194","17113 Nelson Place","Palmerfort","OR","97003","United States","Banking","5001","0055A02sSeu3Y8qQIE","","2017-11-25T21:01:41.000Z","2018-03-26T16:08:32.000Z","LA-179366"
"0015A01sNUJlsiNQYR","Taaimis Capital Ltd.","www.taimis.example","1-312-555-0120","6584 Kelly Way","Torresburgh","MT","59104","United States","Not For Profit","756","0055A0yvFxoEhwfQIC","","2020-02-07T20:33:24.000Z","2022-12-27T12:40:18.000Z","LA-437215"
"0015A0ck2HHdWeKQQV","Lajioth Materials Co.","https://www.lajioth.example/about","(702) 555-0100","412 Thomas Court","Lake Hayleyport","AK","99528-1327","United States","Other","81","0055A0GDajGWdDLQG1","","2017-03-23T07:55:57.000Z","2021-06-29T14:36:47.000Z","LA-623839"
"0015A0gAKvxFAgRQMW","Quoutive Dynamics","WWW.QUOUTIVE.EXAMPLE","+1 206 555 0157","449 Garcia Boulevard","West Heather","NC","27063","United States","Consulting","26","0055A01uzBTkGd7QQF","","2022-10-12T17:45:49.000Z","2024-10-05T14:18:16.000Z","LA-282382"
"0015A01trFvOAQRQQ4","Flepriove Systems","www.flepriove.example","904.555.0159","029 Baker Parkway","New Luis","MO","64103","United States","Banking","31","0055A02sSeu3Y8qQIE","","2024-03-15T14:32:55.000Z","2024-08-25T05:56:26.000Z","LA-776501"
"0015A0N4Ulb2QA8QKM","Joutior Outfitters Inc.","joutior.example","+1 904 555 0121","044 Figueroa Way","North Tanya","SC","29840","United States","Construction","27","0055A0yvFxoEhwfQIC","","2018-09-01T17:24:47.000Z","2019-03-28T03:23:12.000Z","LA-796619"
"0015A011xSSH2SzQQL","Quougrin Works Inc","https://www.quougrin.example/about","1-415-555-0132","184 Stephens Boulevard","New Christopher","GA","30521","United States","Healthcare","32","0055A01uzBTkGd7QQF","","2024-05-28T20:53:21.000Z","2026-02-02T19:37:37.000Z","LA-604958"
"0015A0CaL4H02ohQKB","Joupyq Works Co.","www.joupyq.example","(415) 555-0153","652 Mason Parkway","New Thomashaven","GA","30402","United States","Finance","754","0055A01uzBTkGd7QQF","","2018-10-15T17:24:56.000Z","2019-01-18T23:28:19.000Z","LA-219341"
"0015A0nRdyhepvXQEQ","Poufaeth Health LLC","www.poufaeth.example","+1 972 555 0192","14826 Elliott Drive","Ellisshire","FL","34099","United States","Hospitality","152","0055A0yvFxoEhwfQIC","","2023-01-18T03:21:12.000Z","2026-07-31T00:44:10.000Z","LA-891932"
"0015A0V8rp7NnNfQCK","Koutaerk International Inc","www.koutaerk.example","+1 404 555 0100","94338 Hall Avenue","Daniellechester","MN","55501","United States","Chemicals","1206","0055A0fCkAOyoTsQUJ","","2018-08-22T17:32:53.000Z","2025-03-23T08:39:56.000Z","LA-952219"
"0015A0iCCeETKOoQMP","Wataem Industries LLC","","305-555-0134","783 Gross Boulevard","New Mikeberg","IN","47489","United States","Recreation","29","0055A02sSeu3Y8qQIE","","2020-04-30T19:00:41.000Z","2025-01-06T13:27:38.000Z","LA-347936"
"0015A0yDmExqgxyQUA","Zomuve Solutions Corp.","https://www.zomuve.example","972.555.0199","89612 Williams Street","Lake Sarafort","IL","62155-5228","United States","Media","1208","0055A01uzBTkGd7QQF","","2023-08-29T00:04:33.000Z","2024-01-10T06:07:45.000Z","LA-840259"
"0015A0gY3KIHy5sQUD","Huras Services Corp.","https://www.huras.example/about","503.555.0172","554 Payne Lane","Elliotttown","FL","32149","United States","Machinery","304","0055A0GDajGWdDLQG1","","2018-08-23T17:00:46.000Z","2019-06-22T06:08:15.000Z","LA-646325"
"0015A05qx87HskoQAC","Mymas Outfitters Inc.","https://www.mymas.example","(312) 555-0155","910 Reyes Road Suite 705","Christopherchester","FL","33584","United States","Retail","758","0055A01uzBTkGd7QQF","","2017-07-21T09:06:34.000Z","2026-05-02T21:22:23.000Z","LA-677188"
"0015A0yyuz2jDM3QAM","Gastes Capital","https://www.gastes.example","813-555-0108","54147 Meyer Way Suite 413","East Kevinborough","HI","96753","United States","Consulting","26","0055A0e5wmsQdryQAC","","2020-05-16T20:04:41.000Z","2021-08-12T05:34:17.000Z","LA-573965"
"0015A02MjIz2JEyQUM","Stiobaex International LLC","","+1 404 555 0144","516 Scott Lane","East Robertton","MT","59838","United States","Transportation","305","0055A0yvFxoEhwfQIC","","2021-04-07T10:38:54.000Z","2026-06-05T18:17:13.000Z","LA-300718"
"0015A0AuOwwxW4WQKU","Grailirk Networks Inc.","grailirk.example","305.555.0184","5009 Turner Boulevard Suite 315","Jeromeburgh","WI","54493","United States","Government","758","0055A0e5wmsQdryQAC","","2019-06-18T19:37:17.000Z","2024-01-18T09:32:04.000Z","LA-575221"
"0015A09bNZTouAWQYZ","Fabroth Labs Inc.","www.fabroth.example","1-305-555-0169","25589 Stewart Boulevard Suite 992","East Andrew","NV","89050","United States","Communications","5005","0055A0fCkAOyoTsQUJ","","2018-03-20T04:51:21.000Z","2024-08-12T04:50:41.000Z","LA-285473"
"0015A0pqhvIfXg0QAF","Taebyq Manufacturing Corporation","WWW.TAEBYQ.EXAMPLE","1-904-555-0134","873 Berg Street","Beckhaven","ME","04716","United States","Chemicals","754","0055A0fCkAOyoTsQUJ","","2020-09-10T22:15:43.000Z","2026-01-27T07:26:55.000Z","LA-354042"
"0015A0F7z8nOBodQCG","Zyquu Robotics Corporation","https://zyquu.example/","404-555-0197","3361 Kim Road","Cranehaven","MN","55649","United States","Consulting","5007","0055A0fCkAOyoTsQUJ","","2019-10-18T19:34:41.000Z","2022-07-26T22:03:59.000Z","LA-290415"
"0015A0YUExozsaYQOQ","Driolais Energy","WWW.DRIOLAIS.EXAMPLE","1-813-555-0176","3462 Tucker Lane","New Tylerbury","PW","96940","United States","Agriculture","752","0055A01uzBTkGd7QQF","","2018-01-29T03:57:07.000Z","2020-12-19T15:50:47.000Z","LA-886696"
"0015A02D3kkxSVKQE2","Sadyx Capital Co.","www.sadyx.example","(512) 555-0195","425 Cobb Pkwy","Hoganstad","MT","59211","United States","Healthcare","84","0055A0yvFxoEhwfQIC","","2018-12-04T21:45:43.000Z","2020-08-09T21:03:57.000Z","LA-349076"
"0015A0oC04oeZtmQEE","Stibrouq Robotics Corp.","WWW.STIBROUQ.EXAMPLE","1-813-555-0120","472 Love Parkway","Lake Adamton","CA","95563","United States","Healthcare","40","0055A01uzBTkGd7QQF","","2019-10-17T01:37:33.000Z","2022-04-10T04:27:23.000Z","LA-997474"
"0015A0izfHwSiDNQQ0","Cudail Works Corp.","https://www.cudail.example/about","(503) 555-0165","464 Daugherty Avenue","Buckville","IA","50339","United States","Food & Beverage","14","0055A01uzBTkGd7QQF","","2017-04-20T17:51:17.000Z","2017-07-12T13:48:40.000Z","LA-376174"
"0015A0rNAJmoYqJQ2U","Houhur Dynamics Corporation","https://www.houhur.example/about","+1 972 555 0170","0180 Gibbs Lane","Christensenbury","OK","73125","United States","Communications","1207","0055A0fCkAOyoTsQUJ","","2018-02-21T09:41:14.000Z","2026-03-24T20:01:10.000Z","LA-857831"
"0015A0Q5FOznjxlQ0A","Zavyr Net Co.","","206.555.0150","5932 Foster Street Suite 963","Mckinneyborough","PW","96940","United States","Biotechnology","5006","0055A0GDajGWdDLQG1","","2017-01-19T19:02:40.000Z","2020-01-10T21:03:53.000Z","LA-532311"
"0015A0iv8Vg3Kh9QQE","Stasim Energy Inc.","https://www.stasim.example/about","972-555-0152","379 Villanueva Place","Cuevaschester","AZ","85253","United States","Agriculture","151","0055A0GDajGWdDLQG1","","2019-09-19T12:29:48.000Z","2021-10-27T00:12:00.000Z","LA-743493"
"0015A0eyfQi8F2bQQE","Staedrath Capital Corp.","www.staedrath.example","(404) 555-0148","2927 Ross Parkway","North Carlabury","IA","50509","United States","Media","20","0055A0yvFxoEhwfQIC","","2019-05-11T04:07:53.000Z","2023-03-18T05:47:03.000Z","LA-156132"
"0015A0U6JbMW868QKD","Nacem Materials Co.","https://www.nacem.example","1-702-555-0178","35899 Sullivan Avenue","Lake Yolanda","UT","84060","United States","Media","83","0055A0GDajGWdDLQG1","","2018-01-08T03:57:50.000Z","2020-02-28T13:47:44.000Z","LA-920847"
"0015A0gviU4BZSuQQO","Dailyve Industries Corporation","https://www.dailyve.example/about","(305) 555-0100","68958 Huffman Pkwy Ste 208","New Anthonyberg","NE","68069","United States","Education","5008","0055A0fCkAOyoTsQUJ","","2019-03-16T10:41:20.000Z","2021-01-10T01:36:11.000Z","LA-780528"
"0015A0TvAO8CCzYQ0W","Dozon Manufacturing Inc.","","1-305-555-0161","509 Bush Lane","New Catherineshire","IN","46137","United States","Healthcare","82","0055A0e5wmsQdryQAC","","2020-03-13T19:52:53.000Z","2020-05-04T20:24:49.000Z","LA-544795"
"0015A0ru33WAlPMQA1","Kaemaer Analytics Ltd.","https://www.kaemaer.example","972.555.0158","785 Harrington Parkway","West Matthew","MT","59135","United States","Food & Beverage","150","0055A01uzBTkGd7QQF","","2025-01-20T21:31:06.000Z","2025-06-14T02:48:24.000Z","LA-421143"
"0015A0u3rd4XkpPQAS","Jobrael Capital Inc","https://jobrael.example/","720-555-0187","061 Gallegos Way","Johnsonburgh","HI","96824","United States","Insurance","46","0055A01uzBTkGd7QQF","","2025-03-19T06:39:42.000Z","2025-11-12T02:53:18.000Z","LA-803737"
"0015A0Bbm1JwKB9QCN","Wacaend Supply Corp.","wacaend.example","1-415-555-0110","073 Mercado Place","North Daniel","SC","29310-2516","United States","Not For Profit","13","0055A0e5wmsQdryQAC","","2020-12-07T18:11:40.000Z","2021-01-06T13:02:52.000Z","LA-205502"
"0015A028CRiPxtjQYC","Brioclais Holdings Inc","https://www.brioclais.example/about","813.555.0160","650 Mercado Way","West Edwardburgh","UT","84460","United States","Hospitality","11","0055A0yvFxoEhwfQIC","","2020-09-07T13:56:17.000Z","2022-03-20T01:47:49.000Z","LA-569146"
"0015A0bUAZ3g1k6Q2A","Staiclath International","https://www.staiclath.example/about","(305) 555-0117","633 Matthews Street","Kendraville","ME","04053","United States","Shipping","1201","0055A02sSeu3Y8qQIE","","2019-12-05T07:57:44.000Z","2022-03-30T00:49:34.000Z","LA-490405"
"0015A0sk4ytAmDDQA0","Fyliork Health Inc","WWW.FYLIORKHEALTH.EXAMPLE","","380 Sanchez Parkway Suite 128","Parsonsburgh","MI","48862","United States","Utilities","85","0055A01uzBTkGd7QQF","","2020-01-10T08:09:26.000Z","2024-12-11T21:32:52.000Z","LA-255175"
"0015A0FHhQNVM3wQWH","Graefliond Industries Co.","WWW.GRAEFLIOND.EXAMPLE","(904) 555-0124","10307 Reeves Drive","Chanland","CA","95380","United States","Electronics","5001","0055A01uzBTkGd7QQF","","2023-02-26T11:16:13.000Z","2025-11-28T16:52:28.000Z","LA-527499"
"0015A0mskq3DzqCQAS","Kafaeve Supply Corporation","","503.555.0135","8486 Reynolds Drive Suite 123","Jasonside","HI","96886","United States","Construction","1200","0055A02sSeu3Y8qQIE","","2024-12-08T23:49:32.000Z","2025-07-16T22:35:37.000Z","LA-456551"
"0015A0Dubg1LIiHQCW","Saiclyn Materials","https://www.saiclyn.example/about","1-720-555-0157","47564 Rose Court","West Melissa","PW","96940","United States","Machinery","5000","0055A0fCkAOyoTsQUJ","","2021-03-22T01:30:13.000Z","2026-08-25T13:53:32.000Z","LA-961142"
"0015A0yczMEb5XxQQJ","Vudraem Freight Co.","https://vudraem.example/","","99147 Taylor Court","Fisherhaven","MA","02302","United States","Environmental","5002","0055A02sSeu3Y8qQIE","","2021-07-09T19:44:52.000Z","2025-01-18T08:43:46.000Z","LA-221716"
"0015A0XGTaeguatQOA","Soukiork Networks Inc","https://www.soukiork.example","1-312-555-0149","182 Moss Ct","Jamesstad","WA","98200","United States","Environmental","19","0055A0GDajGWdDLQG1","","2019-08-22T15:32:18.000Z","2025-01-27T22:08:50.000Z","LA-174185"
"0015A0l00MShrVqQQJ","Reclaix Analytics LLC","www.reclaixanalytics.example","206.555.0169","6030 Glass Way","North Sherry","IN","46494","United States","Media","80","0055A02sSeu3Y8qQIE","","2021-07-13T12:25:28.000Z","2024-04-18T21:56:00.000Z","LA-429479"
"0015A0EFEY9wztvQ4A","Skotriork Solutions Corporation","","","615 Jackson Ln","Lake Tinatown","NY","12303","United States","Machinery","155","0055A02sSeu3Y8qQIE","","2023-05-22T05:37:40.000Z","2024-06-21T08:22:17.000Z","LA-473841"
"0015A02Tojf7lKeQEI","Quylor Networks Inc","","1-702-555-0190","03488 Gomez Place","New Michael","SD","57670","United States","Chemicals","80","0055A02sSeu3Y8qQIE","","2024-12-28T11:40:27.000Z","2026-07-04T01:47:34.000Z","LA-269301"
"0015A0eXx0QCHsqQEH","Hofair Networks Ltd.","www.hofair.example","+1 972 555 0179","4096 Hall Way","Joyceshire","MN","56701","United States","Biotechnology","28","0055A0GDajGWdDLQG1","","2022-07-17T08:58:05.000Z","2025-04-16T22:24:51.000Z","LA-258865"
"0015A0RyJnj2WPdQKM","Taehax Net Co.","taehax.example","","037 Foster Way","Bryantland","CO","81104","United States","Telecommunications","82","0055A0fCkAOyoTsQUJ","","2022-10-30T11:32:08.000Z","2023-03-13T15:50:28.000Z","LA-670557"
"0015A0Jpanp7pZsQCI","Bofliq Solutions Ltd.","bofliq.example","212-555-0192","553 Sexton Avenue","Willistown","CA","95067","United States","Finance","34","0055A0fCkAOyoTsQUJ","","2018-11-25T18:31:36.000Z","2021-07-23T01:31:11.000Z","LA-507941"
"0015A0KRfFWxLBnQWN","Draibraem Capital Co.","www.draibraem.example","","01206 Walker Road","Carterfurt","WI","54605-6268","United States","Telecommunications","33","0055A02sSeu3Y8qQIE","","2022-12-10T02:26:08.000Z","2025-08-13T10:36:16.000Z","LA-590177"
"0015A0gVF89OPERQM4","Maecler Partners Corporation","www.maecler.example","(305) 555-0188","844 Hughes Drive","Charlesfort","GA","31159","United States","Not For Profit","300","0055A0e5wmsQdryQAC","","2023-06-27T05:41:18.000Z","2023-09-18T08:37:59.000Z","LA-349307"
"0015A05a0vDJ5nUQAT","Tatove Holdings Corporation","tatove.example","1-404-555-0106","18322 Clark Boulevard Suite 908","Ericburgh","IL","60127-9151","United States","Manufacturing","5009","0055A02sSeu3Y8qQIE","","2019-02-02T11:26:33.000Z","2019-10-20T01:42:18.000Z","LA-275287"
"0015A0GBcfSeFE5QGN","Flykour Materials Inc","www.flykour.example","(813) 555-0152","06643 Hancock Street","Millershire","ID","83784","United States","Technology","7","0055A0GDajGWdDLQG1","","2022-05-08T03:50:52.000Z","2022-09-10T15:07:44.000Z","LA-109275"
"0015A0e5yKb5IVqQQM","Prubraeve Logistics","http://prubraeve.example","(212) 555-0180","01190 Ayala Drive","New Feliciaside","MO","63954","United States","Machinery","309","0055A0e5wmsQdryQAC","","2025-06-18T09:40:35.000Z","2026-05-20T08:51:04.000Z","LA-383301"
"0015A0V91aFFndiQCD","Deceve Labs Inc","","720-555-0137","3736 Ramirez Way","Lake Roberttown","NH","03820","United States","Construction","7","0055A01uzBTkGd7QQF","","2024-04-11T22:24:29.000Z","2025-12-19T14:12:24.000Z","LA-769957"
"0015A0kb9c0YsJUQA0","Drotro Works LLC","www.drotro.example","503.555.0161","659 Campbell Way","Juliechester","HI","96872","United States","Insurance","45","0055A0yvFxoEhwfQIC","","2024-07-28T23:02:27.000Z","2024-09-26T14:47:32.000Z","LA-115153"
"0015A03xVCGIo7zQYD","Tryquiove Works Ltd.","www.tryquiove.example","404.555.0133","8949 Marshall Road","Garzahaven","NE","68011","United States","Healthcare","81","0055A0yvFxoEhwfQIC","","2019-02-05T04:06:51.000Z","2019-06-27T04:57:26.000Z","LA-546721"
"0015A0hof4lWbDjQAK","Tromol Supply Inc.","https://tromol.example/","1-813-555-0124","19132 Steele Way","Claytonchester","VA","23101","United States","Biotechnology","31","0055A0fCkAOyoTsQUJ","","2025-05-22T21:56:13.000Z","2025-11-22T11:48:40.000Z","LA-856694"
"0015A0d1SFBANi1QYH","Tryskais Holdings Corporation","tryskais.example","(312) 555-0120","026 Liu Court","Millsberg","ND","58173","United States","Government","156","0055A0e5wmsQdryQAC","","2018-05-19T02:43:18.000Z","2020-10-31T14:21:17.000Z","LA-232786"
"0015A0eepAYMyBPQQ1","Mimeth Outfitters Corporation","http://mimeth.example","312-555-0110","717 Wilson Avenue","East Josephside","NC","28839","United States","Utilities","756","0055A01uzBTkGd7QQF","","2023-02-17T21:03:46.000Z","2024-02-22T11:19:05.000Z","LA-435008"
"0015A0D6JjbEptMQKS","Voufluq Systems Co.","http://voufluq.example","206.555.0184","305 Rocha Drive Suite 809","Markview","NM","87836","United States","Electronics","756","0055A0GDajGWdDLQG1","","2021-06-09T14:36:48.000Z","2026-07-03T18:17:44.000Z","LA-668374"
"0015A0vXe7peiAFQEY","Waiskael Health Co.","https://www.waiskael.example","972.555.0160","6815 Rose Boulevard","Johnsonhaven","ID","83809","United States","Hospitality","753","0055A0e5wmsQdryQAC","","2018-09-08T14:09:07.000Z","2025-02-07T13:22:19.000Z","LA-168315"
"0015A0AB1UAaJ2UQWV","Nanos Robotics Corp.","www.nanos.example","1-305-555-0166","092 Green Lane Suite 327","Whitefurt","SD","57700","United States","Education","1200","0055A02sSeu3Y8qQIE","","2020-09-25T02:50:55.000Z","2022-09-09T00:40:52.000Z","LA-124691"
"0015A0txidwyYIZQA2","Joskork Industries Ltd.","http://joskork.example","617.555.0171","6340 Mitchell Way","New Valerieborough","NV","89118","United States","Chemicals","7","0055A01uzBTkGd7QQF","","2019-09-16T19:55:24.000Z","2021-01-19T01:56:40.000Z","LA-847919"
"0015A0GmZxeTmhLQKS","Taibior Health Inc.","https://www.taibior.example/about","1-415-555-0112","1720 Grant Lane","Lake Eduardochester","WA","98527","United States","Banking","13","0055A01uzBTkGd7QQF","","2020-01-17T15:09:11.000Z","2025-01-02T10:13:26.000Z","LA-834601"
"0015A0hfUDQ52aFQYR","Huhaes Outfitters Co.","https://huhaes.example/","+1 813 555 0112","2710 Schmidt Lane Suite 564","East Briana","VT","05261","United States","Environmental","88","0055A0yvFxoEhwfQIC","","2024-11-04T03:11:41.000Z","2025-05-27T07:22:34.000Z","LA-719682"
"0015A03mRcTg7WmQIJ","Draetond Robotics Corporation","https://www.draetond.example","206.555.0148","57329 Johnson Ct","Port Amyton","AK","99608","United States","Construction","757","0055A0GDajGWdDLQG1","","2021-06-24T14:27:19.000Z","2023-01-06T08:16:04.000Z","LA-198543"
"0015A0ReMVgY1sJQ0S","Fledix Supply Co.","WWW.FLEDIX.EXAMPLE","(904) 555-0189","68948 Kelley Road","Matthewshire","CA","90109","United States","Government","158","0055A02sSeu3Y8qQIE","","2017-10-22T20:21:23.000Z","2023-10-05T01:45:57.000Z","LA-600898"
"0015A0UOpGVZSU6QWP","Praetuth International Inc.","","+1 720 555 0119","22513 Johnson Street","Brianmouth","IA","51435","United States","Banking","752","0055A01uzBTkGd7QQF","","2024-05-24T08:44:28.000Z","2025-04-05T12:16:47.000Z","LA-237908"
"0015A0G3p7aGoQFQC0","Faehym Dynamics Corp.","https://www.faehym.example","+1 404 555 0137","2793 Brown Avenue","South Erin","TN","37396","United States","Biotechnology","157","0055A01uzBTkGd7QQF","","2017-09-02T01:53:32.000Z","2024-05-31T21:54:39.000Z","LA-361987"
"0015A05oepphHPyQAM","Cystuve Foods","https://www.cystuve.example/about","(512) 555-0173","186 Greene Ct Ste 772","Hallfurt","VT","05023","United States","Biotechnology","5004","0055A0fCkAOyoTsQUJ","","2023-10-26T12:17:15.000Z","2025-08-17T07:12:06.000Z","LA-936465"
"0015A0iHxnUI3wkQED","Baclaex Industries Co.","https://www.baclaex.example","+1 512 555 0120","2203 Potter Way","North Justinbury","IA","52028","United States","Biotechnology","20","0055A0GDajGWdDLQG1","","2017-01-08T05:22:30.000Z","2018-03-30T03:22:37.000Z","LA-668593"
"0015A0Vke0dcJrxQCE","Clifon Dynamics LLC","https://clifon.example/","(312) 555-0139","277 Dean Drive","West Shelbyberg","PW","96940","United States","Utilities","755","0055A0GDajGWdDLQG1","","2019-10-14T21:10:18.000Z","2025-07-22T13:25:37.000Z","LA-596658"
"0015A0M7fMS12Z3QSJ","Vumi Dynamics Inc.","WWW.VUMIDYNAMICS.EXAMPLE","(312) 555-0178","692 Torres Way","West Tanya","TN","37367-5475","United States","Communications","46","0055A01uzBTkGd7QQF","","2019-05-04T06:20:48.000Z","2020-08-13T13:41:30.000Z","LA-738715"
"0015A04RQvgNtonQMC","Bagen Services","WWW.BAGEN.EXAMPLE","+1 206 555 0161","48474 Cortez Place Suite 898","West Lanceberg","MD","21519","United States","Machinery","756","0055A01uzBTkGd7QQF","","2025-03-14T06:39:17.000Z","2026-06-26T21:57:00.000Z","LA-251684"
"0015A0MSSVzoa0QQ4Q","Riotel Industries Inc.","riotel.example","+1 702 555 0134","463 Welch Avenue Suite 190","Jenniferstad","MI","48628","United States","Finance","16","0055A02sSeu3Y8qQIE","","2024-05-27T09:04:24.000Z","2025-01-03T14:35:54.000Z","LA-627713"
"0015A0V976nlKbVQCU","Laibraeth Foods Ltd.","https://www.laibraeth.example","212-555-0199","003 Flores Boulevard","Kyleburgh","OH","45295","United States","Consulting","155","0055A01uzBTkGd7QQF","","2022-04-17T13:41:55.000Z","2025-06-01T20:44:49.000Z","LA-362100"
"0015A03AMGCvyZiQ2J","Trizaer Outfitters Corporation","https://www.trizaer.example","904.555.0183","54209 Floyd Way","West Caroline","CA","90088","United States","Electronics","5008","0055A0GDajGWdDLQG1","","2019-07-18T16:57:14.000Z","2023-02-07T03:09:59.000Z","LA-167904"
"0015A04AZP0DLK5Q2O","Skuclaer Technologies Corporation","https://www.skuclaer.example/about","","04461 Ritter Court","Lake Richard","VA","22550","United States","Construction","43","0055A0fCkAOyoTsQUJ","","2024-07-29T14:35:44.000Z","2024-10-04T12:46:48.000Z","LA-766538"
"0015A0wwuoUZ3Y3QAL","Quufom Robotics Inc.","quufom.example","(702) 555-0111","6371 Baker Place","East Joseph","MT","59053","United States","Entertainment","47","0055A0fCkAOyoTsQUJ","","2023-09-08T23:51:32.000Z","2023-10-29T12:23:54.000Z","LA-727262"
"0015A084l7zB349QAC","Daeciom Labs Inc","WWW.DAECIOM.EXAMPLE","312-555-0139","2499 Murphy Parkway","Huynhhaven","KS","67407","United States","Environmental","48","0055A0GDajGWdDLQG1","","2022-12-15T22:27:58.000Z","2026-03-07T20:15:26.000Z","LA-745515"
"0015A0zhqEg9OTIQQ2","Doubraen Logistics Corporation","www.doubraen.example","1-972-555-0157","2133 Vasquez Ct","New Jonathanville","RI","02843-8502","United States","Electronics","8","0055A0yvFxoEhwfQIC","","2017-10-04T12:35:19.000Z","2025-05-28T20:15:37.000Z","LA-210520"
"0015A07GbHL8ImuQUF","Hesty Services Ltd.","www.hesty.example","702.555.0151","70537 Grimes Avenue Suite 150","West Markberg","WA","98779","United States","Government","25","0055A01uzBTkGd7QQF","","2019-05-13T18:59:03.000Z","2022-08-14T17:08:42.000Z","LA-157787"
"0015A0bLUxTlanpQMB","Maibrind Robotics Corporation","http://maibrind.example","305.555.0145","536 Griffin Place","East Annatown","NH","03196","United States","Environmental","5005","0055A0fCkAOyoTsQUJ","","2025-06-12T08:57:29.000Z","2026-07-08T09:19:45.000Z","LA-740839"
"0015A0gMDahT2MBQM0","Naigrioth Logistics Ltd.","https://naigrioth.example/","813.555.0110","3551 Middleton Parkway","Vincentborough","IA","50815","United States","Transportation","306","0055A0fCkAOyoTsQUJ","","2025-02-08T11:03:10.000Z","2026-06-24T06:01:00.000Z","LA-618359"
"0015A0Wgb5dWJo4QCG","Brouquous Health LLC","brouquous.example","","3254 Rodriguez Drive","Port Jenniferfort","TN","37724-8396","United States","Energy","12","0055A02sSeu3Y8qQIE","","2023-07-26T18:10:52.000Z","2024-07-12T07:42:57.000Z","LA-728056"
"0015A0EiviVyZN7QCN","Nygax Services LLC","WWW.NYGAX.EXAMPLE","206-555-0102","277 Waters Parkway","Lake Eddieborough","RI","02917","United States","Media","300","0055A0fCkAOyoTsQUJ","","2025-04-14T13:28:03.000Z","2025-09-17T22:46:13.000Z","LA-788604"
"0015A0zxCBdnHUPQY2","Daiclim Outfitters Corporation","https://www.daiclim.example/about","1-305-555-0158","192 Harris Avenue Suite 731","Justinborough","NM","87167","United States","Chemicals","752","0055A01uzBTkGd7QQF","","2022-01-13T06:08:24.000Z","2023-04-27T15:27:44.000Z","LA-202883"
"0015A0Q9uhTHabrQCD","Jaitriove Energy Corporation","http://jaitriove.example","512-555-0158","70511 Reynolds Drive","Zacharyton","WI","53481","United States","Engineering","750","0055A0e5wmsQdryQAC","","2022-05-12T10:09:47.000Z","2023-03-02T02:15:41.000Z","LA-952001"
"0015A03hAkw2MPLQI2","Skasoth International Inc.","","1-972-555-0180","53637 Smith Street","Richardburgh","KY","40751","United States","Energy","30","0055A0yvFxoEhwfQIC","","2017-06-01T13:51:21.000Z","2021-05-02T22:48:55.000Z","LA-221511"
"0015A0nRWI4HY0tQ2G","Trioflaeq Systems Co.","WWW.TRIOFLAEQ.EXAMPLE","1-972-555-0123","488 Hall Lane","West Claudiachester","MI","48135","United States","Other","157","0055A0fCkAOyoTsQUJ","","2019-07-24T16:43:17.000Z","2022-02-21T09:03:48.000Z","LA-614941"
"0015A0rkMVeDiDkQYK","Stodraq Health","WWW.STODRAQ.EXAMPLE","415.555.0155","72009 Ellis Pkwy","West Donnaborough","PA","18972","United States","Chemicals","5009","0055A0fCkAOyoTsQUJ","","2025-01-31T06:32:50.000Z","2026-06-23T11:25:59.000Z","LA-379940"
"0015A06szgaRSOAQA4","Broteth Labs Corporation","broteth.example","305-555-0138","30787 Stout Parkway","Walshville","PA","16246","United States","Engineering","47","0055A0e5wmsQdryQAC","","2023-01-09T22:39:49.000Z","2024-10-15T07:25:25.000Z","LA-920911"
"0015A0xAkCUWjaiQUD","Skiokiork Dynamics Corporation","https://www.skiokiork.example","404.555.0102","7736 West Place Suite 673","New Brendaland","MN","55119","United States","Not For Profit","150","0055A0fCkAOyoTsQUJ","","2022-08-08T16:30:44.000Z","2025-10-24T15:18:05.000Z","LA-167408"
"0015A0uRhU9qro8QUA","Vaedrus Health Ltd.","www.vaedrus.example","972-555-0159","650 Ward Avenue","Laceybury","AZ","85471-6572","United States","Shipping","16","0055A0e5wmsQdryQAC","","2023-07-28T14:21:05.000Z","2025-09-23T01:17:19.000Z","LA-572398"
"0015A03zqvQ3nhgQAB","Moflen Dynamics Ltd.","https://moflendynamics.example/","+1 512 555 0190","727 Pearson Court","Kellyshire","NC","28731","United States","Construction","753","0055A0fCkAOyoTsQUJ","","2025-02-19T06:03:59.000Z","2026-07-03T00:42:44.000Z","LA-747332"
"0015A00iLzZstriQIB","Jyvind Analytics Corp.","http://jyvind.example","305.555.0189","101 Hall Avenue Suite 652","Port Christopherbury","MS","39591","United States","Energy","1208","0055A0e5wmsQdryQAC","","2022-09-05T08:18:55.000Z","2022-09-05T23:11:33.000Z","LA-852941"
"0015A0jbKIev3MUQYY","Fanairk Foods","https://www.fanairk.example/about","813-555-0120","3339 Gilmore Place Suite 909","South Garymouth","ND","58281","United States","Hospitality","5008","0055A0e5wmsQdryQAC","","2021-04-07T03:34:25.000Z","2024-06-03T12:39:11.000Z","LA-602349"
"0015A03943zmctvQAA","Ranon Robotics Inc","https://www.ranon.example/about","312.555.0192","3787 Perkins Drive","Wendymouth","AZ","85057","United States","Finance","88","0055A01uzBTkGd7QQF","","2021-07-07T04:46:20.000Z","2024-03-16T02:51:38.000Z","LA-173516"
"0015A0lOx5WSq6rQED","Kouquioth Industries Co.","WWW.KOUQUIOTH.EXAMPLE","1-415-555-0148","76143 Johnson St Ste 454","Rosaleshaven","NY","12994","United States","Chemicals","758","0055A0fCkAOyoTsQUJ","","2023-09-03T22:58:34.000Z","2025-10-11T04:34:39.000Z","LA-760143"
"0015A077wpHYjumQAD","Byvouth Foods Inc.","https://byvouth.example/","+1 305 555 0181","90972 Morris Road Suite 185","Mollyberg","HI","96875","United States","Retail","15","0055A0fCkAOyoTsQUJ","","2019-05-13T10:12:36.000Z","2025-06-06T13:04:09.000Z","LA-571061"
"0015A0KdhMAuQzdQSF","Hogiox Services Co.","https://www.hogiox.example","+1 404 555 0136","71181 Smith Road Suite 490","Michaelstad","NH","03820","United States","Machinery","18","0055A0e5wmsQdryQAC","","2021-05-12T01:18:32.000Z","2023-06-07T10:04:55.000Z","LA-186836"
"0015A09nlpQLOnLQAX","Kusai Manufacturing","https://kusai.example/","1-720-555-0186","4489 Perez Street","South Amy","AL","35234","United States","Recreation","80","0055A02sSeu3Y8qQIE","","2022-08-03T23:25:05.000Z","2023-06-12T01:45:37.000Z","LA-556928"
"0015A0dKWq3dsGOQMY","Mougaeq Services Ltd.","mougaeq.example","+1 206 555 0162","625 Terry Way","West Paul","SD","57248","United States","Education","33","0055A0e5wmsQdryQAC","","2019-01-27T06:46:01.000Z","2024-12-14T00:42:56.000Z","LA-704645"
"0015A08QJCoQMMQQ24","Clasaive Partners Ltd.","http://clasaive.example","","3329 Brooks Street","North Lynn","AL","35537","United States","Energy","33","0055A01uzBTkGd7QQF","","2017-10-15T08:55:52.000Z","2026-01-31T21:16:30.000Z","LA-474971"
"0015A05yWLverlEQYQ","Stene Labs Corp.","www.stene.example","+1 503 555 0102","2980 White Place","Millertown","CT","06186","United States","Healthcare","9","0055A0fCkAOyoTsQUJ","","2018-08-10T03:51:24.000Z","2020-09-03T14:09:47.000Z","LA-580990"
"0015A02dyXpO7u0QQC","Brezouth Industries Corp.","brezouth.example","(415) 555-0166","7025 Shaffer Dr","New Johntown","NM","87015","United States","Engineering","1203","0055A01uzBTkGd7QQF","","2023-06-12T09:59:52.000Z","2025-04-26T11:54:04.000Z","LA-374745"
"0015A0MSTzFuJpJQOV","Claiclam Dynamics Corporation","https://claiclam.example/","503-555-0109","723 Brewer Boulevard","Port Jillfurt","MN","55208","United States","Apparel","81","0055A0fCkAOyoTsQUJ","","2019-09-15T09:50:09.000Z","2022-03-12T16:34:36.000Z","LA-508834"
"0015A0V8twgYsmpQCC","Taiflaive Freight Corporation","taiflaive.example","(305) 555-0197","972 Whitaker Road","North Richard","KY","41352","United States","Transportation","13","0055A0yvFxoEhwfQIC","","2018-07-08T21:37:18.000Z","2020-08-31T00:06:31.000Z","LA-812556"
"0015A0TOehJXxkEQGT","Folym Networks Inc","https://folym.example/","+1 404 555 0128","292 Kirby Pkwy","Meaganport","TN","37755","United States","Apparel","5009","0055A0yvFxoEhwfQIC","","2017-08-02T21:03:46.000Z","2026-08-20T18:51:14.000Z","LA-984030"
"0015A0TlhKtz6KDQSY","Kaikoul Supply Ltd.","kaikoul.example","+1 972 555 0196","394 Glover Ct","Lake Sonia","GA","31877","United States","Recreation","155","0055A0GDajGWdDLQG1","","2024-02-26T02:04:45.000Z","2024-10-24T00:45:19.000Z","LA-602854"
"0015A0eUvz1YmyGQES","Waflai Dynamics Ltd.","WWW.WAFLAI.EXAMPLE","813.555.0165","8430 Roy Drive","Lake Alan","PW","96940","United States","Communications","158","0055A02sSeu3Y8qQIE","","2019-09-12T11:31:48.000Z","2022-01-10T03:16:43.000Z","LA-895179"
"0015A0qZMca8RRKQM2","Histaend Foods Ltd.","WWW.HISTAEND.EXAMPLE","+1 972 555 0174","8221 Williams Court Suite 882","East Matthewton","AK","99590","United States","Shipping","5008","0055A0fCkAOyoTsQUJ","","2024-01-11T02:50:07.000Z","2024-06-18T15:31:35.000Z","LA-706327"
"0015A0T0whoc5W0QCI","Habrur Services Ltd.","habrur.example","1-212-555-0187","467 Stone Blvd Ste 244","East Stephanie","AK","99590","United States","Entertainment","5005","0055A0fCkAOyoTsQUJ","","2020-02-27T20:12:08.000Z","2023-10-11T23:18:51.000Z","LA-655702"
"0015A01U77RSRUnQEP","Tiodol Supply Co Corporation","www.tiodol.example","","5687 Lopez Dr","Miguelmouth","PW","96940","United States","Energy","16","0055A0fCkAOyoTsQUJ","","2018-10-19T05:45:48.000Z","2023-07-31T06:24:39.000Z","LA-782034"
"0015A0eCcguqDyzQEE","Faquil Services Corp.","","+1 813 555 0173","00385 Miller Lane","Georgemouth","NE","68115","United States","Media","16","0055A0GDajGWdDLQG1","","2019-08-07T05:02:03.000Z","2022-02-11T16:00:08.000Z","LA-812129"
"0015A0ihvdZsAwDQAV","Hepryl International","hepryl.example","1-312-555-0125","598 Lynch Boulevard","Johnsontown","OH","44782","United States","Education","308","0055A01uzBTkGd7QQF","","2023-11-23T13:42:39.000Z","2025-10-18T23:25:17.000Z","LA-353873"
"0015A0FNErk1wyQQOQ","Faiskaeth Networks Ltd.","WWW.FAISKAETH.EXAMPLE","813-555-0118","7073 Henson Lane","Alyssaville","UT","84377","United States","Media","31","0055A0fCkAOyoTsQUJ","","2023-02-16T23:54:22.000Z","2024-12-02T19:32:30.000Z","LA-231329"
"0015A0t4kTmdUEeQQM","Quougrend Partners Ltd.","https://www.quougrend.example/about","(720) 555-0185","2599 Maldonado Court","North Karen","AK","99840","United States","Utilities","16","0055A0e5wmsQdryQAC","","2022-10-11T18:04:46.000Z","2023-11-24T10:09:16.000Z","LA-485181"
"0015A0lTDKMWnbuQ2D","Staifion Supply Inc","","","705 Andrade Boulevard","Port Catherine","KY","40514","United States","Recreation","81","0055A0GDajGWdDLQG1","","2017-12-11T13:28:15.000Z","2018-03-10T06:23:14.000Z","LA-504052"
"0015A0jiBB8SxDQQY0","Caedaerk Freight Corp.","https://www.caedaerk.example","+1 617 555 0127","76030 Brown Avenue","Lake Sandra","NC","27572","United States","Apparel","46","0055A0e5wmsQdryQAC","","2020-02-22T04:12:13.000Z","2025-03-24T02:08:24.000Z","LA-653274"
"0015A0CloafE7nOQCS","Traigraes Services Co.","https://traigraes.example/","","29398 Francis Ct","Johnsonport","MO","64252","United States","Manufacturing","21","0055A0e5wmsQdryQAC","","2023-08-18T17:00:49.000Z","2023-10-22T10:42:54.000Z","LA-568266"
"0015A07aZfaP5mkQIC","Floufen Energy Corporation","http://floufen.example","","5273 Peterson Court Suite 384","Port Jorgebury","PA","19448","United States","Food & Beverage","753","0055A0fCkAOyoTsQUJ","","2024-08-01T00:16:46.000Z","2025-11-10T13:08:42.000Z","LA-646586"
"0015A0soJvEhXBvQIN","Nema Labs Co.","http://nema.example","617.555.0134","4965 Evans Court","East Samuelchester","DC","20028","United States","Agriculture","1209","0055A01uzBTkGd7QQF","","2024-07-17T16:29:38.000Z","2026-05-22T21:40:09.000Z","LA-768351"
"0015A0JzGlvdBA0QKM","Fioquiq Holdings LLC","https://fioquiq.example/","+1 404 555 0109","981 Davis Court","Jessicaview","NM","88431","United States","Finance","12","0055A0GDajGWdDLQG1","","2019-12-03T17:08:20.000Z","2024-10-05T18:19:32.000Z","LA-295746"
"0015A0npdk6yK62QAE","Raclion Materials LLC","http://raclion.example","1-312-555-0128","2000 Bush Court","Richardport","ID","83331","United States","Apparel","10","0055A01uzBTkGd7QQF","","2020-06-29T20:53:32.000Z","2023-10-24T12:03:57.000Z","LA-287169"
"0015A0Oww7h9yzJQCQ","Jaenaiq Capital Ltd.","WWW.JAENAIQ.EXAMPLE","(972) 555-0132","0553 Crawford Lane","Moraleschester","IN","47135","United States","Chemicals","17","0055A0yvFxoEhwfQIC","","2022-01-13T00:00:42.000Z","2024-06-30T19:37:18.000Z","LA-975596"
"0015A0oGvWHC782QUD","Droutrae Manufacturing","https://www.droutrae.example","404.555.0191","867 Levine Way","Ninaville","SD","57557","United States","Recreation","89","0055A01uzBTkGd7QQF","","2020-09-28T20:41:40.000Z","2022-01-03T20:11:30.000Z","LA-924217"
"0015A0wpGIJJnEzQYL","Clabum Services Ltd.","https://clabum.example/","+1 206 555 0192","216 Campos Rd Ste 203","Haleyport","WY","82687","United States","Agriculture","32","0055A02sSeu3Y8qQIE","","2025-01-27T11:15:48.000Z","2025-10-12T09:25:56.000Z","LA-865621"
"0015A0cnAiDj90oQIB","Cluskur Outfitters Co.","https://www.cluskur.example","+1 720 555 0119","238 Vazquez Avenue","North Kim","DE","19816","United States","Construction","43","0055A02sSeu3Y8qQIE","","2021-05-18T05:30:48.000Z","2023-11-15T02:18:32.000Z","LA-480550"
"0015A0nxAZxQla4QYC","Quaepir Solutions Ltd.","www.quaepir.example","702.555.0127","3381 Martin Parkway","New Miranda","VT","05203","United States","Hospitality","12","0055A0e5wmsQdryQAC","","2019-07-25T10:47:22.000Z","2022-12-02T05:47:41.000Z","LA-969207"
"0015A0lVcfopBfoQEE","Koukain Dynamics","WWW.KOUKAIN.EXAMPLE","+1 904 555 0183","8800 Obrien Street Suite 505","South Janice","NC","27983","United States","Transportation","81","0055A01uzBTkGd7QQF","","2017-07-23T13:23:25.000Z","2025-12-28T08:18:47.000Z","LA-832266"
"0015A0RpxOb2qYGQSY","Drepyl Systems LLC","http://drepyl.example","+1 415 555 0168","451 Greene Dr","East Tami","TN","37149","United States","Shipping","5006","0055A0GDajGWdDLQG1","","2020-12-14T18:25:05.000Z","2024-04-26T09:19:19.000Z","LA-226264"
"0015A0thiyx7kPzQAI","Bigiove Logistics Corporation","https://www.bigiovelogistics.example","1-720-555-0109","41176 Gilbert Lane","Danielburgh","MS","39730","United States","Electronics","45","0055A0fCkAOyoTsQUJ","","2022-03-21T22:16:47.000Z","2024-10-17T15:57:33.000Z","LA-630921"
"0015A05pPxLUCkhQIH","Roquaend Technologies Corporation","http://roquaend.example","+1 813 555 0109","85708 Lewis Parkway Suite 327","West Todd","OR","97802","United States","Other","45","0055A0yvFxoEhwfQIC","","2024-01-16T22:15:32.000Z","2024-11-08T22:45:13.000Z","LA-167780"
"0015A0JjeWOzW6kQSF","Waclive Foods LLC","","(212) 555-0197","370 Padilla Street","Hughesbury","OK","73034","United States","Chemicals","48","0055A0fCkAOyoTsQUJ","","2020-07-31T20:36:49.000Z","2021-08-02T11:11:19.000Z","LA-345953"
"0015A0M6WntwTYsQKM","Zyskourk Partners Corp.","","305-555-0198","795 Richardson Lane Suite 419","Vaughanton","SC","29605","United States","Media","29","0055A0yvFxoEhwfQIC","","2022-01-01T09:15:40.000Z","2026-02-19T01:34:37.000Z","LA-194686"
"0015A0dhoKaXMeRQQW","Gocyd Net LLC","","","0148 Cruz Place Suite 514","Wilkinsonfurt","ID","83777","United States","Healthcare","15","0055A0e5wmsQdryQAC","","2020-08-18T22:21:52.000Z","2025-09-03T18:17:06.000Z","LA-691667"
"0015A0LDibOoHHRQG3","Gryclaeth Holdings Co.","https://www.gryclaeth.example","(813) 555-0151","92107 Blair Lane Suite 840","Washingtonmouth","ME","04141","United States","Media","47","0055A02sSeu3Y8qQIE","","2018-09-19T05:57:19.000Z","2023-04-16T03:17:06.000Z","LA-213071"
"0015A05VU7xf6ufQMA","Clidain Materials Inc.","https://www.clidain.example","720.555.0195","659 Ellis Street","West Sarahmouth","OR","97151","United States","Telecommunications","752","0055A01uzBTkGd7QQF","","2022-03-17T23:22:27.000Z","2025-11-01T08:48:39.000Z","LA-545894"
"0015A0AlWX72YMPQ02","Flaiflaith Dynamics Co.","WWW.FLAIFLAITH.EXAMPLE","+1 813 555 0170","250 Johnson Place","Lake Danielle","NC","28324","United States","Electronics","5003","0055A0GDajGWdDLQG1","","2020-08-30T17:04:51.000Z","2022-07-25T09:20:36.000Z","LA-342781"
"0015A0hcQQiOMmpQYG","Wiocour Technologies LLC","","305-555-0173","405 Leonard Parkway","South Patrick","CA","91189","United States","Environmental","752","0055A0yvFxoEhwfQIC","","2021-05-02T02:37:30.000Z","2025-02-16T02:45:13.000Z","LA-198899"
"0015A0JMoKQDMIhQWP","Vaestioq Energy Ltd.","https://vaestioq.example/","+1 305 555 0193","558 Stanley Avenue","South Patrickborough","TN","38452","United States","Insurance","46","0055A0e5wmsQdryQAC","","2019-04-12T09:17:44.000Z","2021-02-12T21:49:16.000Z","LA-642070"
"0015A0x0K6thcKHQIY","Stevom Health Inc","https://www.stevom.example","503.555.0176","6759 Jones Parkway","Michealtown","PW","96940","United States","Media","21","0055A0GDajGWdDLQG1","","2020-03-07T07:20:56.000Z","2022-11-06T07:03:05.000Z","LA-446724"
"0015A0Yh1Y1wxMHQSY","Skycla Dynamics LLC","www.skycla.example","(503) 555-0110","0355 Williamson Ave","Port Megan","AZ","85933","United States","Shipping","301","0055A0fCkAOyoTsQUJ","","2018-05-05T09:36:44.000Z","2025-05-26T14:01:20.000Z","LA-767045"
"0015A07yuVDuVhxQQF","Biorux Freight LLC","www.biorux.example","312-555-0175","4814 Fitzpatrick Road","New Alex","UT","84646","United States","Other","16","0055A0yvFxoEhwfQIC","","2024-04-15T09:40:39.000Z","2026-08-26T10:28:36.000Z","LA-423319"
"0015A0a1zUf8DhrQQE","Wuhaen Manufacturing Inc","wuhaen.example","1-312-555-0146","015 Kelly Parkway","North Jacob","DE","19923","United States","Shipping","49","0055A0fCkAOyoTsQUJ","","2021-10-13T19:52:41.000Z","2021-12-20T22:13:27.000Z","LA-358695"
"0015A0gxi7KKNhQQAX","Roupral Holdings Co.","","212-555-0184","9574 Cochran Avenue","West Adamchester","SD","57594","United States","Engineering","1206","0055A0e5wmsQdryQAC","","2023-09-18T07:33:20.000Z","2024-04-01T15:57:28.000Z","LA-604032"
"0015A0X8sX0BhX7QSK","Draitrind Solutions Inc","draitrind.example","(212) 555-0106","51085 Blake Way","Halltown","OK","73072","United States","Telecommunications","29","0055A01uzBTkGd7QQF","","2020-09-08T23:47:05.000Z","2024-07-16T09:50:54.000Z","LA-375006"
"0015A01xIhDQ6yXQIT","Jytove Health Inc","","1-212-555-0195","94432 Herrera Ct Ste 374","West Nicole","IA","51461-4388","United States","Utilities","33","0055A0yvFxoEhwfQIC","","2017-09-30T18:13:50.000Z","2024-03-27T02:58:26.000Z","LA-556723"
"0015A091LMfCbO4QYK","Skikouve Freight","https://www.skikouve.example","404-555-0105","4304 Castro Place","Travisshire","ID","83867","United States","Environmental","14","0055A01uzBTkGd7QQF","","2022-06-27T00:57:26.000Z","2022-12-12T23:19:44.000Z","LA-359971"
"0015A0ExT8FHvj8QKD","Pripous Labs","www.pripous.example","305-555-0176","246 Abbott St","South Mary","ID","83694","United States","Biotechnology","1204","0055A01uzBTkGd7QQF","","2021-11-08T08:52:01.000Z","2023-06-07T06:24:30.000Z","LA-245274"
"0015A0Rkqwjc5nEQCQ","Naejiox Works LLC","","(212) 555-0139","2345 Flores Court Suite 972","Jenniferville","IA","51869","United States","Telecommunications","41","0055A0GDajGWdDLQG1","","2023-10-19T23:41:29.000Z","2023-10-21T19:42:32.000Z","LA-672050"
"0015A0O0qr7kvkQQCQ","Vaegol Health","WWW.VAEGOL.EXAMPLE","(312) 555-0139","5425 Mora Avenue","Johnsonville","WI","54006","United States","Machinery","303","0055A02sSeu3Y8qQIE","","2022-04-28T20:37:17.000Z","2025-07-02T18:41:33.000Z","LA-993265"
"0015A0hPt5VxwrVQER","Coujend Robotics Inc","","(206) 555-0106","90646 Stevens Avenue","South Samantha","PW","96940","United States","Apparel","83","0055A01uzBTkGd7QQF","","2024-11-18T06:25:37.000Z","2026-05-14T01:36:10.000Z","LA-613139"
"0015A0LnS2pS4UHQK0","Mikiol Outfitters Ltd.","","(512) 555-0183","7963 Perez Rd","Allenfort","NC","27615","United States","Chemicals","28","0055A0GDajGWdDLQG1","","2024-09-27T08:49:22.000Z","2026-03-01T05:36:00.000Z","LA-693954"
"0015A0TlLF3gF0QQ0U","Styfirk Freight Inc","WWW.STYFIRK.EXAMPLE","415.555.0149","1446 Montgomery Drive","Jessicachester","CO","80212","United States","Construction","5001","0055A0GDajGWdDLQG1","","2024-06-14T03:07:05.000Z","2025-07-27T02:48:08.000Z","LA-248966"
"0015A00ZuMU7U48QUF","Quioskuve International Corporation","https://www.quioskuve.example/about","(972) 555-0124","44244 Allen Court","West Michael","SC","29100","United States","Biotechnology","5009","0055A0yvFxoEhwfQIC","","2020-09-28T05:31:17.000Z","2025-11-08T20:19:31.000Z","LA-838140"
"0015A0DaiOWSiWNQS1","Sudaend Holdings Inc","https://sudaend.example/","","50348 Baker Road","Andersonshire","AK","99921","United States","Recreation","21","0055A02sSeu3Y8qQIE","","2023-02-26T08:17:22.000Z","2025-05-28T19:28:04.000Z","LA-972388"
"0015A0xs8KM4NzQQQV","Caflaind Materials Co.","https://www.caflaind.example","206-555-0187","868 Wheeler Pkwy","Matthewfort","GA","31368","United States","Banking","5005","0055A0e5wmsQdryQAC","","2022-06-22T11:56:50.000Z","2022-08-10T14:27:22.000Z","LA-886985"
"0015A0M67sjimoUQCQ","Jajio Labs LLC","https://www.jajio.example","(305) 555-0123","01480 Andersen Street Suite 489","Keithburgh","MO","64591","United States","Other","301","0055A01uzBTkGd7QQF","","2025-04-24T17:38:10.000Z","2025-10-28T17:59:43.000Z","LA-215707"
"0015A08d8zNmGDHQA3","Cliomis Health Corp.","https://www.cliomis.example","(415) 555-0171","669 Reed Court","West Alexa","OH","44432","United States","Biotechnology","28","0055A0yvFxoEhwfQIC","","2024-01-15T20:20:50.000Z","2025-04-07T19:33:20.000Z","LA-733775"
"0015A0dWPRMVUoRQ2X","Stuhor Materials Ltd.","http://stuhor.example","312-555-0184","2681 Lewis Way","Lake Sydneyton","FL","34789","United States","Education","5","0055A0e5wmsQdryQAC","","2017-03-10T19:59:20.000Z","2017-06-30T01:25:35.000Z","LA-294743"
"0015A0bfCqkl2xAQIQ","Staenor Health Co.","staenor.example","+1 415 555 0124","0406 Hammond Lane Suite 398","New Timothy","MN","56229","United States","Electronics","28","0055A0e5wmsQdryQAC","","2017-10-30T19:33:26.000Z","2023-02-17T06:29:03.000Z","LA-426659"
"0015A0pZw3bwQqsQEE","Waibrym Labs Inc.","www.waibrym.example","813-555-0163","461 Jones Parkway","New Christopherfort","CA","94089-9577","United States","Consulting","42","0055A01uzBTkGd7QQF","","2019-09-17T22:07:02.000Z","2020-03-27T22:55:38.000Z","LA-766805"
"0015A0xtJah6jNfQII","Paewaer Dynamics","www.paewaer.example","+1 512 555 0129","960 Garrett Street","North Sandra","ID","83486","United States","Energy","87","0055A0yvFxoEhwfQIC","","2022-02-12T18:01:09.000Z","2025-05-17T09:29:57.000Z","LA-550522"
"0015A0qmhT2UdVfQQK","Bregrul Manufacturing Ltd.","http://bregrul.example","1-503-555-0139","614 Smith Court","Jayside","NJ","07197","United States","Electronics","150","0055A0yvFxoEhwfQIC","","2022-10-24T16:46:39.000Z","2024-09-19T08:04:21.000Z","LA-702403"
"0015A0DwNmklS6mQKE","Patreve Capital","","503-555-0183","531 Sullivan Court","Aguilarchester","NM","87790","United States","Not For Profit","5001","0055A01uzBTkGd7QQF","","2019-12-20T17:29:13.000Z","2022-06-16T21:21:20.000Z","LA-854111"
"0015A0vpp3iZbsQQAS","Giground Systems Corp.","https://www.giground.example","(702) 555-0131","5902 Mcmillan Way Suite 592","Reginaport","MS","39396-2158","United States","Chemicals","6","0055A0GDajGWdDLQG1","","2020-08-04T00:01:43.000Z","2023-09-20T04:48:38.000Z","LA-467064"
"0015A0AQ51CZPmOQGX","Goudox Supply Inc.","www.goudox.example","305-555-0152","175 Frederick Drive","Bakerfurt","MS","39643","United States","Government","43","0055A0yvFxoEhwfQIC","","2020-12-03T09:44:29.000Z","2025-04-23T12:05:20.000Z","LA-234985"
"0015A0YKvBsr9iDQWQ","Dujind Health Ltd.","dujind.example","+1 617 555 0192","6944 Davidson Parkway","Morrisonbury","NJ","08330","United States","Government","153","0055A0fCkAOyoTsQUJ","","2020-04-19T20:41:41.000Z","2021-10-18T21:00:29.000Z","LA-746343"
"0015A017L61Uh2PQIS","Puhes Analytics LLC","https://www.puhes.example","415-555-0156","55595 Morgan Place","West Stephanie","AR","71749","United States","Entertainment","42","0055A01uzBTkGd7QQF","","2017-06-01T12:37:59.000Z","2026-05-09T22:44:32.000Z","LA-774214"
"0015A0LqovpoWFiQCM","Gysaer Works Corporation","https://www.gysaer.example/about","(904) 555-0165","1028 Gomez Avenue","Tammyberg","FM","96944","United States","Hospitality","156","0055A0fCkAOyoTsQUJ","","2022-11-10T03:01:17.000Z","2023-01-04T06:23:59.000Z","LA-163894"
"0015A0FIhqTP0N4QGL","Wazaend Outfitters Corporation","www.wazaend.example","+1 305 555 0180","14813 Young St","West Scott","TN","38237","United States","Engineering","758","0055A0fCkAOyoTsQUJ","","2023-10-22T23:40:43.000Z","2024-02-27T23:24:45.000Z","LA-851579"
"0015A0NCvSyYnuoQWC","Proukand Foods Co.","","404-555-0183","605 Bowman Place","Jaredshire","FM","96942","United States","Utilities","11","0055A0fCkAOyoTsQUJ","","2021-09-28T14:17:02.000Z","2021-10-02T18:15:02.000Z","LA-989114"
"0015A06kj2m89VTQAY","Mystiove Works Corporation","","(312) 555-0174","8662 Juarez Lane Suite 420","South Rebeccachester","SC","29859","United States","Media","5002","0055A0e5wmsQdryQAC","","2021-02-03T17:38:30.000Z","2024-02-17T10:28:34.000Z","LA-859209"
"0015A0HZUumzrqpQOA","Flydraq Dynamics Inc","https://flydraq.example/","(305) 555-0124","60942 Jensen Court","New Sandra","NC","27916","United States","Energy","87","0055A01uzBTkGd7QQF","","2023-06-08T01:34:12.000Z","2024-03-24T05:08:33.000Z","LA-568092"
"0015A0irxcajvpgQAA","Styfound Outfitters Ltd.","http://styfound.example","1-702-555-0191","4343 Hull Rd","New Craig","MS","38730","United States","Consulting","86","0055A01uzBTkGd7QQF","","2024-07-24T02:04:05.000Z","2024-09-30T23:59:03.000Z","LA-602858"
"0015A0RPQbbug0qQOA","Praihaive Services","https://www.praihaive.example","(305) 555-0168","15778 Hernandez Dr Ste 979","North Wesleytown","ND","58314","United States","Energy","151","0055A0e5wmsQdryQAC","","2024-07-19T14:36:57.000Z","2026-04-17T16:21:39.000Z","LA-829028"
"0015A0gZkLLRYxhQUH","Jiohom Industries Ltd.","WWW.JIOHOM.EXAMPLE","720.555.0113","9425 Acevedo Boulevard","Port Derek","SC","29454","United States","Energy","25","0055A0GDajGWdDLQG1","","2023-07-25T04:33:13.000Z","2025-01-31T03:08:03.000Z","LA-625041"
"0015A0CCxsBrJzVQGV","Moumurk Foods LLC","","+1 312 555 0122","08838 Alvarez Blvd Ste 142","South Davidfurt","OH","44948","United States","Communications","5004","0055A01uzBTkGd7QQF","","2022-09-09T22:15:55.000Z","2022-12-25T13:22:31.000Z","LA-902971"
"0015A0DlThbNNpfQKG","Skige Analytics Co.","skige.example","(305) 555-0184","9352 Stein Lane Suite 333","Walkerstad","NH","03864","United States","Telecommunications","304","0055A02sSeu3Y8qQIE","","2020-02-26T08:17:15.000Z","2024-10-11T01:50:20.000Z","LA-268338"
"0015A0bjvq9dfgzQAA","Jinir Analytics LLC","https://jinir.example/","(972) 555-0131","563 Hicks Way","Collinsborough","IL","61911","United States","Recreation","159","0055A01uzBTkGd7QQF","","2024-09-21T01:35:02.000Z","2026-05-15T12:04:13.000Z","LA-712778"
"0015A05g9L3bAmyQQE","Dremom Supply","https://www.dremom.example","404.555.0138","536 Stone Way","West Tiffanyburgh","AK","99737","United States","Transportation","155","0055A0yvFxoEhwfQIC","","2021-06-30T18:01:38.000Z","2022-07-09T08:40:25.000Z","LA-750126"
"0015A0iTM7RRTPNQM5","Gralio Manufacturing Ltd.","http://gralio.example","972.555.0104","6039 Fischer Parkway","North Katiechester","LA","70395","United States","Media","9","0055A01uzBTkGd7QQF","","2021-02-27T02:28:28.000Z","2024-06-20T21:19:46.000Z","LA-299069"
"0015A0AnHC666iCQ0Q","Hytraerk Industries Corp.","","212.555.0101","0938 Henry Way","Nathanmouth","GA","31094","United States","Construction","1203","0055A01uzBTkGd7QQF","","2017-11-26T15:21:25.000Z","2019-03-10T19:02:56.000Z","LA-878643"
"0015A07pkYoQIrIQQW","Quaezux Labs Corp.","quaezux.example","","79777 Newton Parkway","North Deborah","KS","66849","United States","Hospitality","154","0055A0fCkAOyoTsQUJ","","2017-10-31T21:37:55.000Z","2026-08-17T03:55:27.000Z","LA-560246"
"0015A0ooazsLVKhQAO","Wouzas Outfitters LLC","wouzas.example","813.555.0177","297 Fox Parkway","Hurstberg","MO","63162","United States","Banking","5005","0055A0GDajGWdDLQG1","","2018-04-25T05:33:07.000Z","2026-02-09T06:20:34.000Z","LA-383414"
"0015A0JSWrHNdJGQO1","Kegal Industries Inc.","https://www.kegal.example","1-617-555-0163","43803 Henry Boulevard","Johnsonchester","NE","68048-6924","United States","Healthcare","1207","0055A02sSeu3Y8qQIE","","2025-01-10T10:49:04.000Z","2025-04-07T21:39:23.000Z","LA-587020"
"0015A03mlkiDpvsQAC","Grocu Materials LLC","WWW.GROCU.EXAMPLE","1-206-555-0156","62760 Reynolds Boulevard","South Angela","AL","35418","United States","Consulting","759","0055A0fCkAOyoTsQUJ","","2021-05-11T12:26:35.000Z","2025-12-02T04:25:42.000Z","LA-874548"
"0015A0TNI3ZhsU7QOJ","Bruviond Freight Inc.","","404-555-0171","5339 Burgess Boulevard","Curtisberg","MN","55077","United States","Communications","89","0055A01uzBTkGd7QQF","","2022-08-08T19:06:47.000Z","2024-12-19T10:15:22.000Z","LA-406829"
"0015A0lQyojJdh4QEC","Miowo Energy Corporation","","(617) 555-0155","93522 Green Court","Amyville","FL","34228","United States","Insurance","87","0055A02sSeu3Y8qQIE","","2022-11-01T06:12:07.000Z","2026-03-27T15:18:03.000Z","LA-293527"
"0015A01OcLdeYQrQUM","Broteht Labs Inc.","http://app.broteth.example","","30787 Stout Pkwy","Walshville","PA","16246","United States","Engineering","","0055A0e5wmsQdryQAC","","2022-03-03T05:58:37.000Z","2026-03-31T07:26:48.000Z","LA-609190"
"0015A0oNMPxYlcgQ2C","Gribrynd Manufacturing Inc.","http://gribrynd.example","(312) 555-0117","2141 Parker Boulevard","Edwintown","WV","25606","United States","Banking","13","0055A0fCkAOyoTsQUJ","","2023-08-07T21:24:25.000Z","2026-06-06T14:22:01.000Z","LA-228085"
"0015A0mVxT3uR8gQUE","Ciogir Industries Co.","ciogir.example","1-206-555-0109","3014 Medina Avenue","Lake Rachel","UT","84511-8055","United States","Not For Profit","15","0055A0fCkAOyoTsQUJ","","2020-07-04T07:13:14.000Z","2025-12-01T21:50:24.000Z","LA-791112"
"0015A03MWLZm1ZvQ2J","DROURIVE NETWORKS INC.","WWW.DROURIVE.EXAMPLE","212.555.0180","405 Kirby Way","Lake Patricia","TX","79253-5654","United States","Food & Beverage","86","0055A0e5wmsQdryQAC","","2025-04-09T06:28:28.000Z","2025-07-26T03:04:41.000Z","LA-989454"
"0015A0ZSkEOwaR4QWJ","Wipraix Freight Inc.","WWW.WIPRAIX.EXAMPLE","(813) 555-0100","8395 Boyd Pl","Geraldburgh","IN","46791","United States","Education","5006","0055A01uzBTkGd7QQF","","2025-06-16T11:36:12.000Z","2026-04-11T17:27:52.000Z","LA-458968"
"0015A0HijTHFGc0QSH","Baevim Outfitters","","+1 904 555 0169","87933 Diaz Lane","Port Jonathanland","ME","04583","United States","Not For Profit","5009","0055A0GDajGWdDLQG1","","2022-11-29T14:01:54.000Z","2025-01-02T21:54:05.000Z","LA-160800"
"0015A0f2ULIrgB0QYJ","Stivom Outfitters Ltd.","WWW.STIVOM.EXAMPLE","617.555.0179","341 Galloway Place Suite 721","Daytown","AK","99551","United States","Media","304","0055A02sSeu3Y8qQIE","","2019-06-12T02:59:08.000Z","2021-06-30T07:43:03.000Z","LA-699908"
"0015A0ZAx3J1UO4QGN","Rouquoq Dynamics Ltd.","rouquoq.example","1-503-555-0198","755 Nixon Court Suite 932","New Christian","AK","99907","United States","Other","13","0055A0yvFxoEhwfQIC","","2021-06-15T21:46:25.000Z","2026-05-22T19:00:55.000Z","LA-269836"
"0015A09qkwq8qcvQAA","Zaezour Networks","https://www.zaezour.example/about","1-617-555-0102","19114 Coleman Dr","Andersonhaven","UT","84740","United States","Insurance","87","0055A02sSeu3Y8qQIE","","2018-04-03T22:06:50.000Z","2022-10-14T10:11:04.000Z","LA-533793"
"0015A0qtCkX6eoyQIB","Haineq Works Ltd.","https://www.haineq.example","(702) 555-0111","57279 Butler Place","East Darrelltown","FM","96943","United States","Apparel","30","0055A0yvFxoEhwfQIC","","2022-03-17T16:24:02.000Z","2026-08-08T07:34:02.000Z","LA-945010"
"0015A0B5lidMUe8QCG","Traeprim Analytics Corp.","www.traeprim.example","","617 Thompson Place","Douglasborough","IL","62012","United States","Retail","20","0055A0fCkAOyoTsQUJ","","2018-03-01T15:35:05.000Z","2019-08-31T09:57:28.000Z","LA-739450"
"0015A0G4dzSs1qNQCR","Zoudrus Labs Ltd.","https://zoudrus.example/","813-555-0159","95327 Perkins Court Suite 620","Ellisview","MI","49110","United States","Telecommunications","752","0055A0GDajGWdDLQG1","","2021-11-13T13:58:20.000Z","2025-02-20T00:46:37.000Z","LA-611350"
"0015A0IIKfyjcEPQOY","Daegrior Solutions Corp.","https://daegrior.example/","503-555-0166","7566 Turner Dr","Cherylborough","ND","58122-5628","United States","Government","27","0055A01uzBTkGd7QQF","","2017-05-10T04:37:29.000Z","2020-06-27T18:54:26.000Z","LA-144415"
"0015A0xpNUzb2aNQYQ","Wougen Logistics Co.","wougen.example","1-404-555-0199","468 Cannon Rd","Jamesstad","MN","55628","United States","Chemicals","305","0055A01uzBTkGd7QQF","","2018-07-06T02:51:59.000Z","2023-02-15T01:58:49.000Z","LA-201098"
"0015A0d9uuYI0n8QAD","Doukum Capital Inc","https://doukumcapital.example/","(305) 555-0102","83082 Allen Road","West Michael","LA","70501","United States","Biotechnology","44","0055A0yvFxoEhwfQIC","","2023-08-12T19:59:21.000Z","2025-08-23T14:42:12.000Z","LA-504721"
"0015A0LxOVrL3CRQ00","Taimis Capital Ltd.","WWW.TAIMIS.EXAMPLE","312.555.0120","918 Fuentes Place","Torresburgh","MT","59043","United States","Not For Profit","756","0055A0yvFxoEhwfQIC","","2018-01-21T12:57:56.000Z","2020-02-25T03:51:36.000Z","LA-278074"
"0015A0MERYAeQQDQ43","Syskex Networks","https://www.syskex.example","","698 Thomas Boulevard Suite 234","Edwardstad","OR","97507","United States","Retail","5004","0055A01uzBTkGd7QQF","","2021-03-09T11:26:40.000Z","2022-12-31T02:25:07.000Z","LA-526259"
"0015A0QnE8ecr1BQKQ","Vutror Labs Inc","http://vutror.example","+1 503 555 0190","1970 Barnett Avenue","New Robin","IL","60437","United States","Hospitality","84","0055A0fCkAOyoTsQUJ","","2019-05-11T15:15:07.000Z","2019-12-20T08:01:21.000Z","LA-753526"
"0015A03kgdMZki9QAD","Rotrend Freight Inc.","http://rotrend.example","+1 212 555 0189","4085 Barrett Lane Suite 277","Tonyaville","KS","66111","United States","Other","5004","0055A0GDajGWdDLQG1","","2017-01-16T01:45:30.000Z","2019-09-29T23:09:02.000Z","LA-328627"
"0015A00wojKFEdHQAX","Flybrend Partners Corp.","www.flybrend.example","503.555.0180","28969 Aguirre Avenue","Andrewshire","WV","24852","United States","Healthcare","308","0055A0e5wmsQdryQAC","","2022-07-07T10:42:26.000Z","2023-10-27T09:12:00.000Z","LA-576139"
"0015A0O3TFBeLtUQ0V","Breclas Labs Ltd.","https://www.breclas.example/about","1-415-555-0194","9275 Rodriguez Drive","East Laurie","ID","83721","United States","Retail","31","0055A0fCkAOyoTsQUJ","","2023-01-01T22:13:30.000Z","2024-03-19T22:23:20.000Z","LA-721698"
"0015A0Q5ULXrPYfQ0N","Stougraq Labs","WWW.STOUGRAQ.EXAMPLE","305.555.0160","9804 Walker Road","Myerschester","MA","02056","United States","Biotechnology","47","0055A01uzBTkGd7QQF","","2022-08-26T13:03:12.000Z","2024-05-31T01:19:27.000Z","LA-451690"
"0015A0bhHJIaVEbQYN","Quouhaen Materials Co.","http://quouhaen.example","512.555.0166","038 Jensen Ln","Christopherborough","IA","52505","United States","Food & Beverage","304","0055A0fCkAOyoTsQUJ","","2024-01-11T14:52:29.000Z","2024-11-02T05:57:01.000Z","LA-254018"
"0015A0zhxaZyA7eQAF","Gruvul Health Corporation","https://www.gruvul.example/about","+1 972 555 0143","89855 Smith Drive","West Michael","TN","37756","United States","Banking","40","0055A0yvFxoEhwfQIC","","2017-04-20T09:14:34.000Z","2018-02-26T13:57:20.000Z","LA-633115"
"0015A0fyXL6dkGmQYI","Skouwyq Holdings Ltd.","https://www.skouwyq.example","813-555-0176","8582 Bailey Parkway","Georgehaven","NY","11513-2876","United States","Environmental","304","0055A0e5wmsQdryQAC","","2021-09-04T21:36:43.000Z","2026-02-10T18:27:53.000Z","LA-580683"
"0015A0LhpUSmWwaQSF","Graetrios Outfitters Corp.","www.graetrios.example","312.555.0119","5343 Villarreal Court Suite 786","Peterborough","FM","96943","United States","Biotechnology","1208","0055A0fCkAOyoTsQUJ","","2020-08-06T22:12:38.000Z","2023-11-08T12:40:39.000Z","LA-426947"
"0015A0jU8saBlQYQE0","Drahend Health Ltd.","http://drahend.example","1-720-555-0159","972 White Boulevard","Normanshire","VT","05452","United States","Government","157","0055A02sSeu3Y8qQIE","","2018-12-23T12:42:24.000Z","2020-04-17T12:43:54.000Z","LA-794301"
"0015A0vvxOeLeiqQQC","Trigul Holdings Inc","","(503) 555-0140","246 Mahoney Boulevard","South Davidchester","TN","37216","United States","Biotechnology","1203","0055A01uzBTkGd7QQF","","2019-02-19T16:46:42.000Z","2021-03-01T06:12:09.000Z","LA-428235"
"0015A0p7esSK6gLQAT","Hylas Materials LLC","http://hylas.example","305-555-0101","76915 Mills Boulevard Suite 987","Port Jameshaven","NH","03427","United States","Telecommunications","27","0055A01uzBTkGd7QQF","","2020-12-19T15:41:40.000Z","2021-02-02T07:17:30.000Z","LA-460771"
"0015A0SJLN6Ef17Q4C","Flyquuu Systems Corporation","https://www.flyquu.example/about","312.555.0145","2781 Black Rd","New Michaelmouth","NY","12727-9123","United States","Insurance","","0055A0fCkAOyoTsQUJ","","2020-11-20T03:07:27.000Z","2022-05-06T04:49:41.000Z","LA-652232"
"0015A0nNLKkMpL9Q2K","Drapon Capital Corp.","","415-555-0145","36462 Taylor Drive","Parsonsshire","OR","97825","United States","Chemicals","1206","0055A0e5wmsQdryQAC","","2020-03-21T11:29:20.000Z","2021-11-20T19:32:27.000Z","LA-801750"
"0015A0aD2arKD4xQEG","Brastil Holdings Inc","https://www.brastil.example/about","","2625 Ln Ct Ste 829","Carpenterberg","MS","39761-6112","United States","Insurance","1206","0055A0e5wmsQdryQAC","","2022-09-07T12:41:55.000Z","2026-03-11T08:13:16.000Z","LA-539372"
"0015A0zXrrv1y38QEA","Werox Partners LLC","werox.example","212.555.0125","512 Stone Lane Suite 714","Jonesborough","MD","21051","United States","Communications","5002","0055A0yvFxoEhwfQIC","","2024-03-20T10:39:00.000Z","2025-02-08T14:19:24.000Z","LA-181193"
"0015A0iRHHq0k9nQ2A","Staedre Foods Corporation","https://www.staedre.example","+1 212 555 0125","8498 Kennedy Parkway","West Susanfurt","WY","82974","United States","Not For Profit","159","0055A0GDajGWdDLQG1","","2021-04-18T00:09:30.000Z","2023-12-19T20:18:30.000Z","LA-807257"
"0015A0PBAfMljBrQOJ","Mohaes Systems Corp.","http://mohaes.example","617.555.0193","385 Campbell Road","Gilbertville","ID","83623","United States","Apparel","32","0055A02sSeu3Y8qQIE","","2023-02-11T20:01:28.000Z","2024-11-25T21:11:39.000Z","LA-358545"
"0015A0c9OhOLs9JQIT","Quadrios Analytics Ltd.","http://quadrios.example","617-555-0181","7187 Livingston Avenue","New Stephanieport","RI","02838-4074","United States","Government","758","0055A01uzBTkGd7QQF","","2022-06-01T09:38:50.000Z","2022-09-15T11:36:10.000Z","LA-726727"
"0015A003Xkmj7cnQIA","Bytios Technologies","http://bytios.example","","3844 White Ct","Donaldberg","KY","41761","United States","Chemicals","159","0055A02sSeu3Y8qQIE","","2021-01-18T07:14:40.000Z","2025-11-28T23:20:56.000Z","LA-524617"
"0015A09sSKuZJDCQY4","Prijax Capital LLC","","","0438 Farley Avenue","Lake Williamstad","IN","47181","United States","Construction","45","0055A01uzBTkGd7QQF","","2024-05-27T20:21:36.000Z","2025-07-27T04:10:55.000Z","LA-901482"
"0015A0hRLtFPPcbQMH","Noflynd Networks Corporation","https://www.noflynd.example/about","312-555-0170","7045 Hancock Parkway Suite 865","New Lisa","NC","27567","United States","Manufacturing","13","0055A0e5wmsQdryQAC","","2025-01-27T09:32:15.000Z","2025-06-25T00:59:12.000Z","LA-499168"
"0015A0THr7yHtzYQGS","Pepaend Analytics Inc","https://www.pepaend.example/about","720.555.0131","50503 Ortega Way","Coxmouth","DC","20005","United States","Retail","756","0055A0e5wmsQdryQAC","","2018-01-12T09:10:42.000Z","2022-05-11T16:50:26.000Z","LA-701202"
"0015A0ePnozzYoMQEU","Cupioth Foods Ltd.","https://www.cupioth.example","+1 813 555 0104","1008 Estes Place","Josephtown","WA","98408","United States","Hospitality","83","0055A0fCkAOyoTsQUJ","","2018-02-21T22:17:25.000Z","2023-08-16T00:20:34.000Z","LA-791364"
"0015A06fGDNDdokQYD","Caetyve Systems Corporation","WWW.CAETYVE.EXAMPLE","1-904-555-0113","04234 Robinson Place","South James","MA","01761","United States","Apparel","6","0055A01uzBTkGd7QQF","","2020-10-12T23:24:03.000Z","2023-04-10T17:16:57.000Z","LA-287046"
"0015A0p5unC1uNDQAZ","Claeverk Partners Inc","https://www.claeverk.example/about","1-512-555-0125","86790 Roberts Lane","Sherimouth","MN","55587-3442","United States","Construction","759","0055A0e5wmsQdryQAC","","2018-09-12T21:39:52.000Z","2022-03-09T01:55:20.000Z","LA-535038"
"0015A083QDTGRcVQYX","Gotriond Energy LLC","gotriond.example","1-212-555-0194","309 Thompson Ave","Griffithshire","MS","39025","United States","Biotechnology","755","0055A0yvFxoEhwfQIC","","2024-08-27T22:38:39.000Z","2025-08-02T16:37:25.000Z","LA-145581"
"0015A0nG0t94l0RQEQ","Prewaer Solutions Corp.","https://www.prewaer.example/about","+1 415 555 0183","67260 Hansen Way","East Mark","FM","96942","United States","Government","12","0055A0e5wmsQdryQAC","","2020-11-17T09:00:00.000Z","2026-06-28T14:11:55.000Z","LA-134252"
"0015A0eGZ7o4xb2QMA","Fidi International Corporation","https://www.fidi.example","503.555.0175","3997 Richards Road","South Richardburgh","WY","82495","United States","Biotechnology","84","0055A02sSeu3Y8qQIE","","2022-07-08T09:23:39.000Z","2023-10-19T10:48:26.000Z","LA-855108"
"0015A03k42L3duCQAR","Pregem Industries LLC","https://www.pregem.example/about","+1 503 555 0146","5956 Moses Ln","Tammyport","PW","96940","United States","Government","5002","0055A0e5wmsQdryQAC","","2019-02-24T23:41:22.000Z","2025-07-02T18:24:32.000Z","LA-242941"
"0015A0ffB6St9LaQIJ","Lotrul Technologies Corporation","https://lotrul.example/","720-555-0103","865 Shelton Ave","South Ricky","MS","38776","United States","Food & Beverage","32","0055A0GDajGWdDLQG1","","2020-10-26T13:52:41.000Z","2024-08-19T19:16:15.000Z","LA-848705"
"0015A0Uz7oCPr1BQCT","Claibaen Services LLC","http://claibaen.example","+1 503 555 0196","411 Bowman Place","Heatherland","CA","94531","United States","Biotechnology","757","0055A01uzBTkGd7QQF","","2018-10-03T10:22:06.000Z","2023-05-09T21:33:55.000Z","LA-251449"
"0015A0tUQfuRzwaQMC","Bodrork Supply Inc","https://www.bodrork.example/about","(813) 555-0171","7650 Washington Road","Port Nicole","NV","89663","United States","Consulting","5","0055A01uzBTkGd7QQF","","2018-05-08T02:06:37.000Z","2021-12-28T15:11:20.000Z","LA-400155"
"0015A0hh9bzEvTdQAK","Coudrouq Materials Inc.","https://www.coudrouq.example/about","(720) 555-0169","3044 Hubbard Boulevard","South Stephanie","KS","67399","United States","Energy","27","0055A0GDajGWdDLQG1","","2021-01-08T18:52:23.000Z","2025-07-08T14:29:46.000Z","LA-620591"
"0015A0BlQgln3aZQKQ","Diodrark Labs Inc.","https://diodrark.example/","404-555-0125","7429 Foster Drive Suite 750","East Heidi","NV","89123","United States","Telecommunications","5006","0055A0fCkAOyoTsQUJ","","2018-04-15T18:59:26.000Z","2023-03-31T20:58:31.000Z","LA-854475"
"0015A0OKqPwd0c8QWA","Tragrork Freight Co.","http://tragrork.example","","41356 Pierce Lane","West Stevenport","MD","21498","United States","Machinery","307","0055A02sSeu3Y8qQIE","","2020-07-18T16:03:04.000Z","2021-01-29T02:10:58.000Z","LA-735651"
"0015A0y09u5QGmsQAG","Taebrairk Systems","https://www.taebrairk.example","415.555.0167","635 Ortiz Road Suite 823","Jenniferport","MA","02298","United States","Food & Beverage","81","0055A0e5wmsQdryQAC","","2017-01-23T14:35:50.000Z","2026-05-06T00:29:05.000Z","LA-163084"
"0015A0vX7Btinp8QUA","Drouco Labs","https://drouco.example/","404.555.0159","2489 Pierce Boulevard","East Danielmouth","SD","57188","United States","Chemicals","47","0055A0yvFxoEhwfQIC","","2019-11-24T17:49:55.000Z","2021-11-04T03:32:26.000Z","LA-572776"
"0015A0BGQEwtd2oQ4A","Saivurk Partners Corporation","","1-206-555-0186","5539 Robinson Court","Port Robin","WV","26580","United States","Technology","28","0055A0yvFxoEhwfQIC","","2017-02-08T12:38:13.000Z","2017-12-03T10:29:53.000Z","LA-167873"
"0015A0MWZRsN0GHQ40","Nyskiox Works Ltd.","www.nyskiox.example","1-404-555-0152","24105 Cox Drive Suite 180","West Scott","FM","96944","United States","Communications","19","0055A01uzBTkGd7QQF","","2017-07-11T19:21:59.000Z","2019-05-01T11:21:57.000Z","LA-352079"
"0015A055pfJRCrTQAX","Paidroux Holdings Corp.","http://paidroux.example","(512) 555-0139","395 Miller Way Suite 723","Brooksview","RI","02811-4022","United States","Telecommunications","754","0055A0GDajGWdDLQG1","","2025-02-21T10:20:19.000Z","2026-03-09T07:12:49.000Z","LA-868115"
"0015A0xYZUbMI6gQ2G","Todryn Holdings Ltd.","todryn.example","305.555.0111","070 Fox Parkway Suite 733","Lake Richardfurt","OR","97314","United States","Recreation","5004","0055A0fCkAOyoTsQUJ","","2025-02-14T18:35:44.000Z","2025-08-16T05:49:22.000Z","LA-361063"
"0015A0LRXNRm8XBQ4Z","Kanove Networks Corp.","http://kanove.example","1-904-555-0140","06979 Williams Lane","Johnview","HI","96821","United States","Education","758","0055A0fCkAOyoTsQUJ","","2019-05-14T13:22:23.000Z","2019-11-19T10:19:18.000Z","LA-633792"
"0015A0mKOwMkg3hQMB","Viodior Foods Inc","www.viodior.example","1-720-555-0119","76434 Lindsey Parkway","Port Amanda","AR","71877","United States","Construction","1200","0055A01uzBTkGd7QQF","","2020-02-15T00:23:18.000Z","2026-02-04T06:07:30.000Z","LA-472877"
"0015A0bEqAq3YlHQUU","Skionail International LLC","https://skionail.example/","305.555.0113","4522 Cummings Road","Johnsonmouth","CA","95956-3546","United States","Chemicals","21","0055A0GDajGWdDLQG1","","2020-02-16T00:23:26.000Z","2023-02-18T23:23:03.000Z","LA-706446"
"0015A0DbYesXMXfQKO","Stulun Foods Corp.","","(404) 555-0184","3123 Mclaughlin Avenue Suite 184","Lake Jasonburgh","KY","40597","United States","Food & Beverage","27","0055A02sSeu3Y8qQIE","","2018-04-23T08:17:50.000Z","2024-07-31T21:14:33.000Z","LA-624856"
"0015A0pxPHZQ6QFQY1","Pristou Outfitters LLC","pristou.example","503-555-0105","41019 Sharp Road","West Brendaburgh","IN","47030","United States","Telecommunications","757","0055A0fCkAOyoTsQUJ","","2021-02-23T17:10:30.000Z","2021-07-06T05:07:26.000Z","LA-453100"
"0015A0gRfwPsrQbQEJ","Vifais Foods Ltd.","vifais.example","(305) 555-0102","5276 Malone Lane","Oliverport","SD","57542","United States","Hospitality","759","0055A0fCkAOyoTsQUJ","","2019-03-10T03:45:22.000Z","2025-06-27T00:43:32.000Z","LA-233441"
"0015A0PmE15YaGBQK0","Cusel Industries Co.","","(904) 555-0115","2117 Green Street Suite 771","Larryside","WV","26381","United States","Apparel","302","0055A0fCkAOyoTsQUJ","","2018-05-15T19:55:37.000Z","2025-11-09T13:20:30.000Z","LA-557996"
"0015A0aNdJbGOvcQUG","Zaekuve Outfitters Inc","http://zaekuve.example","+1 617 555 0180","5252 West Way","West Mark","LA","70870","United States","Finance","305","0055A0GDajGWdDLQG1","","2019-11-24T22:41:07.000Z","2023-01-24T02:10:28.000Z","LA-440850"
"0015A0Vv1ntYE3IQCW","Cywil Manufacturing Corp.","https://cywil.example/","617.555.0108","3429 Sanders Lane","Danielport","CO","80768","United States","Communications","33","0055A02sSeu3Y8qQIE","","2018-05-15T04:43:17.000Z","2023-03-03T05:51:06.000Z","LA-886315"
"0015A01q2j8I5pPQAS","Viclynd Solutions Corp.","www.viclynd.example","972-555-0135","2460 Perez Rd","Lake Andrewmouth","RI","02890","United States","Biotechnology","88","0055A02sSeu3Y8qQIE","","2018-08-07T20:54:11.000Z","2026-06-02T03:42:24.000Z","LA-574064"
"0015A0u4I7LpDQsQIN","Skogyn Capital Corporation","https://www.skogyn.example","(404) 555-0119","4929 Williams Avenue","Jonesville","OK","73151","United States","Entertainment","30","0055A02sSeu3Y8qQIE","","2024-10-02T04:54:22.000Z","2026-08-27T20:00:21.000Z","LA-352090"
"0015A0bRFraEOw7QMG","Flaebren Partners Inc.","flaebren.example","+1 720 555 0167","4068 Sparks Boulevard","West Jillianland","RI","02820","United States","Finance","10","0055A0GDajGWdDLQG1","","2023-04-02T23:43:08.000Z","2025-02-25T19:34:29.000Z","LA-836186"
"0015A0mOybXAiMjQEL","Mybraend Capital LLC","mybraend.example","206-555-0197","52389 Rosales Court","Smithstad","NM","87806","United States","Government","15","0055A0GDajGWdDLQG1","","2022-11-21T21:06:14.000Z","2024-09-12T13:42:46.000Z","LA-450858"
"0015A0uhAQ2W2HnQYK","Quehaim Logistics Inc","quehaim.example","+1 404 555 0199","15120 Gonzalez Way","Nancyborough","IL","62740","United States","Machinery","755","0055A01uzBTkGd7QQF","","2019-08-16T06:48:07.000Z","2026-02-03T14:39:41.000Z","LA-728919"
"0015A0HwXQgESjSQ0W","Haeskol Health LLC","https://haeskol.example/","1-972-555-0121","6546 Day Street Suite 803","Lake Heatherchester","CO","80691","United States","Energy","31","0055A0fCkAOyoTsQUJ","","2023-10-20T03:22:09.000Z","2024-07-08T03:34:53.000Z","LA-973447"
"0015A035J6vj6KFQIY","Haiver Supply Corp.","haiver.example","(312) 555-0129","4436 Harris Court Suite 106","Karenbury","MD","20913","United States","Media","48","0055A0e5wmsQdryQAC","","2023-11-21T21:25:03.000Z","2024-07-01T09:56:00.000Z","LA-260041"
"0015A0V7myFwCiDQCV","Jaesork Foods Co.","WWW.JAESORK.EXAMPLE","(404) 555-0111","83620 Day Parkway","West Melanie","MI","48115","United States","Not For Profit","7","0055A0e5wmsQdryQAC","","2018-06-28T21:59:10.000Z","2025-04-17T16:05:44.000Z","LA-239324"
"0015A01tHGb1mbTQYQ","Wetith Freight LLC","wetith.example","617.555.0113","528 Johnston Avenue","New Deannafort","GA","30932","United States","Transportation","11","0055A0GDajGWdDLQG1","","2019-12-01T07:00:22.000Z","2024-12-13T22:35:46.000Z","LA-408628"
"0015A0QbnBIoQCKQS3","Grogund Freight Ltd.","grogundfreight.example","720.555.0147","183 Ashley Parkway","Merrittfort","NH","03458","United States","Banking","159","0055A01uzBTkGd7QQF","","2023-03-11T00:19:38.000Z","2025-03-22T00:49:14.000Z","LA-650016"
"0015A0AR7WSrJ6KQWV","Jade Logistics Corporation","www.jade.example","617-555-0110","84529 Cummings Way","Nelsontown","ID","83263","United States","Chemicals","19","0055A0fCkAOyoTsQUJ","","2022-10-03T22:33:01.000Z","2024-06-29T04:33:03.000Z","LA-830972"
"0015A0z36KFr3LfQQJ","Gezaeth Services Corp.","https://www.gezaeth.example/about","415-555-0140","97662 Martinez Boulevard","North Raymondbury","OK","73190","United States","Utilities","9","0055A0GDajGWdDLQG1","","2022-06-07T14:57:08.000Z","2023-12-17T18:45:21.000Z","LA-476017"
"0015A01Vqhk0CYCQE2","Hyflioq Holdings Co.","https://www.hyflioq.example/about","312-555-0190","85805 Duran Place","New Laura","IL","61526","United States","Consulting","85","0055A0yvFxoEhwfQIC","","2023-11-22T19:24:17.000Z","2024-03-12T15:30:53.000Z","LA-613362"
"0015A03gPoG2LZQQI3","Wiokan Capital Inc.","wiokan.example","+1 503 555 0105","65673 Peters Way","East Allisontown","NC","28517","United States","Electronics","302","0055A0GDajGWdDLQG1","","2025-03-19T02:45:40.000Z","2026-02-11T19:53:47.000Z","LA-974559"
"0015A0Yw5jqyB70QCE","Tougir Labs Inc.","https://www.tougir.example/about","","78438 Reese Street","Ericborough","DE","19806","United States","Environmental","755","0055A0GDajGWdDLQG1","","2017-06-04T00:14:19.000Z","2020-11-27T06:24:52.000Z","LA-440132"
"0015A0jEn09qk0CQEQ","Quofam International","https://quofam.example/","1-404-555-0133","1552 Edwards Lane Suite 959","South Joseph","MA","02673","United States","Energy","1209","0055A02sSeu3Y8qQIE","","2024-01-27T13:17:01.000Z","2024-09-15T22:10:20.000Z","LA-569448"
"0015A0LlKfaH4nqQKC","Skounaq Labs Inc","https://www.skounaq.example/about","","432 Howard Way Ste 924","Sheilaport","NE","68085","United States","Banking","6","0055A01uzBTkGd7QQF","","2017-03-26T19:13:46.000Z","2025-05-07T05:10:32.000Z","LA-761486"
"0015A0oWcGyklVPQUY","Flosto Services","https://flosto.example/","312.555.0140","79404 Lewis Dr Ste 429","Port Eric","FM","96943","United States","Transportation","48","0055A0yvFxoEhwfQIC","","2022-06-16T08:39:54.000Z","2025-08-31T05:53:08.000Z","LA-789788"
"0015A0Vo7gCudFtQCJ","Zadur Foods Inc","www.zadur.example","1-617-555-0119","44341 Miranda Parkway Suite 187","New Adamland","NM","87715","United States","Retail","11","0055A01uzBTkGd7QQF","","2020-04-24T15:51:01.000Z","2026-04-17T03:59:49.000Z","LA-988212"
"0015A0ClszKqFD4QCN","Zaezour Net","http://zaezour.example","","19114 Coleman Dr","Andersonhaven","UT","84740","United States","Insurance","87","0055A01uzBTkGd7QQF","","2017-08-02T05:32:12.000Z","2023-07-10T00:54:23.000Z","LA-917534"
"0015A0u07492lUiQAI","Caizaiq Technologies Corp.","WWW.CAIZAIQ.EXAMPLE","","8707 Schroeder Parkway","South Kristineberg","LA","70492","United States","Healthcare","20","0055A01uzBTkGd7QQF","","2019-01-20T21:37:40.000Z","2023-11-01T10:18:44.000Z","LA-296781"
"0015A0eq0kdG9aXQAS","Kinaive Manufacturing Ltd.","kinaive.example","+1 404 555 0107","5673 Adams Boulevard","East Gregorystad","VA","22633","United States","Education","5006","0055A0e5wmsQdryQAC","","2022-06-23T06:14:08.000Z","2024-06-12T12:16:21.000Z","LA-750604"
"0015A0FUVYIOUEDQ45","Gratraer Energy Ltd.","https://www.gratraer.example/about","702.555.0196","67402 Alexander Road","South Rebecca","WA","98390","United States","Electronics","1201","0055A0fCkAOyoTsQUJ","","2019-02-28T22:31:53.000Z","2021-12-19T12:53:09.000Z","LA-728063"
"0015A03K7SbHrDhQUK","Flaegal Robotics Corp.","","1-212-555-0111","406 Pierce Rd","Jennifershire","IN","47690","United States","Healthcare","756","0055A0yvFxoEhwfQIC","","2024-08-29T05:53:41.000Z","2024-12-08T10:09:18.000Z","LA-301396"
"0015A0v2arr3St2QAE","Zoraeve Holdings","zoraeve.example","904.555.0155","59238 Sharp Court","Reynoldsville","CT","06247-9473","United States","Food & Beverage","30","0055A0yvFxoEhwfQIC","","2023-11-11T11:57:38.000Z","2023-12-02T11:14:37.000Z","LA-631861"
"0015A0BSI89dQ7XQOU","Wyfol Outfitters Inc.","https://wyfol.example/","+1 702 555 0107","57724 Collins Avenue Suite 839","Port Samantha","OH","45138","United States","Electronics","29","0055A0GDajGWdDLQG1","","2019-01-13T07:25:20.000Z","2020-07-02T15:34:27.000Z","LA-703758"
"0015A0rXMVwUVy4Q2G","Pygrom Systems","https://pygrom.example/","1-512-555-0111","5068 Carter Drive Suite 720","Markburgh","WV","26029","United States","Machinery","5003","0055A0fCkAOyoTsQUJ","","2019-12-02T14:51:31.000Z","2022-08-10T20:36:11.000Z","LA-207889"
"0015A0oHHtpmA0FQMU","Skiogourk Freight LLC","https://www.skiogourk.example","512-555-0119","2146 Lewis Lane","South Alyssa","MI","49426","United States","Technology","752","0055A0fCkAOyoTsQUJ","","2022-02-15T06:21:54.000Z","2026-02-23T18:13:20.000Z","LA-631513"
"0015A0ZXAfYAgmmQOD","Fajair Outfitters Corporation","www.fajair.example","720.555.0158","9468 Flores St","North Chaseville","OH","44949-5625","United States","Communications","758","0055A0GDajGWdDLQG1","","2017-03-16T12:13:21.000Z","2021-06-15T02:03:54.000Z","LA-205410"
"0015A0Xr3EiSzHVQS0","Nasi Labs","","","995 Carlson Parkway","Denisefort","NJ","08480-2591","United States","Utilities","156","0055A0yvFxoEhwfQIC","","2019-01-19T06:21:12.000Z","2021-06-17T19:06:09.000Z","LA-384063"
"0015A0Ka7dYtSKEQC3","Kiomaeve Systems LLC","http://kiomaeve.example","+1 617 555 0125","834 Shields Avenue Suite 775","New Rachelmouth","RI","02864","United States","Other","156","0055A02sSeu3Y8qQIE","","2024-12-20T01:06:03.000Z","2026-03-10T14:12:20.000Z","LA-869003"
"0015A0o78tsLCkpQAG","Vydond Health LLC","https://www.vydond.example/about","503-555-0108","530 Santos Ln","Gregorystad","NC","28707-6833","United States","Education","12","0055A02sSeu3Y8qQIE","","2022-03-11T00:43:50.000Z","2024-09-25T09:23:22.000Z","LA-574724"
"0015A05vmyGJswdQAD","Cliostael Holdings Inc.","https://www.cliostael.example/about","813-555-0121","17939 Nelson Street","Port Jamie","NC","28067","United States","Finance","153","0055A01uzBTkGd7QQF","","2019-11-20T20:20:59.000Z","2024-07-30T09:32:43.000Z","LA-275093"
"0015A0BTPOdgirxQ4A","Sketrior Freight Inc","WWW.SKETRIOR.EXAMPLE","512.555.0196","3728 Walker Place Suite 937","Natashaview","AR","72499","United States","Technology","151","0055A0yvFxoEhwfQIC","","2020-09-08T18:26:23.000Z","2021-02-04T09:37:51.000Z","LA-187205"
"0015A0goMZZFV6eQYH","Quouskove Systems","https://quouskove.example/","+1 720 555 0132","21062 Reid Lane","Cortezview","MO","63718","United States","Telecommunications","30","0055A0fCkAOyoTsQUJ","","2024-08-20T02:09:49.000Z","2026-06-26T10:29:49.000Z","LA-671839"
"0015A0W2CqNrbJaQKJ","Quagyq Holdings Corporation","https://www.quagyq.example","404.555.0165","004 Gallagher Place Suite 966","West Kevin","NJ","08572","United States","Media","12","0055A0fCkAOyoTsQUJ","","2021-07-17T14:41:23.000Z","2024-12-30T15:31:07.000Z","LA-887414"
"0015A0kms9JHlgvQAD","Quyfurk International Corporation","WWW.QUYFURK.EXAMPLE","+1 415 555 0120","879 Espinoza Drive","Lake John","IL","62624","United States","Other","5002","0055A0fCkAOyoTsQUJ","","2025-05-22T03:01:40.000Z","2025-10-22T13:07:32.000Z","LA-331853"
"0015A0CZCNT53d5Q4B","Dudrerk Manufacturing","dudrerk.example","404-555-0161","90161 Henderson Drive","Dariusburgh","OR","97537","United States","Chemicals","25","0055A0yvFxoEhwfQIC","","2020-03-26T19:57:21.000Z","2024-07-05T08:34:28.000Z","LA-984955"
"0015A0fJUd6Frj6QMC","Kavork Solutions","https://kavork.example/","","2297 Watkins Street","Stoutfort","WY","82368","United States","Food & Beverage","86","0055A02sSeu3Y8qQIE","","2020-12-29T21:30:49.000Z","2026-05-01T16:57:14.000Z","LA-434612"
"0015A0jCHnZhrmfQMB","Bryvaith Outfitters Inc.","WWW.BRYVAITH.EXAMPLE","1-415-555-0111","0326 Mcgee Parkway","Millerview","DC","20024","United States","Other","48","0055A0e5wmsQdryQAC","","2024-01-08T12:53:46.000Z","2025-04-24T00:43:54.000Z","LA-707900"
"0015A0BTu1GZoEQQG1","Clowynd Energy Inc","http://clowynd.example","+1 813 555 0186","9436 Orr Lane","Cindybury","PW","96940","United States","Insurance","308","0055A0GDajGWdDLQG1","","2022-06-06T19:04:52.000Z","2025-04-10T07:31:06.000Z","LA-867475"
"0015A05GdcjA3QzQEK","Mehith Technologies Ltd.","https://www.mehith.example","+1 206 555 0159","742 Stafford Street","West Melindamouth","NY","12783","United States","Energy","34","0055A0yvFxoEhwfQIC","","2024-11-18T03:29:19.000Z","2025-03-13T06:02:54.000Z","LA-828716"
"0015A05MlGLmFZ0QUN","Faloum Systems Co.","https://www.faloum.example/about","1-206-555-0120","572 Brown Pkwy Ste 452","Melindahaven","AK","99536","United States","Consulting","19","0055A02sSeu3Y8qQIE","","2019-01-22T09:02:27.000Z","2021-02-09T18:58:16.000Z","LA-640162"
"0015A0ev1A6ouObQQI","Braeflous Outfitters Corp.","www.braeflous.example","512.555.0192","2132 Williams Road Suite 449","Port Samanthachester","ME","04040","United States","Healthcare","29","0055A0yvFxoEhwfQIC","","2025-03-13T13:03:25.000Z","2025-09-11T00:52:55.000Z","LA-429653"
"0015A0GN5PmyYkDQWU","Clastae Manufacturing Ltd.","","(617) 555-0186","65762 Fletcher Way","North Julia","WV","25145","United States","Machinery","300","0055A0yvFxoEhwfQIC","","2024-05-28T13:09:06.000Z","2025-05-10T06:16:10.000Z","LA-342368"
"0015A0X0mxu12hkQCA","Toukaq Materials Inc","www.toukaq.example","702.555.0108","1927 Porter Lane","Ivanburgh","MH","96962","United States","Not For Profit","159","0055A01uzBTkGd7QQF","","2018-03-13T07:40:00.000Z","2019-04-11T09:45:06.000Z","LA-829024"
"0015A0kriQYlaHxQQJ","Skepru Robotics Co.","https://skepru.example/","(415) 555-0158","83449 Miller Lane","Cherylstad","UT","84447","United States","Manufacturing","757","0055A02sSeu3Y8qQIE","","2021-03-24T13:46:00.000Z","2025-09-27T03:44:52.000Z","LA-518808"
"0015A0BcNMgaCgnQ0E","Stugaiq Analytics Co.","www.stugaiq.example","+1 512 555 0180","12681 Bell Drive","North Annaborough","SC","29510-2688","United States","Engineering","17","0055A01uzBTkGd7QQF","","2025-05-29T23:52:06.000Z","2026-06-23T18:45:46.000Z","LA-889737"
"0015A0JuSxbQgvSQKS","Brihour Dynamics Ltd.","","312.555.0155","903 Lutz Place","New Susan","KY","42323","United States","Other","15","0055A0fCkAOyoTsQUJ","","2018-09-26T00:22:53.000Z","2020-07-10T17:55:17.000Z","LA-858574"
"0015A0b0S7WYsdjQID","Nelaeq Energy Ltd.","www.nelaeq.example","512.555.0175","31609 Best Parkway","Port Dominiquemouth","CT","06066","United States","Engineering","300","0055A02sSeu3Y8qQIE","","2024-04-22T21:26:51.000Z","2025-01-10T08:02:11.000Z","LA-601113"
"0015A0AVwFd31jnQWA","Flouwurk Systems Corporation","www.flouwurk.example","503-555-0172","4345 Cortez Court","North John","OR","97448","United States","Other","87","0055A0GDajGWdDLQG1","","2018-02-24T08:18:14.000Z","2021-10-05T06:34:28.000Z","LA-982562"
"0015A0sU6s0IPODQE4","Lopol Health","WWW.LOPOL.EXAMPLE","1-617-555-0196","322 Blair Rd","South Derrick","IN","46388","United States","Telecommunications","753","0055A0GDajGWdDLQG1","","2024-07-31T15:23:25.000Z","2025-04-03T15:40:21.000Z","LA-969267"
"0015A0qwqNkpHmqQQE","Vegix Robotics Inc","http://vegixrobotics.example","1-512-555-0122","4214 Williams Avenue","Penaville","IN","47959","United States","Entertainment","6","0055A02sSeu3Y8qQIE","","2023-05-02T06:28:27.000Z","2024-12-14T22:51:16.000Z","LA-259032"
"0015A0AdM3rltiNQKQ","Kysiond Partners Inc","","(212) 555-0120","795 Simon Street","West Marioshire","MN","56376","United States","Hospitality","155","0055A0e5wmsQdryQAC","","2019-09-04T21:20:01.000Z","2022-10-29T10:02:30.000Z","LA-381154"
"0015A0ybwCEYhHWQQ1","Jaipil Labs Corp.","https://www.jaipil.example/about","","938 Hart Road Suite 576","East Donaldside","NC","27390","United States","Insurance","755","0055A0fCkAOyoTsQUJ","","2025-02-03T05:29:19.000Z","2025-11-15T09:46:02.000Z","LA-937115"
"0015A0n4Gh83VEoQIM","Braitraeth Technologies Inc.","","(617) 555-0166","358 Hughes Lane Suite 302","Landrychester","SC","29851","United States","Energy","1203","0055A0yvFxoEhwfQIC","","2024-10-22T23:28:47.000Z","2025-07-23T18:33:42.000Z","LA-550101"
"0015A0fQA2AQVxRQMX","Cacen Supply","cacen.example","","81771 Taylor Avenue","Youngberg","AK","99928-6713","United States","Environmental","156","0055A0GDajGWdDLQG1","","2021-02-02T09:04:15.000Z","2021-08-23T15:13:48.000Z","LA-625899"
"0015A0RCMR1luGqQ4I","Zynen Outfitters Corporation","http://zynen.example","+1 720 555 0168","18109 Chandler Way Suite 883","Denisetown","WI","53563","United States","Other","755","0055A01uzBTkGd7QQF","","2018-11-05T00:10:03.000Z","2025-08-08T20:36:06.000Z","LA-650612"
"0015A0VECKKudRQQ4Z","Grougeve International","WWW.GROUGEVE.EXAMPLE","","601 Williamson Place","Edwardhaven","DC","20037","United States","Government","1207","0055A0fCkAOyoTsQUJ","","2024-02-17T18:02:49.000Z","2024-06-28T13:13:23.000Z","LA-963797"
"0015A0jzCwbxpAnQII","Biotai Logistics Inc","biotai.example","1-415-555-0103","3397 Mueller Avenue","Port Julie","ID","83724","United States","Technology","48","0055A0fCkAOyoTsQUJ","","2020-09-11T17:05:23.000Z","2024-09-20T00:38:07.000Z","LA-950488"
"0015A0zjfvEAg43QAD","Tediork International LLC","WWW.TEDIORK.EXAMPLE","+1 305 555 0157","3788 Hogan Way","Jodiville","LA","70335","United States","Insurance","307","0055A0GDajGWdDLQG1","","2021-10-22T03:45:10.000Z","2023-03-07T20:16:02.000Z","LA-619070"
"0015A0UfTxA8umgQKB","Canaeq Manufacturing Co.","https://www.canaeq.example","1-512-555-0146","734 Ponce Parkway","West Robertfurt","CT","06132","United States","Hospitality","18","0055A01uzBTkGd7QQF","","2022-11-07T10:28:43.000Z","2023-09-11T15:28:06.000Z","LA-537175"
"0015A0i2bz6mlvsQAA","Vumi Dynamics Inc.","www.vumidynamics.example","","26081 Mejia Avenue Suite 572","West Tanya","TN","37936","United States","Recreation","46","0055A0GDajGWdDLQG1","","2021-10-30T04:33:19.000Z","2025-03-17T10:23:20.000Z","LA-951566"
"0015A0EN3JcHbxhQWC","Goufion Works LLC","goufion.example","(512) 555-0178","23872 Miller Lane Suite 387","West Matthew","SC","29070","United States","Agriculture","11","0055A0GDajGWdDLQG1","","2023-09-03T08:05:21.000Z","2026-04-28T05:34:42.000Z","LA-428997"
"0015A0VL0oxivUYQGY","Drihouth Robotics Inc.","http://drihouth.example","512-555-0159","16442 Scott Way","Aprilmouth","MT","59086","United States","Apparel","89","0055A01uzBTkGd7QQF","","2018-12-11T09:26:06.000Z","2020-09-04T08:45:06.000Z","LA-800587"
"0015A0Y2VzSSna0QKD","Skefaer Industries Corp.","www.skefaer.example","503-555-0134","90305 Hall Rd","North Kyleborough","MD","21622","United States","Utilities","85","0055A02sSeu3Y8qQIE","","2019-05-02T10:32:14.000Z","2023-11-27T15:53:24.000Z","LA-651983"
"0015A0CrzkWL3ZRQC1","Maisku Works LLC","http://maisku.example","415.555.0188","633 Williams Parkway","Alexandrafurt","NM","87327-1132","United States","Shipping","87","0055A0fCkAOyoTsQUJ","","2023-02-18T18:27:54.000Z","2025-09-28T17:05:11.000Z","LA-374811"
"0015A0meSOhK1PUQY0","Skaezand Freight Inc.","","512-555-0111","9653 Delacruz Ave","North Susan","MO","65296","United States","Entertainment","","0055A0e5wmsQdryQAC","","2021-08-12T12:48:53.000Z","2024-01-19T17:14:36.000Z","LA-351640"
"0015A00ScpRggGuQEJ","Tastind Labs Ltd.","","404-555-0193","1413 Schneider Street","Juliamouth","UT","84678","United States","Food & Beverage","44","0055A02sSeu3Y8qQIE","","2019-12-21T10:53:51.000Z","2022-07-20T22:36:13.000Z","LA-266973"
"0015A0SYUT2mVM8Q4M","Detrom International Inc","detrom.example","+1 404 555 0119","4873 Russell Road","Janethaven","TN","38343","United States","Healthcare","307","0055A01uzBTkGd7QQF","","2023-05-18T10:19:57.000Z","2024-09-25T21:56:12.000Z","LA-674220"
"0015A09pFK2jesNQYQ","Draijus Solutions Corporation","WWW.DRAIJUS.EXAMPLE","(212) 555-0125","0120 Miller Street","North Briannatown","ME","04981","United States","Shipping","1206","0055A02sSeu3Y8qQIE","","2017-09-06T00:04:04.000Z","2023-07-10T11:59:41.000Z","LA-191293"
"0015A0vxLN2cRW6QYM","Savork Capital Co.","www.savork.example","1-972-555-0194","838 Weber Way","Reidside","MS","38858","United States","Communications","153","0055A0fCkAOyoTsQUJ","","2021-06-24T06:24:00.000Z","2024-06-13T06:38:23.000Z","LA-317410"
"0015A0Adxaq4s81QCA","Tunais Robotics Corp.","","1-312-555-0139","2128 Adams St","North Tylerport","NV","89751","United States","Media","48","0055A0fCkAOyoTsQUJ","","2019-09-18T05:41:33.000Z","2025-08-25T14:56:34.000Z","LA-219245"
"0015A0rwaA40PKCQQ2","Nivirk Foods Corp.","http://nivirk.example","617-555-0195","94911 Williams Road","New Paulside","SD","57112","United States","Construction","152","0055A02sSeu3Y8qQIE","","2019-04-15T19:23:14.000Z","2021-05-17T15:43:39.000Z","LA-638300"
"0015A0qu0NHFbI3QQL","Dadrurk Dynamics","WWW.DADRURK.EXAMPLE","702-555-0150","1492 Harrison Pkwy","Dianamouth","NC","27155","United States","Apparel","87","0055A0GDajGWdDLQG1","","2022-01-28T08:02:47.000Z","2026-03-11T17:01:12.000Z","LA-393323"
"0015A0hJouLRBKjQEP","Quaedraeve Works Co.","https://quaedraeve.example/","1-404-555-0158","6655 Morrison Avenue","Curtisberg","MS","39507","United States","Hospitality","301","0055A0yvFxoEhwfQIC","","2024-03-04T04:48:31.000Z","2024-12-11T07:17:48.000Z","LA-749568"
"0015A03UAxPORgHQMX","Claenun Foods Inc","claenun.example","(813) 555-0156","31965 Wright Drive Suite 338","North Tiffany","PW","96940-4383","United States","Apparel","17","0055A01uzBTkGd7QQF","","2024-11-17T20:37:19.000Z","2025-09-12T16:37:27.000Z","LA-610931"
"0015A0m3YYaM6lvQYC","Taivim Materials Corp.","WWW.TAIVIM.EXAMPLE","1-404-555-0198","04127 Johnson Street","Simmonsfurt","CO","81369","United States","Education","1204","0055A0GDajGWdDLQG1","","2021-04-07T12:05:56.000Z","2023-08-16T20:18:04.000Z","LA-913496"
"0015A0DIh86v8YyQGI","Skioclirk Technologies Inc","http://skioclirk.example","904-555-0124","5344 Hill Place","South Diana","MT","59610-2718","United States","Government","7","0055A02sSeu3Y8qQIE","","2022-07-08T00:56:14.000Z","2022-09-15T01:01:03.000Z","LA-860696"
"0015A07ivbF1DnUQAV","Wounand Manufacturing LLC","https://www.wounand.example","1-503-555-0108","87243 Mathis Boulevard","Morganbury","MD","21335","United States","Apparel","5002","0055A01uzBTkGd7QQF","","2018-08-28T23:49:45.000Z","2019-05-11T03:44:00.000Z","LA-305986"
"0015A0bR1ZEHhPRQU1","Gucoq Health Corporation","","813.555.0146","80599 White St","New Michaelmouth","VT","05065","United States","Technology","153","0055A0GDajGWdDLQG1","","2021-11-28T19:40:31.000Z","2022-06-12T06:11:42.000Z","LA-538905"
"0015A0tu2SDiclvQQB","Nasum Partners Co.","www.nasum.example","(312) 555-0144","7110 Delacruz Road","Roseside","LA","70797","United States","Telecommunications","752","0055A01uzBTkGd7QQF","","2022-10-05T05:57:00.000Z","2024-10-15T09:56:41.000Z","LA-419609"
"0015A0ffnv0lXRVQA2","Quuskive Holdings LLC","https://www.quuskive.example/about","512.555.0175","5675 Porter Court","Juliemouth","ID","83827","United States","Telecommunications","5000","0055A0GDajGWdDLQG1","","2021-03-07T22:50:21.000Z","2023-05-20T11:46:21.000Z","LA-226247"
"0015A001we91tFGQAY","Groupran Energy Corp.","groupran.example","1-503-555-0124","474 Parker Avenue","West Joshua","LA","70025","United States","Utilities","754","0055A01uzBTkGd7QQF","","2021-05-29T10:22:44.000Z","2022-10-17T11:17:37.000Z","LA-680041"
"0015A0hJx2TXv28QED","Lekaex Partners","WWW.LEKAEX.EXAMPLE","+1 312 555 0140","75190 Lewis Road","North Richardberg","ND","58013","United States","Biotechnology","18","0055A0yvFxoEhwfQIC","","2020-08-06T17:55:15.000Z","2024-10-09T02:56:45.000Z","LA-612679"
"0015A0BlJa3MBcAQKW","Stiodox Robotics Co.","https://www.stiodox.example","(206) 555-0114","308 Rangel Way","East Kylemouth","ID","83444","United States","Engineering","307","0055A01uzBTkGd7QQF","","2019-12-12T10:11:12.000Z","2022-08-11T22:17:12.000Z","LA-522396"
"0015A03suMsEgp1QQC","Wouprion Holdings Corp.","https://wouprion.example/","972.555.0121","1567 Flores Boulevard","Lindsayfort","MI","48832","United States","Retail","85","0055A0e5wmsQdryQAC","","2017-06-30T04:46:31.000Z","2022-01-12T08:35:09.000Z","LA-109237"
"0015A0fL0EHGN6xQUH","Rawam Technologies","https://www.rawamtechnologies.example/about","1-972-555-0162","42122 Obrien Parkway","Connertown","AK","99694","United States","Finance","85","0055A01uzBTkGd7QQF","","2017-07-19T03:56:12.000Z","2020-11-11T18:32:41.000Z","LA-828026"
"0015A0P0UTqtyfrQ0A","Skeflynd Analytics Group Ltd.","WWW.SKEFLYND.EXAMPLE","+1 415 555 0100","33362 Hamilton Avenue","South Greggbury","NE","68023-6827","United States","Environmental","739","0055A0GDajGWdDLQG1","","2023-01-19T08:18:00.000Z","2023-03-01T20:15:46.000Z","LA-441290"
"0015A0aiO3W97s7QIB","Loskem Freight Co.","loskem.example","1-702-555-0106","15930 Cox St","Sandratown","PA","16842","United States","Manufacturing","84","0055A02sSeu3Y8qQIE","","2021-07-04T12:08:14.000Z","2023-11-20T01:23:45.000Z","LA-847993"
"0015A0gkCvUaZjKQIV","Kanove Outfitters Ltd.","www.kanoveoutfitters.example","206-555-0133","02922 Martin Place Suite 850","Johnview","HI","96821","United States","Hospitality","18","0055A0e5wmsQdryQAC","","2025-03-31T13:16:33.000Z","2026-06-06T22:21:19.000Z","LA-499299"
"0015A0ARyNGgWGsQWN","Fliolynd Capital Co.","http://fliolynd.example","305-555-0133","8892 Anderson Ct","Cynthiamouth","PW","96940","United States","Machinery","28","0055A0fCkAOyoTsQUJ","","2022-04-30T01:58:35.000Z","2024-02-27T15:27:29.000Z","LA-821749"
"0015A007HA4OLc4QYG","Bonae Analytics Co.","https://www.bonae.example/about","813.555.0114","9252 Obrien Drive Suite 382","South Angela","VA","23092-1487","United States","Chemicals","158","0055A0e5wmsQdryQAC","","2017-02-09T01:03:52.000Z","2018-06-10T06:22:47.000Z","LA-818681"
"0015A0Fpi6FubXGQCZ","Jynith Services Co.","http://jynith.example","1-415-555-0152","5794 Bailey Street","Port Luisburgh","VT","05205-7428","United States","Insurance","751","0055A0fCkAOyoTsQUJ","","2024-08-13T02:15:33.000Z","2024-10-01T18:50:35.000Z","LA-541149"
"0015A0QtlxCcHKsQCN","Clurynd Analytics Co.","https://www.clurynd.example","904.555.0184","510 Stone Drive","Lake Tamarachester","DE","19771","United States","Other","155","0055A0GDajGWdDLQG1","","2020-09-06T23:45:11.000Z","2024-04-01T11:03:54.000Z","LA-862846"
"0015A0TbgRUNENNQS5","Kioflaeq Services Corp.","https://www.kioflaeq.example/about","702-555-0114","57416 Hubbard Court Suite 133","South Jesseville","CA","95303-3515","United States","Government","45","0055A0GDajGWdDLQG1","","2022-09-26T06:42:34.000Z","2024-01-13T20:00:48.000Z","LA-609628"
"0015A0ExVdWGvk9QKD","Gaidraix Outfitters Inc","https://gaidraix.example/","1-813-555-0198","01960 Lee Pl","Cynthiaberg","OK","73157","United States","Communications","30","0055A0GDajGWdDLQG1","","2020-03-07T12:22:52.000Z","2023-04-14T21:26:07.000Z","LA-969627"
"0015A0XDBsQt0JCQOZ","Degriol Analytics Inc.","degriol.example","512-555-0108","0038 Morrison Drive","East Bradley","ND","58074","United States","Insurance","10","0055A0yvFxoEhwfQIC","","2025-04-29T06:54:12.000Z","2025-07-01T11:34:39.000Z","LA-568920"
"0015A0uwBuBRRvwQIH","Zufle Solutions LLC","www.zufle.example","(312) 555-0176","29285 Bautista Place Suite 386","Lake Maryport","FM","96943","United States","Environmental","307","0055A02sSeu3Y8qQIE","","2022-04-05T00:00:59.000Z","2024-07-15T09:02:35.000Z","LA-358143"
"0015A0MoC4wgD9QQKU","Fyliork International Co.","https://fyliork.example/","+1 617 555 0175","380 Sanchez Parkway Suite 128","Parsonsburgh","MI","48862-3855","United States","Other","25","0055A0yvFxoEhwfQIC","","2017-12-15T14:04:25.000Z","2023-05-10T01:01:05.000Z","LA-715158"
"0015A0yiXH0s8QoQYI","Nukiork Dynamics Inc","nukiork.example","1-305-555-0133","766 Thompson Place","North Michaelmouth","NE","68047","United States","Not For Profit","9","0055A02sSeu3Y8qQIE","","2024-08-06T06:11:49.000Z","2026-06-19T11:26:23.000Z","LA-433851"
"0015A0f4gTIj4DzQQJ","Brioquaerk Supply LLC","https://www.brioquaerk.example","212-555-0129","7442 Bailey Ave Ste 519","Hernandezport","MA","02659","United States","Education","301","0055A02sSeu3Y8qQIE","","2020-07-15T03:18:06.000Z","2021-05-02T14:49:32.000Z","LA-808057"
"0015A0ULWrzCdMdQOK","Skykul Manufacturing LLC","WWW.SKYKUL.EXAMPLE","312.555.0173","6886 Elliott Boulevard","Lake Laurastad","LA","70969","United States","Communications","11","0055A0yvFxoEhwfQIC","","2018-10-30T11:08:58.000Z","2025-08-22T10:11:30.000Z","LA-232120"
"0015A0obe44aRrdQAE","Triclio Foods Corporation","www.triclio.example","(212) 555-0189","211 Andrews Parkway","South Mary","DE","19910-4839","United States","Engineering","46","0055A02sSeu3Y8qQIE","","2017-08-05T20:21:34.000Z","2020-04-23T23:37:46.000Z","LA-312645"
"0015A0OdK3pre58QKA","Dafaes Holdings Corporation","WWW.DAFAES.EXAMPLE","503-555-0141","952 Campos Way","North Amy","NY","10380","United States","Construction","1204","0055A0fCkAOyoTsQUJ","","2017-04-16T04:40:10.000Z","2022-05-23T11:01:31.000Z","LA-454875"
"0015A0UvtkpSIBMQC4","Vounax Robotics","vounax.example","+1 813 555 0185","0381 Robinson Drive","East Matthewstad","MO","63098","United States","Biotechnology","11","0055A0GDajGWdDLQG1","","2020-01-22T23:55:59.000Z","2025-05-12T20:38:33.000Z","LA-840736"
"0015A0sgaL03OSlQQM","Tekion Technologies","tekion.example","1-512-555-0130","8905 Jones Ave","Samanthaberg","NE","68032","United States","Communications","5009","0055A0fCkAOyoTsQUJ","","2017-11-20T08:20:58.000Z","2022-09-20T11:14:50.000Z","LA-630240"
"0015A0KahIcVUb1QSG","Jari Freight Co.","https://www.jari.example","(904) 555-0115","0974 Brown Way Suite 476","North Vanessa","VT","05121","United States","Government","31","0055A0e5wmsQdryQAC","","2018-05-28T08:46:41.000Z","2026-07-21T18:32:56.000Z","LA-976933"
"0015A0I9FYaH1ucQ0C","Quoskys Works Inc.","","972.555.0153","580 Vaughn Road Suite 718","East Sarah","WI","53989","United States","Other","29","0055A0yvFxoEhwfQIC","","2020-07-28T05:42:08.000Z","2024-09-12T22:26:03.000Z","LA-858884"
"0015A0bf87WCIQFQA5","Dugyn Industries LLC","http://dugyn.example","(702) 555-0144","684 Zamora Parkway","Browntown","ME","04380","United States","Communications","8","0055A01uzBTkGd7QQF","","2018-01-26T09:08:48.000Z","2026-01-20T14:17:36.000Z","LA-331613"
"0015A0nc5m1pGAOQA2","Florourk Holdings LLC","www.florourk.example","1-813-555-0140","34525 Adkins Avenue","Melissastad","NY","10656","United States","Recreation","753","0055A0GDajGWdDLQG1","","2018-01-30T06:54:10.000Z","2022-10-24T03:46:43.000Z","LA-416457"
"0015A0zChl1rgRtQEI","Prataind Health Inc.","www.prataind.example","404.555.0130","9096 Thomas Way","Frederickstad","WI","53918","United States","Chemicals","5006","0055A02sSeu3Y8qQIE","","2024-04-26T16:16:38.000Z","2025-05-10T04:25:05.000Z","LA-225345"
"0015A0tz2xMgMrTQAV","Prioskix Services Corp.","https://www.prioskix.example","1-720-555-0187","61971 Bright Pl","Lake Shawnstad","WA","98783","United States","Education","13","0055A0e5wmsQdryQAC","","2018-10-06T21:49:51.000Z","2025-11-26T12:15:48.000Z","LA-929356"
"0015A05JHPkUnIwQ2K","Staedry Materials Ltd.","https://www.staedry.example","617.555.0153","3510 Diaz Parkway","Hunterside","NJ","08498","United States","Biotechnology","47","0055A02sSeu3Y8qQIE","","2025-04-15T08:14:39.000Z","2026-05-11T20:42:00.000Z","LA-769079"
"0015A03CUJZf0Q0Q2J","Skaelul Manufacturing Inc","https://www.skaelul.example","512-555-0146","845 Newton Ave","New Timothyberg","OK","73065","United States","Electronics","8","0055A0e5wmsQdryQAC","","2017-01-21T09:21:30.000Z","2024-01-05T00:16:46.000Z","LA-790560"
"0015A0Ow7DrnsYVQSY","Kegix International Inc","","","67340 Carlson Court","Alanshire","OK","73170","United States","Engineering","750","0055A0fCkAOyoTsQUJ","","2023-10-15T17:03:14.000Z","2026-07-30T15:44:23.000Z","LA-332513"
"0015A0GqRRAUYfpQ0H","Tairith Networks Co.","https://www.tairith.example","+1 904 555 0137","5859 Jackson Parkway","Jacobsonbury","TN","38011","United States","Transportation","1206","0055A01uzBTkGd7QQF","","2017-09-03T00:18:14.000Z","2022-07-08T13:12:26.000Z","LA-251111"
"0015A0gVrBIUD6xQUH","Dabrys Labs","WWW.DABRYS.EXAMPLE","(415) 555-0177","368 Jackson Boulevard","South Paige","IN","47648","United States","Biotechnology","156","0055A0GDajGWdDLQG1","","2017-09-08T11:44:22.000Z","2020-07-26T08:01:03.000Z","LA-316711"
"0015A0IHmSD6u6uQWB","Briotyve Works Inc","www.briotyve.example","+1 813 555 0123","00329 Miller Blvd","Port Pamela","NE","68060","United States","Media","85","0055A01uzBTkGd7QQF","","2020-12-31T09:05:53.000Z","2025-05-10T00:37:20.000Z","LA-284143"
"0015A0uRVfNFuTlQML","Ciobryve Industries LLC","WWW.CIOBRYVE.EXAMPLE","+1 904 555 0134","48297 Hernandez Road","New Rodneymouth","WY","82998","United States","Telecommunications","5009","0055A02sSeu3Y8qQIE","","2017-07-08T01:13:54.000Z","2023-05-26T19:20:00.000Z","LA-175411"
"0015A0kySHlb81IQYQ","Grouvas Services Ltd.","grouvas.example","972-555-0180","919 Rivera Pkwy","New Madison","CA","94434","United States","Banking","301","0055A0fCkAOyoTsQUJ","","2023-12-20T04:54:04.000Z","2025-10-08T15:04:26.000Z","LA-689864"
"0015A0BcRlHdb9hQKB","Mestyl Analytics Ltd.","https://www.mestyl.example","813-555-0178","4323 Johnson Parkway","Valerieport","VT","05122","United States","Technology","89","0055A02sSeu3Y8qQIE","","2022-11-13T02:31:02.000Z","2023-08-08T08:21:02.000Z","LA-221117"
"0015A0K5Jusq063QKA","Canouve Technologies Co.","https://www.canouve.example/about","+1 503 555 0112","086 Rodriguez Street Suite 821","Lake Melissaton","AL","35539","United States","Construction","18","0055A0e5wmsQdryQAC","","2021-07-05T07:44:17.000Z","2021-07-27T17:01:09.000Z","LA-848281"
"0015A0xQsZ0nRoBQUU","Brugryq Holdings Corp.","WWW.BRUGRYQ.EXAMPLE","1-404-555-0110","9937 Spencer Parkway","Brownfurt","ME","04177","United States","Apparel","84","0055A0GDajGWdDLQG1","","2019-08-29T22:00:28.000Z","2024-11-02T20:31:57.000Z","LA-721458"
"0015A0kFbCx0xKnQUI","Gukiol International Corp.","","1-305-555-0133","866 Garcia Avenue","Andersonport","MO","64545","United States","Engineering","28","0055A01uzBTkGd7QQF","","2017-08-09T04:02:57.000Z","2025-12-15T15:15:43.000Z","LA-857013"
"0015A0n46YKT4wQQQT","Sajiox Foods","","972-555-0163","50993 Farmer Place","West Kimberlyport","ND","58800","United States","Engineering","153","0055A0fCkAOyoTsQUJ","","2020-01-31T23:09:24.000Z","2025-12-07T18:33:59.000Z","LA-798058"
"0015A0TPnC4KgcRQWS","Gepruth Industries Inc","www.gepruth.example","720-555-0138","84906 Sanchez Boulevard","Elliottmouth","MD","21741","United States","Healthcare","155","0055A0GDajGWdDLQG1","","2024-10-24T09:04:09.000Z","2025-06-09T09:19:44.000Z","LA-226638"
"0015A0Oa68AMkZKQC1","Fudaeth Systems LLC","","1-305-555-0164","0698 Harmon Drive Suite 794","Boltonland","DE","19884","United States","Hospitality","5004","0055A0GDajGWdDLQG1","","2018-08-04T02:47:27.000Z","2021-02-19T07:32:12.000Z","LA-698013"
"0015A0xhCOwhzbbQYA","Bouquan Solutions Inc.","https://www.bouquan.example","","95708 Johnson Lane","New Deborah","ME","04269","United States","Environmental","5009","0055A0e5wmsQdryQAC","","2019-08-06T17:01:10.000Z","2022-01-08T19:30:58.000Z","LA-522196"
"0015A0rNeBrjh2MQUQ","Cituve Labs LLC","http://cituve.example","212-555-0172","1723 Edwards Lane Suite 435","West Nathan","NY","11043-5599","United States","Retail","15","0055A0e5wmsQdryQAC","","2025-03-17T16:19:49.000Z","2025-05-24T18:03:20.000Z","LA-909753"
"0015A05rJuy4SZzQIM","Syflym Logistics LLC","","+1 720 555 0157","827 Ramirez Court","Schmidtview","CT","06101","United States","Apparel","152","0055A0yvFxoEhwfQIC","","2024-05-08T08:38:50.000Z","2024-08-19T04:13:04.000Z","LA-434834"
"0015A0aSKf6TncAQMS","Clepre Technologies Co.","clepre.example","904-555-0192","8245 Nelson Ln","Blackhaven","WI","54234","United States","Apparel","27","0055A0e5wmsQdryQAC","","2022-11-09T20:36:26.000Z","2025-09-03T15:53:52.000Z","LA-623355"
"0015A0MV8JZqO9qQWF","Fliorir Technologies","fliorir.example","404.555.0171","71396 West Lane","Justinfort","VA","23580","United States","Consulting","19","0055A0fCkAOyoTsQUJ","","2024-02-07T22:41:35.000Z","2025-12-27T09:55:40.000Z","LA-548956"
"0015A00wAy7Ijw8QIC","Hogai Outfitters Inc.","hogai.example","617-555-0145","206 Jensen Avenue Suite 610","Carlosfort","IA","50471","United States","Communications","158","0055A0fCkAOyoTsQUJ","","2022-06-27T18:32:08.000Z","2025-12-17T06:20:24.000Z","LA-924146"
"0015A0RRK9QRbDDQO1","Zioskou Solutions Inc.","zioskou.example","+1 206 555 0141","18653 Smith Street","North Richard","WA","98320","United States","Recreation","46","0055A0e5wmsQdryQAC","","2018-06-03T23:35:31.000Z","2025-11-12T21:26:03.000Z","LA-246539"
"0015A0DEhlRe4VXQGZ","Sailan Industries LLC","","","298 Howard Pkwy","Nataliemouth","NE","68092","United States","Apparel","31","0055A0e5wmsQdryQAC","","2019-05-05T14:16:03.000Z","2022-09-12T04:20:35.000Z","LA-155751"
"0015A0HPUdBcSVSQO3","Greti Partners Inc","greti.example","(404) 555-0194","19466 Davis Ct Ste 603","Brownport","AK","99920","United States","Education","757","0055A0fCkAOyoTsQUJ","","2024-09-29T17:39:05.000Z","2025-01-20T15:47:34.000Z","LA-143052"
"0015A0noct8uDpJQAU","Drequyx Outfitters Corporation","www.drequyx.example","1-512-555-0170","7020 Barnett Street","South Erica","IL","60356","United States","Government","753","0055A02sSeu3Y8qQIE","","2017-08-28T07:55:41.000Z","2018-12-16T05:35:16.000Z","LA-639081"
"0015A0UkdZRKXxSQSX","Sohaerk Materials","WWW.SOHAERK.EXAMPLE","1-206-555-0106","83048 George Lane","Kevinside","KY","41405","United States","Electronics","6","0055A02sSeu3Y8qQIE","","2020-05-23T00:47:06.000Z","2025-03-21T12:02:52.000Z","LA-830269"
"0015A0aUFiUTla8QMD","Foddiol Services Inc.","https://www.fodiol.example/about","","","Port Nataliefurt","SC","29214","United States","Agriculture","5006","0055A0e5wmsQdryQAC","","2019-07-03T04:01:01.000Z","2021-09-14T12:29:33.000Z","LA-297307"
"0015A0NI0mgcyYQQGY","Nakaer Freight Ltd.","WWW.NAKAER.EXAMPLE","(503) 555-0102","779 Walton Parkway","Jermainefort","KY","41075","United States","Construction","42","0055A02sSeu3Y8qQIE","","2017-11-26T10:16:59.000Z","2022-01-31T17:26:21.000Z","LA-740360"
"0015A0Zh7zuNbi8QCC","Baiwuve Services Ltd.","","+1 212 555 0115","018 Rodriguez Way","Riceville","PA","16249","United States","Biotechnology","8","0055A0GDajGWdDLQG1","","2019-10-02T08:53:14.000Z","2024-07-30T13:30:46.000Z","LA-676032"
"0015A0ibuht1auIQAQ","Majirk Materials Corporation","https://www.majirk.example/about","","1258 Hicks Drive","Michaelchester","IN","47841","United States","Technology","45","0055A02sSeu3Y8qQIE","","2021-01-18T20:53:22.000Z","2022-04-06T18:23:04.000Z","LA-153719"
"0015A04Ptu7ntbnQEA","Lawyl Robotics Corp.","","","3019 Griffin Place Suite 414","Barnesview","OK","73023","United States","Machinery","2048","0055A0yvFxoEhwfQIC","","2022-10-27T06:47:02.000Z","2025-01-07T14:17:16.000Z","LA-751710"
"0015A0no0JGMAZaQQP","Sutraex Capital Co.","sutraex.example","206.555.0140","26179 Jones Place","Alanberg","DE","19900","United States","Engineering","14","0055A02sSeu3Y8qQIE","","2020-05-26T21:26:59.000Z","2020-08-31T00:57:10.000Z","LA-826644"
"0015A0s9Wmio1nWQIQ","Kaejith Robotics Inc.","https://kaejith.example/","720-555-0129","99560 Greene Place","Kelseyport","VT","05330","United States","Finance","1209","0055A0GDajGWdDLQG1","","2023-09-10T23:50:51.000Z","2024-10-02T07:54:59.000Z","LA-981978"
"0015A000Zl8TQzsQIG","Coupiox Manufacturing Co.","WWW.COUPIOX.EXAMPLE","312-555-0177","751 Lawson Lane","East Karenside","IN","46771","United States","Retail","303","0055A0e5wmsQdryQAC","","2021-06-15T20:45:05.000Z","2025-01-08T23:20:32.000Z","LA-420791"
"0015A0Er7sLRoaMQCT","Claskaeth Manufacturing Inc.","https://www.claskaeth.example/about","+1 206 555 0136","78242 Gilbert Way","Erikabury","KS","66163","United States","Government","150","0055A0fCkAOyoTsQUJ","","2024-12-05T06:05:36.000Z","2025-07-17T00:49:19.000Z","LA-154370"
"0015A01B7RADlYgQUL","Mybriork Networks Ltd.","","","88037 Lee Ct","West Melissa","SC","29326","United States","Utilities","28","0055A0yvFxoEhwfQIC","","2022-03-25T18:13:49.000Z","2026-05-30T11:31:35.000Z","LA-390096"
"0015A0opG6gomiTQIQ","Lerork Networks","","+1 415 555 0170","6113 Lane Way","Christianshire","CA","92188","United States","Engineering","1209","0055A01uzBTkGd7QQF","","2018-06-02T23:12:26.000Z","2022-01-31T22:23:35.000Z","LA-325323"
"0015A0jnDfMC8PAQI1","Draira Materials Inc","https://www.drairamaterials.example","+1 972 555 0102","9081 Bishop Court","New Nicole","ME","04641","United States","Environmental","758","0055A0fCkAOyoTsQUJ","","2020-03-16T06:41:47.000Z","2023-12-31T12:18:40.000Z","LA-912706"
"0015A0VA4oQXR2yQGH","Graetrios Outfitters Inc.","http://graetrios.example","+1 312 555 0119","","Peterborough","FM","96943-9010","United States","Biotechnology","1208","0055A0e5wmsQdryQAC","","2019-06-20T14:00:40.000Z","2019-09-08T11:53:39.000Z","LA-369440"
"0015A0WXV5VmNdSQOV","Flodris Robotics Inc.","https://www.flodris.example/about","1-617-555-0199","7916 Phillips Drive","East Richard","OH","45532","United States","Environmental","80","0055A02sSeu3Y8qQIE","","2022-04-03T23:45:39.000Z","2026-08-19T03:15:41.000Z","LA-295050"
"0015A0vElMgcuq3QUA","Jaekouq Holdings","jaekouq.example","1-503-555-0162","03029 Gray Way Suite 912","Thomashaven","VT","05179","United States","Electronics","15","0055A0fCkAOyoTsQUJ","","2023-10-09T03:47:54.000Z","2026-01-27T18:11:18.000Z","LA-390227"
"0015A0G6Z4qOVimQKG","Haiquun Energy Corporation","https://haiquun.example/","+1 702 555 0126","7124 Rogers Boulevard","North Karen","WA","99314","United States","Shipping","46","0055A0GDajGWdDLQG1","","2024-10-15T04:17:46.000Z","2025-12-02T21:37:54.000Z","LA-585568"
"0015A0xKoJFdJBWQU3","Wiroun International Co.","WWW.WIROUN.EXAMPLE","206.555.0132","12026 White Parkway","Gabriellaburgh","ME","04489","United States","Machinery","47","0055A0GDajGWdDLQG1","","2024-12-22T18:58:26.000Z","2025-03-05T12:28:50.000Z","LA-113912"
"0015A0rLCaJCt2OQMT","Flocioq Systems Inc","https://www.flocioq.example/about","+1 813 555 0166","860 Barrett Way","Pamelaburgh","HI","96718","United States","Manufacturing","152","0055A0yvFxoEhwfQIC","","2021-09-12T23:41:54.000Z","2023-11-30T02:55:11.000Z","LA-621616"
"0015A0muLqQEhCeQIL","Drewaix Analytics Inc.","https://drewaix.example/","904.555.0167","7521 Richardson Street Suite 386","Garciastad","CO","80045","United States","Machinery","29","0055A0GDajGWdDLQG1","","2018-08-20T09:00:15.000Z","2024-10-25T16:29:55.000Z","LA-682673"
"0015A0VjojSUnetQCD","Dicly Health Ltd.","https://dicly.example/","+1 904 555 0110","5509 Mendez Road","New Kennethtown","NM","88186","United States","Entertainment","87","0055A01uzBTkGd7QQF","","2024-02-29T17:41:54.000Z","2025-12-13T18:26:08.000Z","LA-406388"
"0015A0DOstmw4joQGA","Hyvuve Systems LLC","hyvuve.example","(617) 555-0177","42496 Yates Drive","Reginaldshire","MN","55101","United States","Utilities","44","0055A0fCkAOyoTsQUJ","","2019-01-23T04:23:43.000Z","2020-01-29T07:45:20.000Z","LA-241791"
"0015A0wgRNJ7rMSQYZ","Fiowo Networks Co.","WWW.FIOWO.EXAMPLE","1-512-555-0159","3311 Patterson Street","Rhodesmouth","WI","54723","United States","Communications","309","0055A0GDajGWdDLQG1","","2021-05-30T06:10:53.000Z","2023-07-09T03:15:22.000Z","LA-929888"
"0015A0R3onicBDiQCM","Tahir Capital Ltd.","https://www.tahir.example/about","503-555-0134","47042 Medina Way","South Haley","DE","19751","United States","Technology","300","0055A02sSeu3Y8qQIE","","2019-09-15T18:05:23.000Z","2025-08-02T21:33:34.000Z","LA-684622"
"0015A0aJC8gHXfpQMG","Rioquim Manufacturing Inc.","WWW.RIOQUIM.EXAMPLE","","61110 Price Rd Ste 661","Debraview","MS","38808","United States","Food & Beverage","31","0055A0e5wmsQdryQAC","","2022-06-14T06:09:40.000Z","2026-06-17T11:24:39.000Z","LA-913971"
"0015A0lMLaycWiVQMU","Dyquand International","","","508 White Avenue","North Richard","PA","19308","United States","Retail","34","0055A0fCkAOyoTsQUJ","","2020-10-22T21:06:05.000Z","2021-02-10T12:02:06.000Z","LA-411587"
"0015A0pt2mmRVGdQAO","Raely Dynamics LLC","WWW.RAELY.EXAMPLE","702-555-0156","8189 Bailey Street","Lake Brianshire","ND","58423","United States","Government","25","0055A0fCkAOyoTsQUJ","","2022-03-19T09:44:29.000Z","2022-04-25T23:22:17.000Z","LA-313110"
"0015A0S4F2WQX55QKH","Rabourk Energy LLC","WWW.RABOURK.EXAMPLE","813-555-0116","72604 Wilson Ave Ste 207","Port Raymondmouth","AZ","86326","United States","Banking","5","0055A02sSeu3Y8qQIE","","2017-07-02T07:17:03.000Z","2024-06-14T14:10:58.000Z","LA-808855"
"0015A0EfS7m7h2YQKQ","Defoul Logistics","www.defoul.example","(702) 555-0156","119 Thompson Drive","Sandraburgh","NV","89528","United States","Chemicals","150","0055A0e5wmsQdryQAC","","2019-05-07T21:14:59.000Z","2021-07-31T13:58:01.000Z","LA-313203"
"0015A0xuoN5KHeeQQG","Draraix Systems Ltd.","www.draraix.example","1-904-555-0138","0995 Davis Drive","Port Kimland","MO","64154","United States","Machinery","44","0055A02sSeu3Y8qQIE","","2024-05-18T16:24:58.000Z","2026-03-06T17:44:44.000Z","LA-865137"
"0015A0l58xbgJTjQAM","Quuriork Freight","","1-813-555-0119","462 Bryan Place","Ryantown","FM","96944","United States","Telecommunications","13","0055A0yvFxoEhwfQIC","","2023-12-21T10:45:58.000Z","2024-05-20T08:30:59.000Z","LA-454847"
"0015A0upH6pZ7UJQI0","Zoudrend Robotics Corp.","https://zoudrend.example/","1-212-555-0163","85393 Walsh Place Suite 964","Snyderberg","CO","80244-7415","United States","Not For Profit","154","0055A02sSeu3Y8qQIE","","2019-05-26T08:03:22.000Z","2026-03-08T23:34:49.000Z","LA-508655"
"0015A0wQ2j0Fyf8QEC","Broubain Dynamics Corp.","https://www.broubain.example/about","702-555-0101","9912 Larson Court Suite 413","Hernandezchester","WV","25941","United States","Construction","1203","0055A0GDajGWdDLQG1","","2019-11-08T18:09:31.000Z","2019-11-22T23:55:16.000Z","LA-407573"
"0015A0Pd9fZIjHEQC1","Votruq Systems Inc.","http://votruq.example","1-904-555-0129","30751 Ortega Way","Port Cherylport","MO","65453","United States","Communications","5001","0055A0yvFxoEhwfQIC","","2018-09-13T08:39:56.000Z","2024-01-20T17:33:59.000Z","LA-624379"
"0015A0CdFGDilV7Q0J","Graihis Technologies LLC","graihis.example","(305) 555-0197","99901 Butler Ln Ste 506","North Shawnfort","OH","44718","United States","Electronics","301","0055A0GDajGWdDLQG1","","2020-04-12T17:22:41.000Z","2024-01-20T20:53:13.000Z","LA-610252"
"0015A0yrSpfL9xiQIC","Laiprio Services Corporation","https://www.laiprio.example","+1 312 555 0177","3758 Velasquez Way","Gomezhaven","OH","43602","United States","Electronics","40","0055A01uzBTkGd7QQF","","2023-08-09T20:13:53.000Z","2025-12-07T07:37:59.000Z","LA-152392"
"0015A0GgzzgOgP5QCK","Padox Energy Corp.","https://padox.example/","1-512-555-0156","1624 Lambert Lane","East Breanna","RI","02909","United States","Finance","25","0055A01uzBTkGd7QQF","","2022-05-06T04:37:47.000Z","2026-03-06T05:18:25.000Z","LA-217591"
"0015A0nYODTWNF7Q2P","Zawum Materials Inc","","305.555.0196","65509 Burgess Avenue Suite 841","New Natasha","VA","22622","United States","Retail","85","0055A01uzBTkGd7QQF","","2020-04-10T20:38:39.000Z","2025-01-30T13:57:36.000Z","LA-447682"
"0015A0Jl6ciGtGjQCK","Givaeth Services Inc","https://www.givaeth.example/about","312.555.0183","5252 Li Lane Suite 842","Walshchester","NC","28328","United States","Chemicals","46","0055A0GDajGWdDLQG1","","2017-10-13T04:44:28.000Z","2024-05-12T17:21:35.000Z","LA-436841"
"0015A0iD7E5qUDvQUM","Coubaim Technologies Inc","http://coubaim.example","1-212-555-0140","905 Johnson Way","Stephaniechester","FL","34161","United States","Biotechnology","753","0055A0e5wmsQdryQAC","","2017-10-12T16:18:04.000Z","2018-11-18T16:47:29.000Z","LA-749611"
"0015A0dqQj0TX0oQIG","Piba Outfitters Corporation","https://piba.example/","1-512-555-0166","32089 Mcbride Avenue","Levinemouth","MN","56402","United States","Education","31","0055A01uzBTkGd7QQF","","2024-11-21T06:20:21.000Z","2024-12-24T18:10:35.000Z","LA-240684"
"0015A0aKfLntOOxQUM","Brejaes Freight Corporation","brejaes.example","1-904-555-0107","9481 Wilson Boulevard Suite 514","Nguyenbury","DC","20039","United States","Agriculture","5007","0055A0yvFxoEhwfQIC","","2018-03-10T17:16:21.000Z","2020-12-26T00:37:47.000Z","LA-314223"
"0015A0EppM1p45oQSA","Tastind Health LLC","https://www.tastind.example","+1 720 555 0172","339 Carr Drive Suite 995","Juliamouth","UT","84678","United States","Chemicals","83","0055A02sSeu3Y8qQIE","","2019-12-09T05:40:30.000Z","2021-03-20T01:16:09.000Z","LA-788767"
"0015A0lcEmID9PQQI1","Skafim Logistics","WWW.SKAFIM.EXAMPLE","702.555.0124","69975 Wade Way Ste 537","North Annette","NY","14722","United States","Recreation","21","0055A02sSeu3Y8qQIE","","2018-09-24T17:49:52.000Z","2023-06-29T06:01:09.000Z","LA-815312"
"0015A0dZ9u2bCL7QEM","Naefaerk Holdings LLC","https://www.naefaerk.example","+1 720 555 0114","1377 Gibson Court Suite 374","Randybury","HI","96869","United States","Insurance","752","0055A01uzBTkGd7QQF","","2019-04-08T20:37:41.000Z","2024-08-03T01:28:59.000Z","LA-262278"
"0015A03liHZO9pKQQT","Naefy Capital Corporation","","972-555-0196","13990 Johnson Court","Michaelport","MT","59909","United States","Transportation","5004","0055A01uzBTkGd7QQF","","2024-06-19T19:56:11.000Z","2025-04-05T07:07:17.000Z","LA-589096"
"0015A0MdMLxdUhYQ0U","Kysork Capital","kysork.example","(415) 555-0135","52409 Turner Way","Geraldland","ME","04755","United States","Energy","154","0055A0e5wmsQdryQAC","","2018-11-09T21:26:15.000Z","2023-05-02T23:42:02.000Z","LA-991144"
"0015A08sqsZr8QEQAZ","Maquix Freight Ltd.","WWW.MAQUIX.EXAMPLE","720-555-0108","81831 Davis Avenue","Clarkton","CA","91846","United States","Government","5001","0055A0fCkAOyoTsQUJ","","2022-10-31T23:46:33.000Z","2025-10-09T23:51:20.000Z","LA-249145"
"0015A0RBTohz9SRQOY","Dicly Works LLC","www.diclyworks.example","972.555.0103","514 Mendoza Court","Hernandezborough","WA","98973","United States","Apparel","158","0055A0e5wmsQdryQAC","","2020-10-13T23:54:27.000Z","2021-10-12T06:46:30.000Z","LA-464047"
"0015A0WwRQ7OCk3Q0G","Zoflir Supply Corp.","https://zoflir.example/","720.555.0157","832 Nunez Court Suite 386","Port Richardchester","SD","57077","United States","Construction","5006","0055A0e5wmsQdryQAC","","2017-05-01T10:29:51.000Z","2021-03-04T13:32:40.000Z","LA-636828"
"0015A0OLKAqNTV1Q4O","Syskim Materials Corporation","https://www.syskim.example/about","+1 720 555 0123","5884 Hunt Street","Dixonville","GA","31948-1714","United States","Food & Beverage","13","0055A0fCkAOyoTsQUJ","","2021-10-31T21:26:38.000Z","2022-06-04T09:14:44.000Z","LA-899703"
"0015A0MpwiUvZhKQCV","Droskae Holdings Ltd.","https://www.droskae.example","212-555-0181","376 Gonzales Street","Lake Emily","WA","98664","United States","Shipping","1206","0055A02sSeu3Y8qQIE","","2019-04-15T03:04:53.000Z","2026-02-17T13:02:05.000Z","LA-852707"
"0015A0CkoEcGDSlQSO","Raikoth Health Inc.","www.raikoth.example","(312) 555-0178","29328 Nelson Court","Port Jason","CO","81045","United States","Chemicals","1209","0055A01uzBTkGd7QQF","","2024-08-08T20:32:00.000Z","2025-07-27T07:15:16.000Z","LA-635414"
"0015A0K9TC4fAptQ0E","Zavyr Networks Corp.","zavyr.example","206.555.0150","5932 Foster Street Suite 963","Mckinneyborough","PW","96940","United States","Biotechnology","5006","0055A0GDajGWdDLQG1","","2021-12-20T05:41:40.000Z","2022-07-04T12:31:51.000Z","LA-313528"
"0015A0NwXjhiRVYQK2","Siopul Services","","720-555-0134","937 Richardson Parkway","South Johnland","OH","44963","United States","Banking","300","0055A01uzBTkGd7QQF","","2020-01-28T14:30:01.000Z","2022-08-27T18:36:14.000Z","LA-705974"
"0015A0EI59iXurlQGC","Niobam Dynamics LLC","https://www.niobam.example/about","(972) 555-0140","03827 Smith Dr Ste 351","Floresside","IA","51861-1523","United States","Media","158","0055A0fCkAOyoTsQUJ","","2019-09-01T18:08:34.000Z","2024-10-15T08:53:05.000Z","LA-883960"
"0015A0cjROFdOs6QYF","Souprioth International Co.","","1-312-555-0188","41914 Torres Street","Michaelmouth","PW","96940","United States","Transportation","5005","0055A0e5wmsQdryQAC","","2021-08-28T19:03:56.000Z","2025-01-30T04:29:58.000Z","LA-829661"
"0015A0JjWIAC6ahQ0D","Stiostam Analytics Corporation","https://www.stiostam.example/about","+1 617 555 0160","681 Gonzalez Road","Port Scott","DC","20004","United States","Agriculture","156","0055A0yvFxoEhwfQIC","","2018-07-04T13:36:14.000Z","2024-02-05T10:35:50.000Z","LA-679881"
"0015A0cXq02OAzSQEW","Guwaix Partners Corp.","","(972) 555-0148","692 Warner Blvd","Andrewbury","RI","02819","United States","Consulting","752","0055A0fCkAOyoTsQUJ","","2023-10-07T08:06:00.000Z","2024-08-11T23:27:04.000Z","LA-276524"
"0015A002h9AUDNOQA5","Caiflyn Works Co.","","+1 904 555 0199","8682 Scott Way","Thomasland","FL","33094","United States","Biotechnology","151","0055A0e5wmsQdryQAC","","2022-03-04T12:38:07.000Z","2023-04-28T00:12:36.000Z","LA-825375"
"0015A0L9ehNowSdQCJ","Laebaith Systems Inc.","laebaith.example","+1 972 555 0194","671 Brown Pl","West Kimberlymouth","OR","97001","United States","Government","30","0055A0GDajGWdDLQG1","","2019-09-04T19:20:44.000Z","2025-11-23T23:31:59.000Z","LA-670634"
"0015A0JV7jBsOQ0QGN","Claehaim Systems Ltd.","WWW.CLAEHAIM.EXAMPLE","212-555-0138","488 Zhang Lane","Robertbury","GA","30359","United States","Finance","155","0055A0fCkAOyoTsQUJ","","2023-07-29T20:40:49.000Z","2024-05-26T12:37:49.000Z","LA-597555"
"0015A0ZbXHDPTPZQ05","Zuskiond Networks Co.","WWW.ZUSKIOND.EXAMPLE","","3865 Green Ct Ste 571","Tylerport","RI","02809","United States","Biotechnology","305","0055A0yvFxoEhwfQIC","","2021-10-05T07:55:35.000Z","2023-06-09T16:31:50.000Z","LA-857037"
"0015A03E7Lgs7BmQUI","Patrove Outfitters Co.","www.patrove.example","813.555.0116","05348 Blair Boulevard","Munozville","PA","17288","United States","Entertainment","303","0055A0fCkAOyoTsQUJ","","2018-04-14T01:55:44.000Z","2026-05-23T06:51:40.000Z","LA-201059"
"0015A0Wud4N1kbqQCB","Gotriond Outfitters Corporation","http://gotriondoutfitters.example","(617) 555-0182","419 Chavez Way Suite 388","Megantown","MI","48409","United States","Consulting","14","0055A0fCkAOyoTsQUJ","","2020-09-11T02:23:14.000Z","2023-05-16T11:33:40.000Z","LA-284320"
"0015A0btLpy8ke8QIA","Biliove Works","","904-555-0180","2177 Jones Boulevard","Bryanside","IA","52051","United States","Agriculture","8","0055A0yvFxoEhwfQIC","","2021-09-07T02:58:46.000Z","2023-07-05T22:40:47.000Z","LA-182062"
"0015A08Zchz3flQQEQ","Caigren Materials Inc","","+1 972 555 0140","12803 Taylor Boulevard","East Elizabethstad","TX","78652","United States","Machinery","13","0055A0GDajGWdDLQG1","","2023-12-18T23:52:29.000Z","2026-03-22T12:14:45.000Z","LA-898974"
"0015A0Tk84oCW4nQCG","Meflyth Services Co.","http://meflyth.example","(305) 555-0182","2013 Gonzales Street","Tylerhaven","UT","84741","United States","Consulting","1209","0055A0e5wmsQdryQAC","","2019-07-19T20:56:04.000Z","2019-12-28T01:15:38.000Z","LA-579570"
"0015A0YeZiPVdYUQK1","Stoumend Outfitters Inc.","https://www.stoumend.example","(617) 555-0161","3977 Bond Drive","Lake Amandashire","TN","38400-9403","United States","Chemicals","5006","0055A0e5wmsQdryQAC","","2020-03-04T07:56:06.000Z","2023-03-24T02:21:04.000Z","LA-628180"
"0015A0hvX5HGkjmQID","Traegrox Dynamics","traegrox.example","415.555.0133","953 Brown Rd","Juarezmouth","SC","29177","United States","Hospitality","1209","0055A0e5wmsQdryQAC","","2022-07-18T13:54:16.000Z","2026-06-11T15:50:40.000Z","LA-610758"
"0015A0qFxry93b8QEA","Ketix Networks Inc","www.ketix.example","1-415-555-0100","7812 Salinas Lane","Michelleport","VA","22538","United States","Telecommunications","25","0055A0fCkAOyoTsQUJ","","2024-12-27T20:58:09.000Z","2026-07-01T07:03:22.000Z","LA-380807"
"0015A0gtZbfZ5VuQIK","Myflai Outfitters Inc","myflai.example","+1 503 555 0168","3960 Montes Ln","Katherineborough","MO","64271","United States","Construction","308","0055A0fCkAOyoTsQUJ","","2018-04-15T05:37:24.000Z","2021-11-22T08:06:37.000Z","LA-717561"
"0015A0kAeaxlV7QQEU","Nistaem Works Inc.","https://www.nistaem.example","+1 415 555 0168","02736 Copeland Court Suite 247","Jeffreyborough","OH","43215","United States","Food & Beverage","9","0055A01uzBTkGd7QQF","","2018-10-27T08:12:36.000Z","2024-02-19T12:39:59.000Z","LA-781037"
"0015A0v0gciUpqFQAS","Bousus Manufacturing Inc","bousus.example","1-206-555-0169","7965 Mccormick Place Suite 803","Orozcohaven","DC","20023","United States","Government","28","0055A0e5wmsQdryQAC","","2022-01-19T10:29:38.000Z","2024-09-19T04:29:36.000Z","LA-247582"
"0015A0vwVB06RatQYE","Vaeter Foods LLC","www.vaeter.example","1-702-555-0135","955 Kane Court","Kylestad","SD","57029","United States","Not For Profit","309","0055A0yvFxoEhwfQIC","","2020-11-25T11:04:14.000Z","2025-03-07T02:07:03.000Z","LA-829384"
"0015A0naLRwWQsvQYG","Zobror Robotics Inc","WWW.ZOBROR.EXAMPLE","415.555.0199","1292 Evans Parkway","Lake John","SC","29537","United States","Biotechnology","5000","0055A0GDajGWdDLQG1","","2020-06-17T04:27:15.000Z","2024-11-25T23:19:58.000Z","LA-466854"
"0015A0C6GHw8fB8Q0I","Staetourk Analytics Co.","https://www.staetourk.example/about","+1 720 555 0119","93460 Hernandez Place","South Travis","CT","06224","United States","Apparel","306","0055A01uzBTkGd7QQF","","2018-01-11T15:28:03.000Z","2025-03-06T18:24:12.000Z","LA-198808"
"0015A0MyUdMffF4QKJ","Haipoth Outfitters Inc.","www.haipoth.example","904.555.0174","32420 Cox Drive Suite 901","Sheltonside","VA","23189","United States","Entertainment","158","0055A0fCkAOyoTsQUJ","","2024-12-12T17:10:00.000Z","2026-01-04T11:37:21.000Z","LA-931508"
"0015A0cvEt5Mga0QIC","Wuprai Dynamics Corp.","https://www.wuprai.example/about","1-404-555-0104","372 Crawford Lane","Jacobhaven","FM","96941","United States","Education","750","0055A0fCkAOyoTsQUJ","","2025-03-07T13:13:45.000Z","2026-02-15T08:01:39.000Z","LA-551612"
"0015A0DnOOhLPcCQ0W","Lougul Solutions Inc.","https://www.lougul.example/about","305-555-0103","376 George Drive","North Claudia","IN","47399","United States","Communications","156","0055A01uzBTkGd7QQF","","2022-04-25T07:34:33.000Z","2023-08-13T06:09:36.000Z","LA-245042"
"0015A0bHxleorPgQEI","Clizal Labs Corporation","https://www.clizal.example","904.555.0110","0958 Ortiz Court Suite 854","Bernardport","AL","36349","United States","Shipping","5000","0055A0e5wmsQdryQAC","","2025-06-12T05:18:29.000Z","2026-07-17T19:18:26.000Z","LA-629375"
"0015A0suFK4EX3NQYW","Quiowund Holdings Corp.","quiowund.example","1-617-555-0130","278 Bailey Place","West Kristintown","WI","53028","United States","Apparel","25","0055A01uzBTkGd7QQF","","2024-09-11T13:48:33.000Z","2024-09-16T21:34:05.000Z","LA-631196"
"0015A0bbbgdNwJ6QAK","Rehouve Capital Inc.","http://rehouve.example","503.555.0186","9545 Diaz Boulevard","Jamiemouth","LA","70720","United States","Energy","46","0055A0yvFxoEhwfQIC","","2020-03-21T14:54:51.000Z","2023-05-12T00:23:31.000Z","LA-747853"
"0015A0PCAzmsbKSQOY","Flecan Outfitters Co.","http://flecan.example","904.555.0197","620 Velez Road Suite 562","Lake Jerryside","NM","87920","United States","Consulting","12","0055A01uzBTkGd7QQF","","2022-01-31T17:07:33.000Z","2025-09-25T12:58:11.000Z","LA-284666"
"0015A07TsCQkkcOQUR","Viozem Works Corporation","WWW.VIOZEM.EXAMPLE","(212) 555-0175","83183 Ray Way","Pamelaton","WI","53717","United States","Retail","15","0055A01uzBTkGd7QQF","","2018-04-20T20:15:00.000Z","2026-07-28T09:51:50.000Z","LA-775904"
"0015A0dJiArOuUUQU0","Guprand Solutions Inc","https://guprandsolutions.example/","+1 617 555 0148","564 Casey St","Smithbury","VT","05290","United States","Insurance","44","0055A01uzBTkGd7QQF","","2018-08-06T04:41:09.000Z","2023-01-10T21:14:07.000Z","LA-674150"
"0015A0XezbIxcBFQCZ","Clyniox Health","WWW.CLYNIOX.EXAMPLE","(404) 555-0143","198 Mann Ct","New Roberttown","VA","24193","United States","Consulting","153","0055A0fCkAOyoTsQUJ","","2019-01-21T06:08:40.000Z","2024-06-01T21:24:21.000Z","LA-326483"
"0015A0LVcv2aN8XQGU","Viofioq Networks Inc.","http://viofioq.example","404-555-0193","753 Gray Place","Port Spencerberg","TX","76813","United States","Electronics","1202","0055A02sSeu3Y8qQIE","","2024-03-15T11:09:30.000Z","2026-07-20T05:48:01.000Z","LA-118498"
"0015A0tfy9XfWEEQA3","Rorend Freight Inc","","212-555-0189","","Tonyaville","KS","67569","United States","Shipping","5004","0055A0yvFxoEhwfQIC","","2023-02-24T14:56:04.000Z","2025-06-06T07:07:06.000Z","LA-381455"
"0015A0LvDRtq6rmQ0A","Geflur Supply Ltd.","WWW.GEFLUR.EXAMPLE","+1 312 555 0152","5079 Knapp Place","Elizabethmouth","PW","96940","United States","Consulting","757","0055A01uzBTkGd7QQF","","2022-08-21T03:35:21.000Z","2024-03-06T05:18:30.000Z","LA-721284"
"0015A0rLBw9Y5SNQM0","Tapion Manufacturing Inc","www.tapion.example","1-305-555-0132","134 Tran Dr","Douglasbury","FM","96942","United States","Communications","1205","0055A0yvFxoEhwfQIC","","2023-09-08T23:42:22.000Z","2024-05-27T20:35:22.000Z","LA-637157"
"0015A0QBFgxNA3PQOW","Styziox Materials Inc.","https://styziox.example/","+1 813 555 0155","080 Mitchell Street","Millermouth","IA","50402","United States","Education","1201","0055A01uzBTkGd7QQF","","2017-07-26T16:08:02.000Z","2018-03-07T11:21:00.000Z","LA-589294"
"0015A0ZWlL4jEKKQW2","Huflu Industries Co.","","(305) 555-0146","3133 Collier Dr","Christineview","KS","67670","United States","Construction","1202","0055A0e5wmsQdryQAC","","2018-12-15T18:15:43.000Z","2019-12-18T14:58:50.000Z","LA-856171"
"0015A035kg2zykQQAQ","Skioclark Health Corporation","http://skioclark.example","(503) 555-0163","35080 Watson Place","New Richardborough","FL","33626","United States","Hospitality","87","0055A01uzBTkGd7QQF","","2022-05-14T09:27:44.000Z","2023-03-27T17:39:42.000Z","LA-734290"
"0015A0Bf2tg1sfZQCQ","Jupox Works Inc.","https://www.jupox.example/about","","338 Petersen Dr","Port Laura","VT","05296","United States","Telecommunications","5002","0055A02sSeu3Y8qQIE","","2019-08-08T19:33:01.000Z","2024-06-27T03:19:48.000Z","LA-129984"
"0015A0rx8l4xW1dQAE","Praigyth Holdings Inc.","https://www.praigyth.example/about","720.555.0181","62761 Murray Parkway","North Michael","WI","54567","United States","Retail","29","0055A0GDajGWdDLQG1","","2018-09-13T21:10:33.000Z","2023-06-12T11:15:27.000Z","LA-818684"
"0015A0CKqXuk5HFQWY","Staetur Technologies Inc","https://staetur.example/","702-555-0188","75186 Bailey Place","East Matthewmouth","AR","72146","United States","Engineering","43","0055A01uzBTkGd7QQF","","2017-11-18T15:26:50.000Z","2023-11-05T23:21:32.000Z","LA-111771"
"0015A0LI5RfJEMjQWO","Quustoul Foods Co.","https://quustoul.example/","312.555.0100","097 Howard Way","Teresaland","PW","96940","United States","Chemicals","16","0055A02sSeu3Y8qQIE","","2024-12-17T05:10:20.000Z","2025-08-14T23:03:42.000Z","LA-938007"
"0015A0W9Qh1RkRdQKK","Gywis Holdings","","305.555.0178","117 Montgomery Avenue Suite 634","South Melissaview","HI","96801","United States","Construction","34","0055A0yvFxoEhwfQIC","","2019-01-10T06:23:07.000Z","2022-08-08T12:23:22.000Z","LA-458977"
"0015A0caScPGltXQIT","Wyhex Partners Ltd.","http://wyhex.example","617.555.0139","91257 Mack Drive","Samuelshire","RI","02892","United States","Apparel","87","0055A0yvFxoEhwfQIC","","2019-07-23T17:21:19.000Z","2022-03-09T15:16:42.000Z","LA-393406"
"0015A0tp0QbZ9qnQQC","Zomuve Works","https://www.zomuveworks.example","","909 Cannon Lane Suite 590","Williamshire","DE","19956","United States","Chemicals","157","0055A0yvFxoEhwfQIC","","2019-01-16T22:34:48.000Z","2024-12-17T18:59:33.000Z","LA-377181"
"0015A0R5lxlFX1pQCG","Gupus Logistics Inc.","gupus.example","404.555.0180","7310 Jennings Lane","North Bryan","WY","82979","United States","Apparel","1209","0055A0yvFxoEhwfQIC","","2018-03-17T03:41:59.000Z","2026-03-24T00:33:21.000Z","LA-934154"
"0015A0sg4lsFpjqQAC","Cliobuve Health Ltd.","https://www.cliobuve.example","904-555-0154","31247 Dunn Street","West Nicole","MH","96965","United States","Education","154","0055A0GDajGWdDLQG1","","2024-08-28T22:01:05.000Z","2025-08-12T20:35:15.000Z","LA-683017"
"0015A0T3ixP1WpOQCV","Jiohux Supply Co.","www.jiohux.example","904-555-0131","7050 Foster Street","Hernandezton","NC","28221","United States","Technology","45","0055A01uzBTkGd7QQF","","2023-10-08T23:05:52.000Z","2023-11-14T19:14:04.000Z","LA-683169"
"0015A0e7onDKUcUQAX","Wipail Supply Corporation","","503.555.0175","97850 Smith Road","North Johnport","CO","80739","United States","Education","5000","0055A0GDajGWdDLQG1","","2018-04-03T17:22:54.000Z","2023-12-29T17:55:39.000Z","LA-422613"
"0015A0gdX4dSdZEQI0","Draizairk Technologies Inc","http://draizairk.example","503.555.0153","0396 Roman Blvd","Port Amanda","IA","50635","United States","Utilities","5005","0055A0fCkAOyoTsQUJ","","2020-11-14T04:04:15.000Z","2021-01-01T08:35:07.000Z","LA-591069"
"0015A0uB5Bi4QDxQUM","Boufel Networks Inc","https://www.boufel.example","(512) 555-0168","6347 Tate Parkway","East Tanyamouth","CA","91907","United States","Other","152","0055A0GDajGWdDLQG1","","2024-04-07T08:26:00.000Z","2025-11-13T14:04:41.000Z","LA-606651"
"0015A0L63QPfzCvQSJ","hytraerk industries corp.","","212.555.0101","2340 Martin St","Nathanmouth","GA","30477","United States","Construction","1272","0055A01uzBTkGd7QQF","","2021-01-31T19:49:46.000Z","2022-07-22T21:06:52.000Z","LA-986910"
"0015A0KKDEHJMsIQ4X","Poquove Partners Corporation","WWW.POQUOVE.EXAMPLE","305.555.0177","4549 Lane Way Suite 783","New Joy","CO","80514","United States","Transportation","42","0055A0e5wmsQdryQAC","","2024-12-29T13:54:51.000Z","2025-01-02T15:26:09.000Z","LA-946662"
"0015A0mgwEZk66MQQR","Waehon Networks Ltd.","WWW.WAEHON.EXAMPLE","1-617-555-0190","7842 Stewart Place","Barrettfurt","DC","20036","United States","Healthcare","82","0055A02sSeu3Y8qQIE","","2017-10-29T14:37:36.000Z","2022-12-29T00:15:32.000Z","LA-707532"
"0015A06aWqdmMmSQIU","Skaikis International Co.","https://www.skaikis.example","+1 206 555 0162","99700 Ellis Way","West Jeremyshire","SC","29334","United States","Hospitality","13","0055A0GDajGWdDLQG1","","2021-03-14T01:18:16.000Z","2025-04-22T03:14:11.000Z","LA-477674"
"0015A0D4GVRqxjAQ0R","Jozand Partners Corp.","jozand.example","1-305-555-0154","651 Nichols Street","East Josephshire","VA","22494","United States","Banking","305","0055A0GDajGWdDLQG1","","2019-05-22T03:00:29.000Z","2024-12-16T23:02:08.000Z","LA-691094"
"0015A08mlArD55GQQS","Triojael International LLC","www.triojael.example","904-555-0158","88754 Marquez Avenue","Banksland","WA","98405","United States","Biotechnology","5006","0055A0fCkAOyoTsQUJ","","2018-04-20T14:58:17.000Z","2022-03-12T04:17:27.000Z","LA-476832"
"0015A0uEvbB109GQER","Bujoux Freight Corp.","https://www.bujouxfreight.example","(404) 555-0196","544 Rios Dr","Amychester","MN","55564","United States","Telecommunications","305","0055A0yvFxoEhwfQIC","","2021-04-21T13:05:57.000Z","2025-04-10T22:29:15.000Z","LA-352543"
"0015A0ttaxAgEXRQA3","Buru Services Corporation","","+1 617 555 0102","777 Cross Place","Port Andrew","MI","49588","United States","Consulting","152","0055A0yvFxoEhwfQIC","","2017-08-24T05:00:49.000Z","2019-08-06T23:44:52.000Z","LA-740870"
"0015A0ksCLeLVIxQYO","Traiben Capital LLC","https://www.traiben.example","(404) 555-0126","55466 King Ave","Lake Cindy","ME","04881-6891","United States","Utilities","1204","0055A01uzBTkGd7QQF","","2019-11-18T13:08:25.000Z","2022-06-07T05:21:16.000Z","LA-843345"
"0015A0gpRMILo7eQYD","Traiflem Works LLC","WWW.TRAIFLEM.EXAMPLE","+1 312 555 0105","06749 Best Street","Burgesston","RI","02810","United States","Utilities","26","0055A0e5wmsQdryQAC","","2017-01-25T00:39:41.000Z","2024-01-19T09:35:53.000Z","LA-921468"
"0015A0GWR1CsRRIQO3","Piohund Systems Corporation","https://piohund.example/","","15595 Green Lane","Hernandezview","CT","06255","United States","Electronics","5007","0055A0e5wmsQdryQAC","","2024-10-07T12:17:47.000Z","2025-10-14T12:43:08.000Z","LA-931176"
"0015A0ZSwvnHhAfQGK","Jagis Labs Corp.","WWW.JAGIS.EXAMPLE","404.555.0116","063 Mueller Parkway","Huntmouth","AR","71686","United States","Utilities","757","0055A01uzBTkGd7QQF","","2021-02-20T03:53:41.000Z","2024-10-27T18:24:35.000Z","LA-276488"
"0015A0b4T7P1KTWQI3","Sequaq Services Corporation","http://sequaq.example","503.555.0180","460 Buckley Street","Clarkside","MO","64890","United States","Healthcare","301","0055A0fCkAOyoTsQUJ","","2018-05-16T14:39:53.000Z","2022-01-23T12:42:39.000Z","LA-709339"
"0015A0fB4TKbb9rQUB","Ciozoq Robotics Inc","https://www.ciozoq.example","720-555-0145","83698 Livingston Boulevard","Richardfurt","SD","57147","United States","Banking","21","0055A0GDajGWdDLQG1","","2023-09-14T02:18:20.000Z","2023-09-21T03:47:06.000Z","LA-977145"
"0015A0YR49ebuKRQGY","Tafler Health Corporation","","(720) 555-0149","6962 Huber Court Suite 867","Erintown","NE","68041","United States","Biotechnology","153","0055A0GDajGWdDLQG1","","2025-06-27T03:45:05.000Z","2025-07-15T14:40:46.000Z","LA-751835"
"0015A0CgatIPnSvQCL","Daestox Systems Ltd.","https://daestox.example/","720-555-0172","263 Powell Avenue","Escobarshire","ID","83262","United States","Media","755","0055A0fCkAOyoTsQUJ","","2025-01-24T17:09:15.000Z","2025-06-10T10:46:40.000Z","LA-609682"
"0015A0aqYwkVPEjQIO","Grougres Solutions Inc.","www.grougres.example","1-415-555-0114","6020 Koch Street","Samanthabury","SD","57356","United States","Hospitality","82","0055A0e5wmsQdryQAC","","2019-01-12T23:22:23.000Z","2019-10-11T16:05:55.000Z","LA-661113"
"0015A0MNZl31axfQOA","Reclaix Partners LLC","www.reclaix.example","206.555.0140","6030 Glass Way","North Sherry","IN","46494","United States","Telecommunications","753","0055A0e5wmsQdryQAC","","2017-09-13T22:39:32.000Z","2023-01-02T15:01:57.000Z","LA-685786"
"0015A0VvlIeFpAFQS0","Haebave Capital Co.","https://haebave.example/","(512) 555-0170","5053 Hayes Boulevard","Jamesland","SC","29921","United States","Finance","34","0055A0GDajGWdDLQG1","","2023-03-04T07:45:24.000Z","2024-09-02T23:36:57.000Z","LA-498993"
"0015A0d9WIStkeoQYB","Hanain Labs Co.","http://hanain.example","(904) 555-0192","15856 White Avenue","Port Melinda","WV","26785","United States","Electronics","33","0055A01uzBTkGd7QQF","","2020-01-12T21:39:57.000Z","2026-08-27T09:15:58.000Z","LA-528646"
"0015A0jp9RrX5R5QQK","Bupar Freight Inc.","https://www.bupar.example","(305) 555-0145","867 Grant Road","South Stevenland","MD","21565-7883","United States","Consulting","9","0055A01uzBTkGd7QQF","","2018-08-12T01:57:27.000Z","2018-12-06T15:52:21.000Z","LA-752673"
"0015A0tnepeC7YaQAK","Hiocark Robotics Corp.","https://www.hiocark.example/about","+1 617 555 0119","09587 Roberson Lane","Lake Janicemouth","CO","81623","United States","Healthcare","151","0055A0yvFxoEhwfQIC","","2020-01-24T00:11:46.000Z","2022-12-20T05:48:23.000Z","LA-146568"
"0015A0nBKk1HhwtQMC","Sketouve Logistics Corp.","http://sketouve.example","(813) 555-0166","0486 Nash Place Suite 995","Port Ashleyfort","AZ","85990","United States","Media","305","0055A0yvFxoEhwfQIC","","2019-12-31T18:27:34.000Z","2025-09-05T22:08:05.000Z","LA-368493"
"0015A0lgKizNNOrQIO","Kaehurk Holdings Inc.","www.kaehurk.example","+1 617 555 0178","6280 King Place","Lake Cynthia","UT","84777","United States","Manufacturing","150","0055A01uzBTkGd7QQF","","2024-02-07T11:45:54.000Z","2025-03-11T08:39:30.000Z","LA-375512"
"0015A0g9EMycDwrQYE","Quozoun Dynamics Co.","https://www.quozoun.example/about","+1 720 555 0134","83064 Knight Drive Suite 791","Yangberg","MO","65541","United States","Healthcare","47","0055A01uzBTkGd7QQF","","2023-06-19T02:34:41.000Z","2025-08-21T02:01:21.000Z","LA-514840"
"0015A0AZ3jUVjTmQGL","Waiquan Technologies Inc","www.waiquan.example","+1 720 555 0123","290 Baxter Way Suite 559","Jacksonfurt","RI","02812","United States","Transportation","28","0055A0fCkAOyoTsQUJ","","2018-08-24T16:53:57.000Z","2020-02-04T15:59:18.000Z","LA-683694"
"0015A0V01gibd66QCA","Nouraeth Networks Co.","WWW.NOURAETH.EXAMPLE","1-312-555-0103","51893 Anderson Avenue Suite 179","Angelafort","MN","56354","United States","Chemicals","6","0055A0e5wmsQdryQAC","","2025-01-21T10:05:55.000Z","2026-05-08T10:47:33.000Z","LA-540597"
"0015A0lqnk6HIqJQAW","Gagoth Partners LLC","WWW.GAGOTH.EXAMPLE","503-555-0198","022 Smith Road","Blairport","NY","10850","United States","Telecommunications","301","0055A0e5wmsQdryQAC","","2021-02-25T12:59:21.000Z","2022-09-03T11:16:05.000Z","LA-129852"
"0015A0cJyLLwO2qQUF","Hyluth Dynamics LLC","https://www.hyluth.example","1-206-555-0138","484 Hoffman Lane","Spencermouth","NH","03681","United States","Telecommunications","5006","0055A0yvFxoEhwfQIC","","2023-03-02T10:24:19.000Z","2023-10-05T04:37:17.000Z","LA-539638"
"0015A0heVnHl0LMQIZ","Sosaes Health Ltd.","http://sosaes.example","512.555.0139","2905 Coleman St","Raymouth","ME","04227","United States","Utilities","1205","0055A01uzBTkGd7QQF","","2017-04-27T17:30:21.000Z","2019-09-09T10:05:41.000Z","LA-385514"
"0015A0AFXH15x9WQ4Q","Drofyrk Analytics LLC","www.drofyrk.example","+1 904 555 0174","639 Boyd Drive","Hollandtown","RI","02911","United States","Finance","42","0055A0yvFxoEhwfQIC","","2019-10-06T22:09:30.000Z","2023-09-18T12:37:04.000Z","LA-291326"
"0015A0uBxVvQLcbQUG","Draiprirk Health Inc.","https://www.draiprirk.example","(305) 555-0151","1550 Parsons Lane","North Brandonberg","NH","03437","United States","Hospitality","84","0055A0GDajGWdDLQG1","","2021-06-28T15:34:39.000Z","2025-06-09T11:38:25.000Z","LA-862466"
"0015A0YbbZqXqQFQS0","Cyquond Partners Corp.","https://cyquond.example/","1-617-555-0164","364 Maynard Parkway","Bradleyberg","SC","29589","United States","Agriculture","753","0055A0yvFxoEhwfQIC","","2025-05-16T00:26:53.000Z","2025-10-23T05:41:53.000Z","LA-204822"
"0015A03YS8wDeFpQMK","Skougur Labs LLC","http://skougur.example","305-555-0125","3790 Martinez Place Suite 404","Lake Anthony","FM","96942","United States","Recreation","44","0055A0e5wmsQdryQAC","","2018-05-22T03:21:56.000Z","2025-01-20T16:47:43.000Z","LA-999430"
"0015A0PPAiAHWYLQO5","Wavex International Ltd.","wavex.example","1-617-555-0111","104 Benjamin Place Suite 708","Port Chloe","ID","83483","United States","Technology","49","0055A0fCkAOyoTsQUJ","","2025-03-23T22:27:48.000Z","2025-10-17T09:22:56.000Z","LA-272809"
"0015A0tZxf5RLi5QEG","Poclave Health Inc","","503.555.0133","2201 Vega Road","West Jonathan","MH","96965","United States","Construction","5007","0055A0GDajGWdDLQG1","","2023-07-03T11:08:47.000Z","2025-03-13T15:02:05.000Z","LA-465183"
"0015A07vv5JJOuJQAX","Vepral Freight Co.","http://vepral.example","(813) 555-0167","31975 Lawson Ave Ste 455","West Heathermouth","OR","97857","United States","Recreation","155","0055A0GDajGWdDLQG1","","2017-07-17T09:46:33.000Z","2022-09-21T09:23:04.000Z","LA-175066"
"0015A0sHdLexCC4QUM","Sudon Works LLC","sudon.example","702.555.0163","97568 Ortega Street Suite 114","North Samantha","CT","06039","United States","Recreation","88","0055A0fCkAOyoTsQUJ","","2018-10-06T07:10:01.000Z","2021-04-28T01:37:31.000Z","LA-997432"
"0015A0KB2yrDBOdQGO","Cyvi Industries LLC","WWW.CYVI.EXAMPLE","972-555-0178","4150 Green Way Suite 811","Dianaland","LA","70588","United States","Chemicals","155","0055A02sSeu3Y8qQIE","","2023-04-02T16:45:16.000Z","2024-06-03T09:59:28.000Z","LA-204660"
"0015A0iCtGr5ivEQUQ","Gijaeve Partners LLC","gijaeve.example","+1 720 555 0197","97373 Clay Lane Suite 510","Deannachester","NH","03059","United States","Technology","5008","0055A01uzBTkGd7QQF","","2019-09-07T01:22:56.000Z","2025-12-23T06:57:15.000Z","LA-911141"
"0015A00QABiP49FQ2S","Saebair Analytics","https://www.saebair.example/about","503-555-0198","402 Bailey Drive Suite 873","South Antonioburgh","RI","02908","United States","Engineering","154","0055A0GDajGWdDLQG1","","2020-07-25T20:04:26.000Z","2022-04-27T11:46:42.000Z","LA-864651"
"0015A0yj1qaVWAyQAO","Biotith Foods Corp.","","904.555.0144","3831 Lawson Street","Kimberlymouth","FM","96942","United States","Entertainment","1209","0055A0yvFxoEhwfQIC","","2021-03-13T10:25:57.000Z","2022-10-06T16:56:31.000Z","LA-850650"
"0015A0ahmETiRabQQF","Raeduve Networks Inc.","http://raeduve.example","617-555-0165","9193 Beasley Way","Katherinehaven","CT","06139","United States","Communications","47","0055A0yvFxoEhwfQIC","","2020-03-13T15:59:37.000Z","2020-04-17T09:24:33.000Z","LA-994960"
"0015A0OHSP4PT7aQ4G","Lehyve Freight Corp.","http://lehyve.example","503-555-0171","8631 Peterson Place","South Kristenstad","ND","58803","United States","Electronics","302","0055A0fCkAOyoTsQUJ","","2024-05-18T22:10:53.000Z","2025-12-04T08:29:05.000Z","LA-602885"
"0015A0EQDA9JYrrQ4G","Widouve Materials Corporation","WWW.WIDOUVE.EXAMPLE","312-555-0127","42748 Cunningham Road","Rickyburgh","TN","37746","United States","Apparel","10","0055A01uzBTkGd7QQF","","2020-10-16T11:31:55.000Z","2025-10-11T13:51:55.000Z","LA-566938"
"0015A0c6VXXJHaJQYX","Quoufeq Labs Corp.","quoufeq.example","+1 312 555 0124","22202 Bowman Court","Brentport","AR","72213","United States","Government","14","0055A01uzBTkGd7QQF","","2017-03-12T08:00:11.000Z","2025-11-18T11:45:22.000Z","LA-634189"
"0015A083lKlw6TgQQI","Claibroux Labs Corp.","","305.555.0106","957 Williamson Court Suite 178","Melissaton","TN","37938","United States","Shipping","302","0055A0e5wmsQdryQAC","","2021-11-09T06:38:17.000Z","2025-10-28T12:27:04.000Z","LA-963011"
"0015A0yDpLw88daQUA","Trionyth Dynamics LLC","https://www.trionyth.example/about","+1 305 555 0141","628 Taylor Court","West Melanieborough","MH","96967","United States","Construction","86","0055A0fCkAOyoTsQUJ","","2021-12-29T01:38:25.000Z","2022-12-31T07:14:44.000Z","LA-607811"
"0015A0HUDpQ09CHQOZ","Cioskox Partners Co.","www.cioskox.example","+1 206 555 0150","590 Simmons Road Suite 193","New David","IA","51052","United States","Banking","155","0055A0e5wmsQdryQAC","","2023-12-02T19:38:17.000Z","2025-07-02T01:23:07.000Z","LA-461847"
"0015A00LCUPXn3YQ2T","Foflym Technologies Corporation","","512.555.0193","7619 Dyer Place Suite 451","New Mauricemouth","GA","30199","United States","Environmental","1200","0055A0GDajGWdDLQG1","","2020-11-24T14:34:24.000Z","2022-01-15T09:49:00.000Z","LA-877844"
"0015A0sS60HdokOQER","Zejais Health Inc","zejais.example","(305) 555-0128","2238 Carey Blvd","East Matthewport","PW","96940","United States","Media","756","0055A0e5wmsQdryQAC","","2022-04-29T15:40:46.000Z","2024-09-07T19:38:47.000Z","LA-897902"
"0015A0PYOB7TTOmQ4O","Raijaeth Dynamics","https://www.raijaeth.example","+1 702 555 0182","663 Blankenship Way","Meghanhaven","NV","89284","United States","Construction","25","0055A01uzBTkGd7QQF","","2021-02-14T05:44:16.000Z","2025-01-21T23:10:53.000Z","LA-432076"
"0015A0o8JupNLQRQI4","Kaejous Networks Ltd.","WWW.KAEJOUS.EXAMPLE","415-555-0154","1953 Roman Rd","Lake Jerry","ME","04936","United States","Technology","11","0055A02sSeu3Y8qQIE","","2023-10-14T11:51:57.000Z","2024-07-18T13:21:13.000Z","LA-777271"
"0015A0HQypYJJKvQGP","Flydynd Materials Inc","https://www.flydynd.example","1-212-555-0133","8976 Deleon Pkwy","Perkinston","MH","96962-6233","United States","Engineering","","0055A02sSeu3Y8qQIE","","2020-11-02T03:32:12.000Z","2025-04-19T09:24:24.000Z","LA-196506"
"0015A04LLsiO7djQMC","Tousyrk Materials LLC","https://tousyrk.example/","1-720-555-0120","206 White Street","Valdezbury","MN","55551","United States","Construction","754","0055A02sSeu3Y8qQIE","","2023-03-28T10:36:53.000Z","2025-09-08T15:05:31.000Z","LA-704946"
"0015A0gNUsEHV2IQMX","Braeran Solutions Ltd.","https://braeran.example/","972.555.0142","5402 Hill Avenue","Bryanhaven","ND","58395","United States","Communications","87","0055A01uzBTkGd7QQF","","2023-04-17T17:31:34.000Z","2023-10-25T21:48:58.000Z","LA-873872"
"0015A0DGHwcfwfmQOA","Paequous Holdings LLC","WWW.PAEQUOUS.EXAMPLE","813-555-0185","625 Lloyd Pkwy Ste 642","Chrisshire","MN","56330","United States","Transportation","25","0055A0e5wmsQdryQAC","","2025-05-16T11:27:22.000Z","2025-08-24T01:44:48.000Z","LA-430248"
"0015A0pjtsihWBRQA2","Westo Outfitters Inc","","+1 404 555 0139","965 Price Road","North Teresaland","AZ","85306","United States","Engineering","34","0055A01uzBTkGd7QQF","","2017-09-03T22:31:56.000Z","2022-09-28T14:16:55.000Z","LA-484109"
"0015A0amb0TiOYNQA3","Tyjum Freight Corporation","http://tyjum.example","305.555.0178","20248 Smith Street","Erikastad","CA","94026","United States","Healthcare","21","0055A01uzBTkGd7QQF","","2017-12-10T04:45:26.000Z","2026-07-01T11:51:19.000Z","LA-386937"
"0015A02loKYsdItQQJ","Jouvuth Analytics Corporation","WWW.JOUVUTH.EXAMPLE","","1385 Miller Drive","East Connieshire","MI","49883","United States","Banking","757","0055A0fCkAOyoTsQUJ","","2018-01-12T23:11:28.000Z","2023-10-22T23:54:01.000Z","LA-679850"
"0015A0s8uhPz9yAQAR","Wouzas Labs Inc.","https://www.wouzaslabs.example","1-813-555-0147","297 Fox Parkway","Hurstberg","MO","63162","United States","Technology","13","0055A0e5wmsQdryQAC","","2020-04-29T01:37:02.000Z","2022-02-26T19:04:31.000Z","LA-610661"
"0015A0vpteUf03mQAB","Supryr International","WWW.SUPRYR.EXAMPLE","","78676 Sanchez Place Suite 654","Brookeside","FM","96941","United States","Food & Beverage","18","0055A0yvFxoEhwfQIC","","2025-03-19T14:12:51.000Z","2025-12-25T22:32:50.000Z","LA-681328"
"0015A0Lf4XtIi7HQSS","Laigrir Dynamics Inc","","212.555.0187","311 Wilkinson Lane","Kaylaton","NM","87162","United States","Insurance","47","0055A0GDajGWdDLQG1","","2019-11-24T17:07:47.000Z","2026-08-22T07:17:06.000Z","LA-933926"
"0015A0UpTGSTQoHQ0X","Tejaix Robotics Corporation","https://tejaix.example/","312.555.0106","15225 Scott Parkway Suite 188","Gregorystad","OH","45429","United States","Finance","16","0055A02sSeu3Y8qQIE","","2021-11-30T12:03:44.000Z","2025-05-30T19:00:51.000Z","LA-211318"
"0015A0p5aUD1b9tQQB","Hukaiq Outfitters Ltd.","","617.555.0133","287 Sanchez Avenue","South Danaside","CO","80378","United States","Electronics","45","0055A0e5wmsQdryQAC","","2021-01-11T16:19:48.000Z","2024-06-12T02:48:49.000Z","LA-977185"
"0015A0TDtPq0q5SQWQ","Sycloum Services Co.","www.sycloum.example","","0056 Olsen St","Alexanderside","CA","94977","United States","Manufacturing","86","0055A0e5wmsQdryQAC","","2023-05-20T05:54:25.000Z","2023-07-01T18:43:18.000Z","LA-125463"
"0015A03lGiG08wFQIR","Paipeq Technologies LLC","","415-555-0116","419 Lee Blvd","West Christopher","FL","34205","United States","Transportation","13","0055A02sSeu3Y8qQIE","","2019-03-11T02:07:43.000Z","2022-04-17T04:52:32.000Z","LA-144440"
"0015A0DpPOlYWyvQ0G","Liskail Networks Corporation","WWW.LISKAIL.EXAMPLE","1-503-555-0147","1229 Hamilton Street","Lauraton","WV","26415","United States","Electronics","1208","0055A01uzBTkGd7QQF","","2018-12-05T20:29:30.000Z","2021-07-06T23:52:51.000Z","LA-180280"
"0015A0HeUVwhyj7Q0A","Nybrael Solutions Co.","https://nybrael.example/","1-617-555-0144","857 Brown Place","Erikamouth","AR","71786","United States","Manufacturing","7","0055A01uzBTkGd7QQF","","2019-11-05T04:50:43.000Z","2022-04-11T16:49:16.000Z","LA-852207"
"0015A0sa4ip9wkaQAA","Bibais Labs Corporation","https://www.bibais.example/about","1-404-555-0165","592 Johnson Rd","North Jacquelinechester","DE","19945","United States","Education","751","0055A02sSeu3Y8qQIE","","2019-04-14T23:59:10.000Z","2020-07-19T17:46:43.000Z","LA-420240"
"0015A0mLY4gNABCQM4","Brizios Networks Corp.","http://brizios.example","(305) 555-0198","86240 Holt Drive","Annatown","IN","46776","United States","Banking","86","0055A02sSeu3Y8qQIE","","2017-10-30T06:35:29.000Z","2020-06-13T20:43:28.000Z","LA-787973"
"0015A0FA72yY7bmQGC","Loboq Technologies Ltd.","www.loboq.example","904-555-0144","79212 Johnston Road","South Johnport","IN","47974","United States","Retail","25","0055A0GDajGWdDLQG1","","2018-01-03T22:54:57.000Z","2023-09-03T09:21:24.000Z","LA-187116"
"0015A017gcUZPGPQA5","Graiflen Foods Co.","http://graiflen.example","+1 720 555 0152","6525 Black Road","Emilychester","MN","56032","United States","Apparel","5001","0055A0yvFxoEhwfQIC","","2020-05-11T15:11:56.000Z","2020-10-25T05:28:41.000Z","LA-590352"
"0015A0XSsTD7mocQWB","Skogyn Cap Corporation","","(404) 555-0119","042 Mitchell Boulevard","Jonesville","OK","73076","United States","Retail","30","0055A0yvFxoEhwfQIC","","2022-12-06T15:55:56.000Z","2026-04-29T12:13:44.000Z","LA-736902"
"0015A0QqbwEOoWNQC1","Waiseve Services","WWW.WAISEVE.EXAMPLE","(512) 555-0145","211 Stafford Drive","Rogersmouth","MN","56705","United States","Food & Beverage","13","0055A0yvFxoEhwfQIC","","2025-02-13T13:34:38.000Z","2025-03-18T04:00:49.000Z","LA-581922"
"0015A02H2FIA1WLQU1","Kaibreq Materials","","206.555.0190","562 Wilson Avenue","Suttonchester","AL","35299","United States","Media","5005","0055A0fCkAOyoTsQUJ","","2022-08-20T13:21:13.000Z","2023-10-28T20:35:15.000Z","LA-370839"
"0015A0nqdPfzcRnQQI","Luraq Technologies LLC","https://www.luraq.example/about","+1 972 555 0123","147 Gentry Court","Franklinside","ID","83590","United States","Agriculture","81","0055A0GDajGWdDLQG1","","2021-02-18T17:40:07.000Z","2025-06-15T10:43:57.000Z","LA-464033"
"0015A0wIqi3cwYsQEI","Gylave Foods Corp.","http://gylavefoods.example","617.555.0133","31035 Meyer Avenue","Scottfort","UT","84774","United States","Not For Profit","47","0055A01uzBTkGd7QQF","","2019-09-27T03:13:27.000Z","2025-07-19T22:25:38.000Z","LA-702136"
"0015A0Du4eIe0ubQCB","Myzath Holdings Inc","https://myzath.example/","+1 904 555 0195","7381 Valentine Avenue","West Morganbury","IL","62027","United States","Manufacturing","43","0055A0GDajGWdDLQG1","","2023-06-08T20:21:51.000Z","2026-04-06T09:43:51.000Z","LA-821453"
"0015A0EEimCrw30QGB","Fiojiq Outfitters","","(503) 555-0105","3640 Richmond Place Suite 278","Lake Katherineborough","OK","73114","United States","Consulting","157","0055A0GDajGWdDLQG1","","2022-05-27T20:06:50.000Z","2022-08-26T18:03:10.000Z","LA-267672"
"0015A0R5KnFR5sZQKT","Lioboul Robotics Inc.","http://lioboul.example","","546 Casey Avenue","South Chase","MH","96970","United States","Not For Profit","150","0055A01uzBTkGd7QQF","","2021-06-30T06:52:26.000Z","2022-08-28T01:40:02.000Z","LA-103348"
"0015A0RhtAxKA4XQSW","Mareth Materials Ltd.","","720.555.0143","7741 Sullivan Court","Chapmanmouth","HI","96817","United States","Machinery","5","0055A0yvFxoEhwfQIC","","2024-03-07T10:56:23.000Z","2024-12-25T00:52:46.000Z","LA-501285"
"0015A0CLXQVwnlzQ4B","Flewail Labs","https://flewail.example/","1-904-555-0112","65286 Farley Avenue Suite 668","Jamesfort","MH","96969","United States","Government","156","0055A02sSeu3Y8qQIE","","2019-03-29T01:39:04.000Z","2026-08-03T12:08:23.000Z","LA-810370"
"0015A0jfn4tIU4nQAG","Stouhix Labs Inc.","","+1 404 555 0127","6784 Berry Pl","East Karenton","NJ","08742","United States","Food & Beverage","10","0055A0e5wmsQdryQAC","","2022-06-27T00:12:52.000Z","2023-08-20T12:35:40.000Z","LA-854912"
"0015A0NyTS9oljxQ0A","Nefox Dynamics Inc.","WWW.NEFOX.EXAMPLE","1-305-555-0101","781 Cantrell Road","Lake Brianport","NY","10750-4011","United States","Telecommunications","5005","0055A0fCkAOyoTsQUJ","","2019-11-09T20:26:11.000Z","2023-12-17T23:19:18.000Z","LA-319674"
"0015A0fnf1WtduzQAB","Dygrind Dynamics Ltd.","WWW.DYGRIND.EXAMPLE","","531 Mora Avenue","South Scott","NH","03299","United States","Education","1200","0055A02sSeu3Y8qQIE","","2018-02-08T04:21:34.000Z","2019-05-23T23:50:13.000Z","LA-898283"
"0015A0FB0hYLBSwQGP","Kekaiq Systems Ltd.","www.kekaiq.example","702.555.0173","2187 Brown Place","Popeville","AR","72644","United States","Retail","308","0055A0GDajGWdDLQG1","","2023-05-08T05:46:57.000Z","2023-06-10T08:57:06.000Z","LA-129959"
"0015A0EfBWJ8oThQ0J","Vaistais Manufacturing Inc","vaistaismanufacturing.example","702-555-0118","273 Hill St","Vincentbury","NJ","07833","United States","Chemicals","152","0055A0yvFxoEhwfQIC","","2019-10-12T17:13:20.000Z","2024-04-11T15:29:03.000Z","LA-604959"
"0015A0KCUo2yY6QQOU","Davou Dynamics Co.","https://davou.example/","(312) 555-0170","25342 Glass Drive Suite 124","Michelemouth","VT","05114","United States","Banking","88","0055A0GDajGWdDLQG1","","2017-12-04T22:36:42.000Z","2025-11-11T05:24:15.000Z","LA-851755"
"0015A0xWmSiJO2LQUW","zolerk analytics corporation","","617-555-0101","74833 Chang Pl","North Heather","LA","70204-2601","United States","Biotechnology","8744","0055A0e5wmsQdryQAC","","2022-07-12T00:41:22.000Z","2024-08-09T09:31:58.000Z","LA-957869"
"0015A0BEyvKphi9QGB","Gewae Solutions Co.","https://gewae.example/","+1 904 555 0155","5223 Hernandez Way","East Carolyn","AZ","86554","United States","Communications","16","0055A0yvFxoEhwfQIC","","2018-02-04T06:08:34.000Z","2019-05-25T12:31:12.000Z","LA-302361"
"0015A0hy9r7hCNVQA2","Bavos Solutions LLC","","","90910 Green Boulevard","Mcdonaldmouth","NE","68096","United States","Telecommunications","29","0055A01uzBTkGd7QQF","","2021-09-04T20:26:11.000Z","2025-11-04T09:44:59.000Z","LA-968856"
"0015A0fcB9tji5PQIQ","Raekoul Industries Corp.","http://raekoul.example","1-813-555-0102","7915 Johnson Court","Bennettfort","IN","47795","United States","Finance","753","0055A0GDajGWdDLQG1","","2024-11-25T13:23:21.000Z","2025-03-28T07:28:04.000Z","LA-622768"
"0015A0WBe2X7wQHQGZ","Tujun Manufacturing","https://www.tujun.example","(972) 555-0142","95167 Carter Way Suite 362","Longville","MD","20923","United States","Energy","89","0055A0fCkAOyoTsQUJ","","2023-01-23T15:31:35.000Z","2026-08-26T08:02:27.000Z","LA-768347"
"0015A0g2HZLEdGeQYL","Hibel Energy Ltd.","www.hibel.example","(813) 555-0186","222 Williams Boulevard","New Michaelstad","TN","37264","United States","Media","154","0055A02sSeu3Y8qQIE","","2023-11-30T01:42:01.000Z","2024-05-13T05:32:43.000Z","LA-368700"
"0015A07toXPqCmlQQF","Doumiove Technologies","WWW.DOUMIOVE.EXAMPLE","312.555.0165","86231 Schroeder Boulevard Suite 806","Davidmouth","WA","98071","United States","Chemicals","300","0055A0e5wmsQdryQAC","","2017-09-05T07:46:17.000Z","2025-11-04T09:39:36.000Z","LA-375646"
"0015A0dgCaneBuFQIU","Hiobrour Health Corporation","http://hiobrour.example","","9938 Watkins Lane","West Walterfort","FM","96942","United States","Telecommunications","1208","0055A0yvFxoEhwfQIC","","2019-06-09T16:10:20.000Z","2024-01-25T20:01:48.000Z","LA-667918"
"0015A0CipodJc1bQCC","Skitrys Technologies Co.","www.skitrys.example","972.555.0103","9189 Cooper Court","Smithville","TX","78056","United States","Finance","151","0055A02sSeu3Y8qQIE","","2019-01-13T20:40:56.000Z","2019-11-23T12:44:12.000Z","LA-961652"
"0015A0RNmDRfC9uQWF","Guvai International Corp.","www.guvai.example","1-617-555-0118","04349 Ross Street Suite 221","Laneport","IL","61944","United States","Not For Profit","151","0055A0fCkAOyoTsQUJ","","2023-06-10T04:28:51.000Z","2024-10-19T22:34:27.000Z","LA-942781"
"0015A0ByYF5jkpUQ0Q","Liohan Freight","liohan.example","+1 503 555 0176","9854 Bailey Parkway","Lake Jessicaberg","DC","20030","United States","Environmental","13","0055A0GDajGWdDLQG1","","2024-01-19T07:38:05.000Z","2024-12-22T07:43:40.000Z","LA-113963"
"0015A0JbIOEFc6EQ0T","Stioclim Manufacturing Corp.","stioclim.example","702-555-0161","3407 Jones Boulevard","Phillipsburgh","WV","26864","United States","Machinery","41","0055A0GDajGWdDLQG1","","2017-12-15T04:27:54.000Z","2024-06-25T17:49:23.000Z","LA-844646"
"0015A0EJilWLVcSQGX","Houfai Labs Corporation","www.houfai.example","1-720-555-0173","61564 Quinn Court","Paynemouth","AR","72708","United States","Shipping","5","0055A0GDajGWdDLQG1","","2022-01-23T00:52:44.000Z","2022-02-10T08:12:06.000Z","LA-743676"
"0015A0z32wjQTASQA4","Louvaes Foods Ltd.","http://louvaes.example","(305) 555-0101","86207 Wilson Drive","Johnsontown","AR","72240","United States","Telecommunications","20","0055A0fCkAOyoTsQUJ","","2019-08-29T08:39:18.000Z","2021-01-07T13:20:07.000Z","LA-647356"
"0015A05rsKS4o3wQQB","Nougom Freight Inc","","1-404-555-0121","599 Galvan Road","West Kristine","FM","96942","United States","Media","307","0055A02sSeu3Y8qQIE","","2024-03-29T19:40:14.000Z","2025-11-18T02:44:51.000Z","LA-676064"
"0015A03sXVAnWDqQYN","Wiovourk Manufacturing Corp.","","415-555-0102","456 Hicks Place Suite 857","Montgomeryland","WY","82754","United States","Finance","750","0055A0GDajGWdDLQG1","","2023-04-10T03:42:40.000Z","2025-04-02T03:23:47.000Z","LA-554538"
"0015A0mBLCqyMNqQ2M","Grejoq Labs LLC","www.grejoq.example","(206) 555-0180","435 Gibson Parkway","Margaretstad","NC","27023","United States","Education","30","0055A0e5wmsQdryQAC","","2020-12-10T06:53:34.000Z","2025-03-31T01:32:16.000Z","LA-256567"
"0015A0gUhl2aBnZQEU","Jiotryq Robotics","https://www.jiotryq.example","415.555.0168","16838 Young Avenue Suite 146","North Tanyaland","SD","57663","United States","Energy","752","0055A0fCkAOyoTsQUJ","","2023-10-13T10:08:56.000Z","2026-02-14T06:46:16.000Z","LA-971718"
"0015A01h63PuO2rQAF","Miosko Labs Inc","","702.555.0180","925 Stevens Parkway","Richardshire","IL","61541","United States","Apparel","154","0055A02sSeu3Y8qQIE","","2022-03-16T05:25:56.000Z","2025-02-28T00:43:33.000Z","LA-671913"
"0015A0Mgrpwv06dQCA","Wivove Partners Corp.","https://www.wivove.example/about","404.555.0125","545 Fox Pkwy Ste 203","Lake Jessica","OK","73030","United States","Agriculture","84","0055A0GDajGWdDLQG1","","2018-02-01T05:07:43.000Z","2024-10-28T13:26:55.000Z","LA-890632"
"0015A03PZygFqwnQMC","Fouliox Technologies","","813-555-0136","450 Smith Drive","Haileymouth","WV","25423","United States","Hospitality","1204","0055A0fCkAOyoTsQUJ","","2017-04-01T12:30:17.000Z","2019-06-08T20:25:27.000Z","LA-994483"
"0015A096eNo7SoBQQU","Woubre Dynamics Corporation","woubre.example","+1 720 555 0182","4033 English Drive","Port Michelle","IA","50379","United States","Chemicals","48","0055A0yvFxoEhwfQIC","","2021-03-20T13:07:05.000Z","2021-09-29T13:28:09.000Z","LA-333203"
"0015A08RHbQ5eT5QMJ","Paekoux Capital Corporation","paekoux.example","(212) 555-0156","7150 Taylor Ct","South Dustinland","OR","97859","United States","Media","1207","0055A0e5wmsQdryQAC","","2024-12-31T03:30:26.000Z","2025-09-09T03:29:44.000Z","LA-324653"
"0015A0oxIXwZa6yQYC","Loskem Freight Co.","loskem.example","702.555.0106","629 Fisher Way","Sandratown","PA","18532","United States","Banking","84","0055A0GDajGWdDLQG1","","2022-08-13T00:29:16.000Z","2025-09-16T23:13:28.000Z","LA-595877"
"0015A0L7VozB1MCQK0","Vaistais Solutions","WWW.VAISTAIS.EXAMPLE","617-555-0113","978 Smith Boulevard","North Sarah","VA","23460","United States","Transportation","10","0055A0fCkAOyoTsQUJ","","2022-07-13T07:14:15.000Z","2026-03-19T11:24:34.000Z","LA-927550"
"0015A0U1oRY2uyxQSB","Wegel Foods LLC","http://wegel.example","(617) 555-0191","51727 Sharp Avenue Suite 957","Jennifertown","DC","20011","United States","Food & Beverage","33","0055A0fCkAOyoTsQUJ","","2019-04-21T20:49:19.000Z","2023-06-08T15:51:14.000Z","LA-125930"
"0015A0N9oiXtz7vQCB","Jouskaeq Foods","","503.555.0132","9923 Ferguson Lane","Port Jessica","ME","04144","United States","Other","1203","0055A0fCkAOyoTsQUJ","","2025-01-26T14:16:55.000Z","2025-08-04T13:22:43.000Z","LA-682144"
"0015A0eolDZi4sZQQR","Quizel Technologies LLC","https://quizel.example/","","085 Lewis Street","New Karenstad","FM","96943","United States","Construction","757","0055A02sSeu3Y8qQIE","","2023-07-11T02:39:10.000Z","2026-03-18T11:20:58.000Z","LA-914360"
"0015A0CWPYkANITQ44","Quaitiork Supply Corp.","www.quaitiorksupply.example","904-555-0115","818 Peters Avenue","Leechester","NM","87861-4381","United States","Hospitality","7","0055A0e5wmsQdryQAC","","2022-12-31T18:02:53.000Z","2023-03-14T17:44:27.000Z","LA-936779"
"0015A0vqYGySvKzQYK","Kysor Freight Ltd.","","(904) 555-0109","01309 Douglas Court","Brandonhaven","DC","20032","United States","Media","300","0055A01uzBTkGd7QQF","","2019-07-24T22:04:42.000Z","2026-02-16T16:56:23.000Z","LA-300273"
"0015A0NPzNr3FXZQW2","Flysour Capital Inc","https://www.flysour.example/about","+1 904 555 0101","6707 Green Court","Port Paultown","MO","65231","United States","Biotechnology","46","0055A0yvFxoEhwfQIC","","2020-03-12T08:18:31.000Z","2021-06-13T11:39:53.000Z","LA-948392"
"0015A022bKhEmh5QQC","Prugyn Outfitters Inc.","","","24326 Sanchez Road","West Dylan","MD","21496","United States","Engineering","5006","0055A0e5wmsQdryQAC","","2019-01-25T20:43:02.000Z","2019-07-21T00:38:50.000Z","LA-619058"
"0015A0DNszKSBnIQGX","Skaipyl Industries Corp.","www.skaipyl.example","1-312-555-0179","9616 Castro Pkwy","Robertport","OK","73008-6133","United States","Finance","41","0055A0e5wmsQdryQAC","","2023-05-08T11:01:56.000Z","2024-01-26T15:15:43.000Z","LA-508187"
"0015A02VufqpCTnQEM","Puzaix Energy Corporation","https://www.puzaix.example/about","305-555-0145","3310 Whitney Road","Armstrongville","WI","53582","United States","Shipping","15","0055A0GDajGWdDLQG1","","2023-03-23T17:35:29.000Z","2023-07-06T16:11:25.000Z","LA-519307"
"0015A0LNbwHoYumQGF","Baevim International Ltd.","https://www.baeviminternational.example","1-720-555-0137","7877 Zimmerman Avenue Suite 631","Velasquezburgh","TX","78415","United States","Shipping","1203","0055A01uzBTkGd7QQF","","2019-04-08T10:18:27.000Z","2023-07-04T06:54:14.000Z","LA-453679"
"0015A0f6aggDUTnQAO","Zaevun Technologies Corp.","https://zaevun.example/","+1 512 555 0172","652 Miller Place Suite 977","Oconnellstad","WI","54312","United States","Engineering","5007","0055A0e5wmsQdryQAC","","2017-04-06T06:34:47.000Z","2025-09-24T16:56:40.000Z","LA-179538"
"0015A0l8qmDpmi9QAB","Kiobus Services Inc.","WWW.KIOBUS.EXAMPLE","","9758 Cannon Street","New Crystaltown","MD","21834","United States","Entertainment","21","0055A0yvFxoEhwfQIC","","2017-04-16T07:56:54.000Z","2018-09-08T02:00:37.000Z","LA-481807"
"0015A0e5IOccXLPQY2","Romath Networks LLC","https://romath.example/","(720) 555-0137","0781 Gomez Lane Suite 403","Woodside","MT","59156","United States","Transportation","31","0055A0fCkAOyoTsQUJ","","2024-03-27T00:06:51.000Z","2025-10-28T09:45:20.000Z","LA-355818"
"0015A0SVCRLdtK7Q4J","Stahous Labs Ltd.","https://www.stahous.example/about","720-555-0166","0075 Bailey Road","West Andrealand","SD","57584","United States","Machinery","29","0055A0e5wmsQdryQAC","","2021-02-14T11:42:34.000Z","2025-07-02T20:48:16.000Z","LA-339222"
"0015A02T2U2YhQyQUK","Ciojas Partners Ltd.","www.ciojas.example","1-904-555-0183","87086 Keller Street","Lake Emilybury","ID","83853","United States","Construction","300","0055A0yvFxoEhwfQIC","","2021-10-05T09:23:30.000Z","2025-10-30T13:01:46.000Z","LA-347104"
"0015A0Srfu9FQZAQC4","Distaeq Materials Ltd.","https://www.distaeq.example","+1 813 555 0181","2846 Rodriguez Street","South Scott","NC","27880","United States","Chemicals","300","0055A0yvFxoEhwfQIC","","2018-03-18T11:26:10.000Z","2021-02-15T23:54:51.000Z","LA-107176"
"0015A0ItX1XaGtCQKV","Flodyth Works Corporation","https://flodyth.example/","904.555.0108","457 Freeman Road Suite 965","Loveshire","NC","27266","United States","Electronics","29","0055A0yvFxoEhwfQIC","","2018-11-07T21:40:12.000Z","2025-02-14T04:24:05.000Z","LA-697676"
"0015A0OAKZ9PsMHQ40","Grioquion Partners Corp.","grioquionpartners.example","1-404-555-0188","02645 Miller Boulevard","West Diane","CT","06282","United States","Government","40","0055A0GDajGWdDLQG1","","2024-11-16T21:00:28.000Z","2025-08-02T11:13:21.000Z","LA-778328"
"0015A0igEvE1fDFQIZ","Maites Outfitters Inc.","https://www.maites.example/about","1-305-555-0106","551 King Court","North Jameston","ID","83241","United States","Healthcare","157","0055A0fCkAOyoTsQUJ","","2022-09-23T08:35:19.000Z","2024-08-12T01:00:46.000Z","LA-704759"
"0015A0ue9XD3FLPQQ3","Flaegrain Materials Ltd.","https://www.flaegrain.example/about","813-555-0111","770 Simmons Drive","Davidhaven","IN","46634","United States","Food & Beverage","18","0055A0e5wmsQdryQAC","","2017-06-28T04:25:14.000Z","2020-03-27T11:11:35.000Z","LA-846325"
"0015A0CFuSfGdlpQWC","Mystound Manufacturing Inc","mystound.example","(972) 555-0116","97836 Jackson Way","Crawfordside","DE","19828","United States","Hospitality","757","0055A0e5wmsQdryQAC","","2018-09-27T03:48:17.000Z","2020-07-22T04:14:58.000Z","LA-467821"
"0015A0MCwUZKucOQWT","Kitryq Systems Co.","https://kitryq.example/","212-555-0194","3216 Williams Way","Averyborough","HI","96816","United States","Retail","301","0055A0GDajGWdDLQG1","","2017-08-10T15:49:00.000Z","2024-09-07T23:17:24.000Z","LA-576287"
"0015A0cr0FqcyiDQQQ","Kaimior Foods Ltd.","WWW.KAIMIOR.EXAMPLE","1-617-555-0120","387 Thomas Ave","Christianville","HI","96701-9972","United States","Other","302","0055A0e5wmsQdryQAC","","2019-11-24T02:41:59.000Z","2026-01-03T22:09:57.000Z","LA-315762"
"0015A0fg1tlzALoQAM","Grazir Networks Ltd.","https://www.grazir.example","404-555-0104","339 Robinson Road","Seanland","RI","02916","United States","Manufacturing","31","0055A0yvFxoEhwfQIC","","2017-04-02T23:32:20.000Z","2024-08-04T19:56:09.000Z","LA-630002"
"0015A0uywCTJk9xQQD","Giogrem Networks Inc.","https://giogrem.example/","212.555.0149","2788 Kennedy Boulevard","West Roberthaven","CA","94519","United States","Agriculture","5","0055A0GDajGWdDLQG1","","2021-04-29T21:04:48.000Z","2024-05-13T09:47:27.000Z","LA-150770"
"0015A0gVn8qQiREQE0","Stenis Manufacturing Inc.","https://stenis.example/","+1 720 555 0152","39667 Farmer Court","South Austinmouth","MH","96968","United States","Construction","1205","0055A0fCkAOyoTsQUJ","","2019-01-27T10:02:32.000Z","2024-01-22T17:02:52.000Z","LA-549476"
"0015A05lIay081TQIQ","Brufund Labs LLC","www.brufund.example","972.555.0122","6872 Alvarez Avenue","Michaelborough","NV","89107","United States","Environmental","32","0055A02sSeu3Y8qQIE","","2023-06-12T17:15:57.000Z","2023-08-08T13:05:18.000Z","LA-364062"
"0015A0bVZBmJMWjQ2O","Zonerk Manufacturing Ltd.","","","1096 Dodson Boulevard","East Sarah","VA","22034-7937","United States","Government","5004","0055A01uzBTkGd7QQF","","2024-11-23T19:45:37.000Z","2025-03-26T20:35:00.000Z","LA-680303"
"0015A0ZY2J57iRTQWY","Gesiork Foods Corp.","http://gesiork.example","","09810 Powell Avenue","Jacksonhaven","TN","37960","United States","Manufacturing","300","0055A0yvFxoEhwfQIC","","2025-03-01T15:09:55.000Z","2026-04-18T18:26:24.000Z","LA-219275"
"0015A0TW9FgzTFhQWM","Gouskas Labs Inc.","www.gouskas.example","(415) 555-0187","6036 Escobar Drive","Port Daniel","WV","26539","United States","Agriculture","309","0055A0fCkAOyoTsQUJ","","2020-08-07T15:13:57.000Z","2023-10-30T14:08:19.000Z","LA-636020"
"0015A0WBtkA4c58QGB","Trabuq Foods Corporation","www.trabuq.example","1-404-555-0137","49714 Mckay Way","Johnberg","LA","70599","United States","Machinery","759","0055A0e5wmsQdryQAC","","2022-08-13T20:37:12.000Z","2025-11-29T13:11:52.000Z","LA-753149"
"0015A0ez8IXbe6CQQR","Quaiflax Capital Inc","http://quaiflax.example","404-555-0189","61747 Cooper Place","Phillipsstad","DE","19806","United States","Agriculture","34","0055A0fCkAOyoTsQUJ","","2024-05-01T20:51:05.000Z","2025-12-11T04:00:28.000Z","LA-262034"
"0015A0534jSGE7mQAH","Quinoum Partners","https://quinoum.example/","972.555.0156","443 Nunez Road","West Elizabethhaven","IA","52240","United States","Chemicals","309","0055A0GDajGWdDLQG1","","2024-12-02T15:37:21.000Z","2025-03-08T14:03:40.000Z","LA-621909"
"0015A0lW8PuLzs4QUC","Triohail Capital","triohail.example","(206) 555-0109","3314 Marshall Court","West John","AK","99679","United States","Recreation","156","0055A0e5wmsQdryQAC","","2020-07-11T03:29:51.000Z","2021-11-04T12:35:17.000Z","LA-743641"
"0015A0ZPb6cnU6qQGE","Gylave Robotics LLC","","404-555-0143","86426 Knight Way","Bryanshire","GA","30387","United States","Chemicals","14","0055A0e5wmsQdryQAC","","2022-11-06T21:16:44.000Z","2025-05-12T05:51:08.000Z","LA-536383"
"0015A0mLJRcnnRLQ2Y","Fluge Technologies","https://www.fluge.example","1-312-555-0151","216 Lambert Avenue","Markhaven","OH","45840","United States","Apparel","5002","0055A0yvFxoEhwfQIC","","2024-05-20T03:17:24.000Z","2026-05-26T04:52:31.000Z","LA-428217"
"0015A00p5npWPGbQAO","Voujae Labs Ltd.","","+1 206 555 0151","78346 Farmer Way","Martinberg","KS","67241","United States","Construction","1201","0055A01uzBTkGd7QQF","","2024-10-19T05:00:54.000Z","2025-10-19T19:16:28.000Z","LA-300947"
"0015A0FTdy4cIF6QGM","Polis Manufacturing LLC","","1-702-555-0167","604 Pratt Pl","East Johnhaven","UT","84517","United States","Food & Beverage","26","0055A0e5wmsQdryQAC","","2023-10-30T15:12:08.000Z","2025-04-19T17:14:45.000Z","LA-653976"
"0015A0Ux87m0quKQCQ","Stiostoux Systems Co.","www.stiostoux.example","404.555.0129","00170 Barker Court","New Dennisville","KY","41647","United States","Banking","14","0055A02sSeu3Y8qQIE","","2017-09-13T23:02:03.000Z","2018-05-24T12:41:38.000Z","LA-305949"
"0015A09Haj7Szx6QEC","Flelith Energy Co.","https://www.flelith.example","415.555.0160","14997 Nguyen Parkway","New Shawn","AK","99750","United States","Communications","89","0055A01uzBTkGd7QQF","","2024-02-03T10:05:30.000Z","2026-06-26T08:54:02.000Z","LA-115727"
"0015A0BSkGaCDGGQW4","Jeta Energy Co.","jeta.example","+1 305 555 0196","80481 Ortiz Pkwy","South Matthewberg","NH","03295-3232","United States","Food & Beverage","5009","0055A02sSeu3Y8qQIE","","2023-08-17T09:34:43.000Z","2026-05-25T10:24:46.000Z","LA-497023"
"0015A0snemwnnssQAA","Nougom Freightways LLC","","+1 404 555 0121","599 Galvan Rd","West Kristine","FM","96942","United States","Media","307","0055A0yvFxoEhwfQIC","","2017-09-16T19:24:00.000Z","2026-08-10T18:00:24.000Z","LA-529294"
"0015A09TmT3YpeIQUS","Flodrouq Health Ltd.","https://flodrouq.example/","1-972-555-0174","55500 Castro Way","Harrisland","ID","83399","United States","Consulting","750","0055A0e5wmsQdryQAC","","2017-02-23T14:14:10.000Z","2021-01-25T07:19:20.000Z","LA-523535"
"0015A0Xh9EmYPAVQS4","Fegrex Capital Corporation","www.fegrex.example","+1 404 555 0158","05920 Henry Court","Aliciatown","IN","46092","United States","Hospitality","48","0055A0yvFxoEhwfQIC","","2021-10-05T19:00:32.000Z","2024-07-28T21:10:37.000Z","LA-923946"
"0015A0KoTvLxqmWQKR","Claites International Corp.","https://www.claites.example/about","1-212-555-0186","99565 Massey Ave","Vaughnbury","NJ","08738","United States","Recreation","150","0055A0e5wmsQdryQAC","","2017-05-10T04:48:23.000Z","2024-05-08T06:46:13.000Z","LA-730774"
"0015A0lcLHsYGK8QYO","Noflynd Outfitters Inc","https://www.noflyndoutfitters.example/about","1-503-555-0111","0558 Bauer Way Suite 176","Beniteztown","AZ","86494-7789","United States","Communications","29","0055A0fCkAOyoTsQUJ","","2024-07-11T08:52:21.000Z","2025-12-08T20:13:28.000Z","LA-336036"
"0015A09XandUGNeQEO","Quagrain Health Corp.","https://www.quagrain.example/about","404.555.0105","2070 Nunez Way Ste 445","Williamstown","NC","27495","United States","Electronics","83","0055A0e5wmsQdryQAC","","2019-04-04T00:33:05.000Z","2023-12-28T08:26:28.000Z","LA-729345"
"0015A0O2pAOiLUcQSN","Jajio Health","jajiohealth.example","1-972-555-0180","810 Espinoza Drive Suite 120","Christopherton","PA","15824","United States","Energy","757","0055A0e5wmsQdryQAC","","2020-10-08T02:43:06.000Z","2021-10-19T05:31:14.000Z","LA-787499"
"0015A0O1GQ3q8aCQ0Q","Hopax Outfitters Co.","http://hopaxoutfitters.example","1-312-555-0125","6768 Scott Boulevard","Paulfurt","MN","55121","United States","Healthcare","309","0055A0e5wmsQdryQAC","","2024-08-22T03:13:53.000Z","2025-08-01T22:16:26.000Z","LA-129366"
"0015A0dNUkCDqKaQML","Syso Robotics Corp.","https://www.syso.example/about","(617) 555-0161","2627 Adams Boulevard Suite 169","Port Stephanie","RI","02935","United States","Hospitality","755","0055A0yvFxoEhwfQIC","","2019-07-02T22:51:04.000Z","2026-01-15T00:18:19.000Z","LA-693294"
"0015A0148Xje66dQQA","Bouge Foods Inc.","https://www.bouge.example","(305) 555-0128","3764 Diaz Drive","Lake Johnnyville","IN","47451","United States","Media","300","0055A0GDajGWdDLQG1","","2023-08-01T06:38:28.000Z","2024-10-11T04:27:47.000Z","LA-775960"
"0015A0rEVG1EBTfQ2O","Jolyl Partners Co.","WWW.JOLYL.EXAMPLE","(972) 555-0101","071 Grimes Road Suite 568","Aaronchester","NH","03240","United States","Consulting","5003","0055A02sSeu3Y8qQIE","","2024-09-29T22:16:53.000Z","2025-10-10T02:52:28.000Z","LA-527422"
"0015A03cZbBy4sCQIR","Bakum Manufacturing Corp.","http://bakum.example","","0301 Sharp Way","Shawside","IN","47852","United States","Machinery","17","0055A02sSeu3Y8qQIE","","2019-12-13T15:34:23.000Z","2025-06-01T18:42:48.000Z","LA-103400"
"0015A0VcQNUKcR5Q0L","Coureq Industries LLC","https://www.coureq.example/about","+1 404 555 0152","05335 Dominguez St Ste 498","Lake Joshuaview","WA","98310","United States","Retail","759","0055A0GDajGWdDLQG1","","2024-06-12T22:13:15.000Z","2026-03-29T06:33:43.000Z","LA-903327"
"0015A001l8RHKtHQAX","Skubriove Dynamics Inc","WWW.SKUBRIOVE.EXAMPLE","415-555-0197","2665 Franklin Place Suite 585","Derrickport","NJ","07275","United States","Finance","157","0055A0yvFxoEhwfQIC","","2017-04-08T10:11:03.000Z","2020-07-10T16:32:17.000Z","LA-277461"
"0015A0llzacpw6GQAQ","Woustel Works Ltd.","","(212) 555-0123","8891 Haley Pl","South Brittney","IL","60424","United States","Banking","5008","0055A0yvFxoEhwfQIC","","2019-02-24T08:48:46.000Z","2020-08-20T03:26:43.000Z","LA-973971"
"0015A0paGSkPR1oQYG","Wufleq Analytics Inc","wufleq.example","(904) 555-0110","603 Hull Road Suite 436","Clarkton","DC","20035","United States","Consulting","31","0055A0e5wmsQdryQAC","","2018-07-30T00:18:44.000Z","2023-03-03T09:16:42.000Z","LA-503160"
"0015A0bzaRUX2gvQQD","Louhioq Industries Corporation","https://www.louhioq.example","617.555.0151","92735 Brown Court","South Michael","NY","14525","United States","Electronics","155","0055A0fCkAOyoTsQUJ","","2023-06-14T11:12:12.000Z","2026-07-02T21:28:48.000Z","LA-960829"
"0015A0khXkVLMuKQIX","Puquend Holdings Co.","http://puquend.example","415.555.0191","355 Arnold Avenue","Nataliefort","UT","84148","United States","Education","154","0055A0yvFxoEhwfQIC","","2023-04-08T15:06:01.000Z","2026-03-07T23:03:52.000Z","LA-762111"
"0015A0Q8BuJllBgQKJ","Skibrior Solutions Ltd.","WWW.SKIBRIOR.EXAMPLE","415-555-0163","73815 Flynn Avenue","Janettown","MT","59269","United States","Not For Profit","5007","0055A0fCkAOyoTsQUJ","","2019-03-17T13:50:59.000Z","2020-09-29T00:28:55.000Z","LA-862751"
"0015A0CnrHkeSabQSE","Casko Partners Co.","https://casko.example/","(206) 555-0174","2906 Park Street","West Christopherburgh","TX","78259","United States","Consulting","87","0055A01uzBTkGd7QQF","","2023-06-03T08:13:08.000Z","2023-10-09T18:38:17.000Z","LA-847919"
"0015A0BjVD7tyGaQ0I","Jaigind Freight","https://www.jaigind.example/about","(813) 555-0122","83509 Smith Way","Meyersmouth","IL","60417","United States","Communications","156","0055A0e5wmsQdryQAC","","2018-04-28T03:32:09.000Z","2020-08-05T17:20:14.000Z","LA-615246"
"0015A0ZMcsZd4wNQGR","Paivax Logistics Inc.","https://www.paivax.example","1-206-555-0148","578 Calderon Place","Bethhaven","TX","79727","United States","Finance","752","0055A0fCkAOyoTsQUJ","","2021-09-12T12:51:01.000Z","2026-03-12T15:14:25.000Z","LA-819881"
"0015A0EYkMDD5zFQWT","Fabroth Dynamics Ltd.","fabrothdynamics.example","1-206-555-0112","2365 Suarez Street","Lake Jorgeton","CO","80639","United States","Food & Beverage","5","0055A0yvFxoEhwfQIC","","2022-04-14T22:16:30.000Z","2022-08-22T19:43:34.000Z","LA-451878"
"0015A0p0F1OufjCQIR","Stukem Systems","https://www.stukem.example/about","+1 212 555 0133","9356 Murray Avenue","Dannyberg","ID","83489","United States","Insurance","20","0055A0yvFxoEhwfQIC","","2021-06-16T08:05:09.000Z","2021-10-28T03:58:17.000Z","LA-910128"
"0015A0rugKpJRhUQQW","Flepre Holdings LLC","","+1 904 555 0186","225 Smith Road","New Erin","VA","22547","United States","Environmental","32","0055A02sSeu3Y8qQIE","","2018-12-25T16:40:53.000Z","2022-12-25T06:59:37.000Z","LA-245794"
"0015A03cF7V7eWDQIZ","Brotraeve Industries Corporation","brotraeve.example","1-305-555-0196","017 Martinez Lane Suite 286","East Diane","NM","87980","United States","Environmental","8","0055A0yvFxoEhwfQIC","","2022-10-10T16:29:43.000Z","2024-03-17T12:55:43.000Z","LA-330246"
"0015A0SwuTiyCplQSE","Lunaeq Foods Co.","https://lunaeq.example/","+1 972 555 0128","31002 Banks Drive","Michaelstad","WI","53576","United States","Telecommunications","301","0055A0e5wmsQdryQAC","","2017-11-24T05:14:37.000Z","2020-12-29T13:10:47.000Z","LA-677938"
"0015A0ZvPfWYdZSQK1","Puvyn Analytics Co.","puvyn.example","+1 312 555 0115","9484 Gill Boulevard","Joelfurt","NV","89102","United States","Environmental","84","0055A0e5wmsQdryQAC","","2017-07-21T21:01:47.000Z","2019-03-24T18:26:13.000Z","LA-805404"
"0015A0JtX402W29QKE","Lawyl Robotics Co.","https://www.lawyl.example/about","(503) 555-0172","3019 Griffin Place Suite 414","Barnesview","OK","73023","United States","Machinery","1200","0055A0yvFxoEhwfQIC","","2025-03-05T05:05:28.000Z","2025-04-15T23:44:24.000Z","LA-347869"
"0015A0VeTPpCRKlQ0O","Jiskond Freight Co.","https://www.jiskond.example/about","1-206-555-0101","2757 Palmer Boulevard","Stevenchester","NJ","08270","United States","Not For Profit","1201","0055A0GDajGWdDLQG1","","2020-09-09T22:52:31.000Z","2021-10-29T22:05:58.000Z","LA-786654"
"0015A0dVhfvYnaDQES","Wigaive Energy Inc.","https://www.wigaive.example","+1 904 555 0176","8545 Grant Avenue Suite 122","Amberstad","MT","59667","United States","Education","85","0055A0fCkAOyoTsQUJ","","2018-06-24T16:46:06.000Z","2019-07-11T13:08:34.000Z","LA-737969"
"0015A0o4XQB7aZ1QYJ","Gabrend Holdings Co.","https://www.gabrend.example","1-404-555-0182","4425 Hahn Boulevard Suite 507","Cameronfort","PW","96940-6256","United States","Insurance","18","0055A02sSeu3Y8qQIE","","2024-10-26T16:36:56.000Z","2026-01-06T15:02:52.000Z","LA-763149"
"0015A0kxAr9PVcQQIW","Waraeve Materials Inc.","http://waraeve.example","(972) 555-0185","64080 Taylor Place","South Brianna","ME","04377","United States","Insurance","157","0055A0yvFxoEhwfQIC","","2022-01-01T08:11:52.000Z","2025-10-05T10:50:30.000Z","LA-612543"
"0015A0RdYONTO0PQ0X","Vuhath Holdings Inc","","","558 Lowery Street","Nathanchester","UT","84378","United States","Environmental","27","0055A0fCkAOyoTsQUJ","","2018-10-05T03:35:13.000Z","2026-05-09T05:18:36.000Z","LA-278671"
"0015A0fITrIFLKPQM5","Gromai Technologies Inc.","https://www.gromai.example/about","(206) 555-0147","36292 Simpson Parkway Suite 824","Frostview","NJ","08552","United States","Other","87","0055A0fCkAOyoTsQUJ","","2022-03-16T05:36:15.000Z","2024-06-20T12:28:18.000Z","LA-143859"
"0015A0gXC0SBaRUQM1","Jupox Works Inc.","us.jupox.example","(415) 555-0175","338 Petersen Drive","Port Laura","VT","05296","United States","Transportation","5002","0055A0e5wmsQdryQAC","","2019-04-30T14:00:35.000Z","2024-12-01T09:48:13.000Z","LA-612621"
"0015A0GtbNVx3krQSB","Biotai Logistics Inc","https://www.biotai.example/about","(415) 555-0103","3397 Mueller Avenue","Port Julie","ID","83724","United States","Technology","64","0055A0e5wmsQdryQAC","","2018-08-14T02:06:11.000Z","2024-02-19T04:44:21.000Z","LA-657202"
"0015A0ce4Qq9WmNQQU","Stuneth Logistics","www.stunethlogistics.example","(813) 555-0194","519 Rose Way","West Christianport","LA","70394","United States","Agriculture","34","0055A0e5wmsQdryQAC","","2024-08-02T23:27:51.000Z","2026-05-23T10:29:46.000Z","LA-364002"
"0015A0z3GK8RUbSQYW","Flibroq Systems Inc","","+1 702 555 0185","593 Atkins Street","Port Antonioland","AZ","86301","United States","Healthcare","11","0055A01uzBTkGd7QQF","","2021-03-22T03:44:14.000Z","2024-06-26T09:56:26.000Z","LA-880641"
"0015A0fCpP89qaNQUQ","Quezyve Manufacturing Ltd.","https://www.quezyve.example","206-555-0172","4945 Greene Boulevard","Masonport","ME","04287","United States","Shipping","26","0055A01uzBTkGd7QQF","","2017-02-10T01:12:58.000Z","2017-10-23T15:23:49.000Z","LA-592849"
"0015A0pTyWVch1cQUB","Prucler Works Co.","https://prucler.example/","1-904-555-0105","1599 Lucas Court","Bateshaven","KY","41002","United States","Chemicals","304","0055A0yvFxoEhwfQIC","","2022-05-13T21:24:25.000Z","2023-11-15T02:43:28.000Z","LA-959150"
"0015A0V8j14wxtSQCQ","Grecove Outfitters Co.","https://www.grecove.example","415-555-0188","2613 Smith Avenue","Port Margaret","MH","96962","United States","Food & Beverage","45","0055A0GDajGWdDLQG1","","2024-11-19T06:42:15.000Z","2024-12-19T19:24:35.000Z","LA-236715"
"0015A0MZ8B0spESQWY","Bukaex Freight Corporation","http://bukaex.example","","58715 Morris Rd Ste 297","South Nicholas","AZ","85761","United States","Finance","9","0055A0e5wmsQdryQAC","","2020-07-05T00:47:23.000Z","2026-06-26T11:37:21.000Z","LA-739431"
"0015A0Hw9C7GQZuQSO","Skaequynd Analytics Inc.","","904-555-0192","83354 White Way","Port Joshuaburgh","WI","53541","United States","Agriculture","42","0055A0fCkAOyoTsQUJ","","2018-12-10T18:09:38.000Z","2025-06-29T18:29:26.000Z","LA-390040"
"0015A0nCdUyzQQqQUM","Gocynd Networks LLC","","904.555.0152","0148 Cruz Place Suite 514","Wilkinsonfurt","ID","83777","United States","Healthcare","15","0055A0GDajGWdDLQG1","","2017-06-29T16:41:17.000Z","2024-11-01T21:28:21.000Z","LA-449003"
"0015A0TcEt0P3MAQK0","Doliond Manufacturing","","+1 702 555 0128","836 Fisher Parkway","East Laurieshire","SC","29396","United States","Education","45","0055A02sSeu3Y8qQIE","","2024-10-18T20:33:13.000Z","2025-07-06T04:55:23.000Z","LA-294041"
"0015A0lzs8DiE8hQAF","Zaejioth Holdings Corp.","https://zaejioth.example/","(312) 555-0183","51124 Thomas Drive Suite 348","East Nicholas","IA","50148","United States","Construction","304","0055A0e5wmsQdryQAC","","2018-06-13T23:01:44.000Z","2024-05-29T02:03:16.000Z","LA-606996"
"0015A0lhV3Q8LWKQI3","Quiocaith Works Inc.","www.quiocaith.example","+1 972 555 0105","309 Allen Avenue","Ellenchester","IA","50544","United States","Recreation","302","0055A0yvFxoEhwfQIC","","2022-04-06T17:15:28.000Z","2022-09-28T13:40:32.000Z","LA-985389"
"0015A0qwptKfomcQAB","Kalais Manufacturing Corporation","www.kalais.example","+1 503 555 0124","559 Leonard Boulevard","Rossshire","CA","95280-5509","United States","Manufacturing","750","0055A0e5wmsQdryQAC","","2019-04-15T04:45:11.000Z","2022-06-21T18:14:50.000Z","LA-166879"
"0015A0vVx2JNJAGQE5","Jari Freight Co.","jari.example","904-555-0187","52010 Yoder Road","North Vanessa","VT","05392","United States","Government","31","0055A01uzBTkGd7QQF","","2019-06-10T10:18:15.000Z","2022-04-23T03:11:34.000Z","LA-914676"
"0015A0yF50X65WhQEJ","Doucom Foods Corporation","https://www.doucom.example/about","","6857 Erickson Place","Nataliefort","GA","30032","United States","Hospitality","19","0055A0GDajGWdDLQG1","","2024-08-12T18:38:37.000Z","2025-12-05T20:15:38.000Z","LA-889665"
"0015A09nogestlJQAQ","Vyflaix Services Ltd.","vyflaix.example","720-555-0103","09840 Fritz Road Suite 322","Port James","KS","67440","United States","Biotechnology","47","0055A02sSeu3Y8qQIE","","2024-11-08T04:53:32.000Z","2025-05-19T19:56:33.000Z","LA-206794"
"0015A0N7w4EUu2xQCD","Bydraem Works","www.bydraem.example","","40368 George Parkway","Laurenton","OR","97467","United States","Communications","86","0055A0fCkAOyoTsQUJ","","2021-09-07T13:15:32.000Z","2024-11-02T01:39:10.000Z","LA-651705"
"0015A0IHxLxB2vgQWC","Bomave Partners Co.","http://bomave.example","(720) 555-0118","8456 Miller Drive Suite 890","Janetfurt","NY","12908","United States","Not For Profit","86","0055A02sSeu3Y8qQIE","","2024-12-11T09:52:24.000Z","2025-09-19T13:56:05.000Z","LA-916969"
"0015A0YkBLL80R5Q0J","Ryhio Technologies Inc","https://www.ryhiotechnologies.example/about","813-555-0125","3585 Anderson Road Suite 619","Port Jesse","AK","99775","United States","Finance","80","0055A0GDajGWdDLQG1","","2021-04-02T23:11:41.000Z","2025-09-08T11:43:41.000Z","LA-685524"
"0015A0zI1IOoRZJQU3","Woulath Solutions Corp.","https://www.woulath.example","972.555.0167","0601 Espinoza Drive","West Bradley","MA","01235","United States","Not For Profit","20","0055A0GDajGWdDLQG1","","2025-06-12T08:54:22.000Z","2026-02-19T23:58:56.000Z","LA-870352"
"0015A0dziMdFqR9QQK","Tioquioth Dynamics Inc.","www.tioquioth.example","+1 904 555 0112","731 Stone Boulevard","Port Darrenmouth","NC","27503","United States","Technology","303","0055A0yvFxoEhwfQIC","","2025-05-16T02:15:37.000Z","2026-07-12T11:36:47.000Z","LA-472976"
"0015A0mvteiMGjhQAG","Fodiol Services Inc.","https://www.fodiol.example/about","+1 404 555 0183","672 Cummings Drive Suite 113","Port Nataliefurt","SC","29214","United States","Agriculture","5006","0055A0e5wmsQdryQAC","","2017-11-11T14:16:33.000Z","2026-05-23T20:10:17.000Z","LA-164396"
"0015A02Nh23W47zQEC","Kejais Partners Corp.","https://www.kejais.example","312-555-0136","0656 Solomon Ct","Christopherland","MH","96963","United States","Banking","1202","0055A0fCkAOyoTsQUJ","","2021-10-02T17:37:49.000Z","2024-09-16T06:48:04.000Z","LA-470721"
"0015A0iEENpdIMGQ22","Bounim Labs Corp.","","1-512-555-0133","7665 Sosa Place","Laurieburgh","ND","58415","United States","Insurance","12","0055A02sSeu3Y8qQIE","","2022-04-05T12:48:05.000Z","2024-01-09T21:00:07.000Z","LA-951393"
"0015A0Dkh8pwrqiQCA","Staezaim Health Co.","https://staezaim.example/","+1 813 555 0124","50221 Kennedy Way","North Jeremy","TX","78427","United States","Consulting","14","0055A0e5wmsQdryQAC","","2017-10-19T14:18:46.000Z","2025-09-08T10:45:58.000Z","LA-283075"
"0015A0wQQxZSxNbQML","Riorynd Analytics Corporation","https://www.riorynd.example","1-503-555-0177","9952 Wagner Parkway","Port Melanieport","MT","59791","United States","Government","5002","0055A0GDajGWdDLQG1","","2020-02-24T17:54:50.000Z","2021-12-03T04:58:35.000Z","LA-477124"
"0015A0JahCB5gu7QSB","Fouflyr Foods","http://fouflyr.example","404.555.0195","9739 Warren Way","North Williammouth","IL","60384","United States","Biotechnology","5002","0055A02sSeu3Y8qQIE","","2022-07-29T00:22:15.000Z","2024-08-02T02:50:32.000Z","LA-534765"
"0015A0l7rB0cM1JQQU","Molam Supply Inc.","molam.example","1-503-555-0190","272 Smith Lane","West Brendahaven","NM","88031","United States","Technology","80","0055A02sSeu3Y8qQIE","","2019-08-30T10:53:39.000Z","2021-05-13T13:03:02.000Z","LA-398092"
"0015A0nwUWUN5bBQYT","Skounix Foods Inc.","http://skounix.example","+1 503 555 0186","5557 Smith Avenue Suite 848","Jeffreyburgh","VT","05207","United States","Communications","5001","0055A0yvFxoEhwfQIC","","2024-08-17T03:15:24.000Z","2024-09-12T19:26:18.000Z","LA-968716"
"0015A0j7UkNOIriQIH","Kioflaeq Logistics LLC","https://kioflaeqlogistics.example/","","890 Johnson Boulevard","Chenville","GA","30196","United States","Government","5002","0055A0yvFxoEhwfQIC","","2023-05-22T06:22:52.000Z","2023-08-05T02:43:57.000Z","LA-439991"
"0015A0PNPySqwv4QOB","Naiviove Dynamics Corp.","www.naiviove.example","1-904-555-0196","3432 Bradshaw Place","North Brooke","HI","96806","United States","Healthcare","5003","0055A0yvFxoEhwfQIC","","2022-07-12T23:25:57.000Z","2024-05-09T13:28:28.000Z","LA-258077"
"0015A0lpOs571tXQIQ","Tidai Robotics Corp.","WWW.TIDAI.EXAMPLE","305-555-0144","172 Bentley Parkway","North Erika","PA","17184","United States","Manufacturing","1208","0055A02sSeu3Y8qQIE","","2018-07-18T04:01:32.000Z","2019-02-25T15:14:03.000Z","LA-494488"
"0015A0XKKW5oGlRQ4U","Patax Freight Co.","https://www.patax.example","(617) 555-0160","80196 Evans Drive","Pamelafort","WV","24842","United States","Machinery","155","0055A0GDajGWdDLQG1","","2017-09-25T04:49:29.000Z","2018-06-08T15:25:39.000Z","LA-656250"
"0015A0Ef2y9aJ9oQCE","Poujourk Labs Co.","www.poujourk.example","(972) 555-0155","73457 Rios Drive","North Melissamouth","MN","56603","United States","Biotechnology","152","0055A0yvFxoEhwfQIC","","2023-07-19T08:40:00.000Z","2026-06-29T06:07:27.000Z","LA-768951"
"0015A089gAPsvcqQQB","Griowox Technologies LLC","WWW.GRIOWOX.EXAMPLE","813-555-0135","77221 Cox Boulevard Suite 767","West Jenniferview","OH","44457","United States","Finance","29","0055A01uzBTkGd7QQF","","2022-06-08T23:13:10.000Z","2025-08-03T14:44:43.000Z","LA-112581"
"0015A0lA9bixbrIQEQ","Naum Partners Co.","www.nasum.example","312.555.0144","7110 Delacruz Rd","Roseside","LA","70797","United States","Telecommunications","752","0055A02sSeu3Y8qQIE","","2021-11-09T12:20:55.000Z","2023-04-24T16:00:03.000Z","LA-572092"
"0015A0EsrizvFYeQCM","Mapoth Capital Inc.","WWW.MAPOTH.EXAMPLE","(617) 555-0129","86765 Davis Pkwy","West Mariachester","MI","48655","United States","Energy","33","0055A0yvFxoEhwfQIC","","2025-02-05T05:59:55.000Z","2025-12-17T13:27:23.000Z","LA-986258"
"0015A0IYKOX3cVfQ4J","Kubrerk Industries","www.kubrerkindustries.example","(702) 555-0100","4301 Gomez Blvd","Port Jesus","OR","97577","United States","Not For Profit","88","0055A02sSeu3Y8qQIE","","2021-07-26T07:01:13.000Z","2021-10-29T17:02:19.000Z","LA-173520"
"0015A0U8e3hKCJsQCO","Braetrel Industries Corp.","http://braetrel.example","+1 972 555 0174","8524 Noble Way","Chelseamouth","AK","99840","United States","Retail","300","0055A01uzBTkGd7QQF","","2022-05-17T10:26:47.000Z","2026-08-10T15:23:49.000Z","LA-698167"
"0015A0q1xSA1MFZQQ3","Praedrior Foods Inc.","https://www.praedrior.example/about","206.555.0121","685 Kaiser Avenue","Brandonland","IN","46678","United States","Communications","49","0055A02sSeu3Y8qQIE","","2025-01-06T05:17:26.000Z","2025-12-16T22:07:53.000Z","LA-506474"
"0015A0Zn55IKUCEQC5","Tiodol Supply Corporation","https://tiodol.example/","+1 212 555 0126","5687 Lopez Dr","Miguelmouth","PW","96940","United States","Energy","16","0055A0GDajGWdDLQG1","","2022-01-06T18:44:49.000Z","2024-08-21T18:06:46.000Z","LA-913054"
"0015A0Hb38bx3pPQCQ","Skeflynd Analytics Inc.","https://skeflynd.example/","","33362 Hamilton Avenue","South Greggbury","NE","68023","United States","Environmental","300","0055A02sSeu3Y8qQIE","","2020-11-16T11:44:54.000Z","2023-04-02T05:14:14.000Z","LA-611233"
"0015A0RUZNA9NsyQ4F","Zygrur Logistics Ltd.","https://www.zygrur.example","1-503-555-0171","892 Reyes Court","Stacymouth","IL","62163","United States","Machinery","307","0055A0e5wmsQdryQAC","","2021-12-10T11:34:57.000Z","2026-06-28T11:59:59.000Z","LA-434050"
"0015A01XdTzlhXFQUY","Kyjoum Materials Corporation","","1-212-555-0129","684 Smith Rd","East Robert","VA","23162","United States","Electronics","86","0055A0fCkAOyoTsQUJ","","2022-05-05T03:47:32.000Z","2026-04-28T01:58:57.000Z","LA-767755"
"0015A0xlyvTlA1hQAF","Noumyx Partners LLC","","1-972-555-0168","20591 Hess Way","Sandersfort","RI","02872","United States","Machinery","18","0055A01uzBTkGd7QQF","","2021-10-31T20:41:19.000Z","2025-02-02T05:18:27.000Z","LA-588045"
"0015A0bBHltB7tkQMC","Niogoun Robotics","https://www.niogoun.example/about","1-305-555-0177","584 Dominguez Lane Suite 936","New Danielbury","OK","73038","United States","Environmental","19","0055A01uzBTkGd7QQF","","2020-10-13T08:47:37.000Z","2026-08-11T19:46:53.000Z","LA-321733"
"0015A01G82vxnTRQEY","Faihave Manufacturing Inc","https://www.faihave.example","1-512-555-0143","9759 Munoz Pkwy","Davidstad","WV","25255","United States","Technology","83","0055A0GDajGWdDLQG1","","2025-02-07T23:15:51.000Z","2026-03-14T11:57:25.000Z","LA-901563"
"0015A0tlqdezhoHQAQ","Voucurk Capital Inc.","https://www.voucurk.example/about","312.555.0182","35219 Burke Road Suite 183","Bassport","NM","87433-1106","United States","Hospitality","751","0055A01uzBTkGd7QQF","","2024-01-07T10:45:36.000Z","2026-06-26T07:47:42.000Z","LA-643664"
"0015A0nUIT3ztfCQ2Q","Vaefaex Holdings Inc","https://www.vaefaex.example/about","(617) 555-0117","005 Cannon Parkway Suite 517","Smithside","TN","37661","United States","Insurance","45","0055A0e5wmsQdryQAC","","2022-11-23T17:37:38.000Z","2024-08-16T14:13:50.000Z","LA-871843"
"0015A02Gs9b9Xn7QEE","Draetraive Technologies Ltd.","draetraive.example","","750 Kline Court Suite 358","Fowlerstad","TX","78551","United States","Not For Profit","21","0055A01uzBTkGd7QQF","","2018-12-19T01:53:54.000Z","2025-03-30T08:54:39.000Z","LA-238850"
"0015A0RipDENFUUQS5","Cigraeq Energy Co.","www.cigraeq.example","+1 312 555 0183","7655 Duarte Drive","Blackburnberg","NM","87747","United States","Hospitality","153","0055A0e5wmsQdryQAC","","2020-12-27T02:58:20.000Z","2022-05-06T18:02:31.000Z","LA-666694"
"0015A0wx7yFQ4QwQAL","Codark Services","https://www.codark.example","415-555-0123","06276 Conley Place Suite 250","South Gwendolyn","AR","72498","United States","Other","82","0055A0e5wmsQdryQAC","","2023-12-30T05:50:27.000Z","2025-09-22T20:57:42.000Z","LA-658693"
"0015A0hGq7MnauSQER","Toquuq Freight Co.","https://www.toquuq.example/about","904.555.0135","96648 Armstrong Street","Arielview","OR","97326","United States","Entertainment","80","0055A02sSeu3Y8qQIE","","2018-04-12T09:33:43.000Z","2018-10-27T02:58:30.000Z","LA-740347"
"0015A0Tfs7qzxpWQCQ","Jepryq Logistics LLC","https://www.jepryq.example","+1 512 555 0199","078 Hill Drive","East Tylerhaven","ME","04523","United States","Education","6","0055A0GDajGWdDLQG1","","2023-04-25T15:46:38.000Z","2024-09-21T20:09:07.000Z","LA-847256"
"0015A0oYj7tyV9JQEU","Brigove Manufacturing Corp.","WWW.BRIGOVE.EXAMPLE","702-555-0144","8008 Rodriguez Court Suite 983","Port Heatherport","IN","46936","United States","Machinery","34","0055A02sSeu3Y8qQIE","","2024-01-14T09:49:20.000Z","2024-05-11T08:47:12.000Z","LA-469000"
"0015A02sQ1EvgMRQIZ","Vekouth Robotics LLC","vekouth.example","+1 617 555 0143","8265 Clay Court","Charlesborough","TN","37985","United States","Finance","41","0055A02sSeu3Y8qQIE","","2020-05-24T19:25:59.000Z","2025-04-11T22:09:19.000Z","LA-363554"
"0015A0qOBKhxrFJQ2Y","Hovoth Analytics Inc.","http://hovoth.example","415.555.0141","65142 Schwartz Lane","New Connor","KY","41280","United States","Education","34","0055A0e5wmsQdryQAC","","2018-07-27T08:30:24.000Z","2019-06-19T10:33:09.000Z","LA-271716"
"0015A06Xxs6LPHYQE4","Stoubyrk Dynamics Corp.","https://www.stoubyrk.example","702.555.0178","178 Lowery Way","Williamsside","KY","40120","United States","Shipping","29","0055A0GDajGWdDLQG1","","2019-11-28T13:12:04.000Z","2021-01-07T15:24:28.000Z","LA-306568"
"0015A0FBs3hlVYgQGM","Tiodaes Services Inc","https://tiodaes.example/","1-617-555-0182","5320 Roach Lane","North Kelseyside","MN","55893","United States","Not For Profit","155","0055A02sSeu3Y8qQIE","","2018-03-17T10:04:11.000Z","2018-04-06T23:14:49.000Z","LA-610459"
"0015A0ky2sJNoY2QAL","Quyjourk Works Corporation","www.quyjourk.example","(904) 555-0197","002 Myers Way","Justinmouth","NV","88910","United States","Not For Profit","48","0055A0yvFxoEhwfQIC","","2017-09-06T23:37:56.000Z","2026-05-05T03:07:43.000Z","LA-678383"
"0015A00MXjk38qTQMQ","Draira International Inc","https://www.draira.example","+1 720 555 0186","898 Coleman Court","Connerberg","HI","96729","United States","Construction","753","0055A0e5wmsQdryQAC","","2018-07-03T06:35:39.000Z","2020-07-08T03:38:21.000Z","LA-779150"
"0015A0zk0InmA86QQE","Houdand Supply Inc","www.houdand.example","+1 503 555 0104","139 Gutierrez Blvd Ste 820","Garciastad","LA","70235","United States","Manufacturing","5003","0055A0e5wmsQdryQAC","","2020-09-14T20:42:32.000Z","2025-08-16T05:38:49.000Z","LA-876270"
"0015A06if4ia7ZqQAI","Hyluth Dynamics LLC","hyluth.example","206-555-0138","484 Hoffman Ln","Spencermouth","NH","03681","United States","Telecommunications","","0055A0e5wmsQdryQAC","","2020-02-14T10:39:13.000Z","2020-09-13T07:22:23.000Z","LA-309288"
"0015A0jzPSqbAmrQYE","Tritath Robotics Inc","https://www.tritath.example","1-503-555-0155","1369 Adams Ct Ste 411","Port Malloryfort","OR","97546","United States","Food & Beverage","158","0055A01uzBTkGd7QQF","","2021-06-05T10:15:38.000Z","2024-10-21T19:11:23.000Z","LA-838858"
"0015A0UxHYTQg49Q0D","Godoum Systems Corporation","godoum.example","415.555.0138","78441 Haney Parkway","Leechester","SC","29209","United States","Chemicals","86","0055A0fCkAOyoTsQUJ","","2018-04-17T02:27:51.000Z","2023-12-13T11:56:35.000Z","LA-786492"
"0015A0am4OdksgaQQA","Vapryve Energy","http://vapryve.example","(312) 555-0102","03131 Perkins Court","East Jasonfurt","SD","57439","United States","Shipping","45","0055A02sSeu3Y8qQIE","","2020-09-14T07:38:20.000Z","2024-03-25T04:45:44.000Z","LA-812668"
"0015A009ZZbVUI9QYO","Louneth Dynamics Inc.","louneth.example","972-555-0110","0598 Flores Way","Lake Patrick","WI","53273","United States","Engineering","80","0055A0yvFxoEhwfQIC","","2021-02-20T14:11:31.000Z","2026-04-24T23:03:05.000Z","LA-710466"
"0015A0C6WwVIo7CQKT","Kewyl Networks Ltd.","www.kewyl.example","(503) 555-0117","7898 Powell Avenue","North Charlesville","NM","87459","United States","Agriculture","154","0055A0GDajGWdDLQG1","","2019-08-23T20:37:42.000Z","2021-07-24T05:19:24.000Z","LA-567035"
"0015A0ctkoepRoOQAU","Miojith Energy Corporation","www.miojith.example","(617) 555-0169","43305 Hendricks Parkway","Paulaville","WA","99020","United States","Not For Profit","1209","0055A0GDajGWdDLQG1","","2019-05-10T15:29:32.000Z","2025-10-19T22:54:17.000Z","LA-809347"
"0015A0nBEnolnclQMA","Diogrouq Networks","https://diogrouq.example/","1-212-555-0144","642 Lawson Street Suite 558","West Dianaport","AZ","85886","United States","Media","11","0055A0e5wmsQdryQAC","","2023-09-11T11:13:37.000Z","2024-08-28T23:07:30.000Z","LA-662234"
"0015A0qHpQrFxRgQUK","Quamynd Manufacturing Inc.","https://quamynd.example/","404.555.0199","871 Bennett Road Suite 123","Heatherhaven","MI","49441","United States","Telecommunications","1202","0055A0e5wmsQdryQAC","","2022-04-14T23:40:39.000Z","2024-10-03T20:45:11.000Z","LA-782562"
"0015A0PVGX0QYCMQ44","Stybiom Outfitters Inc","https://stybiom.example/","(404) 555-0100","603 Sullivan Avenue","New Meganside","FM","96941","United States","Agriculture","10","0055A0yvFxoEhwfQIC","","2017-04-02T19:37:27.000Z","2026-07-02T22:01:30.000Z","LA-159644"
"0015A0kLOxh5VMMQM2","Jejal Materials Ltd.","http://jejal.example","","60287 Gonzalez Lane Suite 301","Randychester","CA","93271","United States","Insurance","752","0055A0e5wmsQdryQAC","","2021-09-07T21:42:06.000Z","2025-01-30T12:04:57.000Z","LA-665881"
"0015A0jOS38Kw5gQMC","Tyflair Freight Inc.","www.tyflair.example","1-972-555-0192","238 Robertson Drive","Bradleystad","CA","91223-8899","United States","Food & Beverage","308","0055A0fCkAOyoTsQUJ","","2025-04-08T11:27:04.000Z","2025-06-10T12:17:04.000Z","LA-638632"
"0015A034QyN5xQNQIZ","Labrum Capital Ltd.","https://www.labrum.example/about","","4032 Smith Boulevard","Judyport","AK","99513","United States","Transportation","1201","0055A02sSeu3Y8qQIE","","2021-09-08T14:28:55.000Z","2024-04-11T21:41:03.000Z","LA-808597"
"0015A0VCjE8I0OaQWK","Priobraem Health Ltd.","https://www.priobraem.example/about","512-555-0153","189 Schmidt Drive Suite 669","Ortizside","MN","55790","United States","Energy","308","0055A01uzBTkGd7QQF","","2023-12-04T03:01:31.000Z","2026-07-04T00:36:06.000Z","LA-673636"
"0015A0PXbhViWX5QGN","Troudrin Labs Corporation","https://troudrin.example/","503-555-0171","698 Archer Court","West Charlesfurt","VT","05059","United States","Hospitality","85","0055A0GDajGWdDLQG1","","2019-06-12T17:59:24.000Z","2024-09-18T22:42:51.000Z","LA-683170"
"0015A0jzntSlXrNQAV","Pragraeve Services LLC","http://pragraeve.example","(312) 555-0111","3434 Bartlett Court","Lake Michaeltown","KS","66618","United States","Insurance","159","0055A0GDajGWdDLQG1","","2021-11-20T21:50:30.000Z","2022-04-29T06:20:49.000Z","LA-821405"
"0015A0joWwRCXnRQIX","Flogo International LLC","https://www.flogo.example","512-555-0159","60847 Anderson Ave","Timothybury","MT","59508","United States","Electronics","759","0055A0e5wmsQdryQAC","","2017-08-30T08:30:21.000Z","2018-05-08T12:23:59.000Z","LA-555092"
"0015A0iS7cGEGBEQE5","Skodrynd Analytics LLC","WWW.SKODRYND.EXAMPLE","972.555.0172","680 Jackson Boulevard Suite 696","Nunezport","ND","58212","United States","Manufacturing","40","0055A01uzBTkGd7QQF","","2021-10-11T17:22:23.000Z","2023-09-18T14:21:34.000Z","LA-726757"
"0015A0RFI7mtHd5QOE","Nyrym Logistics LLC","http://nyrym.example","206-555-0167","9119 Yates Blvd","Abigailland","UT","84151","United States","Biotechnology","16","0055A02sSeu3Y8qQIE","","2019-09-02T19:25:50.000Z","2025-10-07T23:38:13.000Z","LA-738865"
"0015A0ibHRMSNFPQY5","Faicloux Works Inc","www.faicloux.example","(206) 555-0110","9802 Morrow Way","Lake Jennifer","IN","46622","United States","Food & Beverage","16","0055A01uzBTkGd7QQF","","2017-08-27T16:25:29.000Z","2021-04-16T05:14:49.000Z","LA-229862"
"0015A0zGZWFYWOcQ2P","Queprus Systems Inc.","https://www.queprus.example/about","404.555.0199","3840 Dunlap Place","Lopezport","RI","02910","United States","Government","34","0055A0fCkAOyoTsQUJ","","2021-03-25T11:43:44.000Z","2024-05-18T03:15:05.000Z","LA-449336"
"0015A0JWLCAi3fjQ4B","Droskou Industries","https://www.droskou.example","617.555.0120","87219 Grant Rd","Maddenside","MH","96970","United States","Shipping","757","0055A0GDajGWdDLQG1","","2024-09-08T04:10:34.000Z","2025-11-09T01:07:44.000Z","LA-755481"
"0015A0UwqQPv16iQSB","Dovond Solutions Inc.","https://www.dovond.example/about","720.555.0137","85336 Walton Parkway","East Kristin","MT","59629","United States","Shipping","151","0055A0yvFxoEhwfQIC","","2020-03-18T12:37:13.000Z","2020-04-30T07:00:43.000Z","LA-375575"
"0015A0kDh3mZ5NcQEK","Tejaix Materials Inc","www.tejaixmaterials.example","+1 512 555 0110","21694 Chambers St Ste 711","Carlosmouth","VA","24519","United States","Transportation","43","0055A02sSeu3Y8qQIE","","2022-02-12T10:25:34.000Z","2024-06-27T00:45:04.000Z","LA-775806"
"0015A0qHgrwWuZlQEK","Flaegal Robotic LLC","https://www.flaegal.example","","406 Pierce Rd","Jennifershire","IN","47690","United States","Insurance","1268","0055A0yvFxoEhwfQIC","","2018-06-21T19:05:37.000Z","2018-12-18T21:45:31.000Z","LA-639737"
"0015A0VaJzu0KDtQKM","Wiogae Logistics Inc.","www.wiogae.example","","940 Booker Boulevard","North Patriciaberg","MI","49418","United States","Not For Profit","19","0055A0e5wmsQdryQAC","","2021-08-08T02:21:19.000Z","2023-07-23T23:08:33.000Z","LA-411611"
"0015A0Y5G8GtRC4QKN","Riofund Works LLC","http://riofund.example","305-555-0197","1024 Mccullough Way Suite 251","New Frankbury","WY","82953","United States","Telecommunications","1209","0055A0yvFxoEhwfQIC","","2020-12-30T05:55:47.000Z","2023-12-30T10:55:00.000Z","LA-878021"
"0015A0aGGqEiwsfQMB","Zimael Freight Inc","","(972) 555-0119","38599 White Street","Gardnerton","AZ","86400","United States","Apparel","29","0055A02sSeu3Y8qQIE","","2023-11-18T03:39:18.000Z","2024-09-18T03:26:10.000Z","LA-783917"
"0015A0ljkdH1YRpQAN","Skoucun Technologies Inc.","http://skoucun.example","1-813-555-0114","045 Hayes Avenue Suite 311","Lake Jamesmouth","WI","53860","United States","Food & Beverage","153","0055A0e5wmsQdryQAC","","2024-08-04T18:57:09.000Z","2025-07-06T08:18:18.000Z","LA-947027"
"0015A0ak1sBva3LQAR","Howiove Freight Corporation","www.howiove.example","512-555-0158","87147 Taylor Street","Angelaland","GA","31950","United States","Hospitality","25","0055A01uzBTkGd7QQF","","2023-10-18T05:20:02.000Z","2023-12-06T10:06:56.000Z","LA-725269"
"0015A0njqxGJq2HQAT","Skaenaiq Labs LLC","https://skaenaiq.example/","+1 212 555 0161","53442 Vincent Drive","West Adamfurt","WY","82369","United States","Media","48","0055A02sSeu3Y8qQIE","","2023-10-08T08:22:26.000Z","2025-11-27T23:10:51.000Z","LA-634552"
"0015A0OiAGGqVtEQ0V","Bouflynd International Inc","https://www.bouflynd.example","(415) 555-0139","274 Andersen Way","East Charlotte","NJ","07915","United States","Telecommunications","5000","0055A02sSeu3Y8qQIE","","2022-04-06T04:45:25.000Z","2026-08-09T10:34:33.000Z","LA-213800"
"0015A03YVIu9eASQ2Y","Coujend Freight LLC","http://coujend.example","","385 Butler Lane Suite 987","Port Diamond","IN","47444","United States","Construction","44","0055A0GDajGWdDLQG1","","2021-05-25T13:15:52.000Z","2023-04-08T11:14:15.000Z","LA-745299"
"0015A076jJtlskjQQA","Truwas Labs LLC","https://truwas.example/","206.555.0112","01934 Brown Parkway","Mitchellton","WI","54434","United States","Entertainment","1206","0055A0GDajGWdDLQG1","","2020-02-26T11:16:34.000Z","2021-02-21T18:37:18.000Z","LA-918864"
"0015A0n9fhMMqD9QAL","Mekath Health Co.","WWW.MEKATH.EXAMPLE","1-404-555-0140","80246 Bowman Boulevard","Rachelborough","AR","72932","United States","Telecommunications","759","0055A0yvFxoEhwfQIC","","2017-11-10T01:52:07.000Z","2024-11-08T00:02:23.000Z","LA-870729"
"0015A04Fgo8j5IcQEI","Wiodind Logistics LLC","https://www.wiodind.example","+1 415 555 0181","9796 Price Court Suite 944","West Lucasberg","CT","06128","United States","Communications","11","0055A0fCkAOyoTsQUJ","","2024-04-21T15:38:36.000Z","2025-12-12T19:16:27.000Z","LA-166749"
"0015A0I62SMB61YQST","Sabaeq Services Inc","sabaeq.example","617-555-0189","8615 Quinn Boulevard","North Vanessa","PW","96940","United States","Recreation","5001","0055A0e5wmsQdryQAC","","2024-06-17T05:22:02.000Z","2025-05-08T05:19:23.000Z","LA-101756"
"0015A0VJahMMjraQGD","Mustul Energy Inc.","","+1 503 555 0132","430 Klein Road","Port Devin","OK","73083","United States","Machinery","1200","0055A0e5wmsQdryQAC","","2024-11-26T19:52:29.000Z","2025-10-01T06:07:59.000Z","LA-277176"
"0015A0gh65oIW81QAG","Woulend Labs Inc","","+1 312 555 0192","6547 Ray Drive Suite 883","North Brandytown","VT","05490","United States","Utilities","754","0055A02sSeu3Y8qQIE","","2019-01-05T20:42:16.000Z","2022-07-01T02:17:11.000Z","LA-954026"
"0015A0hHrTe4wk9QUA","Braedaith Outfitters Inc","http://braedaith.example","(503) 555-0138","85659 Chandler Street Suite 717","Jenniferfort","GA","31719","United States","Environmental","81","0055A0GDajGWdDLQG1","","2023-03-31T19:19:25.000Z","2026-03-10T08:03:01.000Z","LA-601369"
"0015A0IRybXRYmmQGH","Sudon Systems Inc","","(617) 555-0134","9578 Gray Way","Andrewton","ME","04610","United States","Food & Beverage","5","0055A02sSeu3Y8qQIE","","2019-04-28T10:24:13.000Z","2025-05-06T05:47:40.000Z","LA-295289"
"0015A00WoyqAzPlQEK","Draecaeq Robotics Inc.","www.draecaeq.example","305.555.0169","074 Smith Place Suite 880","New Danielville","MH","96969-8926","United States","Energy","5006","0055A0yvFxoEhwfQIC","","2018-05-17T22:06:44.000Z","2022-08-18T00:21:03.000Z","LA-891311"
"0015A0GKLCMtweyQ4B","Flainom Logistics Corporation","https://www.flainom.example/about","","2574 Webb Road","Lisamouth","MS","38805","United States","Biotechnology","151","0055A01uzBTkGd7QQF","","2018-03-01T14:07:35.000Z","2019-10-07T18:56:58.000Z","LA-767972"
"0015A0xpDgbb418QIA","Rouclyq Logistics","https://www.rouclyq.example","415.555.0156","66828 Cox Rd","Joshuafort","CO","81048","United States","Communications","87","0055A0GDajGWdDLQG1","","2024-07-25T09:26:56.000Z","2026-01-07T02:05:36.000Z","LA-567308"
"0015A0BQLsNz7nDQOR","Stosteq Capital Inc","stosteq.example","1-512-555-0198","05901 Forbes Way","West Aliceland","DC","20018","United States","Government","29","0055A01uzBTkGd7QQF","","2024-01-09T15:22:20.000Z","2025-12-26T01:52:26.000Z","LA-910967"
"0015A0djCQC9d2WQYR","Skaihio Holdings Co.","http://skaihio.example","1-305-555-0169","0833 Hill Parkway","Kennedyton","MH","96961","United States","Government","301","0055A0yvFxoEhwfQIC","","2019-10-19T01:05:38.000Z","2026-06-16T03:06:19.000Z","LA-778131"
"0015A0fUe4cly0rQEA","Baijai Health","","+1 503 555 0105","61689 Wong Street","Joyfort","NE","68054","United States","Food & Beverage","18","0055A0GDajGWdDLQG1","","2022-10-18T04:43:29.000Z","2023-11-26T09:09:08.000Z","LA-734174"
"0015A0VPmdIwt5JQGR","Claisove Works Corp.","https://claisove.example/","1-312-555-0141","36812 Heath Avenue Suite 954","Davidstad","MS","39689","United States","Apparel","309","0055A0e5wmsQdryQAC","","2023-01-06T02:24:45.000Z","2026-03-04T17:23:39.000Z","LA-411803"
"0015A0b3wnoCSKJQA4","Greseve Works Inc","WWW.GRESEVE.EXAMPLE","+1 212 555 0153","8920 Warren Pkwy","Chelseyside","WI","53018","United States","Government","47","0055A0yvFxoEhwfQIC","","2024-05-01T11:27:13.000Z","2026-07-13T06:52:20.000Z","LA-120363"
"0015A0V3Uy4EgvyQKC","Neskurk Energy Corp.","http://neskurk.example","904.555.0100","22256 Franco Boulevard Suite 211","Blackwellmouth","LA","70281","United States","Construction","13","0055A0yvFxoEhwfQIC","","2021-04-27T03:01:23.000Z","2023-01-02T04:21:14.000Z","LA-633583"
"0015A0GLcoPXpfLQGT","Cofliq Foods Corporation","https://www.cofliq.example/about","(512) 555-0134","34683 Turner Drive Suite 857","West Jasminbury","ME","04820","United States","Banking","47","0055A0yvFxoEhwfQIC","","2020-07-25T03:15:46.000Z","2026-06-12T18:55:54.000Z","LA-681995"
"0015A0IYNm2Ae2xQOC","Graflion Capital LLC","www.graflion.example","(404) 555-0116","3452 Wong Parkway","Josephbury","FL","32980","United States","Hospitality","26","0055A0yvFxoEhwfQIC","","2024-08-01T22:58:58.000Z","2024-09-25T15:34:31.000Z","LA-641438"
"0015A0agCn5hTxCQIU","Mystiove Works Corporation","","+1 312 555 0108","","South Rebeccachester","SC","29859","United States","Media","9360","0055A0GDajGWdDLQG1","","2017-04-03T18:46:30.000Z","2024-08-01T07:23:56.000Z","LA-952173"
"0015A0yUuQ4oWnoQUE","Prumem Freight LLC","https://prumem.example/","1-904-555-0135","6271 Dyer Lane","South Julie","KS","66338","United States","Apparel","309","0055A0e5wmsQdryQAC","","2021-05-15T23:41:41.000Z","2025-11-03T09:07:50.000Z","LA-842460"
"0015A0mRBIe6Mk2Q2E","Jouciol International Co.","jouciol.example","+1 702 555 0132","726 Perez Street","Bellfurt","AR","72526","United States","Hospitality","156","0055A02sSeu3Y8qQIE","","2024-04-17T21:26:31.000Z","2025-07-30T17:49:23.000Z","LA-159782"
"0015A0dfzjrcrrMQAQ","Hiwaiq Freight Ltd.","https://www.hiwaiq.example","+1 702 555 0178","29258 Molina Place","North Dawnport","NM","87736","United States","Manufacturing","750","0055A0yvFxoEhwfQIC","","2020-12-19T01:51:34.000Z","2021-12-24T04:26:05.000Z","LA-992486"
"0015A085AGopujmQYA","Wiobirk Systems Inc","www.wiobirk.example","206.555.0125","4673 Robles Street","Jonesburgh","HI","96892","United States","Shipping","156","0055A0e5wmsQdryQAC","","2017-04-04T21:31:19.000Z","2020-11-04T20:03:53.000Z","LA-483109"
"0015A0Yb0dgKhwnQCC","Farou Materials Ltd.","farou.example","415-555-0142","1140 Henry Road","West Michael","SD","57504","United States","Other","82","0055A01uzBTkGd7QQF","","2022-10-03T16:01:55.000Z","2022-12-21T19:07:13.000Z","LA-352639"
"0015A0j1o0gcbz1QAA","Stuneth Solutions Corp.","www.stuneth.example","","7512 Le Lane","South Kristin","CA","93062","United States","Energy","1204","0055A0GDajGWdDLQG1","","2021-09-25T18:48:01.000Z","2022-05-04T01:09:14.000Z","LA-972978"
"0015A0AOwZofnlbQWA","Tefiom Freight Corp.","https://www.tefiom.example","+1 702 555 0143","6842 Morris Lane","South Judy","MA","01678","United States","Media","1204","0055A0yvFxoEhwfQIC","","2019-03-16T17:01:55.000Z","2021-10-15T23:43:11.000Z","LA-398195"
"0015A05dkZzw3xZQQQ","Rewyrk Services Corp.","https://www.rewyrk.example/about","(415) 555-0141","8979 Pope Way","Lake Charlesborough","GA","31118","United States","Retail","1204","0055A0yvFxoEhwfQIC","","2018-10-17T14:05:33.000Z","2020-09-19T22:45:56.000Z","LA-336768"
"0015A0c1Vjm4QNRQI2","Jioflos Technologies Ltd.","https://www.jioflos.example","(904) 555-0182","08473 Sullivan Boulevard","Lake Markville","SC","29263-6074","United States","Entertainment","13","0055A02sSeu3Y8qQIE","","2019-01-11T12:02:04.000Z","2021-02-24T21:19:06.000Z","LA-795321"
"0015A0suLX9ykYiQYI","HESTY SVCS LTD.","","","70537 Grimes Avenue Suite 150","West Markberg","WA","98779","United States","Government","25","0055A02sSeu3Y8qQIE","","2022-11-29T17:52:40.000Z","2025-07-15T10:14:22.000Z","LA-149938"
"0015A0QJswdYpTpQGK","Prairys Networks Inc.","https://www.prairys.example/about","1-813-555-0166","14867 Cox Street Suite 660","Williamsberg","ID","83405","United States","Telecommunications","1203","0055A0e5wmsQdryQAC","","2023-07-05T04:09:39.000Z","2023-12-01T09:37:41.000Z","LA-199814"
"0015A0l993AnKdxQAF","Tistaix Capital Co.","WWW.TISTAIXCAPITAL.EXAMPLE","+1 512 555 0104","7517 Garrett Avenue","Ramoschester","FM","96944","United States","Recreation","42","0055A0e5wmsQdryQAC","","2017-04-06T03:19:10.000Z","2017-08-11T21:42:19.000Z","LA-912153"
"0015A0E1hI6qnCbQSI","Jostoul Works Corp.","https://www.jostoul.example","(503) 555-0142","62459 Johnson Way","Kimberlybury","DE","19960","United States","Shipping","7","0055A0fCkAOyoTsQUJ","","2018-04-20T17:05:31.000Z","2026-01-31T17:09:25.000Z","LA-758785"
"0015A0UynsSxfcJQCR","Webaeve Partners LLC","www.webaeve.example","1-503-555-0139","536 Ramirez Avenue Suite 799","Obrienstad","WV","25916","United States","Finance","45","0055A0e5wmsQdryQAC","","2020-05-25T09:00:27.000Z","2024-02-20T03:37:55.000Z","LA-648872"
"0015A0w3D0novH2QII","Skanaith Analytics Inc.","https://www.skanaith.example/about","","161 Ward Court","Lanceberg","PW","96940","United States","Environmental","14","0055A0yvFxoEhwfQIC","","2017-06-02T05:25:43.000Z","2026-05-01T15:10:21.000Z","LA-954315"
"0015A0tNKDlCDeSQ2W","Draflios Logistics Ltd.","","305-555-0186","9626 Reed Street","West Ana","MN","56356-2659","United States","Transportation","48","0055A0GDajGWdDLQG1","","2022-06-27T11:52:25.000Z","2026-07-12T07:02:37.000Z","LA-674342"
"0015A0msZ79rHKWQI2","Daidrain Logistics Inc.","https://www.daidrain.example/about","+1 720 555 0133","051 Gonzalez Place","Tinaside","NY","11640","United States","Shipping","16","0055A0fCkAOyoTsQUJ","","2020-06-03T07:46:51.000Z","2026-01-13T15:00:52.000Z","LA-550500"
"0015A0zbWSUUEakQYH","Graivis Systems LLC","https://www.graivis.example","404.555.0108","989 Krause St","South Christian","MT","59324-5371","United States","Construction","82","0055A01uzBTkGd7QQF","","2019-03-24T06:37:56.000Z","2020-11-01T15:01:22.000Z","LA-481244"
"0015A07aqcfl3foQAA","Rycloul Solutions Co.","https://www.rycloul.example/about","+1 305 555 0165","62084 Terry Boulevard","Mcdanielland","CA","96134","United States","Banking","309","0055A0fCkAOyoTsQUJ","","2018-09-10T03:28:55.000Z","2023-12-29T21:51:16.000Z","LA-574461"
"0015A0cqIiwvdSXQIY","Naetaes Dynamics Co.","https://www.naetaes.example/about","(312) 555-0146","89960 Blanchard Way","New Crystalburgh","MN","56072","United States","Other","1204","0055A02sSeu3Y8qQIE","","2021-08-10T11:39:11.000Z","2022-04-06T12:01:15.000Z","LA-911889"
"0015A0jhM3PfIwVQIV","Dryhaer Manufacturing Ltd.","https://www.dryhaer.example","+1 972 555 0114","2086 Olsen Street","Ruizhaven","NY","10071","United States","Biotechnology","5001","0055A0yvFxoEhwfQIC","","2018-04-17T11:48:56.000Z","2018-11-12T02:33:00.000Z","LA-603155"
"0015A0dPhnYUA1fQEH","Maisyn Outfitters Ltd.","https://maisyn.example/","720-555-0163","787 Taylor Road","Nelsonport","NE","68028","United States","Machinery","5","0055A0fCkAOyoTsQUJ","","2025-02-22T07:40:12.000Z","2025-07-24T10:11:33.000Z","LA-664262"
"0015A08bOb3gC9rQIE","Pahiom Robotics Co.","www.pahiom.example","+1 617 555 0106","9826 Jennings Boulevard Suite 550","New Tina","CA","93315","United States","Healthcare","156","0055A0fCkAOyoTsQUJ","","2023-06-20T05:52:43.000Z","2025-08-02T07:21:40.000Z","LA-368429"
"0015A0A9QbBtDMSQK3","Pojail Technologies LLC","","(305) 555-0159","4583 Jacobs Way Suite 291","Lake Victorberg","MH","96963","United States","Machinery","15","0055A0fCkAOyoTsQUJ","","2017-08-11T03:26:03.000Z","2024-02-18T04:10:46.000Z","LA-339249"
"0015A0tq6ljyYdMQAU","Rymound Dynamics Inc.","https://rymound.example/","813-555-0103","5277 Warren Way Ste 206","West Scott","UT","84166","United States","Government","14","0055A02sSeu3Y8qQIE","","2022-10-24T16:52:19.000Z","2025-07-03T03:46:42.000Z","LA-399105"
"0015A0X2V9HJR4GQKX","Naibaith Systems Inc.","https://naibaith.example/","+1 415 555 0173","9027 May Road","South Davidton","FM","96941","United States","Biotechnology","40","0055A02sSeu3Y8qQIE","","2017-05-10T08:56:32.000Z","2026-01-26T17:37:48.000Z","LA-650353"
"0015A0OgQmtwkOuQKI","Siobork Dynamics Inc.","https://www.siobork.example/about","1-312-555-0104","738 Thornton Pkwy","Campbellstad","MO","63307","United States","Biotechnology","12","0055A0e5wmsQdryQAC","","2024-03-14T03:22:25.000Z","2026-04-17T15:36:21.000Z","LA-454348"
"0015A0yMZqksx9CQMQ","Drubim Dynamics LLC","drubim.example","1-404-555-0185","4604 Beasley Boulevard Suite 777","Andrewmouth","UT","84699","United States","Telecommunications","151","0055A0e5wmsQdryQAC","","2022-08-11T06:36:39.000Z","2024-05-29T10:35:34.000Z","LA-215012"
"0015A0Y5GXGuceNQ0R","Mairym Labs Co.","WWW.MAIRYM.EXAMPLE","+1 512 555 0155","9344 Dickerson Place","Port Gregorytown","CA","95949","United States","Apparel","21","0055A0fCkAOyoTsQUJ","","2019-06-13T10:16:39.000Z","2021-11-21T05:13:25.000Z","LA-767656"
"0015A00uK4RicpuQIB","Grufun Freight LLC","http://grufun.example","","5556 Carr Street","Port Craig","NE","68086","United States","Chemicals","159","0055A0fCkAOyoTsQUJ","","2017-05-23T14:28:37.000Z","2020-04-18T17:23:35.000Z","LA-710358"
"0015A0YWBrcQCErQOO","Studis Energy Corp.","WWW.STUDIS.EXAMPLE","1-415-555-0166","473 Harris Ct","Cruzbury","DE","19883","United States","Machinery","29","0055A0yvFxoEhwfQIC","","2022-09-01T08:44:42.000Z","2026-04-22T08:53:52.000Z","LA-122707"
"0015A0q7Aj9uAnXQIU","Mioneth Technologies Inc","mioneth.example","+1 617 555 0134","180 Green Lane","East Elizabeth","ME","04233","United States","Consulting","7","0055A01uzBTkGd7QQF","","2023-11-14T19:21:11.000Z","2025-03-02T23:02:40.000Z","LA-951795"
"0015A09jyK4tA0yQQE","Cousker Partners","","813-555-0129","089 Mckay Boulevard","Warnermouth","VA","22226","United States","Utilities","20","0055A0GDajGWdDLQG1","","2020-08-05T23:43:24.000Z","2023-06-26T03:44:41.000Z","LA-349340"
"0015A0m6pnxn5zjQAA","Faepes Manufacturing Co.","https://www.faepes.example/about","972.555.0193","8319 Lopez Place Suite 312","Fuentesfort","OK","73081","United States","Energy","21","0055A0yvFxoEhwfQIC","","2022-10-02T14:50:46.000Z","2024-06-06T04:52:27.000Z","LA-997339"
"0015A0A4qSCVIIOQS5","Jaicave Partners Corp.","","+1 404 555 0197","12301 Holmes Blvd","East David","NY","12950","United States","Food & Beverage","758","0055A0fCkAOyoTsQUJ","","2023-11-01T07:54:56.000Z","2025-06-11T15:37:07.000Z","LA-353251"
"0015A0Jx8MpKX4cQSG","Foclurk Dynamics","https://www.foclurk.example","212-555-0161","82357 Flores Court","Medinaton","WI","53487","United States","Not For Profit","5007","0055A0e5wmsQdryQAC","","2017-06-01T17:14:04.000Z","2022-05-23T12:30:49.000Z","LA-916013"
"0015A0sC5jSR78dQED","Baeziove Holdings Inc.","","1-305-555-0103","91432 Lamb Place","Port Eric","OK","73038","United States","Consulting","1202","0055A0GDajGWdDLQG1","","2023-01-31T01:40:23.000Z","2023-12-03T19:27:13.000Z","LA-238621"
"0015A0Vbs7Y4NK6QCN","Drourive Networks","https://www.drourive.example","+1 212 555 0180","405 Kirby Way","Lake Patricia","TX","79253","United States","Food & Beverage","86","0055A01uzBTkGd7QQF","","2022-12-04T22:19:46.000Z","2024-09-08T08:02:54.000Z","LA-452300"
"0015A0mxGf30QIAQI2","Bequix Robotics Inc.","bequix.example","617.555.0188","8910 Cisneros Parkway","Melissaview","AL","36841","United States","Media","80","0055A02sSeu3Y8qQIE","","2022-10-02T17:44:08.000Z","2025-01-19T18:22:27.000Z","LA-152197"
"0015A0WSUvoQwuEQOS","Bravo Holdings Corporation","WWW.BRAVO.EXAMPLE","1-702-555-0104","1745 Hill Boulevard","Sanchezmouth","ND","58212","United States","Government","751","0055A01uzBTkGd7QQF","","2020-02-28T08:31:02.000Z","2020-06-24T01:43:27.000Z","LA-543116"
"0015A0naM4F9d2BQIR","Stipryth Outfitters LLC","","1-972-555-0139","5298 Lam Boulevard","Petersville","AZ","85434","United States","Recreation","305","0055A0e5wmsQdryQAC","","2023-07-25T05:32:26.000Z","2025-10-21T19:59:44.000Z","LA-488301"
"0015A0Jz970wRI4QCM","Cliokaiq Materials Inc","WWW.CLIOKAIQ.EXAMPLE","1-404-555-0119","36527 Harper Way Suite 470","Port Brendafort","KS","67055","United States","Hospitality","80","0055A01uzBTkGd7QQF","","2021-08-20T09:21:47.000Z","2023-01-07T12:49:37.000Z","LA-900100"
"0015A0Jz7XclmuTQSQ","Bytios Technologies","https://www.bytios.example/about","+1 503 555 0138","3844 White Court","Donaldberg","KY","41761","United States","Chemicals","159","0055A0e5wmsQdryQAC","","2025-01-06T18:34:56.000Z","2026-01-27T11:53:55.000Z","LA-541876"
"0015A06kwsp6q9rQAA","Clumiox Outfitters","clumiox.example","+1 617 555 0144","27677 Phillips Ln","North Gavin","LA","71062","United States","Engineering","305","0055A0GDajGWdDLQG1","","2017-03-13T02:00:42.000Z","2019-06-20T04:06:52.000Z","LA-617830"
"0015A0U0wTEMpWxQSL","Flaizior Partners Inc.","https://flaizior.example/","305-555-0165","0732 Ashley Lane","Christopherborough","MN","55415-8043","United States","Agriculture","49","0055A02sSeu3Y8qQIE","","2025-05-15T06:43:41.000Z","2025-10-17T01:55:05.000Z","LA-203519"
"0015A0FWPpo9fBPQOY","Trecax Energy Inc.","https://www.trecax.example","(206) 555-0115","196 Mueller Boulevard","West Amanda","UT","84467","United States","Government","152","0055A0yvFxoEhwfQIC","","2020-07-18T23:34:13.000Z","2024-07-07T20:03:23.000Z","LA-172491"
"0015A0MWom9vHhVQGU","Raigron Capital Co.","http://raigron.example","(404) 555-0170","42776 Wilson Drive","Davischester","CT","06169","United States","Media","8","0055A02sSeu3Y8qQIE","","2022-09-05T22:52:16.000Z","2025-03-17T16:16:22.000Z","LA-396859"
"0015A0jgYOi8VWdQYM","Rystaem Services Inc","rystaem.example","305-555-0190","296 Carter Court","North Derrick","FM","96941","United States","Consulting","18","0055A02sSeu3Y8qQIE","","2020-10-22T14:50:24.000Z","2022-06-26T17:01:52.000Z","LA-830650"
"0015A0fryTm7Ye3QQE","Hene Materials Corporation","","(702) 555-0189","872 Livingston Drive Suite 304","Lake Rachelchester","MD","21925","United States","Media","49","0055A0fCkAOyoTsQUJ","","2024-03-16T11:10:52.000Z","2025-01-22T08:40:15.000Z","LA-744888"
"0015A0ATcRA76bqQWB","Pyfail Technologies LLC","https://pyfail.example/","415-555-0170","11387 Li Boulevard","Fletcherland","ME","04115","United States","Utilities","7","0055A0GDajGWdDLQG1","","2025-06-13T12:32:48.000Z","2026-01-16T00:16:59.000Z","LA-975190"
"0015A0H3eGpkT5lQSE","Traiclaem Foods Inc.","http://traiclaem.example","206.555.0193","14291 Fernandez Drive","East Jonathan","MA","02222","United States","Government","5004","0055A0yvFxoEhwfQIC","","2022-09-30T02:47:57.000Z","2024-03-01T05:43:49.000Z","LA-370136"
"0015A0kKBJsFQqMQ2W","Stefior Logistics Co.","https://www.stefior.example/about","503-555-0165","694 Lang Drive","Cantrellmouth","OH","45720","United States","Recreation","9","0055A02sSeu3Y8qQIE","","2020-11-19T17:31:02.000Z","2026-02-03T05:28:35.000Z","LA-565084"
"0015A0YG3WN9DAmQWN","Pruquaith Services Inc.","https://www.pruquaith.example","","258 Kelley Way Suite 212","Chavezview","FM","96941-8971","United States","Government","5006","0055A02sSeu3Y8qQIE","","2022-01-15T13:23:09.000Z","2024-07-24T04:39:05.000Z","LA-950143"
"0015A0AG4VvqFBVQW2","Fyliork Health Inc","","617.555.0141","380 Sanchez Parkway Suite 128","Parsonsburgh","MI","48862","United States","Utilities","85","0055A0fCkAOyoTsQUJ","","2024-11-15T09:58:15.000Z","2025-09-07T15:27:09.000Z","LA-197025"
"0015A0jGnNYsneEQUR","Doutround Health Inc","WWW.DOUTROUND.EXAMPLE","1-972-555-0190","433 Brooks Road","South Roger","NM","87950-4490","United States","Transportation","1202","0055A0GDajGWdDLQG1","","2020-04-26T23:42:56.000Z","2020-05-05T07:07:42.000Z","LA-933964"
"0015A0mqbMb5c22QQA","Fujath Systems LLC","https://www.fujath.example","","635 Cummings Lane","Michaelastad","UT","84586","United States","Healthcare","5","0055A0yvFxoEhwfQIC","","2018-09-15T19:37:31.000Z","2023-01-05T18:11:20.000Z","LA-187940"
"0015A00kwLirmTSQQY","Soukas Outfitters Inc","www.soukas.example","206-555-0133","10122 Lewis Court Suite 918","Ramirezhaven","IA","50442","United States","Hospitality","21","0055A0e5wmsQdryQAC","","2018-04-07T15:18:51.000Z","2023-11-27T04:21:49.000Z","LA-712035"
"0015A0gFDKEnssjQ2B","Kutren Robotics Inc.","https://www.kutren.example","+1 512 555 0194","10103 Jacobs Drive","New Katherine","ND","58505","United States","Chemicals","1206","0055A0fCkAOyoTsQUJ","","2020-03-18T08:30:56.000Z","2023-01-28T04:54:56.000Z","LA-926606"
"0015A0881iMZbAhQAL","Sugai Services","WWW.SUGAI.EXAMPLE","(312) 555-0111","710 Lawson Parkway","Shawfurt","PA","17170","United States","Telecommunications","15","0055A0GDajGWdDLQG1","","2023-12-20T11:35:21.000Z","2026-05-20T15:23:11.000Z","LA-666679"
"0015A0Yfx7F2FbGQCV","Taibath Networks Inc.","https://www.taibath.example/about","(904) 555-0186","861 Garner Street Suite 746","Frenchshire","RI","02821","United States","Finance","44","0055A0fCkAOyoTsQUJ","","2023-08-05T09:51:09.000Z","2025-07-29T20:42:44.000Z","LA-739742"
"0015A0npQncz7A0QII","Skyrend Partners Inc.","https://www.skyrend.example","(415) 555-0170","760 Strong Dr","Port Brandon","ID","83685","United States","Apparel","303","0055A0yvFxoEhwfQIC","","2022-04-17T22:46:26.000Z","2025-01-16T10:13:51.000Z","LA-656839"
"0015A0o2XkCPeF3QIL","Motel Analytics","www.motel.example","720.555.0167","28169 Lopez Road","Port Clinton","AK","99523","United States","Healthcare","152","0055A0e5wmsQdryQAC","","2023-06-26T21:53:01.000Z","2024-02-26T09:57:01.000Z","LA-590417"
