"Id","Name","Website","Phone","BillingStreet","BillingCity","BillingState","BillingPostalCode","BillingCountry","Industry","NumberOfEmployees","OwnerId","ParentId","CreatedDate","LastModifiedDate","Legacy_Account_Number__c"
"0015A0WLQse4kGYQOY","Cliofland Energy Ltd.","","1-720-555-0144","429 Torres Street","Lyonschester","MI","49026","United States","Telecommunications","303","0055A0uyQiqdtqRQIQ","","2023-05-16T01:45:58.000Z","2024-05-19T04:31:37.000Z","LA-697045"
"0015A0OeGCMhLnTQ0V","Tojaq Systems Co.","www.tojaq.example","617-555-0189","943 Garcia Pkwy","East Katrinaport","ND","58054","United States","Consulting","5004","0055A0cR5VB3fAdQUJ","","2019-01-11T20:05:42.000Z","2023-10-28T21:44:44.000Z","LA-469125"
"0015A0stARJqYQVQY3","Grehouth Manufacturing LLC","www.grehouth.example","813.555.0109","54634 Fisher Avenue","Lake Joseph","ND","58423","United States","Engineering","151","0055A0kaLqDNLyaQIH","","2019-10-02T17:55:56.000Z","2023-03-28T21:07:26.000Z","LA-604673"
"0015A0YXC8filjiQOA","Briogyve Manufacturing","https://www.briogyve.example","","0408 Murphy Boulevard","East Amber","AK","99787","United States","Government","309","0055A0WTUKgiexlQ4A","","2018-07-24T22:42:17.000Z","2023-09-04T19:50:34.000Z","LA-573583"
"0015A0KwPxDGIhcQKH","Wymund Services Inc","http://wymund.example","1-312-555-0147","3996 Hinton Street Suite 801","Priceborough","MA","01112","United States","Technology","26","0055A0cR5VB3fAdQUJ","","2019-02-14T06:11:32.000Z","2022-05-29T15:51:46.000Z","LA-577763"
"0015A08eSrCxG3rQIF","Briocourk Manufacturing Corp.","https://www.briocourk.example/about","1-206-555-0187","974 Taylor Avenue","Port Carlosfurt","ME","04955","United States","Apparel","1200","0055A0WTUKgiexlQ4A","","2023-05-27T12:31:08.000Z","2026-03-16T20:39:20.000Z","LA-549928"
"0015A0MfVh5LSCGQK4","Paebruq Labs Inc.","WWW.PAEBRUQ.EXAMPLE","(904) 555-0192","701 Campbell Avenue","Port Johnmouth","PA","16766","United States","Apparel","308","0055A0uyQiqdtqRQIQ","","2025-03-28T10:04:09.000Z","2025-07-13T13:24:10.000Z","LA-395449"
"0015A0RgcWmblozQSA","Skiwaix Dynamics Corp.","https://skiwaix.example/","+1 212 555 0157","837 Pearson Drive","Tammyport","SC","29822","United States","Manufacturing","306","0055A0WTUKgiexlQ4A","","2023-01-13T19:03:07.000Z","2023-12-14T17:10:55.000Z","LA-595580"
"0015A0ZVR5uRAC8QOO","Jaibriom Services LLC","","(720) 555-0165","574 Carroll Street","Susanborough","IL","61231","United States","Machinery","5007","0055A04zdljoQKaQAM","","2025-02-11T16:26:58.000Z","2025-07-17T20:14:56.000Z","LA-189472"
"0015A0IteFnp1HiQSI","Claiclyr Services Corporation","claiclyr.example","305.555.0122","649 White Lane Suite 724","Nataliechester","WI","53833","United States","Chemicals","30","0055A04zdljoQKaQAM","","2018-09-06T10:58:25.000Z","2021-11-23T20:21:57.000Z","LA-416202"
"0015A0Va9mZK8f8QCD","Veboum Outfitters Inc.","https://www.veboum.example","+1 305 555 0161","55950 Palmer Street","West Jayshire","WA","99102","United States","Environmental","18","0055A0uyQiqdtqRQIQ","","2023-01-19T20:28:15.000Z","2023-04-11T05:45:25.000Z","LA-255085"
"0015A0sXhe0GqL4QEK","Syskur Technologies Inc","http://syskur.example","1-702-555-0155","98896 Murray Avenue","Bethville","IL","62294","United States","Entertainment","305","0055A0tdEKXfWCmQYN","","2017-05-06T20:25:55.000Z","2017-08-05T18:46:02.000Z","LA-457836"
"0015A0Jv366uVDmQCM","Skycurk Capital Ltd.","WWW.SKYCURK.EXAMPLE","404-555-0171","361 Sherman Boulevard","New Devinbury","GA","31504","United States","Food & Beverage","1206","0055A0uyQiqdtqRQIQ","","2023-01-13T05:15:48.000Z","2025-09-07T04:46:41.000Z","LA-370768"
"0015A0JHDyJFGEpQOP","Braipuq Materials","https://www.braipuq.example","1-813-555-0105","4631 Howe Way Suite 551","West Lorraine","ID","83256","United States","Telecommunications","157","0055A0uyQiqdtqRQIQ","","2025-02-08T16:28:40.000Z","2025-11-26T08:48:12.000Z","LA-209036"
"0015A092JI0CK8jQYG","Brystos Energy Ltd.","https://www.brystos.example/about","1-702-555-0102","9420 Kline Avenue Suite 740","New Gabriellemouth","ND","58390","United States","Construction","31","0055A0cR5VB3fAdQUJ","","2021-12-23T06:42:54.000Z","2025-08-26T12:53:46.000Z","LA-609875"
"0015A0gf2Vhz1iiQQA","Groujaim Health LLC","WWW.GROUJAIM.EXAMPLE","702-555-0135","32032 Smith Lane Suite 426","Lake Lori","GA","31362","United States","Finance","759","0055A0cR5VB3fAdQUJ","","2021-12-21T21:02:04.000Z","2025-01-08T14:33:25.000Z","LA-150596"
"0015A0euQIjVaJdQYK","Jiwyn Outfitters Corporation","jiwyn.example","","75046 Marsh Court Suite 469","Porterville","ND","58740","United States","Environmental","34","0055A0uyQiqdtqRQIQ","","2022-03-15T04:39:43.000Z","2026-05-01T21:21:47.000Z","LA-138740"
"0015A0cKpxkqpXpQEI","Pestork Supply Ltd.","https://www.pestork.example/about","(972) 555-0107","23458 Martinez Pkwy","Brianport","GA","30149","United States","Agriculture","8","0055A0kaLqDNLyaQIH","","2020-07-21T18:27:37.000Z","2021-03-15T02:21:42.000Z","LA-643246"
"0015A08wubRDhFQQA1","Basiom International Corporation","WWW.BASIOM.EXAMPLE","(904) 555-0114","115 Atkins Boulevard","Port Christianside","VA","23044","United States","Utilities","309","0055A0WTUKgiexlQ4A","","2018-04-10T21:26:01.000Z","2020-08-21T01:30:08.000Z","LA-395854"
"0015A01vfmeimnfQAA","Prifiom Holdings Corp.","https://www.prifiom.example/about","+1 312 555 0165","4318 Bryant Road","East Andrewshire","RI","02923","United States","Retail","14","0055A0kaLqDNLyaQIH","","2018-09-07T12:29:36.000Z","2023-09-07T00:28:52.000Z","LA-703315"
"0015A0tncFosD0bQQE","Bougem Holdings Inc.","","206.555.0169","32624 Ibarra Road Suite 872","North Tracybury","CT","06070","United States","Not For Profit","7","0055A0cR5VB3fAdQUJ","","2025-06-11T20:29:03.000Z","2025-09-23T01:22:36.000Z","LA-965961"
"0015A04kgZQodvPQQR","Praequand Freight Corporation","www.praequand.example","1-720-555-0137","64870 Silva Lane","West Rebeccaland","TX","77872","United States","Transportation","13","0055A04zdljoQKaQAM","","2019-10-18T03:24:19.000Z","2022-06-23T17:56:05.000Z","LA-591701"
"0015A0mMcpaWh11QEC","Clyprurk Systems Corporation","https://clyprurk.example/","617-555-0176","017 Turner Ct Ste 669","East Crystal","NJ","07188","United States","Technology","152","0055A0uyQiqdtqRQIQ","","2020-03-13T01:59:14.000Z","2021-04-03T09:40:49.000Z","LA-994524"
"0015A0Jqrxu3Zy0QCE","Draecu Energy Inc.","draecu.example","(404) 555-0170","08200 Mueller Parkway","Garciaton","KY","40653","United States","Insurance","1208","0055A0tdEKXfWCmQYN","","2021-09-09T14:28:24.000Z","2024-07-13T23:37:16.000Z","LA-263380"
"0015A0wU9lR8KtpQEF","Noclaix Energy Inc.","https://www.noclaix.example","(813) 555-0145","7684 Price Ct","Port Madisonbury","NH","03751","United States","Shipping","80","0055A0cR5VB3fAdQUJ","","2023-10-29T02:01:50.000Z","2024-12-10T00:17:49.000Z","LA-201101"
"0015A0JGu1PDDhVQGX","Kutai Manufacturing","kutai.example","305.555.0197","6832 Key Lane","East Randall","NC","28137","United States","Apparel","32","0055A0uyQiqdtqRQIQ","","2020-01-22T01:31:40.000Z","2023-05-23T09:55:43.000Z","LA-471766"
"0015A0B31ufJlIMQC0","Regrion Industries Co.","www.regrion.example","","753 Williamson Dr Ste 240","Heathbury","NJ","07678","United States","Chemicals","750","0055A0kaLqDNLyaQIH","","2018-06-29T00:34:07.000Z","2025-06-01T01:27:39.000Z","LA-480886"
"0015A0pv6o3Axf3QAC","Dovoun Materials Corporation","","+1 813 555 0106","81734 Fisher Lane","Copelandton","ME","04214","United States","Machinery","46","0055A0tdEKXfWCmQYN","","2017-02-13T00:31:01.000Z","2021-09-21T21:19:23.000Z","LA-903518"
"0015A0p90vAhmLDQAZ","Suwas Works Corp.","https://suwas.example/","720.555.0108","361 Jackson Road","Jerryburgh","MO","65517-2764","United States","Shipping","9","0055A0WTUKgiexlQ4A","","2021-06-25T22:01:35.000Z","2024-03-30T18:37:08.000Z","LA-133842"
"0015A01zwubudfIQAQ","Skiflel Freight Co.","","206-555-0186","384 Shepard Court Suite 212","Davidton","NC","28420","United States","Consulting","758","0055A0cR5VB3fAdQUJ","","2020-07-13T05:55:19.000Z","2025-10-08T02:31:47.000Z","LA-550881"
"0015A0td5Mp203nQQA","Brabas Robotics Corporation","","972-555-0192","200 Salas Drive","New Joseph","AK","99707","United States","Machinery","9","0055A0kaLqDNLyaQIH","","2019-06-10T11:16:45.000Z","2023-11-20T10:10:27.000Z","LA-999321"
"0015A0jksHW4sksQQB","Civil Materials Corporation","WWW.CIVIL.EXAMPLE","813.555.0131","75917 Smith Place","Riosfort","ID","83269","United States","Entertainment","305","0055A04zdljoQKaQAM","","2022-05-11T02:11:46.000Z","2026-02-09T06:56:15.000Z","LA-446101"
"0015A0PQC0uqSb8QOE","Faewam Outfitters Inc.","faewam.example","+1 702 555 0145","43184 Wallace Drive","Jacobmouth","OR","97178","United States","Machinery","45","0055A04zdljoQKaQAM","","2019-01-22T10:30:27.000Z","2021-01-05T16:06:00.000Z","LA-327634"
"0015A0YSw1KXHZ6QGP","Fygrove Health Corp.","https://www.fygrove.example/about","206.555.0158","279 Griffin Parkway","Lake Adam","VA","23354","United States","Entertainment","752","0055A0kaLqDNLyaQIH","","2017-08-26T11:36:13.000Z","2024-02-27T15:29:28.000Z","LA-698252"
"0015A0KjmFkVuBMQS0","Soudrour Health Co.","www.soudrour.example","212-555-0189","1709 Young Court Suite 611","Josephtown","NE","68075","United States","Hospitality","5002","0055A0WTUKgiexlQ4A","","2019-01-01T23:15:05.000Z","2020-05-31T17:17:31.000Z","LA-728966"
"0015A0Wwtg5z5kBQCQ","Tojaq Sys Corporation","https://www.app.tojaq.example/about","617-555-0189","943 Garcia Parkway","East Katrinaport","ND","58054-4380","United States","Consulting","5004","0055A0WTUKgiexlQ4A","","2022-05-13T06:05:58.000Z","2026-04-30T08:54:51.000Z","LA-208818"
"0015A0z8JbhDKV3QIO","Zozave Analytics LLC","https://www.zozave.example/about","312-555-0107","4577 Rice Court","Lake Cherylville","WV","25440","United States","Energy","756","0055A0cR5VB3fAdQUJ","","2019-05-07T19:39:21.000Z","2025-01-26T09:21:52.000Z","LA-134359"
"0015A0UehCuzZSgQSM","Ziolund Dynamics Inc.","WWW.ZIOLUND.EXAMPLE","702-555-0133","354 Olsen Ln Ste 893","West Matthewtown","NM","87714","United States","Communications","758","0055A0kaLqDNLyaQIH","","2017-04-27T03:26:31.000Z","2025-07-14T18:17:51.000Z","LA-493434"
"0015A0Z08ejB2PuQCK","Daeja Logistics Co.","https://www.daeja.example/about","+1 305 555 0106","819 House Drive","Matthewshire","VT","05389","United States","Not For Profit","5000","0055A04zdljoQKaQAM","","2024-11-14T03:17:06.000Z","2025-10-13T23:39:13.000Z","LA-385155"
"0015A0fijRKyyftQQB","Stypal Systems Co.","http://stypal.example","(206) 555-0135","823 Daugherty Lane","East Yvonne","ME","04169","United States","Retail","84","0055A0cR5VB3fAdQUJ","","2022-09-06T13:46:39.000Z","2025-07-12T00:37:35.000Z","LA-114246"
"0015A0c22B6icLMQQY","Kastaex Partners LLC","https://kastaex.example/","1-212-555-0157","75343 Buck Parkway","South Marcus","MI","49260","United States","Not For Profit","34","0055A0WTUKgiexlQ4A","","2023-07-17T07:14:27.000Z","2024-04-25T05:59:57.000Z","LA-736062"
"0015A0L9g9DagS0QCJ","Couvaeq Technologies","https://www.couvaeq.example/about","512.555.0111","407 Wilson Pkwy","Staceyton","IL","62091","United States","Retail","49","0055A0cR5VB3fAdQUJ","","2020-06-16T17:02:38.000Z","2024-01-19T07:10:11.000Z","LA-440027"
"0015A0G0JzVIs2FQKT","Miostaith Industries Corp.","https://www.miostaith.example/about","(813) 555-0145","9939 Allen Ln","North Austin","WY","82590","United States","Food & Beverage","25","0055A0cR5VB3fAdQUJ","","2020-07-16T11:44:37.000Z","2024-05-30T08:04:02.000Z","LA-510998"
"0015A0ey1IdzT5GQQU","Kugroun International Corp.","https://kugroun.example/","(512) 555-0116","4496 Wilson Street","Brianburgh","UT","84455","United States","Chemicals","6","0055A04zdljoQKaQAM","","2019-09-24T03:31:49.000Z","2023-02-14T14:37:46.000Z","LA-441429"
"0015A0nv0zFMXNoQAP","Saehark Holdings Co.","https://www.saehark.example/about","617.555.0177","281 Hernandez Ct Ste 670","East Jessica","RI","02855","United States","Food & Beverage","28","0055A0kaLqDNLyaQIH","","2018-07-03T16:36:41.000Z","2023-04-23T01:28:46.000Z","LA-765662"
"0015A0AHZwLQqTHQO1","Souzuve Technologies Corp.","https://www.souzuve.example","(702) 555-0166","204 Cruz Lane","Timothystad","DC","20015","United States","Agriculture","306","0055A0uyQiqdtqRQIQ","","2018-08-04T18:09:33.000Z","2025-06-02T05:35:12.000Z","LA-507299"
"0015A08ZCEyU2zzQ2C","Kunyl Materials Ltd.","http://kunyl.example","1-404-555-0186","10739 Sanders Place Suite 725","Port Brandonstad","PW","96940","United States","Technology","1208","0055A0WTUKgiexlQ4A","","2020-04-24T22:34:50.000Z","2025-09-05T18:18:39.000Z","LA-525166"
"0015A02NckeUODjQEO","Ruskouth Works Co.","https://ruskouth.example/","702.555.0169","0320 Wheeler Dr","Bellfurt","OR","97876","United States","Healthcare","153","0055A0cR5VB3fAdQUJ","","2021-12-16T12:29:48.000Z","2025-01-09T16:28:47.000Z","LA-467062"
"0015A0ew8Adi0H7QQI","Rypron Partners","http://rypron.example","1-617-555-0196","22413 Brown Boulevard","Mitchellfurt","AL","36590","United States","Consulting","750","0055A0cR5VB3fAdQUJ","","2022-02-20T16:06:09.000Z","2024-11-19T07:47:35.000Z","LA-228091"
"0015A0mdcfcNkuQQAS","Waevairk Partners Corporation","http://waevairk.example","404.555.0191","02402 Sampson Way","Lake Douglasside","DC","20033","United States","Manufacturing","759","0055A0kaLqDNLyaQIH","","2024-07-18T08:14:24.000Z","2026-07-17T06:43:07.000Z","LA-388612"
"0015A0rlJAA5RctQYF","Skuskyve Solutions LLC","https://www.skuskyve.example","+1 212 555 0104","708 Ortega Avenue","Juliehaven","NY","10742","United States","Technology","154","0055A0WTUKgiexlQ4A","","2024-07-14T06:27:19.000Z","2025-04-05T07:41:07.000Z","LA-365941"
"0015A0yi3zQOcBhQAL","Jepux Foods","http://jepux.example","(813) 555-0122","097 Green Ct Ste 979","West Alexanderborough","WA","98159","United States","Healthcare","5003","0055A0WTUKgiexlQ4A","","2017-02-07T00:20:02.000Z","2024-06-04T22:20:35.000Z","LA-450706"
"0015A0F1XH3KyBFQ00","Draeclyq Holdings Corp.","www.draeclyq.example","720.555.0147","8655 Williams Place","North Keithland","FM","96944","United States","Government","1201","0055A0kaLqDNLyaQIH","","2020-08-03T10:03:16.000Z","2023-07-04T12:21:18.000Z","LA-265941"
"0015A0UC7ENHtIHQW1","Paevive Supply Inc.","paevivesupply.example","702.555.0119","66286 Ortiz Parkway","Rachelton","KY","41554","United States","Manufacturing","27","0055A04zdljoQKaQAM","","2024-05-18T09:06:27.000Z","2026-01-14T19:49:05.000Z","LA-645572"
"0015A0wMQ0sxAiNQMU","Diodand Labs","","","44113 Cervantes Road","East Jacobville","AR","72522","United States","Media","20","0055A0WTUKgiexlQ4A","","2023-04-27T16:06:31.000Z","2026-04-08T11:13:55.000Z","LA-484825"
"0015A0ywPXGSJ6BQYX","Lysind Outfitter","https://lysind.example/","617.555.0168","36287 Montes Ct","West Marcusshire","MI","48158","United States","Energy","56","0055A04zdljoQKaQAM","","2022-07-17T00:05:48.000Z","2024-01-16T03:01:06.000Z","LA-989922"
"0015A0Sv0YpfR0NQSU","Zatro Energy Ltd.","http://zatro.example","1-813-555-0163","0888 Everett Place Suite 294","Marshallhaven","UT","84353","United States","Environmental","1204","0055A0kaLqDNLyaQIH","","2024-01-31T19:01:56.000Z","2026-04-19T15:15:41.000Z","LA-358337"
"0015A0uAeYWwgy1QUB","Pysurk Materials Co.","https://pysurk.example/","(206) 555-0156","886 Herrera Street Suite 961","East Teresamouth","OK","73137-6583","United States","Machinery","302","0055A0uyQiqdtqRQIQ","","2020-10-01T17:05:40.000Z","2022-08-03T03:55:24.000Z","LA-775759"
"0015A0WV2NB0IkuQWF","Zagork Partners Corp.","","206.555.0134","19841 Forbes Dr","Steventon","ME","04131-6189","United States","Hospitality","1208","0055A0kaLqDNLyaQIH","","2020-08-27T03:06:47.000Z","2022-12-04T16:39:15.000Z","LA-577618"
"0015A0sAE557oNkQMI","Rubion Outfitters","","503-555-0137","4993 Carr Road Suite 334","Vargashaven","MA","01486","United States","Other","157","0055A0WTUKgiexlQ4A","","2022-09-02T03:36:14.000Z","2025-06-07T02:35:43.000Z","LA-257440"
"0015A0VT05aaOVhQGM","Piorond Solutions Corp.","https://piorond.example/","(404) 555-0163","99851 Baker Lane","Alvarezfort","OR","97892-9103","United States","Media","1205","0055A0tdEKXfWCmQYN","","2024-09-11T00:58:48.000Z","2025-09-20T06:09:17.000Z","LA-944759"
"0015A0bPGE4A4s4Q2C","Drapraend Works Corporation","https://www.drapraend.example","503.555.0198","9552 Benjamin Road Suite 761","East George","RI","02902","United States","Environmental","12","0055A04zdljoQKaQAM","","2022-07-17T23:19:55.000Z","2026-06-14T05:23:05.000Z","LA-322358"
"0015A0P5XlFrB8zQKF","Gitiox Works Co.","https://www.gitiox.example","1-720-555-0148","1714 Alvarado Avenue Suite 305","South Markview","FM","96943","United States","Engineering","27","0055A0kaLqDNLyaQIH","","2019-01-30T03:58:07.000Z","2019-11-07T16:12:33.000Z","LA-580587"
"0015A0Q7MNwEvB4Q0K","Laikaix Foods Inc","laikaix.example","(972) 555-0119","41799 Hodges Drive","Acevedoville","IA","50471","United States","Government","159","0055A0tdEKXfWCmQYN","","2021-10-17T00:53:21.000Z","2023-10-03T04:35:20.000Z","LA-946622"
"0015A0mVkVOf0UtQUJ","Jeprove Analytics Inc.","https://www.jeprove.example","1-972-555-0131","612 Schwartz Place","South Gary","MN","55930","United States","Not For Profit","153","0055A0WTUKgiexlQ4A","","2025-06-16T03:33:18.000Z","2026-08-12T15:52:02.000Z","LA-353618"
"0015A0IiOqaTGakQKG","Cluhior Capital Ltd.","","702.555.0162","83873 Sharp Court","South Jesusburgh","IA","50834","United States","Retail","31","0055A0tdEKXfWCmQYN","","2017-06-15T06:07:36.000Z","2017-09-29T15:09:09.000Z","LA-651382"
"0015A0RVrPmDvT7QWK","Trycis Solutions","https://trycis.example/","1-904-555-0175","404 Turner Lane","Peggyhaven","AZ","86038","United States","Technology","1200","0055A0cR5VB3fAdQUJ","","2018-06-26T01:34:50.000Z","2023-06-11T08:40:49.000Z","LA-799796"
"0015A0b193KpViVQAV","Cliwoq Networks Ltd.","https://cliwoq.example/","(972) 555-0113","657 Peterson Street","West Rachel","CO","81087","United States","Construction","307","0055A0WTUKgiexlQ4A","","2022-07-03T08:30:45.000Z","2026-03-12T04:35:55.000Z","LA-804913"
"0015A0wkfBLvTvbQQF","Wubirk Robotic Co.","http://wubirk.example","1-702-555-0196","07908 Anderson Drive","North Wendy","VA","23956","United States","Electronics","","0055A04zdljoQKaQAM","","2020-10-19T19:00:15.000Z","2023-04-04T18:30:42.000Z","LA-398364"
"0015A0vhuyNqkViQAJ","Quuzoux Systems Corp.","http://quuzoux.example","+1 813 555 0110","259 Nelson Drive Suite 493","Changstad","IN","47207","United States","Retail","5003","0055A0kaLqDNLyaQIH","","2025-01-13T00:29:15.000Z","2026-03-01T03:48:24.000Z","LA-842545"
"0015A0uOoP1LYgrQUG","Bryclyl Partners Ltd.","www.bryclyl.example","1-305-555-0106","05239 Mason Road","New Paulshire","RI","02903","United States","Utilities","1207","0055A0uyQiqdtqRQIQ","","2020-12-17T18:09:00.000Z","2026-08-09T00:23:57.000Z","LA-438038"
"0015A0RQC2kQC1TQOW","Tiopruq Analytics Corporation","https://tiopruq.example/","1-972-555-0107","70740 Hensley Way","North Wanda","AK","99646","United States","Food & Beverage","21","0055A0WTUKgiexlQ4A","","2024-12-24T15:06:47.000Z","2025-04-12T22:32:08.000Z","LA-868491"
"0015A05sAawXjV6QIK","Cedox Logistics Inc.","www.cedox.example","+1 512 555 0103","9542 Meyer Avenue","Jenniferberg","CO","80113","United States","Healthcare","87","0055A0tdEKXfWCmQYN","","2020-05-11T10:34:31.000Z","2023-03-03T18:25:36.000Z","LA-412713"
"0015A0HXZA2rHlfQ4E","Skatem Robotics LLC","www.skatem.example","(404) 555-0173","00969 Thomas Way","Evansfort","TX","79035","United States","Apparel","758","0055A0cR5VB3fAdQUJ","","2018-05-03T10:16:52.000Z","2018-07-17T17:30:09.000Z","LA-407570"
"0015A0qw2s0FYENQA4","Stafais Services Ltd.","https://stafais.example/","720.555.0182","308 Mora Road","South Michael","AL","35626","United States","Communications","151","0055A0uyQiqdtqRQIQ","","2018-05-26T20:56:07.000Z","2019-08-03T13:10:46.000Z","LA-229851"
"0015A03qQo7ps4QQIQ","Finux Works LLC","https://finux.example/","1-904-555-0129","4628 Kelly Way","Lake Stevenland","KS","67529","United States","Healthcare","308","0055A0WTUKgiexlQ4A","","2019-02-19T03:04:34.000Z","2022-10-20T13:01:29.000Z","LA-691069"
"0015A0wkLJtRr7aQYC","Faiflol Capital Inc","faiflolcapital.example","(503) 555-0140","901 Ramirez Ct","Rachelview","AR","72347","United States","Chemicals","18","0055A0tdEKXfWCmQYN","","2020-09-26T09:30:45.000Z","2022-10-02T03:29:48.000Z","LA-606863"
"0015A0DDVKAOSMTQ45","Raivos Tech Corporation","https://raivos.example/","1-305-555-0183","721 Holder Place","Higginsmouth","NJ","08820","United States","Insurance","25","0055A0uyQiqdtqRQIQ","","2017-06-18T19:49:12.000Z","2021-12-01T13:25:23.000Z","LA-451903"
"0015A0yO8qB6RKMQE3","Matioq Networks Co.","","+1 617 555 0104","91392 Richards Parkway","Vincentbury","MH","96969","United States","Utilities","750","0055A0kaLqDNLyaQIH","","2024-02-07T11:49:54.000Z","2026-02-16T02:03:33.000Z","LA-919269"
"0015A0FAyc4WFmXQGW","Hegaeth Outfitters Inc.","WWW.HEGAETH.EXAMPLE","","233 Williams Court","Fuentesborough","MS","39334","United States","Not For Profit","158","0055A0cR5VB3fAdQUJ","","2024-10-26T04:39:10.000Z","2025-12-13T13:21:48.000Z","LA-876524"
"0015A0c3SZR4bsaQYB","Flizund Foods Inc.","http://flizund.example","702.555.0177","7043 Castro Drive","Danielside","MS","38903","United States","Banking","300","0055A0uyQiqdtqRQIQ","","2023-06-25T00:19:29.000Z","2026-06-17T05:39:26.000Z","LA-882791"
"0015A0UjqXmjalIQSQ","Drapar Analytics Inc","","(972) 555-0140","355 Rosario Boulevard","Hebertfort","WY","82078","United States","Healthcare","5006","0055A0kaLqDNLyaQIH","","2024-03-27T21:51:19.000Z","2025-01-08T06:55:31.000Z","LA-416952"
"0015A0RCS6ysmEaQOI","Muflaerk International Co.","https://www.muflaerk.example","1-904-555-0150","6609 Washington Way","Parsonschester","NH","03677","United States","Environmental","7","0055A0uyQiqdtqRQIQ","","2021-10-01T05:30:34.000Z","2023-02-08T01:29:24.000Z","LA-316156"
"0015A0ufjB2us7hQQA","Zoules Holdings Inc.","http://zoules.example","503.555.0194","3106 James Drive","Holmesborough","RI","02817-4331","United States","Transportation","43","0055A0tdEKXfWCmQYN","","2020-07-01T16:33:04.000Z","2025-12-21T06:44:47.000Z","LA-641287"
"0015A0D8AEEdIWxQ0N","Rurios Outfitters","","+1 904 555 0163","70829 Robinson Lane","Ericton","OH","45261","United States","Shipping","159","0055A0uyQiqdtqRQIQ","","2025-03-02T20:14:51.000Z","2025-08-04T20:42:28.000Z","LA-861193"
"0015A0QnfNhqrQbQSI","Wousoux Holdings","wousoux.example","+1 212 555 0173","1771 Thomas Avenue","Christopherton","ND","58719","United States","Shipping","7","0055A0uyQiqdtqRQIQ","","2020-08-10T04:39:26.000Z","2022-03-19T15:45:54.000Z","LA-626009"
"0015A0m7yDhUAQHQQ4","Liomun Logistics Corporation","","702-555-0119","904 Conrad Road","West Jameshaven","FL","32357","United States","Recreation","25","0055A0tdEKXfWCmQYN","","2021-03-08T17:51:04.000Z","2022-11-29T01:25:16.000Z","LA-696971"
"0015A0uy2tiaKn8QAE","Hybraeve Freight","hybraeve.example","+1 415 555 0120","44308 Black Way Suite 814","Jamieberg","MN","55856","United States","Electronics","1205","0055A0uyQiqdtqRQIQ","","2022-02-07T18:51:36.000Z","2024-01-21T20:13:02.000Z","LA-134196"
"0015A05VCJ4gEL7Q2M","Gaflaith Works Inc.","gaflaith.example","212-555-0106","003 Sullivan Lane","Debbieview","LA","70817","United States","Apparel","26","0055A0tdEKXfWCmQYN","","2017-07-11T09:09:43.000Z","2022-04-13T04:08:12.000Z","LA-974744"
"0015A0LgPOdqa1OQ0Q","Nuvaer Dynamics Corporation","https://nuvaer.example/","813-555-0184","672 Wright Avenue Suite 456","South Hector","HI","96872","United States","Machinery","85","0055A0WTUKgiexlQ4A","","2017-05-16T17:35:03.000Z","2019-01-31T21:17:26.000Z","LA-729343"
"0015A0Bxopml2TbQCI","Raicar Logistics Corporation","raicar.example","+1 972 555 0134","7534 James Way","East Joe","NV","89733","United States","Recreation","14","0055A0tdEKXfWCmQYN","","2024-03-11T02:19:02.000Z","2025-03-30T09:20:07.000Z","LA-893511"
"0015A0ozg3moLPWQA2","Lakos Networks Ltd.","www.lakos.example","+1 404 555 0139","70643 Cook Pkwy","Port Kelly","NH","03754","United States","Not For Profit","29","0055A0uyQiqdtqRQIQ","","2022-06-15T17:22:39.000Z","2025-09-03T19:26:40.000Z","LA-551111"
"0015A0mORD9YPKhQ2O","Clibiond Services Ltd.","WWW.CLIBIOND.EXAMPLE","503-555-0111","235 Mendoza Court","North Christina","CA","92730","United States","Food & Beverage","159","0055A0tdEKXfWCmQYN","","2021-01-19T12:26:35.000Z","2024-02-20T05:06:43.000Z","LA-466909"
"0015A0kxfafuzN2QAI","Skaelio Holdings Inc.","skaelio.example","(415) 555-0145","35718 Barber Lane Suite 491","Jonathanland","WA","98221","United States","Hospitality","32","0055A0cR5VB3fAdQUJ","","2024-06-30T19:27:25.000Z","2026-05-05T22:27:02.000Z","LA-111154"
"0015A0VUI4yjEylQOE","Fycour Technologies Inc.","https://www.fycour.example","305-555-0150","99875 Thomas Way","Lake Isaiah","LA","70245","United States","Retail","80","0055A0tdEKXfWCmQYN","","2017-06-13T21:10:51.000Z","2024-06-01T14:47:08.000Z","LA-148258"
"0015A05h6SbyEY6QQM","Napryrk Health Corp.","https://www.napryrk.example/about","(415) 555-0167","11710 Pacheco Place","Nicholashaven","IA","51178-8281","United States","Education","304","0055A0WTUKgiexlQ4A","","2017-11-05T04:30:05.000Z","2022-06-16T11:39:38.000Z","LA-890883"
"0015A0YMYzooKHzQOM","Goquin Freight","http://goquin.example","1-404-555-0134","232 Baker Drive Suite 437","New Melissa","VT","05043","United States","Electronics","751","0055A0tdEKXfWCmQYN","","2017-07-27T02:56:01.000Z","2019-01-13T18:28:32.000Z","LA-922438"
"0015A0AuQiJcsYIQKZ","Waclaim Analytics Corporation","","305.555.0177","2935 Matthews Court","Edwardsfurt","WI","53086","United States","Communications","753","0055A0uyQiqdtqRQIQ","","2022-01-09T14:30:47.000Z","2022-09-25T08:46:02.000Z","LA-677101"
"0015A0cWQO6NDjPQ2W","Stuco Dynamics","www.stuco.example","1-312-555-0125","833 Greene Boulevard","Leonside","AK","99684","United States","Shipping","1201","0055A0kaLqDNLyaQIH","","2020-03-10T13:11:45.000Z","2020-11-29T07:11:47.000Z","LA-454818"
"0015A0TyGzFSzFYQK1","Briryrk International","https://www.briryrk.example","206-555-0182","53075 Garza Way","Ashleychester","CT","06300","United States","Utilities","156","0055A04zdljoQKaQAM","","2017-11-30T05:24:58.000Z","2020-08-09T18:32:30.000Z","LA-288450"
"0015A0tJDCFAKCbQ2P","Mouwi Industries Corp.","mouwi.example","206.555.0176","94873 Miller Way","Kristaside","OH","45588","United States","Media","86","0055A0cR5VB3fAdQUJ","","2019-11-01T18:43:03.000Z","2019-12-31T14:30:48.000Z","LA-627030"
"0015A0LHlyReOZWQG3","Zutyve Supply","","503.555.0141","41407 Lopez Boulevard","Jonathanborough","IN","47705","United States","Other","26","0055A04zdljoQKaQAM","","2022-06-20T18:38:49.000Z","2025-10-23T08:55:51.000Z","LA-224599"
"0015A0eLJYhUENFQ24","Soufoum Capital","https://www.soufoum.example","+1 312 555 0100","53839 Stevens Place","West Shanetown","SD","57077","United States","Retail","44","0055A0WTUKgiexlQ4A","","2019-12-08T18:21:41.000Z","2025-10-08T13:58:36.000Z","LA-398094"
"0015A0CYLdk6W82QOE","Rapra Systems Inc","","720-555-0145","267 Perez Court","West Tracy","LA","70501-6659","United States","Utilities","7","0055A0kaLqDNLyaQIH","","2023-11-11T10:38:45.000Z","2024-12-16T16:34:22.000Z","LA-435310"
"0015A08BrAhI75aQUC","Natour Robotics Inc.","http://natour.example","+1 404 555 0143","55133 Mendoza Place","Leeland","WY","82281","United States","Transportation","28","0055A0tdEKXfWCmQYN","","2021-11-12T05:05:09.000Z","2023-10-06T07:29:20.000Z","LA-498931"
"0015A0SXaPVdUEuQWN","Grujour Logistics Inc.","grujour.example","+1 512 555 0106","35472 Hall Way","Jonesbury","MD","21853","United States","Utilities","5007","0055A0tdEKXfWCmQYN","","2021-04-17T22:32:19.000Z","2023-10-12T23:05:56.000Z","LA-764064"
"0015A0dDwFWglCYQUZ","Rourios Foods Corporation","http://rourios.example","972-555-0144","1274 Hansen Way","Whitemouth","ID","83644","United States","Chemicals","308","0055A0cR5VB3fAdQUJ","","2017-03-17T03:26:13.000Z","2025-08-15T13:48:23.000Z","LA-687978"
"0015A0bxWQlAz36QYC","Sadram Analytics Corporation","http://sadram.example","1-720-555-0143","638 Rush Blvd Ste 327","New Tylerberg","DC","20001","United States","Communications","13","0055A0WTUKgiexlQ4A","","2022-05-02T02:13:40.000Z","2024-03-18T16:04:06.000Z","LA-140015"
"0015A09vkXWl8XJQQZ","Baeniork Dynamics LLC","https://www.baeniork.example","503.555.0192","4096 Willis Place Suite 231","Weeksport","FL","34951","United States","Other","1208","0055A0uyQiqdtqRQIQ","","2017-10-12T19:50:25.000Z","2024-11-08T22:34:43.000Z","LA-577928"
"0015A0i6X87Y4l5QIC","Staiquus Capital Inc.","https://www.staiquus.example","+1 212 555 0157","147 Fitzpatrick Parkway","Lake Christopher","KS","66969","United States","Energy","13","0055A0cR5VB3fAdQUJ","","2022-01-05T06:23:03.000Z","2026-04-21T22:04:19.000Z","LA-861952"
"0015A0LFgrI5LrdQGF","Gyjaq Foods Inc.","http://gyjaq.example","+1 404 555 0184","424 Diaz Ln","Jacksonberg","VA","23643","United States","Not For Profit","28","0055A0kaLqDNLyaQIH","","2020-12-08T09:35:17.000Z","2021-08-15T13:32:02.000Z","LA-113210"
"0015A0qw1ys6ICgQAM","Hyfleth Dynamics Corporation","https://www.hyfleth.example","813.555.0157","059 Hill Dr","New Tammyview","MO","63782","United States","Energy","83","0055A04zdljoQKaQAM","","2019-03-24T05:39:57.000Z","2023-09-01T06:06:17.000Z","LA-181741"
"0015A0qBL51jBzXQMU","Priogoux Capital Ltd.","priogoux.example","1-972-555-0145","8954 Anderson Street Suite 904","East Kristen","SC","29369","United States","Recreation","759","0055A0cR5VB3fAdQUJ","","2023-03-16T00:38:14.000Z","2025-02-18T21:51:51.000Z","LA-787612"
"0015A0e9GhxFbnBQIS","Druvul Systems Corp.","WWW.DRUVUL.EXAMPLE","503-555-0143","7301 Nguyen Avenue","West Johnny","TX","77351","United States","Technology","8","0055A0kaLqDNLyaQIH","","2021-02-07T04:52:06.000Z","2025-04-17T14:16:34.000Z","LA-698398"
"0015A0L8mm8VezTQCS","Jobor Foods Corp.","https://jobor.example/","1-305-555-0103","4882 Bennett Place","New Lindsay","SC","29815","United States","Shipping","307","0055A0WTUKgiexlQ4A","","2022-06-14T02:38:31.000Z","2022-09-21T15:27:00.000Z","LA-368480"
"0015A0jwEYm34lFQYQ","Ligux Foods Ltd.","https://ligux.example/","702.555.0169","2053 Wright Place Suite 405","Christinafort","MO","65761","United States","Transportation","757","0055A0uyQiqdtqRQIQ","","2019-08-27T13:59:00.000Z","2020-12-12T19:39:59.000Z","LA-455947"
"0015A0qjNxcTQFeQIO","Quoufliox Dynamics","","206-555-0120","355 White Boulevard Suite 894","Schroedertown","RI","02930","United States","Energy","1200","0055A0uyQiqdtqRQIQ","","2024-01-24T21:50:01.000Z","2026-03-05T14:39:59.000Z","LA-998701"
"0015A0D3lRUj2QYQSZ","Zyziox Capital Co.","zyziox.example","(512) 555-0199","95025 Rodriguez Road","Lake Amy","AR","72649","United States","Shipping","307","0055A0kaLqDNLyaQIH","","2023-08-09T19:12:47.000Z","2025-07-29T07:59:26.000Z","LA-607517"
"0015A0SsedWj8QxQCJ","Latroum Networks Ltd.","https://latroum.example/","(617) 555-0190","71780 Barry Place","Adamsland","HI","96880","United States","Healthcare","759","0055A0uyQiqdtqRQIQ","","2019-09-24T07:08:34.000Z","2023-03-01T04:59:13.000Z","LA-476548"
"0015A0l4atfIZAvQAO","Skioruth Technologies","WWW.SKIORUTH.EXAMPLE","+1 404 555 0134","73248 Reynolds Ave","Waltertown","VT","05005","United States","Retail","755","0055A0tdEKXfWCmQYN","","2021-07-11T23:14:40.000Z","2023-12-26T09:58:08.000Z","LA-528613"
"0015A0vkXkHr6ijQIB","Zuma Systems Co.","zuma.example","720.555.0160","58145 Cross Place","New Dannybury","WA","99314","United States","Media","1208","0055A0tdEKXfWCmQYN","","2019-01-04T12:40:11.000Z","2023-10-27T20:26:31.000Z","LA-173380"
"0015A0vBXQzetv1Q2A","Faiflive Foods Inc.","http://faiflive.example","(972) 555-0112","467 Martin Boulevard","Gibbsfurt","NV","89710","United States","Other","308","0055A0WTUKgiexlQ4A","","2022-02-08T13:59:20.000Z","2026-04-15T12:43:09.000Z","LA-357317"
"0015A0h3F0H4yTyQIJ","Zefoux Materials Inc.","http://zefoux.example","512.555.0111","5685 Bishop Boulevard Suite 508","Jordanhaven","IN","46883","United States","Food & Beverage","1209","0055A0cR5VB3fAdQUJ","","2025-04-26T22:08:14.000Z","2025-05-19T19:07:18.000Z","LA-372830"
"0015A04yE8qmZVtQIM","Bruclam Manufacturing Inc.","https://www.bruclam.example","(972) 555-0173","75518 Hood Place Suite 261","Robertport","ND","58228","United States","Recreation","21","0055A0uyQiqdtqRQIQ","","2020-05-17T17:12:19.000Z","2023-01-10T19:29:42.000Z","LA-469947"
"0015A0Bis2U15nUQCR","Separ Solutions Co.","","1-305-555-0124","662 Collins Road","Stevenview","NM","87366","United States","Telecommunications","49","0055A0cR5VB3fAdQUJ","","2017-02-26T16:33:19.000Z","2024-06-19T12:32:40.000Z","LA-809896"
"0015A00E0KNfZNKQU3","Dryfaind Outfitters Inc.","https://www.dryfaind.example/about","1-972-555-0196","8165 Moreno Lane","Bradport","ND","58324","United States","Electronics","47","0055A0WTUKgiexlQ4A","","2024-10-30T17:44:26.000Z","2026-04-16T15:26:29.000Z","LA-601461"
"0015A0GCBjteZrTQOU","Toflain Solutions Corporation","https://toflain.example/","+1 720 555 0150","306 Henderson Lane Suite 245","West Frederickmouth","RI","02825","United States","Other","29","0055A0kaLqDNLyaQIH","","2019-07-17T13:26:58.000Z","2020-01-09T13:21:51.000Z","LA-814617"
"0015A0XvcdUdLbbQCF","Cagoum Health Corp.","https://www.cagoum.example/about","","9454 Cook Street Suite 355","Lake Franciscoview","ID","83421","United States","Media","1206","0055A04zdljoQKaQAM","","2018-09-23T16:13:06.000Z","2022-04-12T02:25:45.000Z","LA-977461"
"0015A0mERem1mWqQMI","Mucur Logistics Co.","https://mucur.example/","972-555-0189","074 Galloway Boulevard","South Sarah","PW","96940","United States","Hospitality","1205","0055A04zdljoQKaQAM","","2024-04-20T04:13:57.000Z","2025-06-25T10:49:35.000Z","LA-850360"
"0015A0iVnPd6YMtQUM","Regaeth Works LLC","regaeth.example","305-555-0139","1925 Bird Ct Ste 761","East Sherrymouth","IN","46420-8715","United States","Hospitality","156","0055A0kaLqDNLyaQIH","","2023-04-17T11:05:45.000Z","2024-04-05T19:38:22.000Z","LA-582519"
"0015A0Yj7yyPe43QCC","Prufaq Freight Inc.","https://prufaq.example/","813.555.0135","07398 Cook Rd","West Lisa","VT","05101","United States","Construction","5003","0055A0kaLqDNLyaQIH","","2025-03-07T02:43:02.000Z","2025-04-02T14:28:58.000Z","LA-264957"
"0015A0UVjVOHPunQWH","Migrys Partners Co.","migrys.example","1-206-555-0196","9009 Davis Place","Floresbury","AK","99509","United States","Shipping","34","0055A0WTUKgiexlQ4A","","2025-06-18T19:28:57.000Z","2026-04-21T10:46:56.000Z","LA-488869"
"0015A0huDGEeADWQY3","Traprox Energy","WWW.TRAPROX.EXAMPLE","1-512-555-0180","7083 Mullins Place","Ruizfort","DC","20018","United States","Healthcare","7","0055A0tdEKXfWCmQYN","","2017-06-01T10:50:29.000Z","2020-12-01T11:48:52.000Z","LA-175559"
"0015A0cBqRAYbx7QUD","Stugroth Systems Inc.","stugroth.example","+1 813 555 0111","2226 Bennett Avenue","Lake Raymondmouth","ID","83224","United States","Banking","88","0055A0uyQiqdtqRQIQ","","2018-07-22T05:24:36.000Z","2019-04-17T04:30:16.000Z","LA-557691"
"0015A0NPaLJpQmFQWV","Staebris International LLC","","904.555.0196","590 Lewis Avenue","North Josephport","SC","29162","United States","Construction","156","0055A0tdEKXfWCmQYN","","2021-11-02T18:29:55.000Z","2026-06-05T02:11:32.000Z","LA-420977"
"0015A0sWOYKeglFQ2R","Zajaix Manufacturing Corp.","https://www.zajaix.example/about","(702) 555-0107","21964 Carlson Place Suite 875","Smithshire","CO","80547-6393","United States","Biotechnology","33","0055A0WTUKgiexlQ4A","","2022-07-04T02:21:31.000Z","2023-11-12T12:52:26.000Z","LA-898524"
"0015A0ufiEMz5HpQQJ","Maecle Technologies","https://www.maecle.example/about","1-305-555-0197","390 Butler Drive","Laurenhaven","AK","99536","United States","Other","43","0055A04zdljoQKaQAM","","2017-07-26T04:12:22.000Z","2020-08-31T15:28:45.000Z","LA-405435"
"0015A0aC0ENwLUIQU3","Priowaes Technologies Inc","www.priowaes.example","","67630 Mcdonald Court Suite 104","Lake Bruce","VA","23913","United States","Food & Beverage","150","0055A04zdljoQKaQAM","","2019-02-20T23:31:06.000Z","2025-03-07T17:42:52.000Z","LA-233385"
"0015A0ZskXGrCG8QSN","Skucel Partners Corp.","WWW.SKUCELPARTNERS.EXAMPLE","305-555-0165","2449 Leonard Way Suite 539","Lake Scottbury","KY","40917","United States","Biotechnology","152","0055A0cR5VB3fAdQUJ","","2023-04-28T08:16:39.000Z","2026-05-25T22:40:11.000Z","LA-651517"
"0015A0cu69R3mTmQAJ","Hutyq Solutions LLC","http://hutyq.example","904.555.0108","594 Williams Ave Ste 939","Griffithland","MH","96960","United States","Consulting","753","0055A0cR5VB3fAdQUJ","","2021-10-04T13:58:13.000Z","2025-12-20T04:03:19.000Z","LA-220808"
"0015A0VfGkHnrNkQKJ","Brawos Foods Ltd.","www.brawos.example","1-972-555-0138","05683 Mora Way","Wandaburgh","WY","82761","United States","Construction","27","0055A0uyQiqdtqRQIQ","","2018-11-15T11:10:57.000Z","2025-05-02T04:47:51.000Z","LA-199032"
"0015A0j5Nk8lIiWQIU","Byzam Systems Inc.","http://byzam.example","1-404-555-0156","318 Powell Drive","New Karla","NJ","07809","United States","Healthcare","300","0055A0cR5VB3fAdQUJ","","2025-01-22T07:28:35.000Z","2026-01-29T19:58:00.000Z","LA-329641"
"0015A0nsKXOvc8JQYR","Daikaeth Robotics Corp.","WWW.DAIKAETH.EXAMPLE","415.555.0158","332 Rogers Place","Port Lindsey","DE","19926","United States","Hospitality","18","0055A04zdljoQKaQAM","","2017-11-08T08:27:34.000Z","2021-05-31T23:57:29.000Z","LA-948450"
"0015A0GHfXsw0JBQWY","Famurk Networks Corporation","WWW.FAMURK.EXAMPLE","+1 512 555 0189","6449 Greer Rd","Bethborough","RI","02930","United States","Transportation","753","0055A0tdEKXfWCmQYN","","2024-02-20T04:29:46.000Z","2025-05-31T04:47:14.000Z","LA-469579"
"0015A0lF3Q7x6AkQUI","Proubrion International","https://proubrion.example/","702.555.0122","4683 Ferrell Blvd Ste 493","South Morganport","SD","57007","United States","Recreation","159","0055A0kaLqDNLyaQIH","","2024-03-23T01:29:08.000Z","2025-03-01T11:51:32.000Z","LA-683740"
"0015A0WGm3OAVuFQGX","Traecairk Services Corporation","","(212) 555-0188","89706 Tyler Parkway","Sanchezport","OH","45709","United States","Media","31","0055A0uyQiqdtqRQIQ","","2022-05-17T18:09:06.000Z","2024-04-01T09:04:47.000Z","LA-349589"
"0015A00dV8oXSRxQIO","Diozurk Energy Ltd.","https://www.diozurk.example/about","+1 720 555 0154","77946 Bender Avenue","Luistown","DC","20026","United States","Recreation","753","0055A0cR5VB3fAdQUJ","","2020-10-13T21:12:24.000Z","2024-12-09T01:08:05.000Z","LA-113192"
"0015A0ZoLXwTUjeQ0G","Rioroun Systems Ltd.","http://rioroun.example","972-555-0140","380 Bell Avenue","Lake Jasonberg","VT","05043-5653","United States","Electronics","366","0055A0kaLqDNLyaQIH","","2019-12-21T20:02:09.000Z","2022-02-22T07:42:03.000Z","LA-300366"
"0015A0gxH9NufmtQIB","Sougir Health Corporation","https://www.sougir.example","(702) 555-0148","77914 Barry Place","New Keithfort","KS","67740","United States","Agriculture","8","0055A0kaLqDNLyaQIH","","2019-07-03T21:58:21.000Z","2022-01-31T00:35:43.000Z","LA-570811"
"0015A0yo1fdP42KQAS","Kaimy Freight","","1-702-555-0150","10142 Cook Parkway","Valeriechester","AK","99627","United States","Finance","28","0055A0kaLqDNLyaQIH","","2024-06-26T04:49:30.000Z","2026-08-03T14:52:48.000Z","LA-189910"
"0015A0I71hnDFC9QCO","Byburk Manufacturing","https://byburk.example/","503.555.0176","09665 Holt Way","Port Victoriamouth","UT","84438","United States","Chemicals","84","0055A0WTUKgiexlQ4A","","2017-10-24T07:12:27.000Z","2020-03-30T01:06:53.000Z","LA-291771"
"0015A0tPQUp67WNQ2Y","Rasior Systems Co.","https://rasior.example/","(702) 555-0164","469 Tucker Parkway","Rodriguezborough","WA","98204","United States","Biotechnology","42","0055A0cR5VB3fAdQUJ","","2023-12-25T00:34:31.000Z","2025-09-17T07:38:03.000Z","LA-553704"
"0015A0YLEONeN48Q4F","Clouskoum Analytics Corp.","https://www.clouskoum.example","(972) 555-0195","532 Holmes Place","Millermouth","VA","22446","United States","Chemicals","88","0055A0uyQiqdtqRQIQ","","2024-10-26T01:13:38.000Z","2026-02-07T15:41:19.000Z","LA-809282"
"0015A0cFkDaDbBQQU0","Maeny Supply Ltd.","https://www.maeny.example","305.555.0180","52433 Collins Pkwy","North Courtney","SC","29800","United States","Engineering","752","0055A0uyQiqdtqRQIQ","","2017-09-07T17:47:28.000Z","2019-05-22T14:17:44.000Z","LA-859910"
"0015A0lPhwssOHkQEM","Kouzin Materials Ltd.","www.kouzin.example","972-555-0175","6070 Hanna Street","Lake Anthony","AZ","85479","United States","Media","301","0055A0kaLqDNLyaQIH","","2021-03-28T12:17:13.000Z","2025-03-30T03:45:18.000Z","LA-786137"
"0015A0JjnSBNMdEQSX","Quysen Systems","WWW.QUYSEN.EXAMPLE","(212) 555-0187","8929 Vaughn Parkway","South Danielberg","WY","82468","United States","Energy","1202","0055A04zdljoQKaQAM","","2017-04-10T15:49:02.000Z","2020-02-06T02:15:40.000Z","LA-427437"
"0015A0hEl7lgeMEQEY","Nunom Networks","https://www.nunom.example","617-555-0144","8983 Jones Ct","West Laurachester","AK","99694","United States","Consulting","156","0055A0tdEKXfWCmQYN","","2019-10-13T06:53:07.000Z","2020-09-24T11:02:43.000Z","LA-339793"
"0015A0GHmLrGsJiQWK","Zipyth Manufacturing Ltd.","http://zipyth.example","702-555-0136","66770 Sawyer Dr Ste 616","East Bonnie","AL","35264","United States","Consulting","5001","0055A0kaLqDNLyaQIH","","2019-01-08T02:00:40.000Z","2020-12-20T23:20:16.000Z","LA-219229"
"0015A0PIUYXe7QAQ4Z","Vouhae Systems","http://vouhae.example","415.555.0175","72464 Lopez Road Suite 595","Lindaberg","CO","80345","United States","Banking","17","0055A0WTUKgiexlQ4A","","2023-03-28T23:04:19.000Z","2026-08-01T05:36:32.000Z","LA-863936"
"0015A0zfRO2tukJQYQ","Huzour Holdings Inc","http://huzour.example","+1 904 555 0114","89073 Williams Parkway","North Steventon","WA","98391","United States","Finance","1200","0055A0uyQiqdtqRQIQ","","2017-10-26T12:44:09.000Z","2023-07-21T14:24:34.000Z","LA-234630"
"0015A0VT97mOziZQGS","Keskaith Analytics Corporation","keskaith.example","1-512-555-0187","22460 Johnson Way Suite 853","Brendafort","ND","58848","United States","Technology","151","0055A0WTUKgiexlQ4A","","2020-12-26T08:40:46.000Z","2024-12-12T01:47:54.000Z","LA-838032"
"0015A0zMSctysLkQMI","Zuvyl Solutions Inc.","http://zuvyl.example","+1 206 555 0179","66505 Patrick Court Suite 579","Kyleside","NY","14881-5261","United States","Electronics","7","0055A0kaLqDNLyaQIH","","2024-05-17T09:53:42.000Z","2025-12-29T03:19:27.000Z","LA-760772"
"0015A0mggFtesXlQQI","Rivis Health LLC","","212.555.0165","106 Hawkins Ave","Port Claire","CO","80121","United States","Not For Profit","750","0055A04zdljoQKaQAM","","2025-05-05T19:41:48.000Z","2026-08-23T05:51:43.000Z","LA-254524"
"0015A0TqTUWbBBzQ0N","Woflun Dynamics","https://www.woflun.example","312.555.0107","91311 Stevens Boulevard","Laurenfurt","CT","06212","United States","Insurance","83","0055A0uyQiqdtqRQIQ","","2021-11-12T02:43:52.000Z","2022-12-16T21:26:12.000Z","LA-791683"
"0015A0cLQhdiCGSQM2","Rufim Robotics Ltd.","https://www.rufim.example","972-555-0112","8810 Davis Parkway","Floresfort","MI","49785-9846","United States","Transportation","1204","0055A04zdljoQKaQAM","","2022-08-08T13:10:45.000Z","2025-08-24T20:12:00.000Z","LA-629113"
"0015A03QJejFk1oQMC","Stiohark Foods Ltd.","","+1 813 555 0136","08016 Brown Way Ste 220","Michaelaside","MH","96960","United States","Other","155","0055A0tdEKXfWCmQYN","","2019-05-28T10:47:28.000Z","2020-09-20T06:57:15.000Z","LA-973259"
"0015A0QEeAwHm7eQWC","Prizy Energy Inc","www.prizy.example","1-305-555-0172","6477 Ford Court","North Rhondastad","IL","61508","United States","Not For Profit","300","0055A0tdEKXfWCmQYN","","2018-10-26T11:57:29.000Z","2020-04-23T09:35:13.000Z","LA-436548"
"0015A0p2bfUmFXLQA3","Zouquaend Supply Co.","https://www.zouquaend.example","(904) 555-0162","08234 Kelly St","North Brian","ID","83842","United States","Retail","5001","0055A0cR5VB3fAdQUJ","","2019-05-21T12:41:59.000Z","2024-05-10T12:37:17.000Z","LA-960843"
"0015A0nhleUET1mQAH","Kounyr Systems LLC","https://www.kounyr.example/about","813.555.0149","727 Brown Place Suite 678","East Michaelmouth","TN","37964","United States","Agriculture","6","0055A0cR5VB3fAdQUJ","","2020-08-26T21:09:23.000Z","2024-05-26T23:56:22.000Z","LA-591590"
"0015A0Q7Ri55Wz2QKE","Quiopais Foods Inc","WWW.QUIOPAIS.EXAMPLE","","23763 Ballard Place","Gilmoremouth","TN","38483","United States","Environmental","32","0055A0WTUKgiexlQ4A","","2020-08-01T22:25:56.000Z","2021-09-26T02:19:34.000Z","LA-547654"
"0015A0VN9x2WXX3QGO","Skiostai International Ltd.","","(720) 555-0164","875 Gilmore Avenue","East Stephen","WY","82330","United States","Biotechnology","1202","0055A0uyQiqdtqRQIQ","","2021-01-03T14:15:47.000Z","2025-02-17T17:43:16.000Z","LA-748763"
"0015A06EtkPd9BGQEZ","Prekerk Partners Corporation","https://www.prekerk.example/about","(617) 555-0120","4445 Walker Way","Morrisshire","MD","21238","United States","Entertainment","5008","0055A04zdljoQKaQAM","","2023-03-06T17:58:34.000Z","2026-05-25T01:13:19.000Z","LA-533639"
"0015A0hkQ4Q66ZMQIZ","Goujul Manufacturing LLC","https://goujul.example/","305-555-0141","33545 Robbins Lane Suite 968","Lake Krystal","RI","02933","United States","Entertainment","5008","0055A0tdEKXfWCmQYN","","2020-10-24T17:16:57.000Z","2021-01-08T10:27:53.000Z","LA-832057"
"0015A0E8YVDPPFvQ0P","Soudroul Outfitters Inc","www.soudroul.example","1-415-555-0143","2853 Cruz Lane","Moralesfort","NH","03829","United States","Education","25","0055A0WTUKgiexlQ4A","","2024-02-08T23:58:41.000Z","2025-03-27T11:28:00.000Z","LA-238305"
"0015A0W002tA4ANQC0","Cioflive Works","https://www.cioflive.example","1-503-555-0122","0790 Ortiz Lane","Lake Annafurt","NY","13778","United States","Energy","1200","0055A0kaLqDNLyaQIH","","2019-01-27T07:15:24.000Z","2023-03-27T18:42:23.000Z","LA-919576"
"0015A0zmH4teutyQIA","Prawind Foods Corporation","prawind.example","+1 212 555 0104","785 Hobbs Avenue Suite 185","Shawland","PA","15547","United States","Energy","758","0055A04zdljoQKaQAM","","2024-07-19T08:35:31.000Z","2025-08-03T13:55:39.000Z","LA-732099"
"0015A06p7IrRIpSQQW","Stipro Labs Corp.","https://stipro.example/","(617) 555-0198","3911 Harper Lane","Danielfort","ME","04889","United States","Insurance","13","0055A0tdEKXfWCmQYN","","2018-11-02T02:29:16.000Z","2020-07-26T22:06:23.000Z","LA-754870"
"0015A0hlBEZcNStQYN","Fiosaim Networks LLC","http://fiosaim.example","(503) 555-0186","676 Ingram St Ste 682","Marymouth","ME","04656","United States","Energy","758","0055A0cR5VB3fAdQUJ","","2022-05-27T19:56:30.000Z","2022-10-01T02:45:25.000Z","LA-696428"
"0015A0Nq35S1WWWQC3","Clymael Capital Inc.","clymael.example","+1 702 555 0135","98629 Wallace Road","North Ashleybury","NV","89398","United States","Finance","1203","0055A0tdEKXfWCmQYN","","2025-03-13T14:58:17.000Z","2026-06-02T19:56:02.000Z","LA-623137"
"0015A0UKg7MbIXtQGN","Bruhous Outfitters Co.","https://www.bruhous.example/about","1-813-555-0186","41593 Jackson Lane","West Meganton","DE","19778","United States","Energy","12","0055A0WTUKgiexlQ4A","","2017-10-19T16:16:18.000Z","2020-10-29T10:04:57.000Z","LA-683057"
"0015A0WXKf9MxnYQOS","Priobaes Freight Corp.","https://www.priobaesfreight.example","305.555.0101","9168 Bentley Drive","South Tinamouth","KS","66561","United States","Biotechnology","1200","0055A0cR5VB3fAdQUJ","","2022-09-29T08:48:34.000Z","2023-09-07T05:55:58.000Z","LA-218238"
"0015A0Io0PDi98JQSR","Jypruth Outfitters LLC","www.jypruth.example","+1 904 555 0103","844 Williams Street","North Stevenfort","MA","01705","United States","Government","13","0055A0uyQiqdtqRQIQ","","2021-02-19T01:50:15.000Z","2022-04-28T03:11:22.000Z","LA-835599"
"0015A0EoGV3nbk0Q0A","Doutove Health Inc.","https://www.doutove.example/about","(702) 555-0162","007 Mendez Parkway Suite 159","Nixonbury","VA","23434","United States","Transportation","45","0055A0tdEKXfWCmQYN","","2019-10-24T00:23:16.000Z","2023-03-09T14:49:11.000Z","LA-488152"
"0015A0ZIauOMFZIQG5","Wainiork Freight Inc","https://www.wainiork.example","1-972-555-0134","8315 Flores Ct Ste 283","Edwardmouth","MD","21921-1012","United States","Entertainment","82","0055A04zdljoQKaQAM","","2017-06-19T06:58:37.000Z","2017-11-08T08:07:19.000Z","LA-189719"
"0015A0bCVrkXtlfQMC","Quaestiork Robotics","","+1 415 555 0172","32734 Mitchell Street","Obrienland","GA","31753","United States","Hospitality","88","0055A0kaLqDNLyaQIH","","2019-10-28T10:12:06.000Z","2022-06-16T18:00:10.000Z","LA-758769"
"0015A0qpia7MmamQAC","Myflan Services Co.","https://www.myflan.example/about","","7871 Wells Avenue Suite 592","Cathystad","NY","12783","United States","Finance","26","0055A04zdljoQKaQAM","","2018-01-20T08:30:42.000Z","2020-06-05T22:59:38.000Z","LA-373775"
"0015A0FFYthefFwQOI","Renas Materials Ltd.","","+1 503 555 0139","8916 Walter Street","Williamschester","TX","78789","United States","Hospitality","31","0055A0tdEKXfWCmQYN","","2018-12-02T14:47:17.000Z","2023-12-15T14:19:09.000Z","LA-757993"
"0015A07jXudlZS0QIM","Prizy Freight LLC","WWW.PRIZYFREIGHT.EXAMPLE","(617) 555-0176","398 Norman Boulevard Suite 170","North Rhondastad","IL","61508-9281","United States","Electronics","19","0055A0tdEKXfWCmQYN","","2022-08-09T13:15:33.000Z","2026-08-12T07:07:12.000Z","LA-334874"
"0015A0UZNCTi3h0Q4B","Flyrour Holdings Ltd.","flyrour.example","404-555-0172","50114 Gay Lane","West Michaelburgh","WV","25628","United States","Banking","5005","0055A0tdEKXfWCmQYN","","2018-07-17T00:31:13.000Z","2018-12-09T04:42:53.000Z","LA-317014"
"0015A0fu3Bgt29EQQQ","Coprur Materials LLC","coprur.example","","64653 Reid Lane","North Christopher","CA","93808","United States","Communications","150","0055A0WTUKgiexlQ4A","","2023-11-30T11:42:22.000Z","2024-07-15T14:05:03.000Z","LA-121281"
"0015A0YC9s5lpcbQGA","Maeskail Industries Inc.","https://www.maeskail.example/about","720.555.0106","52871 Davis Boulevard","Robertfort","MT","59125","United States","Communications","48","0055A0WTUKgiexlQ4A","","2022-02-06T23:10:31.000Z","2025-10-14T04:21:06.000Z","LA-570061"
"0015A0a8SLYtjJ9QYJ","Dagand Supply Corporation","www.dagand.example","720.555.0133","988 Brown Drive","West Kristin","FL","33117-4574","United States","Manufacturing","86","0055A0WTUKgiexlQ4A","","2017-04-05T11:20:04.000Z","2022-01-07T19:06:03.000Z","LA-576773"
"0015A0ZrrIcWpTbQSK","Proprol Holdings Inc","www.proprol.example","(972) 555-0151","46560 Mccoy Way","Hayeston","CT","06210","United States","Shipping","755","0055A0tdEKXfWCmQYN","","2021-11-28T21:51:25.000Z","2024-10-16T10:22:02.000Z","LA-113652"
"0015A0GMJsXqZ7nQOF","Hioskael Solutions Inc","hioskaelsolutions.example","305.555.0112","9153 Gibson Lane","Lake Christopherville","AZ","85894","United States","Agriculture","756","0055A04zdljoQKaQAM","","2018-10-03T21:21:42.000Z","2021-01-26T10:56:15.000Z","LA-227523"
"0015A0jzpAU057aQQB","Waelaive Services Inc","https://waelaive.example/","(904) 555-0193","645 Estes Way","Antonioport","NY","13221","United States","Engineering","159","0055A0uyQiqdtqRQIQ","","2021-11-30T23:43:16.000Z","2025-12-25T05:10:33.000Z","LA-379117"
"0015A00B0Ac1tvyQUA","Draegrim Capital Inc","https://www.draegrim.example/about","(415) 555-0134","209 Conner Avenue","Andrewhaven","MA","02790","United States","Healthcare","34","0055A0kaLqDNLyaQIH","","2019-02-14T20:14:52.000Z","2026-05-27T17:09:46.000Z","LA-396757"
"0015A0GdYJeGUicQ0G","Ruvi Materials","http://ruvi.example","(720) 555-0148","79890 Wood Way","Ryanside","VA","22238","United States","Telecommunications","151","0055A0tdEKXfWCmQYN","","2021-05-29T04:21:30.000Z","2021-08-18T00:50:27.000Z","LA-681885"
"0015A024az8CHvFQAW","Waitioth Holdings Inc.","http://waitioth.example","(702) 555-0199","07757 Beasley Drive Suite 281","Jeremyhaven","DC","20012","United States","Communications","303","0055A04zdljoQKaQAM","","2025-05-30T23:42:24.000Z","2025-10-08T01:49:35.000Z","LA-959034"
"0015A0JYwz3uah1QGA","Brotraes Health Corporation","","1-206-555-0188","16863 Bender Drive Suite 250","Port Davidberg","KS","67858","United States","Construction","19","0055A04zdljoQKaQAM","","2024-07-22T22:45:23.000Z","2026-05-08T08:30:43.000Z","LA-683159"
"0015A0zeAzru6YNQIY","Tekon Robotics Ltd.","","","725 Oneill Place","North Markchester","TX","78206","United States","Biotechnology","303","0055A0WTUKgiexlQ4A","","2021-03-17T15:13:25.000Z","2025-01-28T02:45:59.000Z","LA-283832"
"0015A0t2CknVfy6QIC","Boumox Energy Co.","https://www.boumox.example/about","","18357 Hopkins Pl","West Marcusshire","VT","05127","United States","Technology","1209","0055A0kaLqDNLyaQIH","","2018-03-01T03:52:25.000Z","2025-07-28T12:09:31.000Z","LA-414575"
"0015A0ULIBYA6izQ4D","Pretriork Labs Corporation","https://pretriork.example/","1-972-555-0185","74232 Richardson Avenue","West Bradley","IA","50566","United States","Entertainment","14","0055A0WTUKgiexlQ4A","","2018-09-06T01:36:06.000Z","2019-12-26T01:55:02.000Z","LA-151057"
"0015A0ZU3V0CeigQWC","Faebryx Health Inc","https://www.faebryx.example","415-555-0124","86157 Graham Court","Annettehaven","NJ","07983","United States","Transportation","31","0055A0kaLqDNLyaQIH","","2019-10-03T14:27:00.000Z","2023-08-10T07:51:02.000Z","LA-728346"
"0015A0VbxfHyJ8CQCV","Waitioth Holdings LLC","","+1 702 555 0199","36449 Morgan Place","Jeremyhaven","DC","20014","United States","Communications","303","0055A0cR5VB3fAdQUJ","","2018-12-09T15:30:12.000Z","2024-02-28T14:33:27.000Z","LA-599649"
"0015A0891xYaoiEQAR","Hapres Systems LLC","https://www.hapres.example","1-904-555-0139","30250 Ramos Lane","West Jamesmouth","OH","43350","United States","Biotechnology","9","0055A0kaLqDNLyaQIH","","2019-01-17T11:32:42.000Z","2024-09-16T13:19:01.000Z","LA-291454"
"0015A0GywGWYLkiQSH","Hequaer Freight Inc","http://hequaer.example","1-904-555-0119","8780 Williams Parkway","Websterview","VA","24522","United States","Manufacturing","159","0055A0WTUKgiexlQ4A","","2019-10-09T02:27:04.000Z","2022-04-19T01:13:14.000Z","LA-546379"
"0015A0JOqmTiNQUQG3","Taiban Logistics","taiban.example","1-503-555-0155","0198 Bowman Ave","Franklinburgh","WA","98048","United States","Healthcare","44","0055A0uyQiqdtqRQIQ","","2017-01-10T11:54:23.000Z","2026-05-20T14:43:37.000Z","LA-587974"
"0015A0euwzONXSnQAP","Koutux Health Ltd.","","512-555-0196","559 Johnson Place","South Jackiechester","AL","35810","United States","Technology","83","0055A0cR5VB3fAdQUJ","","2017-12-06T04:12:20.000Z","2025-11-18T16:32:21.000Z","LA-986425"
"0015A0LYHOswStuQ4E","Brynaeve International Ltd.","","(617) 555-0196","54334 Gonzalez Boulevard","Smithton","IN","47417","United States","Machinery","28","0055A0cR5VB3fAdQUJ","","2019-12-05T07:12:29.000Z","2021-02-21T03:55:37.000Z","LA-749459"
"0015A0lWIyxVg58QMC","Griogrove Dynamics Inc.","WWW.GRIOGROVE.EXAMPLE","(312) 555-0171","309 Vargas Ct","Mikeport","PW","96940","United States","Apparel","5008","0055A0WTUKgiexlQ4A","","2023-02-09T06:25:10.000Z","2025-03-07T21:10:21.000Z","LA-694566"
"0015A0CU2wnmoSzQGI","Clogriond Systems Co.","https://www.clogriond.example","","0630 Ray Rd","Vazquezport","NE","68064","United States","Government","309","0055A0kaLqDNLyaQIH","","2017-06-19T14:46:18.000Z","2025-10-21T08:16:58.000Z","LA-697383"
"0015A06rmKgyBOsQQM","Quymel Services Corp.","https://www.quymel.example","+1 972 555 0180","9077 Graves Way Ste 302","Bettyville","VA","24609","United States","Transportation","156","0055A0tdEKXfWCmQYN","","2022-09-10T09:37:55.000Z","2026-05-16T17:37:57.000Z","LA-153260"
"0015A0aoQ44L6TGQI0","Lepras International Ltd.","https://www.lepras.example","","74797 Young Pkwy","Melissatown","NE","68090","United States","Not For Profit","12","0055A0tdEKXfWCmQYN","","2024-08-17T07:48:43.000Z","2026-01-31T11:04:33.000Z","LA-550785"
"0015A0SruwiSyCbQCK","Truquaim Dynamics Inc","https://www.truquaim.example","1-305-555-0106","40055 Howard Court","Jonathantown","IL","62761","United States","Agriculture","5003","0055A0cR5VB3fAdQUJ","","2025-01-10T12:54:41.000Z","2026-04-12T05:18:31.000Z","LA-714446"
"0015A0M4Iz3WOWNQK4","Maigrourk Partners Ltd.","http://maigrourk.example","+1 305 555 0104","03338 Smith Lane","South Ritaport","ND","58632","United States","Government","1207","0055A0uyQiqdtqRQIQ","","2018-11-22T21:18:37.000Z","2025-04-27T00:36:31.000Z","LA-107649"
"0015A0YQIb5TZOaQOO","Raeziom Networks LLC","www.raeziom.example","+1 972 555 0181","33628 Young Court","West Scott","AL","36646","United States","Hospitality","154","0055A0cR5VB3fAdQUJ","","2025-06-19T15:51:07.000Z","2025-08-24T17:11:20.000Z","LA-695791"
"0015A0W0dMu7gczQSA","Moutaer Systems Ltd.","WWW.MOUTAER.EXAMPLE","+1 702 555 0121","3233 Mcbride Avenue","Morrisfurt","FL","32053","United States","Telecommunications","756","0055A0kaLqDNLyaQIH","","2017-10-22T20:20:26.000Z","2020-05-28T07:12:29.000Z","LA-980705"
"0015A0xaeAQI9XOQQ1","Fevark Dynamics Ltd.","https://fevark.example/","1-972-555-0114","105 Young Drive Suite 638","Lake Matthewville","IN","46254","United States","Education","13","0055A0uyQiqdtqRQIQ","","2022-11-07T04:40:19.000Z","2024-11-01T07:03:53.000Z","LA-967339"
"0015A0HWP632idtQOA","Foutaen Manufacturing Inc","www.foutaen.example","(415) 555-0139","143 Kramer St","Gregoryside","AK","99788","United States","Banking","1204","0055A0tdEKXfWCmQYN","","2019-12-28T12:26:06.000Z","2024-11-23T00:01:38.000Z","LA-399998"
"0015A0Nf4qzb1C6QCI","Loulind Health Corp.","https://www.loulind.example","","2624 Kim Drive","East Pamelaberg","ME","04282","United States","Construction","1209","0055A0kaLqDNLyaQIH","","2023-01-07T14:04:49.000Z","2024-09-05T16:54:45.000Z","LA-444707"
"0015A0scym6gFBMQA2","Troclaith Services Ltd.","www.troclaith.example","617-555-0135","0352 Patrick Road","Lake James","PW","96940","United States","Banking","1204","0055A0uyQiqdtqRQIQ","","2017-06-03T04:47:10.000Z","2018-06-21T04:02:01.000Z","LA-555653"
"0015A0YpkOpOfnEQSS","Quevil Analytics Ltd.","http://quevil.example","","","Timville","PW","96940","United States","Utilities","381","0055A0tdEKXfWCmQYN","","2023-02-12T16:12:51.000Z","2025-05-16T06:25:42.000Z","LA-699297"
"0015A0BywSrxSqjQSE","Banos Networks Ltd.","WWW.BANOS.EXAMPLE","+1 512 555 0190","169 Ellison Lane","East Vicki","AK","99645","United States","Utilities","12","0055A0WTUKgiexlQ4A","","2020-04-18T08:12:01.000Z","2021-11-19T03:12:38.000Z","LA-929606"
"0015A0bNKa4K5BfQMK","Drusin Outfitters","drusin.example","813-555-0101","24710 Brooks Ct","Samuelland","LA","71090","United States","Engineering","151","0055A0uyQiqdtqRQIQ","","2017-07-25T12:12:43.000Z","2019-11-01T02:05:57.000Z","LA-384963"
"0015A01UFuUoRK5QMN","Trugoun Systems Corporation","WWW.TRUGOUN.EXAMPLE","305-555-0132","59289 Lee Ct Ste 542","North Danielburgh","WI","53070","United States","Banking","30","0055A0tdEKXfWCmQYN","","2021-08-30T21:44:04.000Z","2022-12-27T16:14:51.000Z","LA-535607"
"0015A0YgxZRKIAhQSP","Giobair Foods Inc.","WWW.GIOBAIR.EXAMPLE","904-555-0176","28358 Fritz Court","Lake Christinatown","PW","96940","United States","Media","154","0055A0WTUKgiexlQ4A","","2021-03-01T13:29:41.000Z","2023-09-30T05:52:54.000Z","LA-223933"
"0015A0jLoWYkJh7QUF","Festis Technologies Corporation","https://www.festis.example","617-555-0177","89361 Scott Parkway","Watsonberg","IA","51905","United States","Shipping","5","0055A0cR5VB3fAdQUJ","","2023-06-12T11:23:01.000Z","2025-11-07T22:20:11.000Z","LA-346253"
"0015A07fd3YBSt3QAH","Drogoun Supply Ltd.","https://www.drogoun.example/about","415.555.0199","4454 Hunter Drive","Duncanmouth","CO","80984","United States","Biotechnology","1205","0055A04zdljoQKaQAM","","2022-04-29T11:19:55.000Z","2024-11-19T14:40:45.000Z","LA-793830"
"0015A09vmso334cQAA","Hastain Outfitters Inc.","WWW.HASTAIN.EXAMPLE","+1 305 555 0187","24283 Reeves Street","West Ronaldland","AR","71817-3103","United States","Finance","44","0055A0tdEKXfWCmQYN","","2024-06-10T09:18:11.000Z","2025-08-11T20:01:15.000Z","LA-466777"
"0015A02a72ktPRQQA2","Quaesain Solutions Ltd.","WWW.QUAESAIN.EXAMPLE","415.555.0195","89902 Cummings Avenue","Greenton","MH","96961","United States","Communications","5004","0055A0cR5VB3fAdQUJ","","2017-12-30T19:32:46.000Z","2024-02-14T05:26:46.000Z","LA-324577"
"0015A0L1OSn7aSdQ0I","Quowove Services Inc","www.quowove.example","(212) 555-0162","88150 Parrish Place Suite 802","New Gregory","WY","82210","United States","Not For Profit","27","0055A0tdEKXfWCmQYN","","2024-03-05T04:04:15.000Z","2025-11-09T10:34:02.000Z","LA-224411"
"0015A0KsixKFxYVQC1","Stoulove Dynamics Co.","https://stoulove.example/","1-415-555-0110","68883 Weaver Pkwy","Lake Wendy","LA","70367","United States","Consulting","47","0055A0tdEKXfWCmQYN","","2024-02-03T01:28:17.000Z","2024-08-25T06:01:07.000Z","LA-221323"
"0015A0QSTn05TQZQO2","Vouclair Solutions Inc.","https://vouclair.example/","702.555.0133","65670 Lawson Court Suite 815","Christopherborough","NY","14721","United States","Banking","304","0055A0cR5VB3fAdQUJ","","2022-04-16T06:24:48.000Z","2023-02-21T01:06:54.000Z","LA-616578"
"0015A0t1UTSLduMQYT","Skidrour Foods LLC","www.skidrour.example","503.555.0127","7173 Haney Rd","South Teresa","AR","72462","United States","Other","155","0055A0cR5VB3fAdQUJ","","2018-10-31T18:45:00.000Z","2019-10-03T21:02:22.000Z","LA-148067"
"0015A0u4h1kcE5FQAU","Cidraix Foods Ltd.","https://cidraix.example/","+1 312 555 0113","4295 Smith Street","North Brianchester","NV","89514","United States","Banking","150","0055A0WTUKgiexlQ4A","","2017-02-15T12:16:05.000Z","2026-04-01T01:06:21.000Z","LA-420746"
"0015A06mRPbu022QYA","Cadeve Freight LLC","https://www.cadeve.example/about","","405 Larson Avenue","Davidbury","MD","20945","United States","Food & Beverage","47","0055A0kaLqDNLyaQIH","","2021-07-19T03:51:58.000Z","2024-04-12T15:25:02.000Z","LA-363501"
"0015A0vplBxV709QQC","Joskas Labs Ltd.","http://joskas.example","404-555-0119","2918 Andrews Way","East Virginiaburgh","OH","43275","United States","Education","44","0055A0kaLqDNLyaQIH","","2017-04-19T18:49:21.000Z","2025-07-19T04:02:58.000Z","LA-600768"
"0015A0pev1EDPCTQA5","Graenound Networks Corporation","http://graenound.example","1-904-555-0149","01635 Deleon Way Suite 906","North Richardhaven","AZ","85270","United States","Not For Profit","32","0055A0WTUKgiexlQ4A","","2021-05-26T01:37:03.000Z","2023-10-10T03:48:37.000Z","LA-421892"
"0015A0glLzKFWnfQIH","Druwou Outfitters","","972.555.0191","991 Cowan Way","North Lisa","MN","56103","United States","Manufacturing","5001","0055A04zdljoQKaQAM","","2020-10-07T22:46:11.000Z","2025-10-11T23:32:55.000Z","LA-532023"
"0015A0DeQHta6HZQ0Y","Fytin Logistics Co.","","617.555.0175","359 Blankenship Parkway","New Daniel","GA","30647-4596","United States","Energy","1200","0055A0kaLqDNLyaQIH","","2017-03-03T10:49:03.000Z","2025-08-08T18:55:50.000Z","LA-223874"
"0015A0BtGG3jnLuQ0I","Drivoun Energy Inc.","www.drivoun.example","972.555.0111","8107 Thomas Parkway","Landrymouth","WI","53099","United States","Shipping","85","0055A0kaLqDNLyaQIH","","2017-01-20T06:29:34.000Z","2020-02-04T00:11:09.000Z","LA-443622"
"0015A0VGW6lkTNCQO2","Gryrox Networks Inc","","+1 617 555 0187","0580 Powell Ln","Bakermouth","FL","33415-6295","United States","Shipping","12","0055A0kaLqDNLyaQIH","","2018-11-22T17:52:37.000Z","2019-10-25T14:10:06.000Z","LA-644807"
"0015A0ofwQ3HQ6QQQW","Ladyth Services Inc","https://www.ladyth.example/about","(212) 555-0153","9206 Collins Boulevard","West Andrew","FL","34169","United States","Telecommunications","152","0055A0kaLqDNLyaQIH","","2024-02-12T18:12:26.000Z","2025-05-20T05:38:03.000Z","LA-172645"
"0015A0G006RLByBQCX","Paesor Outfitters Inc","https://www.paesor.example/about","+1 813 555 0181","8399 Dorsey Place","Martinhaven","NJ","08304","United States","Not For Profit","9","0055A0tdEKXfWCmQYN","","2017-10-27T20:56:36.000Z","2025-10-10T01:38:21.000Z","LA-642653"
"0015A0rjlWjmAttQQE","Hoflouve Capital Co.","","1-813-555-0195","3379 Fischer Parkway Suite 511","Port Richard","NC","27981-9915","United States","Utilities","31","0055A0WTUKgiexlQ4A","","2018-04-11T22:09:49.000Z","2023-08-29T05:24:31.000Z","LA-780635"
"0015A0Kqr6KUCiWQCX","Drougrex Outfitters Ltd.","https://www.drougrex.example","+1 305 555 0117","1654 Nichols Lane","North Stevenchester","NE","68072","United States","Technology","19","0055A0WTUKgiexlQ4A","","2023-11-04T05:17:19.000Z","2023-12-15T23:02:27.000Z","LA-747435"
"0015A0WZ2iEdT3AQGV","Trabrive Dynamics Corp.","WWW.TRABRIVE.EXAMPLE","","1219 Alexander Way","New Kelsey","NJ","07092","United States","Government","30","0055A0tdEKXfWCmQYN","","2025-05-18T23:16:14.000Z","2025-10-28T12:12:42.000Z","LA-393640"
"0015A0wmNNSqxMoQYJ","Fimael Capital Co.","https://fimael.example/","+1 206 555 0114","09497 Jordan Pl","South Gabriella","DE","19880","United States","Engineering","754","0055A0uyQiqdtqRQIQ","","2019-10-24T13:57:42.000Z","2025-08-19T18:09:35.000Z","LA-937497"
"0015A0bKMu3DIZoQMO","Drozem International Inc.","https://drozem.example/","404-555-0152","550 Ross Parkway","North Johntown","MO","63305","United States","Communications","9","0055A0WTUKgiexlQ4A","","2024-01-19T03:51:58.000Z","2025-06-29T16:45:58.000Z","LA-743164"
"0015A0Em6prRF8IQCW","Brioskior Robotics LLC","","(503) 555-0105","40118 Cox Court","Nashshire","GA","30410","United States","Not For Profit","21","0055A0tdEKXfWCmQYN","","2017-02-20T07:31:45.000Z","2020-10-07T20:07:57.000Z","LA-117299"
"0015A0VeAkzXSv9QKG","Mebour Solutions Co.","www.mebour.example","+1 972 555 0112","183 Hill Ct","Carrillofurt","DE","19971","United States","Government","27","0055A0kaLqDNLyaQIH","","2018-03-09T00:23:17.000Z","2024-06-08T22:18:19.000Z","LA-946776"
"0015A0c5lbyJ9phQAC","Clouclix Analytics Corporation","WWW.CLOUCLIX.EXAMPLE","904.555.0122","36090 Kim Way","Port Latoyaview","NM","87427","United States","Not For Profit","29","0055A0kaLqDNLyaQIH","","2023-04-03T16:51:35.000Z","2025-08-30T08:05:16.000Z","LA-714611"
"0015A0RwqZutHotQSE","Drounin Solutions Corp.","drounin.example","+1 415 555 0105","1681 Garcia Boulevard","Shawview","MN","56757","United States","Shipping","41","0055A0uyQiqdtqRQIQ","","2019-07-18T19:48:16.000Z","2021-11-20T07:19:24.000Z","LA-998567"
"0015A0mdzYiDRAlQQO","Trazix International Co.","https://www.trazixinternational.example/about","813.555.0169","1746 Smith Avenue","East Brettchester","MO","64287","United States","Energy","752","0055A0cR5VB3fAdQUJ","","2020-05-28T03:12:37.000Z","2021-02-24T04:48:04.000Z","LA-642286"
"0015A0C40BLzNuwQSF","Wiowiove Holdings Inc.","","(617) 555-0117","3008 Villarreal Street","Jessicabury","ND","58248","United States","Government","83","0055A0cR5VB3fAdQUJ","","2023-03-16T15:32:05.000Z","2025-07-27T13:27:20.000Z","LA-582815"
"0015A0LCprFZoKPQG1","Moulos Holdings LLC","https://www.moulos.example","+1 972 555 0152","376 Rich Boulevard","West Jaredmouth","OR","97863","United States","Consulting","7","0055A0uyQiqdtqRQIQ","","2024-10-15T16:20:50.000Z","2025-07-06T23:50:51.000Z","LA-169399"
"0015A0GUPLHX0LBQ41","Laeras Technologies Ltd.","WWW.LAERAS.EXAMPLE","+1 904 555 0104","8519 Taylor Avenue","West Rebecca","FM","96942","United States","Electronics","305","0055A04zdljoQKaQAM","","2018-09-01T13:50:32.000Z","2020-09-18T22:47:34.000Z","LA-567827"
"0015A0Mcn0NURxYQCX","Stemuq Manufacturing Ltd.","WWW.STEMUQ.EXAMPLE","(212) 555-0168","421 Stuart Lane Suite 704","Colemanmouth","MT","59908","United States","Utilities","1202","0055A0cR5VB3fAdQUJ","","2019-09-04T07:55:57.000Z","2023-12-25T05:45:15.000Z","LA-512867"
"0015A078IASFZDNQY5","Baiquath Capital Corporation","www.baiquath.example","1-813-555-0198","8296 Vargas Place Suite 131","Lindaborough","LA","70452","United States","Engineering","17","0055A0kaLqDNLyaQIH","","2017-04-17T20:23:07.000Z","2017-08-16T09:08:08.000Z","LA-606568"
"0015A0OYQb80xUeQOI","Sanous Logistics Inc.","https://www.sanous.example/about","(720) 555-0123","","Taylorview","OR","97007-4931","United States","Machinery","308","0055A0uyQiqdtqRQIQ","","2021-05-24T05:54:37.000Z","2023-09-04T08:42:28.000Z","LA-266878"
"0015A0LMBwayGWBQO2","Lihourk Dynamics Ltd.","WWW.LIHOURK.EXAMPLE","","3030 Avery Lane Suite 483","East Megan","MA","01737","United States","Chemicals","300","0055A0tdEKXfWCmQYN","","2023-05-14T12:40:04.000Z","2023-05-26T04:58:58.000Z","LA-531159"
"0015A0ECKKJi3DvQ4J","Briobyth Industries","http://briobyth.example","+1 312 555 0194","22931 Stone Drive","South Davidland","HI","96828","United States","Technology","5000","0055A0uyQiqdtqRQIQ","","2023-06-15T08:14:07.000Z","2026-07-24T00:14:43.000Z","LA-834397"
"0015A0j1FYIVCxhQYH","Saibrive Solutions LLC","www.saibrive.example","(512) 555-0147","2314 Washington Road Suite 654","South Jessicaton","WA","98277","United States","Communications","753","0055A0kaLqDNLyaQIH","","2021-11-12T12:52:37.000Z","2024-12-03T19:02:15.000Z","LA-486181"
"0015A0MoqTbmlzfQSA","Skores Manufacturing LLC","","+1 503 555 0148","807 Fischer Ct","Barbarastad","MN","55449","United States","Apparel","31","0055A0WTUKgiexlQ4A","","2025-06-18T19:32:18.000Z","2026-07-12T08:05:13.000Z","LA-496819"
"0015A0Op5GErxB0QSJ","Trapar Solutions Corporation","","+1 720 555 0188","78548 Medina Way","Taraburgh","WY","82575","United States","Finance","20","0055A0uyQiqdtqRQIQ","","2022-08-17T23:36:45.000Z","2023-09-24T17:12:08.000Z","LA-425336"
"0015A0oFA0T7eMZQMZ","Nougrael Networks Ltd.","http://nougrael.example","404.555.0192","53805 Sandoval Street Suite 665","Clarkstad","NV","89757","United States","Apparel","751","0055A0WTUKgiexlQ4A","","2024-04-09T18:34:58.000Z","2024-07-28T12:22:00.000Z","LA-234807"
"0015A0Z6EISBjqgQ0D","Papraq Networks Ltd.","http://papraq.example","312-555-0181","4696 Woods Lane","Richardsonhaven","AL","35090","United States","Telecommunications","80","0055A04zdljoQKaQAM","","2021-05-27T21:52:51.000Z","2026-03-11T13:09:45.000Z","LA-785797"
"0015A0gAzaoiFjrQEE","Gymurk Sys Co.","https://gymurk.example/","1-503-555-0135","4197 Skinner Avenue","New Catherinefurt","NE","68090-1467","United States","Chemicals","5005","0055A04zdljoQKaQAM","","2025-02-21T04:14:21.000Z","2026-05-26T23:07:38.000Z","LA-764478"
"0015A0r01Iai7GEQQY","Cogae Logistics Ltd.","https://cogae.example/","972.555.0135","97032 George Lane","Brianburgh","TX","75657","United States","Technology","156","0055A0cR5VB3fAdQUJ","","2019-04-28T02:33:36.000Z","2022-01-04T19:36:22.000Z","LA-867362"
"0015A0ARpw4ejKpQGI","Bucais International","WWW.BUCAIS.EXAMPLE","(813) 555-0130","480 Rogers Boulevard","North Paulmouth","GA","30103","United States","Construction","5001","0055A0tdEKXfWCmQYN","","2017-03-16T22:48:24.000Z","2019-07-01T19:37:01.000Z","LA-515358"
"0015A05HsPc4gXmQUI","Nuprer International Co.","www.nuprer.example","1-972-555-0104","5143 Wilson Rd","Donnaburgh","HI","96741","United States","Food & Beverage","157","0055A0cR5VB3fAdQUJ","","2024-07-18T16:37:23.000Z","2024-12-10T03:53:50.000Z","LA-543475"
"0015A0O5mwtplybQCA","Lysind Outfitters","","1-617-555-0168","36287 Montes Court","West Marcusshire","MI","48158","United States","Energy","34","0055A04zdljoQKaQAM","","2022-12-01T04:54:46.000Z","2025-10-28T04:26:35.000Z","LA-863245"
"0015A0hl2AT5jN7QQJ","Cioju Systems Ltd.","http://cioju.example","312-555-0198","8994 Alvarado Parkway","Emilyview","PW","96940","United States","Food & Beverage","303","0055A0kaLqDNLyaQIH","","2021-10-08T13:46:14.000Z","2024-02-19T23:32:11.000Z","LA-382899"
"0015A0VWjRLvNukQWF","Fuveth Works LLC","www.fuveth.example","503-555-0122","70501 Franco Blvd Ste 697","West Christopherside","OR","97841","United States","Consulting","1203","0055A0kaLqDNLyaQIH","","2018-10-14T18:34:48.000Z","2023-02-22T01:19:32.000Z","LA-993887"
"0015A0OWGef7v39QOA","Votrais Labs Co.","www.votrais.example","1-503-555-0149","783 Charles Boulevard","Lindseyfort","OH","43502","United States","Food & Beverage","33","0055A0uyQiqdtqRQIQ","","2017-04-25T17:49:42.000Z","2020-01-19T20:10:09.000Z","LA-298613"
"0015A0YArp8OiXoQGK","Quocove Manufacturing Inc","http://quocove.example","312-555-0124","31691 Ware Boulevard","Sarahside","CT","06101","United States","Manufacturing","40","0055A0WTUKgiexlQ4A","","2019-04-30T13:08:00.000Z","2023-07-18T13:15:51.000Z","LA-125940"
"0015A04J1Ev9LS3QUM","Dudroul Solutions LLC","dudroul.example","(503) 555-0150","7027 Murray Court","North Jonathan","SD","57270","United States","Utilities","303","0055A04zdljoQKaQAM","","2020-02-19T19:00:53.000Z","2026-04-25T13:34:15.000Z","LA-133320"
"0015A024nc0BnmVQAS","Clifail Capital Corporation","","1-415-555-0104","3060 Holmes Way","Marshallfurt","KS","66147","United States","Consulting","83","0055A0uyQiqdtqRQIQ","","2021-10-20T00:27:52.000Z","2022-12-21T20:34:20.000Z","LA-246315"
"0015A0tXwBPA536QUD","Praistor Health LLC","http://praistor.example","305.555.0172","44243 Davis Dr","Pooleshire","OK","73120","United States","Engineering","14","0055A04zdljoQKaQAM","","2020-10-17T12:01:10.000Z","2024-09-13T02:36:36.000Z","LA-720177"
"0015A0cjKPpjoiqQYA","Drystand Services Ltd.","www.drystand.example","813.555.0175","24640 Raymond Lane","Millsmouth","LA","70120","United States","Finance","82","0055A0tdEKXfWCmQYN","","2017-08-03T17:22:20.000Z","2021-03-09T14:04:11.000Z","LA-957636"
"0015A0yVSY8f60jQ2A","Talos Robotics Ltd.","talos.example","(904) 555-0178","735 Mayo Court","East Taratown","AZ","86436","United States","Government","1202","0055A04zdljoQKaQAM","","2022-01-27T12:31:22.000Z","2026-05-04T13:33:39.000Z","LA-279848"
"0015A0teDz30fkGQIQ","Siobroum Robotics Inc.","https://www.siobroum.example/about","+1 702 555 0185","263 Baker Place Suite 429","West Tracy","OR","97158","United States","Energy","5006","0055A0kaLqDNLyaQIH","","2022-06-23T20:17:00.000Z","2025-06-26T21:03:16.000Z","LA-243892"
"0015A0RRZXA7XrrQ4F","Briprive Services Corporation","briprive.example","(512) 555-0141","462 Strickland Place Suite 651","Jonathanton","CA","93382","United States","Machinery","87","0055A0WTUKgiexlQ4A","","2024-10-10T01:12:16.000Z","2025-09-10T05:03:24.000Z","LA-372192"
"0015A0pp3ONCP20QQH","Vebrel Partners Corp.","vebrel.example","1-813-555-0189","77711 Weeks Road","Lake David","MO","64018","United States","Manufacturing","33","0055A0tdEKXfWCmQYN","","2018-06-20T14:38:02.000Z","2019-01-29T17:03:20.000Z","LA-784615"
"0015A0UF35PQKNAQG5","Bouprork Logistics","","212.555.0189","2278 Johnson Lane","New Shaun","GA","31430","United States","Transportation","80","0055A0cR5VB3fAdQUJ","","2023-04-21T13:31:29.000Z","2024-09-29T09:48:52.000Z","LA-775065"
"0015A0Xq3DSXcrGQST","Puquaix International Inc","WWW.PUQUAIX.EXAMPLE","+1 617 555 0182","939 Martinez Place","Johnsonview","DE","19769","United States","Not For Profit","305","0055A0uyQiqdtqRQIQ","","2024-08-29T20:24:04.000Z","2024-09-21T20:15:08.000Z","LA-562208"
"0015A0qK8qS89OAQEZ","Zaedrour Energy Co.","https://zaedrour.example/","+1 972 555 0135","37387 Briggs Lane Suite 775","North Lisa","VA","22463-2775","United States","Consulting","40","0055A0uyQiqdtqRQIQ","","2020-04-27T12:35:22.000Z","2022-02-23T03:12:54.000Z","LA-495898"
"0015A0Y9x6Tcwr5QCB","Skanaq Capital Corporation","http://skanaq.example","(702) 555-0113","7181 Long Lane","Gillborough","WV","26611","United States","Communications","150","0055A0cR5VB3fAdQUJ","","2019-09-20T19:00:25.000Z","2020-07-11T19:51:18.000Z","LA-948094"
"0015A0tE4fk4YhTQEU","Sowaeq Services Inc","https://sowaeq.example/","503-555-0153","780 Mueller Boulevard","East Duane","IL","60413","United States","Entertainment","1202","0055A0kaLqDNLyaQIH","","2024-02-11T17:29:49.000Z","2026-05-01T18:10:26.000Z","LA-736121"
"0015A0YxzrUb9UmQCJ","Prolyl Partners Inc","WWW.PROLYL.EXAMPLE","1-312-555-0199","30878 Saunders Drive","East Vincentberg","UT","84575","United States","Banking","157","0055A0cR5VB3fAdQUJ","","2023-05-24T08:34:51.000Z","2024-05-14T23:41:34.000Z","LA-933583"
"0015A0jwidR8avyQAB","Drougin Analytics Corporation","www.drougin.example","404.555.0143","443 Reynolds Lane","Lorichester","RI","02846","United States","Construction","11","0055A0kaLqDNLyaQIH","","2023-04-11T12:57:46.000Z","2024-08-21T08:31:14.000Z","LA-860597"
"0015A0LLyaHCerkQGD","cabyn partners group co.","http://cabyn.example","(813) 555-0179","77053 Todd Parkway","Stephanieshire","PW","96940","United States","Food & Beverage","17","0055A0uyQiqdtqRQIQ","","2019-04-24T14:28:55.000Z","2025-06-28T14:03:07.000Z","LA-852136"
"0015A06TPKYg5ORQ2Z","Naepyx Analytics Co.","WWW.NAEPYX.EXAMPLE","+1 206 555 0125","4993 Hall Ave","New Patrickshire","IA","50102","United States","Communications","152","0055A0uyQiqdtqRQIQ","","2018-07-16T07:18:59.000Z","2019-03-03T02:30:23.000Z","LA-357943"
"0015A0Nvv7Mg8XzQCJ","Giograive Capital Ltd.","WWW.GIOGRAIVE.EXAMPLE","512.555.0175","625 Harris Way","New Christinetown","MH","96961-6441","United States","Biotechnology","14","0055A0uyQiqdtqRQIQ","","2022-03-15T22:50:19.000Z","2022-07-20T11:32:48.000Z","LA-474283"
"0015A0rZMnNmPKnQMN","Briiocourk Manufacturing Corp.","","206.555.0187","974 Taylor Ave","Port Carlosfurt","ME","04955","United States","Energy","1200","0055A04zdljoQKaQAM","","2024-02-07T06:01:36.000Z","2025-02-11T09:41:06.000Z","LA-168094"
"0015A09sSZZ6JzPQYV","Braesku Systems Corp.","","(503) 555-0156","217 Nguyen Avenue","Oliviamouth","NV","89529","United States","Banking","20","0055A0tdEKXfWCmQYN","","2025-03-14T21:45:37.000Z","2025-06-20T09:57:32.000Z","LA-760560"
"0015A01QN5KzJnaQMF","Riobex International Corporation","WWW.RIOBEX.EXAMPLE","+1 404 555 0139","886 Crawford Street","Port Scottville","IA","50417","United States","Apparel","305","0055A0tdEKXfWCmQYN","","2020-06-23T16:18:35.000Z","2025-07-18T10:08:29.000Z","LA-395099"
"0015A0lNoosD25qQEC","Wiostouth Services Inc.","","1-212-555-0167","7633 Rhodes Drive","South Scottmouth","WV","24848","United States","Technology","757","0055A0uyQiqdtqRQIQ","","2023-02-18T17:18:45.000Z","2024-12-30T08:20:17.000Z","LA-950696"
"0015A081Yh0VyulQIC","Tiorind Supply Co.","https://www.tiorind.example/about","415.555.0188","9353 Rodriguez Court","Michelleview","MD","21212-4961","United States","Finance","31","0055A0tdEKXfWCmQYN","","2022-11-17T11:38:24.000Z","2026-04-01T06:06:57.000Z","LA-826469"
"0015A0Z91gVRQjxQCH","Cledryq Robotics LLC","https://cledryq.example/","415-555-0129","7398 Palmer Lane Suite 150","Gonzalezmouth","NJ","07864","United States","Banking","10","0055A04zdljoQKaQAM","","2024-01-06T09:38:50.000Z","2026-05-28T18:41:20.000Z","LA-546275"
"0015A0ZSCfN0udcQOB","Fousto International LLC","https://fousto.example/","(305) 555-0137","4173 Young Boulevard","Jessicaton","TN","37365","United States","Food & Beverage","757","0055A0kaLqDNLyaQIH","","2024-01-02T16:49:56.000Z","2024-11-26T01:00:36.000Z","LA-435865"
"0015A0YX6t64s5hQGA","Trojais International Corp.","http://trojais.example","904-555-0173","682 Flores Boulevard","North David","AK","99820","United States","Biotechnology","19","0055A0uyQiqdtqRQIQ","","2021-06-30T08:22:34.000Z","2025-12-17T10:30:50.000Z","LA-984201"
"0015A0u69UzjIJtQQM","Nuloul Freight Co.","https://www.nuloul.example","(617) 555-0188","3661 Holmes Street Suite 970","West Evelyn","ND","58777","United States","Retail","20","0055A04zdljoQKaQAM","","2024-01-21T12:19:12.000Z","2024-10-23T12:05:26.000Z","LA-662384"
"0015A0QzCO1T0kXQ0S","Drahon Industries Corporation","https://www.drahon.example/about","305-555-0191","9164 Parks Way","Cooperfort","IA","50978","United States","Engineering","1204","0055A0kaLqDNLyaQIH","","2018-10-16T04:59:12.000Z","2019-06-15T01:28:13.000Z","LA-981667"
"0015A0u5FyO5UsEQIV","degi solutions ltd.","www.degi.example","+1 904 555 0161","0491 Hart Way","East Marilyn","ME","04959","United States","Construction","13","0055A0uyQiqdtqRQIQ","","2020-10-08T19:26:37.000Z","2025-06-25T17:33:14.000Z","LA-354796"
"0015A0xZsew8SRkQEM","Degi Solutions Ltd.","https://www.degi.example/about","+1 904 555 0161","0491 Hart Way","East Marilyn","ME","04959","United States","Construction","13","0055A0WTUKgiexlQ4A","","2024-03-13T14:58:29.000Z","2025-10-22T09:36:18.000Z","LA-887011"
"0015A00xn2VlhCmQAJ","Skaesoun Holdings Inc","https://www.skaesounholdings.example","+1 503 555 0126","127 Dalton Way","Nguyenborough","SC","29908-8905","United States","Chemicals","754","0055A0tdEKXfWCmQYN","","2022-05-13T00:46:17.000Z","2025-01-15T01:22:48.000Z","LA-788802"
"0015A0AQxY7ZhI1QWK","Louflael Technologies","www.louflael.example","(702) 555-0186","15200 Mitchell Court","Jacobtown","NY","14409","United States","Electronics","26","0055A04zdljoQKaQAM","","2019-10-10T14:33:16.000Z","2025-07-22T20:34:37.000Z","LA-705480"
"0015A0Q5CrYveJlQKJ","Koustael Solutions Ltd.","","415.555.0135","671 Powell Way","South Jennifer","PW","96940","United States","Education","48","0055A0cR5VB3fAdQUJ","","2020-10-25T10:49:45.000Z","2021-03-29T07:15:46.000Z","LA-165608"
"0015A0q6NuKB3ZqQIL","Jyfys Materials LLC","","(813) 555-0150","2251 Davis Street","South Adamchester","LA","70193","United States","Government","5000","0055A0kaLqDNLyaQIH","","2018-09-19T22:04:08.000Z","2023-08-21T05:17:01.000Z","LA-777253"
"0015A0uvM16lP3VQIU","Skibrain Foods Corp.","https://skibrain.example/","","977 Moore Court","Carriebury","CA","91539","United States","Retail","5006","0055A0kaLqDNLyaQIH","","2020-05-27T15:42:29.000Z","2025-12-22T12:09:46.000Z","LA-671600"
"0015A0gortz7q52QAA","Traitiq Networks Inc","https://www.traitiq.example","(720) 555-0168","4033 Meza Ln","Nicholschester","MH","96965","United States","Telecommunications","14","0055A0WTUKgiexlQ4A","","2025-05-31T05:21:11.000Z","2026-05-04T20:12:06.000Z","LA-994531"
"0015A06rNcAKWZRQI5","Jograir Systems Inc.","https://jograir.example/","+1 312 555 0138","682 Brooks Lane","Gregoryhaven","NM","87353","United States","Consulting","154","0055A0uyQiqdtqRQIQ","","2024-09-02T02:33:23.000Z","2024-09-07T02:56:53.000Z","LA-306525"
"0015A0wmyLUO8dOQQT","Skouzyrk Works Corp.","https://www.skouzyrk.example","+1 312 555 0115","614 Bush Road","Lake Marcus","HI","96776","United States","Food & Beverage","5004","0055A0WTUKgiexlQ4A","","2020-08-29T16:57:38.000Z","2020-12-21T14:36:58.000Z","LA-699724"
"0015A0NcVAU877oQ0B","Zodraen Outfitters LLC","www.zodraen.example","1-813-555-0111","96018 Bell Boulevard","Lambertside","CT","06339","United States","Food & Beverage","40","0055A0cR5VB3fAdQUJ","","2024-01-04T04:58:08.000Z","2025-05-02T04:38:29.000Z","LA-291174"
"0015A055bmuG252QAC","Sebon Works Inc.","https://www.sebon.example/about","+1 404 555 0131","0110 Ramos Court","Lisaville","OH","43740","United States","Construction","49","0055A0WTUKgiexlQ4A","","2017-04-26T18:10:05.000Z","2018-05-07T10:00:24.000Z","LA-458338"
"0015A0OSuIBX9wfQWD","Pedo Logistics Co.","https://www.pedo.example/about","(305) 555-0145","5611 West Avenue","East Robert","MI","49363","United States","Chemicals","41","0055A0WTUKgiexlQ4A","","2022-09-14T17:17:50.000Z","2023-02-08T17:55:18.000Z","LA-933831"
"0015A0c0ULXOGFvQYP","Trioziove International LLC","https://trioziove.example/","","462 Martinez Road","North John","NM","87141","United States","Apparel","5","0055A0kaLqDNLyaQIH","","2018-10-27T02:52:23.000Z","2023-11-11T11:10:10.000Z","LA-604017"
"0015A0R9FdsUtVMQK0","Poveq Health","poveq.example","","9166 Morgan Drive","Monicaton","OR","97289","United States","Not For Profit","756","0055A0cR5VB3fAdQUJ","","2021-11-04T00:06:43.000Z","2024-06-30T15:35:07.000Z","LA-159316"
"0015A02lroGMKLvQAP","Skygraind Outfitters Corp.","https://skygraind.example/","617.555.0105","21982 Rice Drive","New Teresaview","IN","47982","United States","Biotechnology","81","0055A0uyQiqdtqRQIQ","","2022-02-27T09:38:07.000Z","2024-12-19T23:18:28.000Z","LA-229443"
"0015A0GknyzDF0uQCG","Vagour Holdings Co.","https://www.vagour.example/about","512.555.0111","6581 Hines Place","Brittanyton","IA","50101","United States","Electronics","309","0055A04zdljoQKaQAM","","2022-06-15T01:55:52.000Z","2024-08-19T14:10:08.000Z","LA-959175"
"0015A0ibCbu4TXqQIM","Masor Capital Co.","","1-206-555-0182","0064 Conner Lane Suite 629","Greentown","AZ","86125","United States","Telecommunications","308","0055A0tdEKXfWCmQYN","","2019-12-13T23:48:01.000Z","2020-01-10T07:07:27.000Z","LA-511319"
"0015A0LXoPJ9HBXQW3","Stonyrk Partners Co.","www.stonyrk.example","","842 Parker Court","Gordonside","SD","57158","United States","Chemicals","5","0055A0WTUKgiexlQ4A","","2021-01-19T12:22:10.000Z","2026-03-08T09:06:51.000Z","LA-195844"
"0015A0vFd0R903vQEB","Kulios Technologies Inc.","www.kulios.example","1-813-555-0177","7338 Jones Way","Millerport","RI","02925","United States","Chemicals","150","0055A0uyQiqdtqRQIQ","","2021-06-16T23:50:13.000Z","2022-10-13T05:11:29.000Z","LA-217062"
"0015A0wBSiD4VSmQMN","Fiobrior Dynamics Corporation","https://www.fiobrior.example/about","972-555-0136","87607 Vasquez Avenue","Port Dawn","WV","26561","United States","Machinery","27","0055A0uyQiqdtqRQIQ","","2017-06-07T19:11:55.000Z","2018-06-24T23:50:21.000Z","LA-603450"
"0015A0Z2gQUsUxiQSF","Draejix Foods Co.","WWW.DRAEJIX.EXAMPLE","720-555-0148","26277 Stewart Court","Smithside","CT","06137","United States","Chemicals","750","0055A0tdEKXfWCmQYN","","2022-04-24T07:01:28.000Z","2023-12-14T20:09:12.000Z","LA-619597"
"0015A0wKshQRd3jQED","Mouskair Systems Co.","http://mouskair.example","(904) 555-0192","72876 Lopez Parkway Suite 433","Dixonville","SC","29618","United States","Construction","1208","0055A0cR5VB3fAdQUJ","","2017-07-31T07:17:37.000Z","2026-04-19T09:26:36.000Z","LA-785161"
"0015A031KMAmWk8QYF","Wogoun International LLC","www.wogoun.example","1-512-555-0194","13091 Bond Place Suite 420","Norrismouth","WI","53148","United States","Insurance","41","0055A0tdEKXfWCmQYN","","2020-10-01T07:34:15.000Z","2022-03-14T20:02:04.000Z","LA-976262"
"0015A0wH46S6beKQER","Loumund Services Inc","http://loumund.example","+1 415 555 0175","23337 Gomez Court","Ginaborough","IN","47707","United States","Recreation","303","0055A0kaLqDNLyaQIH","","2025-04-04T00:33:03.000Z","2026-08-26T11:18:50.000Z","LA-347311"
"0015A0LoWOVc7igQ0B","Restous Materials LLC","","+1 305 555 0176","315 Price Drive Suite 804","South Kathy","MS","39244","United States","Technology","45","0055A0cR5VB3fAdQUJ","","2018-01-12T20:21:58.000Z","2025-11-04T04:57:30.000Z","LA-620787"
"0015A0x7aqEWiUWQA1","Takaeth Energy Corp.","http://takaeth.example","+1 415 555 0146","829 Dougherty Avenue","Carlview","SD","57039","United States","Retail","21","0055A0WTUKgiexlQ4A","","2021-09-22T19:09:42.000Z","2023-02-13T19:20:44.000Z","LA-127898"
"0015A0F7FjJ9Y0tQKF","Poukam Manufacturing Ltd.","https://poukam.example/","+1 206 555 0190","7823 Brewer Blvd","Obrienville","AR","72460","United States","Healthcare","44","0055A0uyQiqdtqRQIQ","","2019-10-02T13:50:01.000Z","2024-05-28T23:15:15.000Z","LA-988179"
"0015A08Ai0GSnbaQED","Bybrux Solutions Ltd.","www.bybrux.example","","81840 Bullock Ave","Lake Leon","NV","89358","United States","Telecommunications","18","0055A04zdljoQKaQAM","","2023-11-13T21:33:26.000Z","2024-07-22T22:24:23.000Z","LA-487102"
"0015A06Ldx7UqMWQE0","Safas Capital LLC","https://www.safas.example/about","(404) 555-0190","48203 Lawrence Court","Allisonport","CA","95276","United States","Education","1206","0055A0cR5VB3fAdQUJ","","2021-10-31T15:08:33.000Z","2023-08-26T03:50:40.000Z","LA-133309"
"0015A0MuAYJJK47Q0H","Hosax Manufacturing Co.","http://hosax.example","+1 702 555 0153","4731 Watkins Drive","Beckerfurt","LA","70744","United States","Apparel","308","0055A0uyQiqdtqRQIQ","","2024-06-05T17:01:51.000Z","2026-01-10T02:16:13.000Z","LA-565547"
"0015A03RHl2ATIUQM4","Faejurk Materials Co.","www.faejurk.example","","32117 Oconnell Way","Sherriland","NM","87882","United States","Energy","300","0055A0cR5VB3fAdQUJ","","2019-02-05T05:20:51.000Z","2020-04-24T21:34:58.000Z","LA-487104"
"0015A0p3y2qn28jQAA","Clipys Services LLC","https://www.clipys.example","720.555.0123","37038 Callahan Drive","Marcmouth","NC","28788","United States","Food & Beverage","85","0055A0uyQiqdtqRQIQ","","2020-04-12T06:13:36.000Z","2022-06-20T16:01:15.000Z","LA-914897"
"0015A0efcfGmgNgQAJ","Kyskio Services LLC","","617.555.0155","335 Villa Drive","South Sandraland","NH","03700","United States","Environmental","12","0055A0cR5VB3fAdQUJ","","2018-10-16T18:48:56.000Z","2020-04-05T06:12:27.000Z","LA-277523"
"0015A0FbIDP1ykkQ0B","Lesaiq Holdings Co.","WWW.LESAIQ.EXAMPLE","(212) 555-0150","5184 Vang Avenue","East Brandyfurt","DC","20023","United States","Transportation","305","0055A0tdEKXfWCmQYN","","2020-01-16T00:00:20.000Z","2022-11-30T14:52:53.000Z","LA-904928"
"0015A02Fe4CNNwjQEH","Pihave Materials Inc","WWW.PIHAVE.EXAMPLE","(813) 555-0108","422 Roth Road","South Matthew","DC","20022","United States","Chemicals","26","0055A0uyQiqdtqRQIQ","","2024-02-21T19:16:35.000Z","2025-09-01T08:26:57.000Z","LA-862826"
"0015A0tjMwOXSwBQIX","Wubirk Robotics Inc.","www.wubirk.example","702-555-0196","07908 Anderson Drive","North Wendy","VA","23956-7773","United States","Entertainment","301","0055A0tdEKXfWCmQYN","","2019-02-08T01:55:28.000Z","2020-05-19T23:35:29.000Z","LA-648522"
"0015A0C2wXPYtZ3QSL","Flipruth Labs Inc","https://flipruth.example/","+1 512 555 0161","873 Cardenas Drive","Jenniferland","WI","54837","United States","Shipping","751","0055A0tdEKXfWCmQYN","","2020-02-10T19:46:05.000Z","2021-03-03T18:16:16.000Z","LA-430637"
"0015A04I9Vhw6hHQUQ","Roumoth Networks Corporation","roumoth.example","305.555.0199","69334 Wilson Lane","North Nicoleside","ID","83306","United States","Not For Profit","30","0055A0tdEKXfWCmQYN","","2020-05-12T16:27:27.000Z","2024-03-12T06:47:46.000Z","LA-154827"
"0015A02wqGRAfcDQQT","Zajaix Manufacturing Corp.","https://www.zajaix.example","","6446 Miller Street","Smithshire","CO","80098-9032","United States","Media","33","0055A0tdEKXfWCmQYN","","2023-11-20T06:04:36.000Z","2025-08-05T05:23:25.000Z","LA-720307"
"0015A04KjAqusD0QUI","Prouhyn Solutions Inc.","http://prouhyn.example","+1 404 555 0147","54893 Becker Drive","South Brian","OR","97562-5746","United States","Government","1207","0055A0cR5VB3fAdQUJ","","2023-05-25T01:37:35.000Z","2026-05-21T00:02:11.000Z","LA-286248"
"0015A0BavvXWFsWQCX","Myjaind Robotics Ltd.","www.myjaind.example","404.555.0132","1110 Mcgee Lane","New Tylershire","SD","57141","United States","Other","17","0055A0kaLqDNLyaQIH","","2019-02-06T16:16:03.000Z","2022-05-17T07:05:56.000Z","LA-256586"
"0015A0bPxBV9yUcQUJ","Quuzes Laboratories Inc","shop.quuzes.example","813-555-0186","12983 Miller Ave","Jonestown","DE","19940","United States","Food & Beverage","40","0055A04zdljoQKaQAM","","2024-10-31T21:47:36.000Z","2026-02-11T00:08:14.000Z","LA-892314"
"0015A0fc4ozYJ4mQAG","Napruve Partners Ltd.","WWW.NAPRUVE.EXAMPLE","(720) 555-0117","5349 Olsen Road","Taylorbury","MN","56539","United States","Healthcare","13","0055A0kaLqDNLyaQIH","","2024-06-24T08:47:08.000Z","2025-12-29T05:05:32.000Z","LA-263519"
"0015A0MGp5xbK2rQGE","Drastan Foods Co.","WWW.DRASTAN.EXAMPLE","1-404-555-0163","741 Sellers Boulevard","North Zachary","NC","27751","United States","Engineering","5007","0055A0cR5VB3fAdQUJ","","2025-01-26T02:39:16.000Z","2026-05-20T17:15:17.000Z","LA-958854"
"0015A0C1aA2LcaHQSS","Ceprerk Capital Corporation","https://www.ceprerk.example","(512) 555-0174","2334 Cole Pkwy Ste 394","North Cindy","DE","19935","United States","Food & Beverage","157","0055A0WTUKgiexlQ4A","","2018-08-05T11:08:33.000Z","2021-12-16T00:18:57.000Z","LA-103343"
"0015A0ei0oOgMhaQAF","Boquios Foods Co.","","404.555.0172","99829 Ramsey Avenue Suite 175","Watersstad","AR","72462","United States","Utilities","33","0055A0tdEKXfWCmQYN","","2021-04-12T18:36:38.000Z","2021-10-17T14:50:19.000Z","LA-659334"
"0015A037ZRuIf8nQYC","ZOUTYRK INTL CO.","https://zoutyrk.example/","","7219 Carlson Avenue Suite 950","Lake Thomasfort","LA","70110","United States","Construction","","0055A0kaLqDNLyaQIH","","2018-08-20T11:52:23.000Z","2022-04-11T18:06:45.000Z","LA-324323"
"0015A0PYuAxQTJrQWO","Clapyth Robotics","","512.555.0134","61784 Cox Drive","Gibbsshire","ND","58476","United States","Finance","723","0055A0WTUKgiexlQ4A","","2024-02-16T21:12:16.000Z","2025-02-24T06:58:11.000Z","LA-953619"
"0015A0TSDjgYyVdQOK","Detyl Systems Co.","WWW.DETYL.EXAMPLE","(212) 555-0168","326 Miller Way","Kathyburgh","CA","93781-6346","United States","Biotechnology","301","0055A0kaLqDNLyaQIH","","2025-04-14T08:12:10.000Z","2025-09-26T20:37:45.000Z","LA-721566"
"0015A0Cfxj6fk2nQCA","Pricem Analytics Inc.","www.pricem.example","305-555-0111","099 Chandler Drive Suite 968","Port Toddside","TN","37465","United States","Environmental","308","0055A0WTUKgiexlQ4A","","2020-08-18T08:47:49.000Z","2026-02-07T23:15:32.000Z","LA-993596"
"0015A0h3rXL832aQQB","Stywaeq Networks Ltd.","https://www.stywaeq.example/about","904.555.0125","07198 Williams Drive","New Donaldberg","AL","36619","United States","Agriculture","84","0055A0WTUKgiexlQ4A","","2025-01-21T10:18:41.000Z","2025-01-22T15:11:32.000Z","LA-480827"
"0015A09m9rO1KkqQAF","Cloumaith Outfitters LLC","http://cloumaith.example","617-555-0117","54357 Wall Parkway","West Nicolemouth","WA","98392","United States","Energy","158","0055A0kaLqDNLyaQIH","","2022-08-12T15:06:15.000Z","2022-08-18T15:58:14.000Z","LA-111305"
"0015A0rRAyNeIgFQMV","Grehyn Logistics LLC","https://grehyn.example/","415-555-0138","1575 Kelly Way","North Stevenville","TN","38178","United States","Electronics","85","0055A0uyQiqdtqRQIQ","","2020-06-19T01:18:55.000Z","2025-08-30T04:56:46.000Z","LA-837750"
"0015A0i6tekYH3lQAG","Proraex Foods","https://proraex.example/","415.555.0113","12419 Perez Lane Suite 270","South Robertside","MO","63915","United States","Consulting","89","0055A0WTUKgiexlQ4A","","2022-11-12T15:45:39.000Z","2023-03-06T02:34:28.000Z","LA-238294"
"0015A077k9vEHhnQAG","Todrix Solutions Co.","WWW.TODRIX.EXAMPLE","","25667 Harris Blvd","Ashleystad","WA","99098","United States","Entertainment","12","0055A04zdljoQKaQAM","","2021-11-04T07:13:26.000Z","2022-03-31T20:37:48.000Z","LA-318974"
"0015A0aWkLQrzVBQUZ","Clifail Partners Co.","https://clifail.example/","702.555.0124","3761 Fischer Lane","Marshallfurt","KS","66147","United States","Chemicals","31","0055A0kaLqDNLyaQIH","","2021-04-19T02:45:07.000Z","2025-01-06T03:10:34.000Z","LA-658246"
"0015A0DGgEoJ3N0QWK","Skoucel Partners Ltd.","","+1 312 555 0104","181 Gomez Drive Suite 289","Christinemouth","GA","30655","United States","Education","88","0055A0uyQiqdtqRQIQ","","2023-05-04T14:31:32.000Z","2024-11-04T12:19:12.000Z","LA-242062"
"0015A0dK0hVm8tFQER","Gioreth Robotics","gioreth.example","+1 702 555 0130","4247 Johnson Ct Ste 335","Rhondahaven","IN","46697","United States","Healthcare","154","0055A0uyQiqdtqRQIQ","","2024-11-13T16:06:18.000Z","2026-05-12T07:16:42.000Z","LA-276242"
"0015A0ZAeuBpC3lQGF","Vapal Industries Corporation","vapal.example","1-404-555-0129","3754 Pennington Rd","Lake Krystal","MD","21198","United States","Government","29","0055A04zdljoQKaQAM","","2019-03-22T09:24:45.000Z","2023-08-10T12:28:16.000Z","LA-828094"
"0015A0si3xqRlAIQA0","Skoucyrk Technologies LLC","","","76101 Stevenson Street","Dianeburgh","AR","72522","United States","Media","1206","0055A0WTUKgiexlQ4A","","2017-11-05T19:12:11.000Z","2019-10-01T01:15:28.000Z","LA-754450"
"0015A0a6GjCmXBwQIN","Baquain Logistics Inc.","WWW.BAQUAIN.EXAMPLE","1-813-555-0161","50839 Jones Street","Anthonybury","HI","96820","United States","Electronics","752","0055A0cR5VB3fAdQUJ","","2025-06-27T20:06:04.000Z","2025-10-16T08:56:46.000Z","LA-722008"
"0015A0CNLj42tckQOA","Faful Energy Inc","www.faful.example","904-555-0141","4609 Mitchell Boulevard","South Danielland","SC","29280","United States","Biotechnology","157","0055A04zdljoQKaQAM","","2020-04-04T05:28:33.000Z","2023-04-12T09:38:18.000Z","LA-413388"
"0015A09WLCAgB5SQ2V","Drisa Supply Co.","https://www.drisa.example/about","512.555.0125","911 Boone Drive","South Sandraberg","NE","68052","United States","Apparel","45","0055A0WTUKgiexlQ4A","","2018-10-07T19:27:32.000Z","2021-11-06T03:08:19.000Z","LA-418123"
"0015A0XTcI3M4dyQWC","Saitrark Foods","http://saitrark.example","1-415-555-0185","6286 Johnson Way","Douglashaven","AK","99689","United States","Entertainment","158","0055A0cR5VB3fAdQUJ","","2022-10-10T06:09:55.000Z","2023-02-24T22:47:51.000Z","LA-395755"
"0015A0YIJ7msB0fQOE","Stemol Labs Corp.","WWW.STEMOL.EXAMPLE","","467 Gomez Drive","South Paulchester","RI","02876","United States","Communications","5005","0055A0WTUKgiexlQ4A","","2024-06-16T23:56:30.000Z","2026-08-15T07:20:16.000Z","LA-886633"
"0015A0mH5YFE52GQUT","Skouflair Dynamics Co.","skouflair.example","512.555.0187","145 Garcia Avenue","West Troy","IA","51042","United States","Chemicals","41","0055A04zdljoQKaQAM","","2023-03-13T04:00:34.000Z","2025-06-10T15:38:06.000Z","LA-376768"
"0015A0uxcTae2xfQQA","Hitaind Logistics Co.","www.hitaind.example","312-555-0199","5108 Bailey Avenue","Mezashire","TN","37215","United States","Shipping","157","0055A04zdljoQKaQAM","","2017-03-31T03:24:51.000Z","2018-05-09T13:51:09.000Z","LA-669854"
"0015A0nHlefvyU1QEI","Wohioth Technologies Corporation","https://www.wohioth.example","+1 206 555 0194","401 Taylor Boulevard","Michaelchester","ME","03992","United States","Utilities","13","0055A0WTUKgiexlQ4A","","2024-03-27T00:09:36.000Z","2025-11-14T20:43:21.000Z","LA-671194"
"0015A07bJMbKVjlQYG","Flytu Partners Inc.","WWW.FLYTU.EXAMPLE","512-555-0174","025 Hartman Pl","Johnsonfort","TX","79015","United States","Telecommunications","80","0055A0WTUKgiexlQ4A","","2018-08-11T16:05:05.000Z","2022-05-17T02:26:15.000Z","LA-951636"
"0015A0rhrvCFhBHQA1","Nouquark Manufacturing Corporation","WWW.NOUQUARK.EXAMPLE","+1 904 555 0105","4343 Snow Boulevard","Lake Paigebury","OR","97793","United States","Biotechnology","155","0055A0uyQiqdtqRQIQ","","2019-01-04T09:36:17.000Z","2023-11-08T00:15:29.000Z","LA-456960"
"0015A0hYD6EIxy4QMD","Faedrair Analytics LLC","https://www.faedrair.example","","5218 Bray Ct","West Tyler","PW","96940","United States","Technology","301","0055A04zdljoQKaQAM","","2023-10-29T04:01:17.000Z","2024-08-27T16:23:35.000Z","LA-945551"
"0015A0rgSLA8No5QYF","Kaistous Labs Inc.","https://www.kaistous.example","+1 206 555 0182","9051 Foster Drive","Amberberg","IN","46880","United States","Chemicals","30","0055A0tdEKXfWCmQYN","","2024-04-03T17:59:17.000Z","2024-09-01T16:45:01.000Z","LA-495525"
"0015A0lwYA1n2ebQYA","Vaicios Health Corporation","https://vaicios.example/","1-972-555-0122","9057 Ford Place Suite 804","Fullermouth","NM","87985","United States","Communications","753","0055A0uyQiqdtqRQIQ","","2025-06-12T06:03:35.000Z","2025-08-06T14:46:23.000Z","LA-150559"
"0015A0nx06ATW9hQAH","Diflael Supply Ltd.","diflael.example","1-904-555-0107","029 Gregory Place","East Isabelview","FL","34386","United States","Transportation","1208","0055A0cR5VB3fAdQUJ","","2021-05-08T13:25:44.000Z","2022-09-27T14:22:07.000Z","LA-495438"
"0015A0kspNgYPInQQO","Brotoq Energy Corporation","https://www.brotoq.example/about","1-404-555-0128","663 Sharp Street","Port Stacey","KY","42724","United States","Manufacturing","750","0055A0tdEKXfWCmQYN","","2024-02-10T18:40:55.000Z","2024-11-18T13:07:41.000Z","LA-479145"
"0015A0KPH3APWIfQOP","Fiofluve Labs Co.","WWW.FIOFLUVE.EXAMPLE","(404) 555-0107","363 Parker Drive","Jamesport","UT","84345","United States","Transportation","45","0055A04zdljoQKaQAM","","2019-12-26T23:54:16.000Z","2022-01-25T11:47:28.000Z","LA-859622"
"0015A0wYnbT0jqxQEB","Gouquios Labs Corporation","gouquios.example","","75176 Stanton Lane","South Thomasbury","ID","83525","United States","Entertainment","1207","0055A0WTUKgiexlQ4A","","2019-12-31T00:04:01.000Z","2022-05-19T02:07:43.000Z","LA-657191"
"0015A0Idsbm7O40QCE","Skiwoum Capital","www.skiwoum.example","(415) 555-0148","29839 Ramirez Court Suite 972","North Destiny","VA","24460","United States","Manufacturing","756","0055A0WTUKgiexlQ4A","","2018-11-03T02:48:25.000Z","2022-02-02T06:10:58.000Z","LA-459678"
"0015A0sAUfwZZtvQMG","Quoupryn Energy Inc.","https://www.quoupryn.example/about","813-555-0199","1079 David Avenue","South Johnmouth","HI","96757","United States","Construction","28","0055A0WTUKgiexlQ4A","","2018-07-07T09:41:40.000Z","2020-03-16T12:03:52.000Z","LA-285872"
"0015A05LsDFjwyRQUR","Zaestath Holdings Ltd.","https://www.zaestath.example","1-206-555-0107","60809 Thomas Street","South Dylantown","NJ","07970","United States","Telecommunications","87","0055A0cR5VB3fAdQUJ","","2018-03-05T09:28:38.000Z","2025-12-04T20:41:49.000Z","LA-954267"
"0015A0Rx97Kz2GOQCZ","Zoutyrk International Co.","zoutyrk.example","702-555-0135","7219 Carlson Ave Ste 950","Lake Thomasfort","LA","70110","United States","Construction","154","0055A0cR5VB3fAdQUJ","","2019-03-01T21:16:53.000Z","2021-08-05T19:55:38.000Z","LA-937339"
"0015A09Apar7gQTQEY","Brioriove Outfitters Inc.","https://brioriove.example/","305-555-0123","6844 Deleon Drive Suite 277","Dennisside","AL","36644","United States","Banking","87","0055A0tdEKXfWCmQYN","","2017-02-21T13:22:03.000Z","2026-08-29T13:41:00.000Z","LA-203061"
"0015A05HIkQI2TaQML","Skaesoun Materials Inc","http://skaesoun.example","(702) 555-0128","055 Price Rd","West Troy","MH","96965","United States","Transportation","755","0055A0WTUKgiexlQ4A","","2018-01-25T07:16:14.000Z","2018-06-22T06:29:01.000Z","LA-691732"
"0015A0wJpU3JHosQUG","Pizund Holdings Inc.","pizund.example","(206) 555-0137","15007 Crane Boulevard","Port Amychester","CT","06382","United States","Communications","34","0055A0uyQiqdtqRQIQ","","2017-12-04T10:54:14.000Z","2024-07-16T09:05:07.000Z","LA-244315"
"0015A0oRKntiCQ7QMM","Kaiskand Solutions Co.","https://www.kaiskand.example","720.555.0107","678 Hill Way","Garzabury","GA","30396","United States","Finance","753","0055A0tdEKXfWCmQYN","","2021-02-23T22:16:00.000Z","2024-03-16T10:12:47.000Z","LA-856286"
"0015A0x4aiArci5QAB","Nicin Services LLC","","702.555.0158","8374 Armstrong Court","Taylormouth","MS","38610","United States","Media","83","0055A0tdEKXfWCmQYN","","2020-10-07T09:40:17.000Z","2024-01-21T21:44:16.000Z","LA-522778"
"0015A0i20iwrHcBQAU","Lotriox Systems Co.","http://lotriox.example","(503) 555-0139","6007 Burke Road","Christophertown","GA","30918","United States","Apparel","153","0055A0uyQiqdtqRQIQ","","2023-05-02T19:17:21.000Z","2023-05-03T23:28:32.000Z","LA-685375"
"0015A0ER2pdrsTZQGY","Groucle Capital Co.","https://groucle.example/","+1 813 555 0106","4982 Page Lane","Ramirezstad","IL","62500","United States","Media","158","0055A0cR5VB3fAdQUJ","","2019-11-20T05:15:01.000Z","2020-05-25T22:01:32.000Z","LA-855718"
"0015A04H0CQPLvWQUX","Butound Foods Corp.","butound.example","+1 404 555 0187","601 Phelps Avenue","Jennychester","OK","73036","United States","Agriculture","83","0055A0WTUKgiexlQ4A","","2024-01-27T13:37:33.000Z","2024-02-29T22:27:03.000Z","LA-756674"
"0015A0jJRc391wfQMA","Fubror Holdings Corporation","fubror.example","972-555-0164","953 Stevens Parkway","Smithport","ID","83510","United States","Media","753","0055A0WTUKgiexlQ4A","","2021-05-31T10:22:45.000Z","2022-06-30T21:16:17.000Z","LA-211269"
"0015A0hDOZtVlJcQ2K","Jylyth Industries Corp.","https://www.jylyth.example/about","(702) 555-0128","5168 Holloway Way Suite 891","Gilbertstad","AK","99781","United States","Consulting","86","0055A0uyQiqdtqRQIQ","","2024-09-13T08:14:43.000Z","2026-04-18T04:48:27.000Z","LA-771968"
"0015A0NkX92OaCzQKK","Fliostiork Robotics","http://fliostiork.example","+1 702 555 0180","598 Martin Drive","Cathyland","HI","96884","United States","Communications","33","0055A0uyQiqdtqRQIQ","","2022-02-10T21:16:46.000Z","2024-07-15T01:35:01.000Z","LA-689021"
"0015A001yOiy4m9QQA","Zagouve Robotics Ltd.","http://zagouve.example","1-305-555-0150","78670 Kim Place","Joannaton","FM","96943","United States","Recreation","81","0055A0uyQiqdtqRQIQ","","2020-11-28T04:49:23.000Z","2024-03-29T07:39:19.000Z","LA-736881"
"0015A0hlJZt8FOGQY2","Miotruth International Inc","miotruth.example","305.555.0171","07609 Thompson Blvd","Riveraview","AK","99591","United States","Transportation","88","0055A0tdEKXfWCmQYN","","2023-06-12T06:59:41.000Z","2023-10-12T15:54:20.000Z","LA-178330"
"0015A06FHnXq3ubQMB","Nygryth Technologies Inc","WWW.NYGRYTH.EXAMPLE","+1 720 555 0142","34648 Rodriguez Boulevard Suite 873","New Jonathanstad","CT","06113","United States","Hospitality","150","0055A0WTUKgiexlQ4A","","2021-01-26T06:29:54.000Z","2024-03-18T09:01:36.000Z","LA-345650"
"0015A0zsn6l405JQAQ","Clailand Technologies Inc","https://clailand.example/","1-305-555-0160","14343 Jackson Road","Delgadoview","AL","36182","United States","Chemicals","43","0055A0uyQiqdtqRQIQ","","2020-09-19T16:23:57.000Z","2024-12-02T17:44:29.000Z","LA-428234"
"0015A0qspAtzuVlQQI","Zojiq Technologies Corporation","https://www.zojiq.example/about","(312) 555-0111","365 Hayes Drive","West James","FM","96941","United States","Other","40","0055A0WTUKgiexlQ4A","","2020-03-18T22:42:18.000Z","2025-06-21T22:02:27.000Z","LA-350369"
"0015A0RTv5WUWztQGH","Nuceq Industries Inc.","http://nuceq.example","+1 503 555 0122","6531 Goodman Court","Beckyland","ME","03903","United States","Healthcare","41","0055A0uyQiqdtqRQIQ","","2023-06-19T08:40:08.000Z","2025-02-05T02:46:59.000Z","LA-101515"
"0015A0fJSy8mMdBQMU","Tobron Outfitters Corp.","","(813) 555-0144","03615 Mullins Court","West Jasonport","OH","43635","United States","Machinery","16","0055A0tdEKXfWCmQYN","","2021-12-16T12:28:26.000Z","2023-12-01T04:04:38.000Z","LA-566895"
"0015A09RkgjjdCWQEY","Graenan Holdings Corporation","graenan.example","305-555-0161","359 Mills Way","Lake Andrea","KY","41588","United States","Not For Profit","302","0055A04zdljoQKaQAM","","2022-01-27T08:34:59.000Z","2024-12-16T22:49:51.000Z","LA-959633"
"0015A0B8QfsasXyQKI","Ryvoth Works Corp.","https://www.ryvoth.example","212-555-0157","55663 Jennings Drive","Henryshire","NJ","08586","United States","Transportation","1207","0055A04zdljoQKaQAM","","2020-12-07T01:38:39.000Z","2020-12-28T02:12:46.000Z","LA-640575"
"0015A0jvirgj8YlQAI","Tybraith Outfitters","WWW.TYBRAITHOUTFITTERS.EXAMPLE","503.555.0118","965 Russell Avenue Suite 847","Samanthastad","OK","73133","United States","Insurance","5006","0055A0kaLqDNLyaQIH","","2022-09-11T10:57:36.000Z","2024-05-05T04:29:46.000Z","LA-155797"
"0015A0TYqzw3Bv2QGE","Taclove Systems Corporation","https://www.taclove.example","206.555.0195","324 Franklin Drive Suite 364","New Katherine","HI","96710","United States","Utilities","754","0055A0uyQiqdtqRQIQ","","2019-02-21T18:42:10.000Z","2025-01-06T03:24:05.000Z","LA-535179"
"0015A0t9p5jdDgMQAU","Titreth Holdings Corp.","WWW.TITRETH.EXAMPLE","+1 702 555 0136","473 Sutton Way Suite 296","Lake Christopher","AL","36006","United States","Food & Beverage","15","0055A0kaLqDNLyaQIH","","2021-08-13T19:46:53.000Z","2023-01-10T22:17:04.000Z","LA-256792"
"0015A0YceWjWUvMQSW","Prudael Supply LLC","http://prudael.example","404.555.0116","5404 Long Place","Kathleenchester","MN","56238","United States","Energy","15","0055A04zdljoQKaQAM","","2017-04-14T08:52:44.000Z","2022-12-14T03:08:04.000Z","LA-879219"
"0015A0hqHch48uTQIQ","Zasan Analytics Corporation","WWW.ZASAN.EXAMPLE","(720) 555-0199","5616 Hines Drive","Powellburgh","PW","96940","United States","Agriculture","1207","0055A04zdljoQKaQAM","","2019-12-03T20:49:28.000Z","2021-08-14T20:18:27.000Z","LA-456126"
"0015A0U83Qf6Y2vQSE","Gedil Labs Inc.","https://www.gedil.example","+1 512 555 0198","8683 Davis Pkwy Ste 930","Port Scottmouth","FM","96943","United States","Not For Profit","750","0055A0uyQiqdtqRQIQ","","2024-01-03T22:02:33.000Z","2024-12-20T03:07:30.000Z","LA-631127"
"0015A043JF9G52CQYS","Cynond Works LLC","www.cynond.example","(702) 555-0123","3589 Anderson Place","Chadtown","KY","41037","United States","Telecommunications","10","0055A0uyQiqdtqRQIQ","","2017-05-11T07:16:28.000Z","2020-07-17T09:41:19.000Z","LA-771731"
"0015A0nZxCIQILuQUP","Stelind Labs Ltd.","","(720) 555-0120","60967 Johnson Lane","Cooktown","NM","88299","United States","Other","32","0055A0WTUKgiexlQ4A","","2019-06-28T17:24:06.000Z","2023-10-21T23:14:14.000Z","LA-795637"
"0015A0kRgFmz38UQUQ","Draitraith Robotics Corp.","draitraith.example","","5466 Baker Court","Khanchester","NH","03547","United States","Communications","5000","0055A04zdljoQKaQAM","","2022-12-28T16:57:42.000Z","2023-02-28T14:34:34.000Z","LA-863191"
"0015A0lHS1GferKQMR","Coubrouth International Ltd.","WWW.COUBROUTH.EXAMPLE","1-512-555-0114","732 Anderson Court","Mcgeehaven","MS","39038","United States","Education","1206","0055A0uyQiqdtqRQIQ","","2023-10-16T02:51:51.000Z","2026-04-12T01:23:51.000Z","LA-385205"
"0015A0M1TRekcOmQ0I","Jaifyve Logistics Ltd.","www.jaifyve.example","+1 904 555 0108","721 Thomas Ct","East Richardburgh","SC","29697","United States","Machinery","88","0055A0kaLqDNLyaQIH","","2025-05-30T23:30:58.000Z","2026-01-23T10:42:24.000Z","LA-359858"
"0015A016lBHvcskQQB","Moular Analytics LLC","","1-813-555-0143","525 Cooper Parkway","Ayalaview","NJ","08306","United States","Manufacturing","756","0055A0kaLqDNLyaQIH","","2018-04-09T03:15:18.000Z","2020-03-20T03:13:31.000Z","LA-219216"
"0015A0GTAhHQk5HQOT","Fequerk Solutions Corp.","https://www.fequerk.example/about","+1 212 555 0178","187 Patel Way","Brucefort","TX","78197","United States","Not For Profit","9","0055A0kaLqDNLyaQIH","","2019-10-24T11:12:34.000Z","2023-03-19T20:12:49.000Z","LA-445024"
"0015A0YYKDuNhpeQ4C","Gidrios Logistics Ltd.","","+1 503 555 0106","945 Anderson Place","Jennyton","LA","70623","United States","Agriculture","26","0055A0cR5VB3fAdQUJ","","2018-10-20T04:55:43.000Z","2024-07-14T07:11:01.000Z","LA-574079"
"0015A0pzyMtAhhHQQS","Flairiom Technologies Co.","WWW.FLAIRIOM.EXAMPLE","720.555.0183","76665 Drake Way","Lake Robertport","OH","45544","United States","Communications","47","0055A04zdljoQKaQAM","","2019-04-12T21:42:03.000Z","2020-11-29T03:15:24.000Z","LA-129379"
"0015A0kBn53M3zjQEC","Feskaex Services Corporation","www.feskaex.example","+1 206 555 0131","49076 Crane Drive","Latoyatown","NH","03688","United States","Manufacturing","34","0055A0uyQiqdtqRQIQ","","2023-05-26T05:48:01.000Z","2026-07-11T09:33:18.000Z","LA-229164"
"0015A0lXPzhQrM6QMK","Ciquour Systems Inc","WWW.CIQUOUR.EXAMPLE","415-555-0132","97271 Beasley Avenue","Christophertown","MD","21187","United States","Not For Profit","43","0055A0WTUKgiexlQ4A","","2019-03-20T15:55:51.000Z","2019-11-02T12:50:51.000Z","LA-823419"
"0015A0XTM6XqX2tQOF","Hutran Manufacturing","www.hutranmanufacturing.example","1-720-555-0193","77856 Miller Boulevard","Lindabury","LA","70991","United States","Machinery","47","0055A0uyQiqdtqRQIQ","","2021-09-09T05:35:30.000Z","2025-12-10T08:57:47.000Z","LA-780870"
"0015A0NZu1WQQ1bQGH","Vecaith Robotics Corporation","https://vecaith.example/","813-555-0134","54781 White Way","Melanieport","KS","67481","United States","Consulting","26","0055A0WTUKgiexlQ4A","","2017-08-24T12:43:25.000Z","2022-06-02T15:18:06.000Z","LA-451064"
"0015A0LJDSeCxykQ4C","Wyclun Capital","https://www.wyclun.example","312-555-0107","3264 Vazquez Boulevard","Lake Brian","MI","48144","United States","Healthcare","6","0055A0tdEKXfWCmQYN","","2025-05-23T00:34:02.000Z","2026-08-23T03:29:49.000Z","LA-568293"
"0015A0edvcyEiBnQAK","Dragio Supply Corporation","","(305) 555-0123","737 Patrick Street","Juarezborough","OH","43014","United States","Consulting","1208","0055A0kaLqDNLyaQIH","","2025-02-03T21:19:06.000Z","2025-11-27T18:10:43.000Z","LA-319078"
"0015A0R8uKYhivqQSB","Raeziork Manufacturing Ltd.","","212.555.0199","63811 Thompson Drive","Jasonton","PW","96940","United States","Food & Beverage","5003","0055A0cR5VB3fAdQUJ","","2025-01-10T06:21:28.000Z","2025-06-12T03:50:33.000Z","LA-187451"
"0015A05jqbLGa0SQAT","Moubreve Freight Co.","https://moubreve.example/","1-312-555-0121","99060 Garcia Pl","Robertstad","MD","20812-9129","United States","Machinery","43","0055A0cR5VB3fAdQUJ","","2021-01-24T21:11:52.000Z","2026-08-08T04:51:13.000Z","LA-186468"
"0015A0L7KzINxdWQKT","Jyfys Materials Inc.","https://jyfys.example/","+1 813 555 0150","2251 Davis Street","South Adamchester","LA","70193","United States","Government","5000","0055A0uyQiqdtqRQIQ","","2025-04-17T09:46:55.000Z","2026-08-30T13:07:17.000Z","LA-442778"
"0015A0YDIEShcTBQ4Z","Sirin Solutions","https://www.sirin.example/about","","908 Martin Court","Denisetown","SC","29618","United States","Media","46","0055A0tdEKXfWCmQYN","","2017-10-14T13:01:31.000Z","2022-10-17T20:13:32.000Z","LA-218359"
"0015A0uHZqc98WoQMI","Flemous Analytics Corporation","https://www.flemous.example/about","+1 305 555 0175","277 Cruz Place","Lake Kelly","PW","96940","United States","Not For Profit","1205","0055A0uyQiqdtqRQIQ","","2019-07-02T00:47:19.000Z","2020-05-07T22:10:08.000Z","LA-547521"
"0015A0TAOQgWwYbQ4K","Waicou Robotics Corp.","","206-555-0107","49743 Blankenship Rd","South Kyle","UT","84223","United States","Not For Profit","82","0055A0WTUKgiexlQ4A","","2021-04-15T11:09:11.000Z","2026-02-12T02:54:13.000Z","LA-281211"
"0015A0pRn6pROZzQEO","Zufouve Manufacturing","zufouve.example","+1 305 555 0187","6342 Cohen Street","Aprilton","FL","34891","United States","Recreation","48","0055A0tdEKXfWCmQYN","","2017-01-09T20:33:44.000Z","2022-12-01T09:01:34.000Z","LA-322678"
"0015A0gnX8QdC9AQIV","Fuflaeth Manufacturing Ltd.","http://fuflaeth.example","(972) 555-0165","07122 Downs Pl","South Justin","PW","96940","United States","Media","758","0055A04zdljoQKaQAM","","2019-11-14T19:21:22.000Z","2020-02-15T13:01:00.000Z","LA-399162"
"0015A0tJi7QT6ovQED","Beclais Services Corp.","beclais.example","(312) 555-0188","111 Benjamin Court","East Matthewton","DC","20017","United States","Entertainment","34","0055A04zdljoQKaQAM","","2020-03-24T01:46:36.000Z","2021-05-14T01:12:45.000Z","LA-571127"
"0015A0L7AQV19EVQ0Z","Soumous Technologies LLC","","+1 206 555 0123","444 Savage Boulevard Suite 840","South Darren","SD","57256","United States","Media","33","0055A0WTUKgiexlQ4A","","2021-07-16T02:52:21.000Z","2024-05-13T15:50:59.000Z","LA-667485"
"0015A0pTcex7t0WQEQ","Soskar Health Inc","https://soskar.example/","(904) 555-0143","42517 Fuentes Ln","Lake Lauraborough","IA","52168","United States","Banking","26","0055A04zdljoQKaQAM","","2025-04-19T21:30:27.000Z","2025-05-17T16:08:49.000Z","LA-654925"
"0015A0sroZbqjzFQQQ","Nailith Technologies Ltd.","https://www.nailith.example/about","+1 503 555 0166","90701 Wells Way","Yoderbury","IA","50976","United States","Chemicals","155","0055A0cR5VB3fAdQUJ","","2018-12-09T08:44:21.000Z","2024-03-06T04:46:37.000Z","LA-386824"
"0015A0MqkTSMqGDQS1","Konoq Manufacturing Inc","http://konoq.example","972.555.0156","9753 Farley Place","Jenniferport","TX","78820","United States","Insurance","1205","0055A0kaLqDNLyaQIH","","2023-07-29T06:10:25.000Z","2024-02-29T13:56:24.000Z","LA-690048"
"0015A0oX0RTwPI4QUN","Maicym Supply LLC","http://maicym.example","1-312-555-0155","5079 Powell Parkway","Lopezburgh","NH","03710","United States","Utilities","1201","0055A0kaLqDNLyaQIH","","2018-08-16T10:43:57.000Z","2025-04-20T03:52:50.000Z","LA-131265"
"0015A0x7XptatgiQIA","Baefaive Networks Inc.","https://baefaive.example/","1-503-555-0183","207 Garcia Ave Ste 578","Lake Alexander","WA","98127","United States","Government","307","0055A0tdEKXfWCmQYN","","2022-10-05T10:40:57.000Z","2023-09-20T13:01:28.000Z","LA-509976"
"0015A077U4ULaPZQI1","Hodiq Foods Ltd.","WWW.HODIQ.EXAMPLE","312-555-0149","2098 Harris Street Suite 408","Morganbury","RI","02856","United States","Machinery","34","0055A0WTUKgiexlQ4A","","2023-12-26T13:35:38.000Z","2024-01-05T23:58:33.000Z","LA-893574"
"0015A0dXk4qrs4aQEA","Laedyq International LLC","http://laedyq.example","","13705 Reid Boulevard Suite 389","West Robertview","KY","40951","United States","Finance","40","0055A0cR5VB3fAdQUJ","","2022-11-07T16:54:57.000Z","2025-12-11T19:53:44.000Z","LA-713571"
"0015A0w8gnPvWgBQAV","Grysove Systems Inc","grysove.example","617-555-0148","04328 Collins Way","Jefferyside","LA","70233","United States","Government","5009","0055A0kaLqDNLyaQIH","","2017-01-12T03:56:25.000Z","2021-02-23T13:58:59.000Z","LA-693588"
"0015A0Z7NYvJhICQ00","Gehain Dynamics Inc.","https://gehain.example/","1-312-555-0121","47089 Walker Road Suite 581","West Jennifer","VT","05493","United States","Education","88","0055A0cR5VB3fAdQUJ","","2022-03-06T04:16:51.000Z","2022-08-08T02:23:12.000Z","LA-981696"
"0015A0Feh0bOOEWQC4","Staeskail Energy Inc.","https://www.staeskail.example/about","","106 Roberson Lane","East Holly","CA","90176","United States","Other","757","0055A0cR5VB3fAdQUJ","","2025-03-11T01:00:47.000Z","2026-03-07T14:08:11.000Z","LA-381258"
"0015A0sviKir1IiQQI","Vuru Capital LLC","https://www.vuru.example","1-312-555-0163","81668 Rosario Way","South Rachael","HI","96811","United States","Environmental","26","0055A0WTUKgiexlQ4A","","2024-05-11T03:23:48.000Z","2026-06-28T03:23:11.000Z","LA-420587"
"0015A0vFGnEzVJJQM3","Gionain Health Co.","gionain.example","972.555.0116","203 Peters Way","Smithchester","MD","20945","United States","Shipping","307","0055A04zdljoQKaQAM","","2018-02-11T03:34:04.000Z","2020-07-17T08:11:42.000Z","LA-522093"
"0015A0iYTDr5T2wQ2E","Steprond Networks Co.","https://steprond.example/","","41092 Lowe Drive Suite 310","North Eric","VT","05275","United States","Retail","308","0055A0WTUKgiexlQ4A","","2022-01-02T21:46:16.000Z","2023-09-17T09:18:46.000Z","LA-646908"
"0015A0vGSCZNy5WQ2T","Cliomion International Inc.","WWW.CLIOMION.EXAMPLE","(404) 555-0198","523 Hooper Court","Andreachester","MD","21004","United States","Not For Profit","8","0055A0cR5VB3fAdQUJ","","2017-06-03T11:18:01.000Z","2025-08-24T05:59:38.000Z","LA-658467"
"0015A01SAyON2vEQMT","Sougrirk Outfitters Corporation","","+1 512 555 0109","164 Carr Avenue","Lake Michael","VA","24103","United States","Shipping","18","0055A0cR5VB3fAdQUJ","","2021-03-10T00:26:46.000Z","2022-12-17T17:21:34.000Z","LA-726106"
"0015A05M5yVogYUQEZ","Wyroq Freight Inc.","WWW.WYROQ.EXAMPLE","404-555-0196","30143 Torres Drive Suite 310","North Patrickstad","IL","62679","United States","Banking","85","0055A0uyQiqdtqRQIQ","","2024-09-02T10:00:33.000Z","2025-09-07T15:41:55.000Z","LA-276426"
"0015A0he2NpM3USQQ0","Vioraind Holdings Co.","WWW.VIORAIND.EXAMPLE","(617) 555-0155","231 Guzman Court","South Jennifershire","NM","87476-8103","United States","Technology","759","0055A04zdljoQKaQAM","","2021-07-29T15:08:01.000Z","2022-05-26T08:58:48.000Z","LA-978240"
"0015A0pMgtFntbiQEB","Tiostiq Analytics","WWW.TIOSTIQ.EXAMPLE","+1 512 555 0100","475 Roberts Street","Port Nancy","MH","96962","United States","Electronics","34","0055A0cR5VB3fAdQUJ","","2018-08-08T10:25:50.000Z","2024-08-13T03:39:19.000Z","LA-342943"
"0015A0997OyuN7KQQU","Sewioq Industries Co.","sewioq.example","(617) 555-0191","098 Willis Parkway","Huntchester","HI","96766","United States","Utilities","47","0055A04zdljoQKaQAM","","2018-12-28T00:15:20.000Z","2024-06-17T16:27:01.000Z","LA-140536"
"0015A0yTEMfk7qjQ2A","Prokios Manufacturing Co.","http://prokios.example","+1 813 555 0100","51694 Morris Way","Annaland","MO","63812","United States","Biotechnology","154","0055A0cR5VB3fAdQUJ","","2019-07-25T12:21:06.000Z","2022-11-25T17:23:02.000Z","LA-471769"
"0015A0bXQoMA7WOQM1","Prumiond Freight Corp.","https://www.prumiond.example/about","1-904-555-0171","517 Bright Lane","East Robertside","MA","01473","United States","Utilities","304","0055A0WTUKgiexlQ4A","","2018-06-18T14:11:45.000Z","2019-06-17T01:05:26.000Z","LA-427047"
"0015A0r7OvSq2tdQIB","Waeros Solutions LLC","","212.555.0134","02400 Edwards Street Suite 571","Port Johnchester","IA","51155","United States","Energy","5004","0055A0kaLqDNLyaQIH","","2023-12-07T07:33:15.000Z","2025-03-17T02:00:19.000Z","LA-931756"
"0015A0lDi9wjbMPQEY","Bragoum Robotics Corporation","https://www.bragoum.example/about","813-555-0144","569 Steele Road","South Christopherstad","PA","19574","United States","Food & Beverage","754","0055A0uyQiqdtqRQIQ","","2021-12-01T22:56:16.000Z","2024-12-26T03:53:00.000Z","LA-580818"
"0015A0a6kDL3j88QQB","Steskin Labs Corp.","https://steskin.example/","720.555.0111","825 Thompson Boulevard","Bryantmouth","MA","02710","United States","Recreation","25","0055A0WTUKgiexlQ4A","","2021-10-31T16:09:26.000Z","2021-12-21T08:35:03.000Z","LA-550864"
"0015A0oXgahJI1JQEW","Dotix Materials Corp.","www.dotix.example","813-555-0181","28850 Fisher Court Suite 398","West Abigailburgh","WV","25988","United States","Communications","18","0055A0cR5VB3fAdQUJ","","2020-02-22T13:40:10.000Z","2021-06-14T09:07:41.000Z","LA-153284"
"0015A072qKs94oZQQQ","Mavon Freight LLC","http://mavon.example","(305) 555-0105","92127 Smith Street Suite 135","Barnettland","AK","99582","United States","Healthcare","1208","0055A0WTUKgiexlQ4A","","2020-12-08T02:06:54.000Z","2025-10-09T17:55:50.000Z","LA-697057"
"0015A0SCdXTKgRmQWL","Vaekus Freight Corp.","https://www.vaekus.example","1-813-555-0139","060 Davis Court","East Michael","CT","06014","United States","Retail","158","0055A0tdEKXfWCmQYN","","2023-07-13T02:24:54.000Z","2024-11-12T20:32:10.000Z","LA-438673"
"0015A0HBQH6vNYRQ42","Skybreve Analytics Ltd.","www.skybreve.example","(702) 555-0186","868 Rodriguez Court","Teresaburgh","IN","46067","United States","Energy","45","0055A0uyQiqdtqRQIQ","","2020-11-07T08:23:19.000Z","2025-12-24T16:33:46.000Z","LA-277199"
"0015A0Wk1pYm4LMQCZ","Stejus Robotics Corporation","https://stejus.example/","1-212-555-0109","428 Lee Way","Port Josephburgh","AK","99637","United States","Communications","1206","0055A04zdljoQKaQAM","","2021-12-09T10:01:39.000Z","2026-06-08T09:40:01.000Z","LA-586939"
"0015A0xHW8J2zFqQMJ","Broubyn Robotics Inc.","WWW.BROUBYN.EXAMPLE","312-555-0135","858 Mcbride Boulevard","North Gary","NV","88906","United States","Agriculture","12","0055A0tdEKXfWCmQYN","","2025-06-26T05:56:13.000Z","2026-04-03T22:01:28.000Z","LA-707166"
"0015A0QkktHOoO9QCL","Fiviom Energy Ltd.","","(503) 555-0118","380 Grant Court","Andrewstad","VT","05212","United States","Shipping","8","0055A0uyQiqdtqRQIQ","","2018-08-29T00:18:29.000Z","2023-09-08T12:09:59.000Z","LA-804513"
"0015A0KCmzql5OzQGI","Niflaes Labs Inc","https://www.niflaes.example","206-555-0149","756 Foley St","Griffinberg","NE","68044","United States","Education","157","0055A04zdljoQKaQAM","","2023-09-14T00:45:28.000Z","2024-06-04T00:11:06.000Z","LA-930119"
"0015A0kGV15n3bxQMA","Poupioq Dynamics Inc","http://poupioq.example","+1 813 555 0140","360 Wallace Drive","Phillipmouth","NH","03878-4941","United States","Utilities","45","0055A0WTUKgiexlQ4A","","2019-06-20T23:04:13.000Z","2026-05-18T01:44:30.000Z","LA-929989"
"0015A0gbKd0y1MMQIY","Lycloux Matls Inc","https://www.lycloux.example/about","","7688 Snow Way","South Melinda","MH","96969-8257","United States","Engineering","1205","0055A0kaLqDNLyaQIH","","2022-01-20T23:00:08.000Z","2022-03-03T11:10:58.000Z","LA-473158"
"0015A012WDoeAUOQY2","Bofly Works Corp.","https://bofly.example/","(512) 555-0180","388 Kemp Lane Suite 448","West Lisa","OK","73005","United States","Government","1208","0055A04zdljoQKaQAM","","2019-06-09T13:53:28.000Z","2025-03-23T22:45:30.000Z","LA-305802"
"0015A0pEK9zR3Q7QMK","Kaevon Works Corp.","http://kaevon.example","+1 415 555 0157","652 Silva Way Suite 417","Williamsshire","WI","53924","United States","Not For Profit","5004","0055A0uyQiqdtqRQIQ","","2018-02-11T17:41:08.000Z","2026-03-11T02:17:21.000Z","LA-736685"
"0015A0kUGC752oIQ2Q","Baiziox Technologies Co.","www.baiziox.example","404-555-0110","3416 Mcclure Parkway","Angelshire","CO","80347","United States","Hospitality","308","0055A0cR5VB3fAdQUJ","","2024-10-19T04:24:55.000Z","2025-06-14T16:58:43.000Z","LA-235932"
"0015A0ZU9xksK9WQGU","Woudrys Networks Ltd.","https://www.woudrys.example/about","1-904-555-0127","8940 Reynolds Court","North Christopher","MD","21137","United States","Consulting","14","0055A0uyQiqdtqRQIQ","","2024-04-16T20:54:25.000Z","2025-08-28T19:27:43.000Z","LA-436253"
"0015A0I1IwLISRFQK5","Teskoth Energy LLC","https://www.teskoth.example","(702) 555-0149","6297 Ramirez Place Suite 689","New Elizabeth","UT","84615","United States","Not For Profit","84","0055A0uyQiqdtqRQIQ","","2019-10-03T19:56:44.000Z","2025-01-02T17:23:09.000Z","LA-321446"
"0015A0IeLTRYtsOQ0T","Gisuq Services","https://gisuq.example/","+1 813 555 0108","922 Lee Court","New Margaret","PW","96940","United States","Other","159","0055A0cR5VB3fAdQUJ","","2022-08-08T06:11:32.000Z","2024-01-06T04:25:03.000Z","LA-127774"
"0015A0NHD4TrOrcQOF","Tybraith Analytics Co.","https://www.tybraith.example","1-503-555-0140","965 Russell Avenue Suite 847","Samanthastad","OK","73133","United States","Construction","5001","0055A0WTUKgiexlQ4A","","2020-05-14T09:37:11.000Z","2025-05-24T09:16:42.000Z","LA-379463"
"0015A0K4pmOMC37QCH","Wouwiol Services Inc.","https://wouwiol.example/","(972) 555-0169","9417 Elliott Lane","Jacobsburgh","MH","96964","United States","Media","14","0055A0cR5VB3fAdQUJ","","2025-03-18T20:09:05.000Z","2025-08-24T17:05:07.000Z","LA-737657"
"0015A0gscRI8xP6QQJ","Traflove Foods Inc","https://www.traflove.example/about","720-555-0166","17381 Johnson Way","West Andrewfurt","MH","96966","United States","Transportation","5004","0055A0kaLqDNLyaQIH","","2019-08-23T09:46:02.000Z","2025-10-29T14:13:08.000Z","LA-275294"
"0015A0qzU3VBBVXQI5","Maitreq Works Inc.","https://www.maitreq.example/about","1-305-555-0127","8583 Lee Drive Suite 863","Port Amanda","MN","55302","United States","Machinery","758","0055A0uyQiqdtqRQIQ","","2023-03-25T11:58:23.000Z","2023-07-30T20:16:17.000Z","LA-265106"
"0015A02FDbXNVBcQMP","Jowave Labs Corp.","https://www.jowave.example/about","(312) 555-0144","690 Lee Boulevard","South Donna","AZ","85515","United States","Chemicals","82","0055A0WTUKgiexlQ4A","","2021-07-01T22:00:56.000Z","2024-03-19T04:44:57.000Z","LA-818100"
"0015A0xIGvzZnN5QMK","Grougoul Logistics Co.","www.grougoul.example","(206) 555-0144","03437 Mcgee Way","Shirleyland","CT","06025-5857","United States","Retail","158","0055A0uyQiqdtqRQIQ","","2023-02-24T12:21:47.000Z","2023-06-12T14:08:16.000Z","LA-452513"
"0015A0aN8fe1DVtQEM","Nineve Supply Ltd.","WWW.NINEVE.EXAMPLE","+1 617 555 0171","187 Williams Ave","East Sharonview","RI","02844","United States","Banking","47","0055A0cR5VB3fAdQUJ","","2017-02-19T06:39:27.000Z","2024-11-13T23:20:25.000Z","LA-523155"
"0015A0H2UgkHpCuQKK","Nocae International Co.","http://nocae.example","512.555.0156","5224 Lopez Place","Hectorton","MS","38744","United States","Food & Beverage","83","0055A0cR5VB3fAdQUJ","","2024-07-06T05:45:31.000Z","2025-02-06T04:42:20.000Z","LA-231738"
"0015A0CYJLvGDrWQ4W","Staestoux Freight Corp.","https://staestoux.example/","904-555-0125","0318 Waters Boulevard","Donaldmouth","MO","65702","United States","Insurance","47","0055A0tdEKXfWCmQYN","","2017-02-16T15:41:30.000Z","2019-01-15T01:23:11.000Z","LA-905390"
"0015A0ltiCi0UfjQQE","Vaetryn Materials Ltd.","http://vaetryn.example","1-404-555-0148","44467 Johnson Street","Tiffanychester","MO","64880","United States","Engineering","31","0055A0uyQiqdtqRQIQ","","2021-11-27T03:32:42.000Z","2024-10-26T09:04:23.000Z","LA-497120"
"0015A0JfLAgRQJUQ04","Triobry Health","","1-212-555-0141","2965 Jefferson Lane","North Heather","ID","83243","United States","Government","48","0055A0kaLqDNLyaQIH","","2022-09-09T18:37:29.000Z","2025-08-24T01:03:03.000Z","LA-599917"
"0015A0wNbt6zwLZQEY","Vudem Dynamics Inc","https://www.vudem.example/about","(305) 555-0125","757 Thompson Ave","Lake Christopher","IN","47046","United States","Environmental","27","0055A0kaLqDNLyaQIH","","2024-04-25T08:17:19.000Z","2026-07-12T20:07:07.000Z","LA-148031"
"0015A01lYarcylzQIA","Gibriom Freight Corporation","","1-720-555-0198","0690 Palmer Avenue","Davidtown","HI","96887","United States","Banking","27","0055A0uyQiqdtqRQIQ","","2021-06-07T08:39:49.000Z","2023-02-06T01:04:36.000Z","LA-506005"
"0015A0BFD9GN2YqQOL","Zaivux Logistics","www.zaivux.example","+1 404 555 0116","29740 Campbell Avenue","Jacksonborough","WY","82773","United States","Chemicals","5005","0055A0uyQiqdtqRQIQ","","2017-09-27T10:42:32.000Z","2019-05-10T11:31:01.000Z","LA-515811"
"0015A0btM8l9moKQIQ","Pokuth Services LLC","www.pokuth.example","+1 512 555 0198","8717 Hernandez Parkway","Jeremystad","AL","35726","United States","Telecommunications","756","0055A0kaLqDNLyaQIH","","2025-05-06T03:44:34.000Z","2025-05-17T03:25:46.000Z","LA-585763"
"0015A0jYDj9igwUQMQ","Viozouq Technologies Inc.","viozouq.example","(720) 555-0108","08353 Ruiz Dr","Lake Amy","NY","13019","United States","Recreation","753","0055A0uyQiqdtqRQIQ","","2021-05-18T05:13:10.000Z","2026-01-09T13:46:44.000Z","LA-203024"
"0015A06XwN5x4G7QUI","Wousaiq Energy Ltd.","www.wousaiq.example","","186 Li Place","Amandamouth","GA","30863","United States","Finance","83","0055A0uyQiqdtqRQIQ","","2023-09-10T00:53:01.000Z","2025-04-22T15:06:53.000Z","LA-650446"
"0015A0PogbrPb13QCC","Japrioth Solutions Inc","https://www.japrioth.example/about","+1 503 555 0143","4363 Shaffer St Ste 135","Carrollfort","HI","96739","United States","Utilities","309","0055A0WTUKgiexlQ4A","","2022-05-19T22:48:04.000Z","2022-12-22T00:36:34.000Z","LA-920909"
"0015A00qbhKmGaoQAF","Caepouq Labs","","702-555-0189","788 Mitchell Boulevard","West Hannahport","NV","89250","United States","Government","86","0055A0kaLqDNLyaQIH","","2021-11-25T01:31:22.000Z","2023-08-11T04:01:24.000Z","LA-324396"
"0015A0fIbup4xB8QEI","Stycel Partners Corporation","www.stycel.example","1-212-555-0159","30436 Clarke Avenue","West Cody","CT","06022","United States","Recreation","29","0055A0WTUKgiexlQ4A","","2020-12-16T06:30:32.000Z","2023-01-28T15:17:11.000Z","LA-892690"
"0015A0YVdKgEVJmQWO","Kator Systems Co.","www.kator.example","503-555-0130","587 Lawrence Way","Port Melissa","NM","87929","United States","Environmental","309","0055A0tdEKXfWCmQYN","","2022-03-04T00:10:16.000Z","2026-06-27T07:17:36.000Z","LA-814288"
"0015A0TrGOZbkYzQ0J","Drapriq Energy LLC","drapriq.example","(512) 555-0184","8714 Nelson Ln","Norrisport","RI","02881","United States","Shipping","308","0055A04zdljoQKaQAM","","2022-10-06T15:01:44.000Z","2023-03-07T21:26:38.000Z","LA-100043"
"0015A043NPLBoGLQY1","Quiclith Capital LLC","https://quiclithcapital.example/","(813) 555-0113","27500 Grant Ct","South Ann","NM","87149","United States","Consulting","32","0055A04zdljoQKaQAM","","2021-06-06T10:04:01.000Z","2022-05-14T01:09:16.000Z","LA-723645"
"0015A0FOt3dGi7SQGS","Diodion Manufacturing Inc.","http://diodion.example","1-972-555-0184","4871 Proctor Way","Cruzbury","DC","20026","United States","Transportation","158","0055A0kaLqDNLyaQIH","","2021-09-29T08:47:36.000Z","2025-10-26T20:40:28.000Z","LA-768759"
"0015A0vr2tJFi0VQAT","Nineve Supply Ltd.","https://www.nineve.example","+1 617 555 0171","187 Williams Ave","East Sharonview","RI","02844","United States","Banking","47","0055A0tdEKXfWCmQYN","","2022-06-06T00:38:13.000Z","2023-02-27T23:39:13.000Z","LA-702808"
"0015A0NjxZnRgQ9QSK","Lajand Labs Corporation","https://lajand.example/","+1 503 555 0133","1446 French Pkwy","Port Dennis","IL","61295","United States","Shipping","5007","0055A0cR5VB3fAdQUJ","","2018-10-29T14:38:12.000Z","2021-12-11T19:07:28.000Z","LA-673823"
"0015A0E6pR1IwpDQSS","Tyzoum Manufacturing","http://tyzoum.example","+1 312 555 0181","98599 Martinez Court","South Brittanychester","NH","03791","United States","Manufacturing","84","0055A04zdljoQKaQAM","","2019-03-08T14:07:56.000Z","2021-08-28T22:09:29.000Z","LA-622548"
"0015A0youQGmNlQQQV","Kaebrour Manufacturing Inc.","www.kaebrour.example","404.555.0121","358 Brooks Road","Morganport","MN","56509","United States","Energy","16","0055A0kaLqDNLyaQIH","","2021-06-19T12:26:24.000Z","2022-09-09T16:15:22.000Z","LA-724533"
"0015A0AmIHSP7ZGQ01","Waistyth Health Ltd.","","","5708 Wells Road","South Kristenville","TX","76636","United States","Environmental","12","0055A0tdEKXfWCmQYN","","2025-06-06T16:55:26.000Z","2026-08-23T02:14:26.000Z","LA-314263"
"0015A0tXAmgPv2hQMC","Jekiork Manufacturing Ltd.","https://www.jekiork.example","+1 720 555 0154","6751 Alexander Avenue","South Tammyfurt","KS","66922","United States","Chemicals","14","0055A0WTUKgiexlQ4A","","2019-02-14T17:29:51.000Z","2021-08-11T11:54:03.000Z","LA-840454"
"0015A0CXlZ19Ur7QWE","Jaejeth Industries","https://www.jaejeth.example","+1 206 555 0139","993 Carr Parkway","Tonyamouth","LA","70390","United States","Retail","157","0055A04zdljoQKaQAM","","2018-06-23T05:15:54.000Z","2023-01-10T21:56:50.000Z","LA-782837"
"0015A0aYhH4nEboQUE","Maelund Industries Corporation","www.maelund.example","(312) 555-0166","3195 Gonzalez Court","Port Elizabeth","SD","57716","United States","Electronics","752","0055A0kaLqDNLyaQIH","","2023-09-14T14:49:46.000Z","2024-06-08T11:33:54.000Z","LA-197525"
"0015A0qB6tHfjsGQER","Viobrem Outfitters","https://www.viobrem.example/about","972.555.0141","740 Clark Street","Perezfurt","VT","05292","United States","Energy","155","0055A0WTUKgiexlQ4A","","2020-01-28T04:01:06.000Z","2021-10-10T02:45:13.000Z","LA-593305"
"0015A0ze2WKBFBlQQP","Clytum Materials Inc.","https://clytum.example/","(206) 555-0139","894 Massey Ave","Port Nancyhaven","SD","57553","United States","Apparel","40","0055A0uyQiqdtqRQIQ","","2019-05-23T06:13:45.000Z","2021-09-07T21:47:26.000Z","LA-843482"
"0015A0OEqBonKsZQWU","Wioquel Logistics Corporation","WWW.WIOQUEL.EXAMPLE","972.555.0142","43941 Spears Pkwy","North Anneberg","WV","25334","United States","Media","755","0055A0cR5VB3fAdQUJ","","2017-08-22T16:51:01.000Z","2024-01-06T04:23:02.000Z","LA-889359"
"0015A0QldW8Ru8eQSC","Gacloul Holdings Corporation","www.gacloul.example","720-555-0149","515 Silva Lane","Mistyfort","PW","96940","United States","Engineering","304","0055A0WTUKgiexlQ4A","","2020-10-01T19:38:09.000Z","2023-03-06T10:53:35.000Z","LA-338200"
"0015A0OPjH5LhedQWC","Haedraim Networks LLC","https://www.haedraim.example/about","305.555.0150","6256 Miles Parkway","Jennifershire","KY","42261","United States","Electronics","26","0055A0uyQiqdtqRQIQ","","2019-02-20T14:58:35.000Z","2021-01-27T22:26:43.000Z","LA-285480"
"0015A0pJwint7ImQEI","Kaipiom Freight LLC","","1-702-555-0170","95946 Robertson Lane Suite 150","East Jessicastad","WV","26191","United States","Hospitality","5","0055A0tdEKXfWCmQYN","","2020-06-29T10:31:37.000Z","2020-10-09T03:14:50.000Z","LA-711838"
"0015A0Rih5LG4LxQCL","Brodaq Services","https://brodaq.example/","404-555-0168","596 Duarte Boulevard Suite 993","West Linda","TX","79498","United States","Environmental","13","0055A0cR5VB3fAdQUJ","","2018-05-13T22:15:44.000Z","2021-01-20T01:52:37.000Z","LA-793465"
"0015A0poIBrWASNQY4","Gorul Manufacturing Corporation","https://www.gorul.example","1-720-555-0187","5625 Horn Dr","North Stephaniebury","GA","30836","United States","Telecommunications","155","0055A0cR5VB3fAdQUJ","","2022-02-01T05:53:55.000Z","2023-05-06T00:54:10.000Z","LA-352239"
"0015A08i2Z4aUJtQQM","Mequoun Systems Corp.","WWW.MEQUOUN.EXAMPLE","(813) 555-0172","9979 Jackson Street","East Gregoryburgh","MA","01442","United States","Entertainment","150","0055A0uyQiqdtqRQIQ","","2025-02-25T14:03:55.000Z","2026-02-19T16:43:09.000Z","LA-879132"
"0015A0Zhj7d9Bu7QCE","Louquaem Foods Co.","www.louquaem.example","415-555-0177","3760 Spencer Way","Port Ralph","CA","94713","United States","Hospitality","302","0055A0cR5VB3fAdQUJ","","2022-07-31T04:12:46.000Z","2022-12-04T20:24:55.000Z","LA-208724"
"0015A0QbKyaI5N6QKK","Nidiork Outfitters Inc","nidiork.example","503.555.0193","674 Jackson Boulevard Suite 765","West Robert","HI","96833","United States","Government","25","0055A0tdEKXfWCmQYN","","2018-09-16T05:56:41.000Z","2024-01-27T20:06:16.000Z","LA-397617"
"0015A0nSF8EOUAgQMP","Jaskouve Materials LLC","https://www.jaskouve.example/about","(512) 555-0122","849 Garcia Lane Suite 111","Jonesmouth","DC","20019","United States","Communications","13","0055A0kaLqDNLyaQIH","","2018-12-27T10:31:11.000Z","2023-12-14T06:58:41.000Z","LA-189709"
"0015A05Rne4zCAvQEM","Skebrath Industries Corp.","https://www.skebrath.example/about","720.555.0138","974 Zimmerman Court","South Rebekah","TN","38180","United States","Machinery","29","0055A0WTUKgiexlQ4A","","2023-05-06T12:12:09.000Z","2025-03-27T01:03:32.000Z","LA-204274"
"0015A01WHgFEOaqQMH","Traskaq Health Co.","","404.555.0194","1308 Howard Street","Forbeshaven","DE","19783","United States","Hospitality","81","0055A0cR5VB3fAdQUJ","","2017-09-10T12:21:26.000Z","2020-10-10T17:01:49.000Z","LA-131445"
"0015A0aGmGbSDccQUG","Cliograis Capital Corporation","https://cliograis.example/","1-503-555-0106","456 Ryan Ln","South Michael","NC","28777","United States","Healthcare","301","0055A0uyQiqdtqRQIQ","","2019-05-19T00:58:38.000Z","2021-04-21T15:08:58.000Z","LA-826175"
"0015A0QRNJFjSDUQ43","Puskior Systems Corp.","https://puskior.example/","","449 Washington Boulevard","New Stefanie","IA","50053","United States","Other","17","0055A0tdEKXfWCmQYN","","2018-09-02T19:21:47.000Z","2026-03-09T15:00:52.000Z","LA-943437"
"0015A0Sm6fkjHrwQCE","Zaegryr Analytics Inc.","zaegryr.example","+1 312 555 0199","15278 Mclaughlin Ave","South Mike","NY","14834","United States","Manufacturing","87","0055A0uyQiqdtqRQIQ","","2017-11-21T08:58:06.000Z","2019-06-27T14:38:54.000Z","LA-444132"
"0015A0HMnoTvJnQQGV","Nytaend Freight LLC","www.nytaendfreight.example","813.555.0118","16071 Mclaughlin Avenue","Tranview","KS","66033","United States","Environmental","300","0055A0kaLqDNLyaQIH","","2023-02-12T02:47:20.000Z","2023-12-28T15:53:28.000Z","LA-659528"
"0015A0bYwyhtxiCQEQ","Vybiork International Ltd.","https://vybiork.example/","(813) 555-0103","90188 Singh Pkwy","Lake Michelleshire","UT","84657","United States","Not For Profit","158","0055A0tdEKXfWCmQYN","","2022-07-22T05:54:20.000Z","2024-05-10T02:24:32.000Z","LA-572524"
"0015A0iyhlbtkvrQAA","Baipo Foods Co.","https://www.baipo.example","+1 212 555 0103","69459 Robertson Road Suite 241","Lake Joshua","ID","83332","United States","Entertainment","752","0055A0uyQiqdtqRQIQ","","2019-05-23T06:50:25.000Z","2022-04-22T06:28:59.000Z","LA-293352"
"0015A0ghrHfqzFpQQI","Quiopend Systems Co.","https://quiopend.example/","404.555.0150","49318 Rose Way Ste 652","Thomasberg","DC","20036","United States","Government","14","0055A0tdEKXfWCmQYN","","2018-09-17T10:08:34.000Z","2024-10-03T08:44:04.000Z","LA-606063"
"0015A0QaLJLQS9XQ0X","Piogiq International Corp.","https://www.piogiq.example/about","","653 Saunders Road","West Paul","DE","19819","United States","Apparel","9","0055A0cR5VB3fAdQUJ","","2021-06-28T22:46:36.000Z","2024-01-09T12:36:49.000Z","LA-394755"
"0015A0kLmOjpSp7QUE","Liroux Foods","www.liroux.example","503-555-0178","62947 Foster Ln","Port Daniel","IA","52702","United States","Insurance","5009","0055A0cR5VB3fAdQUJ","","2020-12-08T14:59:08.000Z","2021-03-01T03:01:13.000Z","LA-177759"
"0015A0LynJysds0QSA","Hiotul Partners Corp.","WWW.HIOTUL.EXAMPLE","(720) 555-0157","96064 Kim Avenue","West Nancyfort","OH","43263","United States","Banking","80","0055A04zdljoQKaQAM","","2018-10-21T12:05:18.000Z","2025-12-19T00:40:16.000Z","LA-268016"
"0015A0iGD3HvvLkQMJ","Zouraerk Analytics Co.","http://zouraerk.example","415.555.0168","965 Martinez Street","Kyleburgh","IA","52529","United States","Environmental","1203","0055A0uyQiqdtqRQIQ","","2017-04-01T21:28:34.000Z","2020-04-07T00:59:01.000Z","LA-359334"
"0015A0hFpr1WeKMQE0","Lastior Logistics Inc.","https://www.lastior.example/about","904-555-0138","633 Bean Road","Matthewmouth","AZ","85330","United States","Utilities","754","0055A0tdEKXfWCmQYN","","2020-07-17T04:51:04.000Z","2020-08-22T11:07:45.000Z","LA-895231"
"0015A0fX4yLrZ5ZQEV","Baidrou Foods Ltd.","http://baidrou.example","206-555-0168","275 Galloway Road","Riverachester","HI","96816","United States","Healthcare","12","0055A0cR5VB3fAdQUJ","","2023-09-29T19:43:12.000Z","2024-08-03T04:49:45.000Z","LA-883609"
"0015A0ojIYzOn7EQYS","Degral Partners","","617-555-0159","37689 Tyler Court Suite 559","Mccarthystad","MN","55771","United States","Chemicals","306","0055A0tdEKXfWCmQYN","","2022-08-30T10:19:03.000Z","2023-01-30T17:54:43.000Z","LA-380226"
"0015A0BfLtba2j4QKA","Faifioth Partners","WWW.FAIFIOTHPARTNERS.EXAMPLE","+1 512 555 0112","4530 Brown Ave","Castrochester","WV","25807-1285","United States","Agriculture","304","0055A0kaLqDNLyaQIH","","2020-11-26T06:55:06.000Z","2022-04-03T15:42:15.000Z","LA-509425"
"0015A0ldE7C6Um8QIF","Boumound Partners","WWW.BOUMOUND.EXAMPLE","+1 415 555 0163","2839 Hawkins Road Suite 805","Donaldberg","ID","83284","United States","Finance","5000","0055A04zdljoQKaQAM","","2021-11-16T01:33:16.000Z","2024-07-12T02:09:38.000Z","LA-788314"
"0015A0vhhmwR6cqQAC","Wawar Supply Inc","WWW.WAWAR.EXAMPLE","(720) 555-0173","80210 Abbott Street Suite 887","East David","WA","98303","United States","Electronics","759","0055A0cR5VB3fAdQUJ","","2022-09-10T17:41:03.000Z","2025-08-01T19:16:07.000Z","LA-279802"
"0015A0lcOGRJlYbQYL","Brubaen Foods Corp.","https://www.brubaen.example","206-555-0195","229 Torres Court","Port Aprilport","AL","35320","United States","Communications","155","0055A04zdljoQKaQAM","","2022-04-06T00:40:51.000Z","2025-04-30T05:48:28.000Z","LA-675648"
"0015A03rQ8lJg83QIC","Keskous Labs Inc","","+1 415 555 0129","499 Huynh Street","West Robin","RI","02886","United States","Biotechnology","756","0055A0WTUKgiexlQ4A","","2020-01-10T23:33:11.000Z","2024-07-20T08:06:26.000Z","LA-590004"
"0015A05UewBcHkkQEF","Doutround Health Inc.","https://www.doutround.example/about","512-555-0111","8928 Ramirez Street","Duranland","OH","45595","United States","Engineering","153","0055A0tdEKXfWCmQYN","","2025-06-09T06:07:32.000Z","2025-10-18T00:08:54.000Z","LA-334128"
"0015A0c9cmjJfzRQAS","Baloq Analytics Corporation","https://www.baloq.example/about","+1 904 555 0120","927 Miles Avenue","Moodyborough","SC","29472","United States","Machinery","5005","0055A0tdEKXfWCmQYN","","2017-06-22T21:16:27.000Z","2020-04-17T15:24:41.000Z","LA-198102"
"0015A08fVsX6CYnQIN","Hywiork Dynamics Corp.","https://hywiork.example/","1-813-555-0174","467 Hernandez Way","North Teresaside","MA","02250","United States","Apparel","153","0055A0cR5VB3fAdQUJ","","2024-05-31T12:59:27.000Z","2025-07-19T13:43:33.000Z","LA-929167"
"0015A03zNZbIwhGQYS","Cunes Labs Corp.","https://www.cunes.example/about","415-555-0150","4431 Brown Drive","East Jamesmouth","CO","81314","United States","Transportation","33","0055A0WTUKgiexlQ4A","","2020-08-15T18:38:17.000Z","2026-03-10T12:38:39.000Z","LA-781121"
"0015A0Ru77zGXROQC4","Patrus Technologies","https://www.patrus.example","+1 404 555 0165","8657 Moore Boulevard Suite 985","Lake Robert","OR","97527","United States","Not For Profit","49","0055A0cR5VB3fAdQUJ","","2017-01-15T06:16:38.000Z","2023-07-14T12:18:29.000Z","LA-111847"
"0015A0yATxiyKIUQM2","Naebuth Robotics Inc","WWW.NAEBUTH.EXAMPLE","1-972-555-0185","238 Medina Place","South Davidshire","AK","99936","United States","Insurance","6","0055A04zdljoQKaQAM","","2025-06-19T02:54:36.000Z","2026-07-23T23:59:40.000Z","LA-189684"
"0015A0KND9QtVdtQOF","Quipive Energy Corporation","quipive.example","512-555-0161","759 Cunningham Drive","Ericfurt","DC","20014","United States","Healthcare","1204","0055A0cR5VB3fAdQUJ","","2020-01-12T00:48:25.000Z","2021-01-18T19:59:59.000Z","LA-692703"
"0015A0AWvDGKdnoQWD","Styvoq Energy LLC","WWW.STYVOQ.EXAMPLE","(212) 555-0138","2565 Harris Street","North Stephenshire","GA","31039","United States","Recreation","83","0055A0WTUKgiexlQ4A","","2025-05-11T05:25:02.000Z","2025-07-12T21:12:04.000Z","LA-851353"
"0015A0jRUWoZKleQ2G","Quaiquour Freight Inc","https://www.quaiquour.example/about","206.555.0143","3350 Mcdonald Street","East James","CA","94009","United States","Chemicals","155","0055A0kaLqDNLyaQIH","","2025-06-03T16:52:03.000Z","2025-12-15T07:20:59.000Z","LA-105267"
"0015A0busmvXKCxQAO","Fanyl Outfitters","www.fanyl.example","","7431 Jennings Street","Macdonaldside","CO","81320","United States","Hospitality","1200","0055A04zdljoQKaQAM","","2018-06-09T07:24:20.000Z","2022-04-20T20:28:47.000Z","LA-809091"
"0015A0GDPJ2NO1bQ4G","Paevu International LLC","WWW.PAEVU.EXAMPLE","415.555.0198","0700 Smith Way","West Amybury","FL","33701","United States","Shipping","152","0055A0kaLqDNLyaQIH","","2023-10-23T18:59:01.000Z","2024-12-31T12:46:30.000Z","LA-263792"
"0015A0pG5EntTjuQUE","Brymios Industries","","503.555.0198","36556 Larsen Place","Lake Andrew","MO","64808","United States","Government","8","0055A0kaLqDNLyaQIH","","2025-01-22T00:30:28.000Z","2026-06-26T14:14:13.000Z","LA-285487"
"0015A0YQmBqgKWXQW2","Praistor Healthcare LLC","","1-305-555-0172","44243 Davis Drive","Pooleshire","OK","73120","United States","Engineering","14","0055A0WTUKgiexlQ4A","","2020-02-03T17:26:29.000Z","2025-05-18T09:03:53.000Z","LA-586986"
"0015A0IrRzDabnGQKR","Fousku International","www.fousku.example","1-305-555-0111","5394 Mclean Drive","Port Toddtown","KS","66130","United States","Healthcare","84","0055A0uyQiqdtqRQIQ","","2023-03-27T00:55:27.000Z","2025-11-29T01:55:09.000Z","LA-534056"
"0015A0326vM3jfqQAB","Funail Materials LLC","https://funail.example/","1-404-555-0169","77573 Phillips Avenue","Martinezville","TX","75609","United States","Healthcare","5008","0055A0cR5VB3fAdQUJ","","2022-12-17T09:39:17.000Z","2023-04-07T19:46:27.000Z","LA-246214"
"0015A0qK8Byduh0QUA","Vojyth Industries Inc","","","302 Adams Lane","East Thomas","NM","87604","United States","Banking","43","0055A0cR5VB3fAdQUJ","","2017-03-20T04:05:05.000Z","2018-04-02T12:24:08.000Z","LA-818308"
"0015A0zFDvWWpAbQML","Skaejam Logistics Inc","https://skaejam.example/","1-503-555-0166","0530 Gonzalez Blvd","Cabreraborough","IL","62090","United States","Media","27","0055A04zdljoQKaQAM","","2020-06-03T17:06:22.000Z","2023-12-12T13:11:48.000Z","LA-777182"
"0015A0xfHF0V41gQYC","Waelo Labs Co.","https://waelo.example/","720-555-0122","587 Roach Court","Delacruzshire","DE","19892","United States","Engineering","1202","0055A0cR5VB3fAdQUJ","","2020-12-10T20:10:40.000Z","2022-03-23T06:27:17.000Z","LA-870736"
"0015A0WrJP7s8YvQ0I","Caefaq Supply Corporation","https://www.caefaq.example","702.555.0164","26310 Willis Lane","Russoton","WA","98631","United States","Chemicals","5002","0055A0cR5VB3fAdQUJ","","2020-10-12T08:45:19.000Z","2021-08-16T00:49:55.000Z","LA-699226"
"0015A0eaFgNJHu7QIH","Trofiq International","www.trofiq.example","904-555-0135","515 Wallace Ln Ste 200","New Lisa","WV","26458","United States","Chemicals","5004","0055A04zdljoQKaQAM","","2017-01-22T22:55:04.000Z","2022-09-13T19:53:54.000Z","LA-839375"
"0015A0napI01Hl7QQE","Trabaen Partners LLC","https://www.trabaen.example","1-404-555-0165","41297 Watkins Road Suite 318","Allenton","ID","83261","United States","Government","49","0055A0tdEKXfWCmQYN","","2020-09-25T08:47:04.000Z","2021-02-22T14:33:20.000Z","LA-640230"
"0015A0xG6zoKqfDQES","Skouzyrk Works","http://go.skouzyrk.example","(312) 555-0115","614 Bush Road","Lake Marcus","HI","96776","United States","Education","5004","0055A04zdljoQKaQAM","","2023-06-05T20:13:15.000Z","2025-02-13T18:59:49.000Z","LA-929819"
"0015A08oAavMrFuQIK","Cupous Holdings Inc","www.cupous.example","904.555.0193","02228 Stein Dr","East Vincent","IN","46296","United States","Engineering","754","0055A0kaLqDNLyaQIH","","2019-06-25T03:00:42.000Z","2021-10-30T02:37:08.000Z","LA-227917"
"0015A0jMK3tCJYOQM4","Viocleq Analytics","","(312) 555-0137","83142 Bird Street","West Ronaldfort","KS","66952","United States","Entertainment","28","0055A0uyQiqdtqRQIQ","","2020-11-09T07:26:41.000Z","2021-07-02T16:26:56.000Z","LA-148332"
"0015A0xIF11GfLJQM0","Kafael Labs Ltd.","kafael.example","617.555.0128","398 Collins Parkway","North Gabrielleville","ME","04307-5714","United States","Healthcare","1208","0055A0kaLqDNLyaQIH","","2023-06-09T04:04:44.000Z","2025-02-16T12:18:26.000Z","LA-504760"
"0015A0AbjLa6008QSA","Braidrios Materials Ltd.","www.braidrios.example","+1 904 555 0165","235 Thomas Parkway Suite 586","Chasemouth","CT","06379","United States","Telecommunications","49","0055A0tdEKXfWCmQYN","","2020-09-05T02:34:30.000Z","2025-05-30T22:28:13.000Z","LA-869836"
"0015A0EPHL5IDhSQ4W","Grabaiq Industries Co.","https://grabaiq.example/","720-555-0192","80619 Wright Road Suite 214","Gloverchester","AK","99841","United States","Construction","752","0055A0kaLqDNLyaQIH","","2020-10-25T05:23:05.000Z","2026-02-17T12:05:05.000Z","LA-473695"
"0015A0KDWHvjJxLQ4U","Grawynd Technologies","WWW.GRAWYND.EXAMPLE","+1 206 555 0189","01312 Golden Parkway Suite 406","Hesterfort","OK","73177","United States","Education","82","0055A04zdljoQKaQAM","","2023-10-29T13:58:44.000Z","2025-04-04T19:48:24.000Z","LA-579279"
"0015A0tNESHYLWbQ2P","Gragus Labs","http://gragus.example","(206) 555-0132","7210 Lynch Parkway","Howardland","MO","65337","United States","Government","9","0055A0cR5VB3fAdQUJ","","2019-03-16T04:15:15.000Z","2023-07-19T22:01:17.000Z","LA-670823"
"0015A07iA1w2AboQIE","Graelai Freight Inc","http://graelai.example","(813) 555-0182","6973 Baker Drive","Edwardhaven","PW","96940","United States","Media","154","0055A0WTUKgiexlQ4A","","2021-05-16T22:01:23.000Z","2024-02-12T15:20:51.000Z","LA-751098"
"0015A0AKLAytKPWQ42","Flonaex Networks Co.","https://www.flonaex.example/about","","7518 Nguyen Place Suite 210","Smithbury","NM","87863","United States","Transportation","1209","0055A0WTUKgiexlQ4A","","2022-03-22T18:17:31.000Z","2024-05-29T19:59:58.000Z","LA-446979"
"0015A0x2l88OgWgQAK","Joclaim Services Corporation","www.joclaim.example","206-555-0159","14684 Parker Court","Toddborough","DE","19740","United States","Utilities","152","0055A0kaLqDNLyaQIH","","2023-05-31T14:22:03.000Z","2025-09-30T00:55:01.000Z","LA-934280"
"0015A0Y8MhCNFy9QKH","Laitoul Manufacturing Corp.","https://www.laitoul.example","","3440 Carrillo Rd Ste 862","Martinezport","MO","63935","United States","Food & Beverage","1208","0055A0tdEKXfWCmQYN","","2022-10-23T14:13:10.000Z","2024-06-10T20:35:19.000Z","LA-101417"
"0015A0hYNfjm6v1QMA","Staestoux Freight Corp.","WWW.STAESTOUX.EXAMPLE","1-904-555-0182","0318 Waters Boulevard","Donaldmouth","MO","65702","United States","Insurance","47","0055A0kaLqDNLyaQIH","","2018-10-11T20:06:35.000Z","2020-05-29T13:03:40.000Z","LA-901692"
"0015A0aXI3byzTTQMY","Webriox Systems Inc","http://webriox.example","+1 305 555 0183","10640 Thompson Rd Ste 306","North Michael","AZ","85452","United States","Media","28","0055A0uyQiqdtqRQIQ","","2017-04-28T17:51:46.000Z","2020-06-16T20:34:45.000Z","LA-219296"
"0015A0f0wF6fqHwQQI","Naigaem Networks Corp.","https://naigaem.example/","503-555-0105","994 Williams Place","Crystalhaven","FL","34768","United States","Insurance","80","0055A0kaLqDNLyaQIH","","2022-08-02T07:21:13.000Z","2023-06-12T22:57:55.000Z","LA-419246"
"0015A0KdZtSC0DOQK1","Triquion International Co.","WWW.TRIQUIONINTERNATIONAL.EXAMPLE","","8722 Andrews Avenue","Scottview","NM","87300","United States","Healthcare","33","0055A0uyQiqdtqRQIQ","","2018-10-21T23:37:17.000Z","2023-01-19T17:47:32.000Z","LA-702173"
"0015A0wKWS9VrG3Q2K","Jiferk Partners","http://jiferk.example","","505 Cole Road","Mckayview","AK","99501","United States","Construction","151","0055A0kaLqDNLyaQIH","","2021-06-03T17:44:26.000Z","2022-12-25T12:26:05.000Z","LA-255180"
"0015A0LX2EBRUYeQWP","Trune Holdings","WWW.TRUNE.EXAMPLE","512-555-0112","78639 Hayden Court Suite 336","Mcdanielmouth","MI","48133","United States","Media","14","0055A0cR5VB3fAdQUJ","","2025-05-28T03:40:53.000Z","2026-02-26T10:45:23.000Z","LA-317070"
"0015A0OMshxwpGLQGY","Quezyth Systems Inc","","1-206-555-0163","081 Higgins Court","Lake Stephanie","SD","57610","United States","Apparel","83","0055A04zdljoQKaQAM","","2020-07-21T22:46:37.000Z","2020-08-25T02:46:11.000Z","LA-777063"
"0015A02SzLSiQsuQUF","Braidriom Health Corporation","https://www.braidriom.example/about","1-206-555-0190","4457 Hernandez Parkway","West Alyssa","MI","48834","United States","Manufacturing","25","0055A04zdljoQKaQAM","","2017-11-08T16:32:10.000Z","2020-08-04T19:06:52.000Z","LA-260708"
"0015A0xjoKFxSUhQQN","Nouriol Robotics Corporation","https://www.nouriol.example","312-555-0171","1339 Cook Road Suite 654","Matthewchester","IL","61892","United States","Finance","758","0055A0WTUKgiexlQ4A","","2017-12-18T07:44:44.000Z","2020-04-14T21:23:39.000Z","LA-477946"
"0015A09Zp1M5KGKQE3","Quaefur Dynamics Inc.","quaefur.example","212-555-0120","196 Gill Street","Angelaview","MN","55462","United States","Agriculture","301","0055A0kaLqDNLyaQIH","","2021-05-03T03:19:29.000Z","2023-07-28T00:31:27.000Z","LA-259902"
"0015A0ndSBbkMQRQY2","Stydril Health Corporation","WWW.STYDRIL.EXAMPLE","720.555.0124","199 Hall Drive","Anaborough","ID","83811","United States","Hospitality","305","0055A0kaLqDNLyaQIH","","2023-06-08T07:44:09.000Z","2024-07-03T18:46:57.000Z","LA-600810"
"0015A0G9JfSFVx5QKH","Traejex Technologies Inc.","traejex.example","503-555-0189","084 Gardner Drive","Marieshire","IA","50299-1516","United States","Consulting","308","0055A0kaLqDNLyaQIH","","2021-10-26T10:36:44.000Z","2021-11-28T07:37:27.000Z","LA-289583"
"0015A0F04rVnraRQCR","Dritroux Dynamics Ltd.","","(512) 555-0104","2355 Byrd Street","Nelsonport","ND","58190","United States","Shipping","1208","0055A0WTUKgiexlQ4A","","2020-10-04T18:44:05.000Z","2023-05-22T11:12:31.000Z","LA-487040"
"0015A0nEQtIdnHuQMJ","Bibrais Health Inc.","bibrais.example","813.555.0197","1653 Strickland Avenue","North Michaelmouth","PA","17531","United States","Other","300","0055A0cR5VB3fAdQUJ","","2023-02-22T11:12:50.000Z","2025-06-07T21:03:40.000Z","LA-547211"
"0015A09IO4xmgMNQMY","Jefon Networks Corporation","https://jefon.example/","972-555-0194","692 Gordon Road Suite 371","South Michelle","TN","38550","United States","Energy","80","0055A04zdljoQKaQAM","","2023-11-28T10:58:14.000Z","2025-07-15T15:41:52.000Z","LA-488881"
"0015A0aJIjFQTc3QMH","Lairand Services LLC","","(415) 555-0124","681 Kane Pkwy","Lake Dale","NM","88056","United States","Agriculture","307","0055A0tdEKXfWCmQYN","","2024-09-23T11:15:01.000Z","2025-07-08T19:14:25.000Z","LA-879714"
"0015A0IiQ3DR51eQKD","Hiclyq Technologies LLC","www.hiclyq.example","415.555.0189","54126 Dunn Way","East Lisa","IL","61599","United States","Telecommunications","13","0055A0kaLqDNLyaQIH","","2021-08-27T00:22:13.000Z","2024-02-13T19:56:59.000Z","LA-514202"
"0015A0CFBmPoEVNQO3","Stobrus Networks Corporation","https://www.stobrus.example/about","(720) 555-0135","587 Young Court","Lake Barbarashire","MN","56096","United States","Consulting","5","0055A0cR5VB3fAdQUJ","","2023-04-28T16:10:18.000Z","2025-11-16T23:44:16.000Z","LA-978606"
"0015A04ZJHIJaU5Q2L","Flysios Solutions Inc.","www.flysios.example","720.555.0181","96894 Johnson Way Suite 126","Douglaston","MS","38835","United States","Transportation","13","0055A04zdljoQKaQAM","","2021-02-12T02:49:19.000Z","2022-06-17T09:42:32.000Z","LA-671490"
"0015A0mqmvuh4QBQAY","Tiowar Dynamics Corp.","tiowar.example","972.555.0180","8845 Lopez Avenue","Lake Ryan","MT","59587","United States","Other","154","0055A0kaLqDNLyaQIH","","2024-08-07T08:58:24.000Z","2025-11-13T11:02:12.000Z","LA-328893"
"0015A0hdpY5uVrzQQE","Quiclith Supply LLC","https://quiclith.example/","1-972-555-0131","8601 Bell Street","New Cassandraburgh","NH","03140","United States","Energy","1202","0055A0tdEKXfWCmQYN","","2022-05-17T19:40:18.000Z","2023-02-15T09:30:23.000Z","LA-197262"
"0015A0hIg3IKR4RQEX","Jainain Materials Corporation","WWW.JAINAIN.EXAMPLE","1-617-555-0149","535 Hampton Place","South Amyview","NV","89289","United States","Education","25","0055A0cR5VB3fAdQUJ","","2023-11-13T19:07:09.000Z","2026-05-24T13:19:06.000Z","LA-285549"
"0015A0hdlef9dICQAY","Guvair Systems Ltd.","https://www.guvair.example","+1 512 555 0126","8615 Diaz Avenue","North Patricia","MA","01696","United States","Transportation","750","0055A0uyQiqdtqRQIQ","","2024-08-17T12:53:26.000Z","2026-03-21T12:20:50.000Z","LA-281655"
"0015A0PiglAplb3QCB","Griopin Works Co.","https://www.griopin.example/about","(206) 555-0164","284 Torres Lane","North Bryan","IA","52595","United States","Biotechnology","42","0055A0tdEKXfWCmQYN","","2023-06-20T04:34:20.000Z","2025-10-28T01:10:05.000Z","LA-119434"
"0015A0y4qTcQHQbQQO","Mastaerk Materials Ltd.","https://mastaerk.example/","","7084 Avila Way","Sanchezbury","IL","62729","United States","Retail","5007","0055A0WTUKgiexlQ4A","","2022-12-25T05:10:57.000Z","2023-01-27T10:10:28.000Z","LA-950858"
"0015A0365Zk4RGHQQ2","Brybrion Logistics Inc.","https://brybrion.example/","(404) 555-0163","0646 Chavez Boulevard","West Suzanne","OR","97399","United States","Retail","151","0055A0kaLqDNLyaQIH","","2023-12-22T17:11:11.000Z","2025-12-24T15:38:27.000Z","LA-604248"
"0015A0BqomvZ8M2QCK","Skabriol Services Co.","","415-555-0177","48887 Daniel Boulevard","Michelleborough","AK","99589-1390","United States","Energy","306","0055A0uyQiqdtqRQIQ","","2022-02-23T13:29:21.000Z","2024-02-23T19:08:31.000Z","LA-243583"
"0015A0iQuduMO1AQEW","Zenaith Energy Corporation","https://www.zenaith.example/about","1-206-555-0102","0914 Butler Street","West Gregorybury","NC","28073","United States","Food & Beverage","10","0055A0cR5VB3fAdQUJ","","2021-10-28T16:55:41.000Z","2022-06-01T10:55:29.000Z","LA-220614"
"0015A0a2egm4D3mQAE","Clamaix Manufacturing Inc.","https://www.clamaix.example/about","617-555-0115","65875 Reed Way","Brittanyland","CO","80362","United States","Banking","7","0055A0uyQiqdtqRQIQ","","2023-01-29T21:35:49.000Z","2024-08-15T05:09:50.000Z","LA-729727"
"0015A0FsibM8LSEQC3","Syflyx Industries Co.","http://syflyx.example","1-720-555-0168","582 Allen Road","North Matthewfort","WA","99179","United States","Entertainment","12","0055A0kaLqDNLyaQIH","","2024-01-15T15:31:18.000Z","2025-12-09T17:12:55.000Z","LA-277080"
"0015A0dFoymUrteQEC","Gapor Robotics LLC","http://gapor.example","1-503-555-0148","676 White Drive","Robinsonstad","MI","48451","United States","Education","150","0055A0WTUKgiexlQ4A","","2017-11-01T18:18:55.000Z","2021-03-07T13:06:13.000Z","LA-444562"
"0015A0MpnVl16N7QSI","Moquan Robotics Corporation","https://www.moquan.example/about","","725 Hall Place","Davidbury","GA","30714","United States","Food & Beverage","16","0055A04zdljoQKaQAM","","2022-08-04T01:42:42.000Z","2022-11-11T16:48:21.000Z","LA-506059"
"0015A0JeMDMqMKRQ03","Waedroth Manufacturing LLC","waedroth.example","(972) 555-0123","94884 Nguyen Street","North Fred","MT","59557","United States","Communications","5009","0055A0cR5VB3fAdQUJ","","2023-12-16T02:07:53.000Z","2025-05-07T20:29:57.000Z","LA-262843"
"0015A0N9he1sG1IQCU","Clorae Logistics Co.","www.clorae.example","(617) 555-0176","5139 Nguyen Parkway","Lake Tarafurt","OH","45336","United States","Construction","82","0055A0kaLqDNLyaQIH","","2019-07-10T04:04:07.000Z","2021-05-31T07:58:03.000Z","LA-807609"
"0015A0ZU4Rut8aSQWQ","Bioflur Services Inc","https://bioflur.example/","(415) 555-0190","48450 Johnson Place","Georgeberg","NV","89605","United States","Environmental","1203","0055A0cR5VB3fAdQUJ","","2019-02-20T12:42:20.000Z","2022-04-09T06:02:49.000Z","LA-380691"
"0015A0AGcMw6UnBQWU","Jaher Freight","WWW.JAHER.EXAMPLE","503-555-0147","79821 Jenkins Court","Josephmouth","MT","59431","United States","Hospitality","1203","0055A04zdljoQKaQAM","","2020-11-24T05:35:44.000Z","2023-02-15T01:14:50.000Z","LA-299994"
"0015A0dB2dJfyjpQEB","Skaibioq Partners Corp.","WWW.SKAIBIOQ.EXAMPLE","","8472 Smith Parkway","Maxfurt","MT","59075","United States","Communications","5009","0055A0tdEKXfWCmQYN","","2017-03-26T21:21:35.000Z","2026-07-18T20:10:28.000Z","LA-200031"
"0015A0ldpAan1w9QQA","Clobryn Health","https://clobryn.example/","503-555-0154","2946 Adams Parkway","New Danieltown","WY","82724","United States","Food & Beverage","308","0055A04zdljoQKaQAM","","2021-04-04T11:15:58.000Z","2025-07-07T04:45:11.000Z","LA-597296"
"0015A0Hvz6wM0fqQCC","Claistaix Materials LLC","https://www.claistaix.example","1-503-555-0197","386 Cain Parkway","North Alex","AR","72078","United States","Government","1205","0055A0kaLqDNLyaQIH","","2018-03-26T16:16:35.000Z","2022-09-07T19:24:23.000Z","LA-764010"
"0015A0lxVoldteXQIQ","Sagom Dynamics Inc.","https://sagom.example/","+1 305 555 0133","11394 Rose Boulevard Suite 675","Jesseport","IA","51203","United States","Communications","754","0055A04zdljoQKaQAM","","2018-02-22T02:29:03.000Z","2023-11-20T13:49:36.000Z","LA-479276"
"0015A0nGhAZvWGvQUN","Grouguth Partners Corp.","grouguth.example","206.555.0154","753 Brady Parkway","North Kevinborough","CA","90353-5034","United States","Shipping","87","0055A0kaLqDNLyaQIH","","2021-04-15T22:48:28.000Z","2021-08-12T09:25:21.000Z","LA-574211"
"0015A0GFf3AMgjlQGD","Mifex Supply Inc.","https://mifex.example/","512.555.0169","1517 Brock Street","Ballchester","CT","06175-9220","United States","Education","5007","0055A0tdEKXfWCmQYN","","2023-02-19T18:03:34.000Z","2024-08-12T08:34:39.000Z","LA-527428"
"0015A0Q3WkdwHFFQK2","Niorurk Networks Inc.","https://www.niorurk.example","503.555.0186","528 Brown Way Suite 160","Leeside","OH","43646","United States","Energy","5008","0055A0cR5VB3fAdQUJ","","2024-10-07T10:10:35.000Z","2025-04-13T16:10:38.000Z","LA-250720"
"0015A0WAYKeFDhrQ4G","Loutral Logistics Corporation","","","072 Green Parkway","North Amandaborough","WI","54397","United States","Electronics","755","0055A0tdEKXfWCmQYN","","2024-02-11T21:17:01.000Z","2026-08-14T06:25:46.000Z","LA-190873"
"0015A0UgsPDwus4QSB","Votrais Labs Ltd.","www.votrais.example","","783 Charles Blvd","Lindseyfort","OH","43502","United States","Food & Beverage","33","0055A0WTUKgiexlQ4A","","2024-10-23T15:21:51.000Z","2025-07-02T00:08:44.000Z","LA-260836"
"0015A01cbhMiSIKQA3","Dymaerk Services Inc.","www.dymaerk.example","+1 512 555 0119","86312 Williams Avenue","New Stephen","MN","55831","United States","Insurance","1209","0055A04zdljoQKaQAM","","2020-09-15T14:26:34.000Z","2023-08-14T14:46:03.000Z","LA-113367"
"0015A0dxr6giLu7QAE","Raivos Technologies Corporation","https://raivos.example/","+1 305 555 0183","721 Holder Place","Higginsmouth","NJ","08820","United States","Insurance","25","0055A0kaLqDNLyaQIH","","2022-01-07T12:18:02.000Z","2024-01-10T18:11:13.000Z","LA-958664"
"0015A0Ob7FDQ7npQSD","Claskail Holdings Co.","claskail.example","720.555.0128","842 Bailey Way","Alexanderberg","WA","98334","United States","Media","43","0055A0tdEKXfWCmQYN","","2022-12-23T14:00:51.000Z","2026-02-12T09:54:31.000Z","LA-264484"
"0015A0wSrnqsICyQEM","Claevaex Manufacturing Corp.","https://claevaex.example/","972.555.0128","149 Washington Parkway","North Kimberlyborough","SC","29357","United States","Energy","89","0055A0WTUKgiexlQ4A","","2022-09-25T05:36:28.000Z","2024-12-12T22:51:29.000Z","LA-137056"
"0015A0DnYcAcPRWQK3","Lubion Dynamics Co.","lubion.example","+1 503 555 0156","100 Harmon Pl","Thompsonchester","VT","05387","United States","Transportation","308","0055A0uyQiqdtqRQIQ","","2021-05-19T12:12:23.000Z","2023-09-11T02:30:00.000Z","LA-675137"
"0015A0ZNRijW3VzQOK","Clapyth Robotics","https://www.clapyth.example","512.555.0134","85366 Joyce Avenue","Gibbsshire","ND","58557","United States","Finance","304","0055A0kaLqDNLyaQIH","","2017-06-14T23:22:26.000Z","2019-05-15T21:10:58.000Z","LA-410312"
"0015A0dH1qbPczNQES","Mewouq Materials LLC","https://www.mewouq.example","305.555.0122","32932 Pena Way","Westshire","LA","70187","United States","Engineering","46","0055A0WTUKgiexlQ4A","","2019-03-24T13:40:12.000Z","2022-11-22T19:33:48.000Z","LA-209901"
"0015A05Ouvy6mMEQEY","Hamaeve Solutions Inc.","https://www.hamaeve.example/about","(813) 555-0193","7324 Berry Boulevard","East Margaretstad","MI","48965","United States","Environmental","754","0055A0tdEKXfWCmQYN","","2017-11-11T11:04:55.000Z","2019-11-01T16:50:53.000Z","LA-648895"
"0015A08fosq6ao4QAA","Kaideve Capital Inc","WWW.KAIDEVE.EXAMPLE","+1 720 555 0181","41681 Brown Drive","Websterton","NC","28756","United States","Utilities","10","0055A0tdEKXfWCmQYN","","2020-11-13T02:55:57.000Z","2023-03-21T18:51:06.000Z","LA-621448"
"0015A03hpS3YMTaQQO","Pyciol Dynamics Inc","http://pyciol.example","(312) 555-0180","04480 Bryant Lane Suite 329","Lake Andreaport","NE","68104","United States","Communications","30","0055A0tdEKXfWCmQYN","","2022-01-23T08:29:32.000Z","2026-05-07T08:48:30.000Z","LA-988512"
"0015A0di6tBoYayQAF","Draifloun Outfitters Ltd.","draifloun.example","702-555-0143","468 Vargas Lane","South Henry","LA","70930","United States","Hospitality","42","0055A0kaLqDNLyaQIH","","2021-05-27T05:46:12.000Z","2025-06-06T17:25:14.000Z","LA-431732"
"0015A0GIkoSwRgHQGV","Bromyve International Inc.","https://www.bromyve.example/about","+1 512 555 0127","54031 Murray Lane","New Kevin","OK","73070","United States","Banking","47","0055A0WTUKgiexlQ4A","","2017-07-05T14:41:50.000Z","2022-07-05T23:39:48.000Z","LA-191523"
"0015A0Igj5NLHK8QCP","Ribraq Manufacturing Ltd.","http://ribraq.example","(503) 555-0112","7182 Ramirez Way","Ericchester","IA","50588","United States","Healthcare","46","0055A0uyQiqdtqRQIQ","","2020-01-06T03:27:20.000Z","2026-07-18T12:49:15.000Z","LA-244197"
"0015A0G5JqEJgw8QKD","Nibryrk Services Corp.","https://www.nibryrk.example","702-555-0187","4233 Garcia Place","Crawfordside","NM","88138","United States","Environmental","41","0055A0tdEKXfWCmQYN","","2022-12-16T14:39:29.000Z","2025-07-22T14:29:20.000Z","LA-881958"
"0015A08XnICD5opQUD","Gryvove Networks","WWW.GRYVOVE.EXAMPLE","702-555-0129","00991 Hogan Ct Ste 842","Vaughnstad","CO","80020","United States","Telecommunications","154","0055A0cR5VB3fAdQUJ","","2022-04-29T23:59:40.000Z","2025-12-10T20:07:27.000Z","LA-107121"
"0015A0Fop4Ze4maQCB","Skiofiq Energy Corp.","skiofiq.example","+1 512 555 0183","210 May Road","Muellertown","WA","98634","United States","Hospitality","5005","0055A0kaLqDNLyaQIH","","2022-09-04T22:54:21.000Z","2026-05-17T21:06:32.000Z","LA-785805"
"0015A0GvVojVcSqQKK","Skeskail Labs LLC","https://www.skeskail.example","305-555-0141","4873 Freeman Drive","Woodport","DE","19729-9131","United States","Retail","85","0055A0cR5VB3fAdQUJ","","2020-07-04T22:03:24.000Z","2020-07-20T21:06:26.000Z","LA-610709"
"0015A0HnIWzJf1dQ0C","Weteve Robotics Ltd.","http://weteve.example","813-555-0105","93011 Rocha Place","North Leahton","ME","04416","United States","Other","152","0055A0WTUKgiexlQ4A","","2024-05-10T16:55:41.000Z","2026-03-22T03:05:09.000Z","LA-500990"
"0015A0pvpf5N2GmQAK","Vaikou Supply","vaikou.example","(904) 555-0174","43220 Harper Street","Port Andrew","SC","29374","United States","Healthcare","7","0055A04zdljoQKaQAM","","2021-04-29T11:02:22.000Z","2023-02-19T05:00:02.000Z","LA-584274"
"0015A08r9MvYyaHQQS","Coumeth Robotics Inc.","coumeth.example","(312) 555-0126","413 Johnson Avenue","Bennettfurt","MH","96963","United States","Machinery","17","0055A0kaLqDNLyaQIH","","2024-10-14T10:16:25.000Z","2024-11-24T14:03:37.000Z","LA-744008"
"0015A0wXNsp0HJsQMM","Tacluq Freight Co.","www.tacluq.example","904.555.0157","3032 Price Street","Reyesborough","MI","49415","United States","Environmental","5003","0055A04zdljoQKaQAM","","2017-05-03T19:12:56.000Z","2019-11-27T07:42:27.000Z","LA-989361"
"0015A0FbQOwi1HqQ0I","Rusoun Materials Corporation","www.rusoun.example","1-972-555-0159","7166 King Pl","West Colleen","LA","70143","United States","Chemicals","48","0055A0kaLqDNLyaQIH","","2019-06-21T01:30:54.000Z","2023-10-10T11:51:50.000Z","LA-185110"
"0015A0Dk80otkVJQCY","Praicound Works Corp.","","(305) 555-0111","92594 Duffy Lane","Vincenthaven","ID","83632","United States","Construction","156","0055A0WTUKgiexlQ4A","","2018-04-05T11:43:59.000Z","2021-07-05T16:53:23.000Z","LA-214012"
"0015A0BWJuAzIoqQOF","Triogive Supply Inc.","https://triogive.example/","1-305-555-0173","3518 Perry Parkway Suite 697","New Susantown","HI","96888","United States","Agriculture","158","0055A0WTUKgiexlQ4A","","2023-03-30T15:25:40.000Z","2025-02-24T21:35:17.000Z","LA-711310"
"0015A0HNhbziAzxQGE","Zubrys Outfitters Inc","https://zubrys.example/","904-555-0138","8070 Bentley Parkway","South Susanburgh","TN","37405","United States","Manufacturing","154","0055A0uyQiqdtqRQIQ","","2018-09-11T20:18:08.000Z","2022-04-15T02:28:58.000Z","LA-949792"
"0015A0CfWWAeBF8Q0N","Quamiom Health Corp.","www.quamiom.example","","41705 Perez Pl","East Jacqueline","RI","02838-9966","United States","Government","83","0055A0tdEKXfWCmQYN","","2017-02-09T02:01:43.000Z","2020-10-11T08:02:36.000Z","LA-755960"
"0015A052iIxZPUTQQ4","Grudrul Partners","","1-206-555-0180","6349 Fuentes Place","New Cynthia","SC","29861","United States","Banking","1206","0055A0tdEKXfWCmQYN","","2022-10-05T21:06:17.000Z","2025-12-08T07:55:37.000Z","LA-660521"
"0015A0UIDCqmWGYQ42","Skastax Industries Inc.","https://www.skastax.example","1-212-555-0191","075 Mcpherson Parkway","Aimeeborough","FM","96943","United States","Transportation","13","0055A0uyQiqdtqRQIQ","","2020-11-15T11:18:44.000Z","2021-06-01T14:27:37.000Z","LA-493027"
"0015A0SVJuETzUOQO1","Jouvaex Outfitters Corp.","","+1 617 555 0186","3620 Patterson Court Suite 784","Rhondaside","TN","37206","United States","Construction","757","0055A0uyQiqdtqRQIQ","","2021-07-16T21:42:42.000Z","2023-08-01T17:49:24.000Z","LA-290264"
"0015A0I8kALvoWXQSZ","Groujaim Health Co.","groujaim.example","1-702-555-0135","32032 Smith Lane Suite 426","Lake Lori","GA","31362","United States","Finance","759","0055A04zdljoQKaQAM","","2021-11-22T21:52:49.000Z","2024-06-04T00:37:14.000Z","LA-224421"
"0015A0nY5wEARFjQEP","Gionain Health Co.","WWW.GIONAIN.EXAMPLE","1-972-555-0116","","Smithchester","MD","20945-8270","United States","Shipping","307","0055A0uyQiqdtqRQIQ","","2024-01-13T12:40:37.000Z","2024-02-21T03:45:56.000Z","LA-367643"
"0015A00fmik7wBsQAI","Flaisiq Capital LLC","https://flaisiq.example/","1-503-555-0195","24813 Carpenter Way","Leeview","VA","22549","United States","Technology","756","0055A0tdEKXfWCmQYN","","2023-10-17T01:21:21.000Z","2025-05-18T05:41:11.000Z","LA-750818"
"0015A0j9NoRCjOnQIL","Mufae Robotics Co.","https://www.mufae.example","904.555.0134","726 Miles Court","Kimberlyview","OR","97838","United States","Government","755","0055A0uyQiqdtqRQIQ","","2020-11-24T07:23:57.000Z","2022-01-11T21:49:25.000Z","LA-560127"
"0015A0qPUv2LRUGQM4","Colouth Freight Corp.","https://www.colouth.example/about","503-555-0192","02667 Dawson Drive","East Rebecca","TX","79889","United States","Finance","1207","0055A04zdljoQKaQAM","","2022-10-29T01:59:23.000Z","2025-12-22T09:41:23.000Z","LA-621793"
"0015A0LHSK0RPkBQ4W","Rourun Energy Ltd.","WWW.ROURUN.EXAMPLE","+1 972 555 0177","0592 Brown Way Suite 719","Alexandriaburgh","CA","91900","United States","Engineering","80","0055A0uyQiqdtqRQIQ","","2017-06-26T09:41:58.000Z","2025-05-25T12:15:52.000Z","LA-388026"
"0015A06VVPN0OA5Q2N","Tuno Logistics Corp.","http://tuno.example","(312) 555-0174","99654 Silva Lane","Johnsontown","OK","73120","United States","Media","83","0055A0cR5VB3fAdQUJ","","2023-11-20T10:00:02.000Z","2025-07-05T03:22:50.000Z","LA-179471"
"0015A0xUXDv8tHmQ2I","Hioskael Works Corp.","","305-555-0136","9153 Gibson Lane","Lake Christopherville","AZ","85894","United States","Environmental","5006","0055A0tdEKXfWCmQYN","","2023-10-22T08:39:58.000Z","2025-06-17T14:24:08.000Z","LA-385091"
"0015A0bFQlGzFNGQM3","Lumave Foods LLC","","1-813-555-0117","219 Young Parkway Suite 250","East Robertfurt","SD","57662","United States","Banking","7","0055A0uyQiqdtqRQIQ","","2025-01-24T10:48:10.000Z","2025-04-25T10:11:28.000Z","LA-449636"
"0015A0SKonirseAQGQ","Fliomai Manufacturing Corp.","https://fliomai.example/","1-617-555-0162","203 Wright Boulevard","Adrianhaven","MT","59360","United States","Electronics","1207","0055A0WTUKgiexlQ4A","","2019-12-19T06:26:04.000Z","2022-10-29T16:41:24.000Z","LA-612695"
"0015A0MdZkURFtLQKX","Ruskaeq Materials Co.","https://www.ruskaeq.example","(512) 555-0151","730 Smith Boulevard Suite 474","Osbornborough","PW","96940-3889","United States","Transportation","27","0055A0kaLqDNLyaQIH","","2020-07-04T04:00:24.000Z","2024-04-22T10:49:00.000Z","LA-482074"
"0015A0NFRXWbGnsQ4F","Skyskaes Health Co.","https://skyskaes.example/","813.555.0168","5235 Jenkins Boulevard","New Marialand","IA","50311","United States","Other","758","0055A0uyQiqdtqRQIQ","","2021-07-28T06:55:42.000Z","2025-01-07T10:21:17.000Z","LA-547136"
"0015A0K10jtoKxxQCE","Pygraive Services Corp.","pygraive.example","404.555.0172","664 Johnson Road Suite 635","North Stacyfort","AL","35888","United States","Chemicals","9","0055A0tdEKXfWCmQYN","","2025-02-10T10:19:58.000Z","2025-06-11T08:35:31.000Z","LA-835437"
"0015A0ZJLy7h6LUQOY","Bouwol Dynamics Inc.","https://bouwol.example/","312-555-0134","79543 Gutierrez Way","North Ericberg","WV","25373","United States","Other","89","0055A0kaLqDNLyaQIH","","2020-06-28T12:35:42.000Z","2021-09-21T14:29:46.000Z","LA-864938"
"0015A0D2iiPMgVvQCL","Zytrion Industries","https://zytrion.example/","404-555-0147","46860 Campbell Street","Cobbtown","HI","96845","United States","Recreation","87","0055A0kaLqDNLyaQIH","","2017-05-29T09:40:06.000Z","2023-06-30T00:30:55.000Z","LA-676862"
"0015A0NtG1lWEBlQKO","Kestaer Manufacturing LLC","http://kestaer.example","720-555-0189","2453 Armstrong Avenue","Jonesland","TN","38409","United States","Environmental","17","0055A0cR5VB3fAdQUJ","","2024-01-06T17:12:29.000Z","2024-07-24T21:02:58.000Z","LA-933181"
"0015A0M8Lw5A6VEQK0","Nioprend Outfitters Inc.","www.nioprend.example","","4813 Cain Place Suite 909","Rogerschester","NH","03571","United States","Machinery","1200","0055A0uyQiqdtqRQIQ","","2020-10-22T13:50:00.000Z","2023-06-26T05:31:51.000Z","LA-674099"
"0015A0Oc35d8y7JQCQ","Haidraer Supply","","+1 617 555 0122","10193 Clark Court","Port Cheryl","KY","41071","United States","Biotechnology","14","0055A0kaLqDNLyaQIH","","2020-06-18T15:58:52.000Z","2021-12-10T03:05:19.000Z","LA-973553"
"0015A0PbzaJBLdPQCX","Lolyx Systems LLC","WWW.LOLYX.EXAMPLE","","098 Brown Lane Suite 447","Kevinfurt","OR","97133","United States","Retail","307","0055A04zdljoQKaQAM","","2019-06-09T19:23:21.000Z","2025-04-04T08:57:26.000Z","LA-108624"
"0015A0c4DnNwo8ZQIR","Trazix Energy Ltd.","https://www.trazix.example","+1 813 555 0111","5378 Stanton Blvd","East Brettchester","MO","63281","United States","Education","32","0055A0kaLqDNLyaQIH","","2020-08-23T18:36:20.000Z","2023-06-23T10:14:40.000Z","LA-813010"
"0015A0WUX4rRnjGQOS","Paeziork Labs Ltd.","https://www.paeziork.example","(206) 555-0114","59616 Patrick Way","New Erictown","DE","19833","United States","Utilities","1206","0055A0kaLqDNLyaQIH","","2019-05-03T07:16:22.000Z","2020-06-12T09:52:54.000Z","LA-774175"
"0015A0NXhvKQ5DdQGL","Clioquen Robotics Inc.","http://clioquen.example","(206) 555-0131","03869 Conley Place","West Keithmouth","HI","96823","United States","Education","85","0055A0tdEKXfWCmQYN","","2018-08-28T03:57:27.000Z","2025-05-13T08:46:07.000Z","LA-565747"
"0015A0NkSEDNlflQ0D","Luraes Systems Inc","www.luraes.example","","37086 Patterson Rd","Stephenville","WY","82516","United States","Healthcare","26","0055A0cR5VB3fAdQUJ","","2023-03-06T01:54:23.000Z","2024-02-14T04:56:07.000Z","LA-860297"
"0015A0caqT0fIaDQQU","Waelo Labs Co.","waelo.example","720.555.0122","454 Foster Blvd","Delacruzshire","DE","19874","United States","Engineering","1202","0055A04zdljoQKaQAM","","2019-08-10T02:31:02.000Z","2019-11-10T03:47:09.000Z","LA-604334"
"0015A0Fhl1WWmSjQCL","Drujeq Dynamics Corp.","https://www.drujeq.example","1-404-555-0130","09279 Moreno Rd Ste 651","Jacquelinestad","VA","22468","United States","Government","19","0055A0WTUKgiexlQ4A","","2022-03-21T00:13:34.000Z","2022-09-26T18:44:16.000Z","LA-140679"
"0015A02ob8qGjSLQA0","Grokind Holdings LLC","https://grokind.example/","206.555.0183","226 Moss Street","Lake Natalieburgh","OK","73029","United States","Recreation","754","0055A0uyQiqdtqRQIQ","","2017-06-24T18:38:33.000Z","2025-02-09T00:42:36.000Z","LA-248139"
"0015A0dqRfwtMt3QIE","Pruquy Systems LLC","http://pruquy.example","+1 972 555 0153","3753 Sharp Ave","North Davidville","FM","96941-7602","United States","Finance","81","0055A04zdljoQKaQAM","","2018-05-20T14:59:34.000Z","2025-11-21T12:30:42.000Z","LA-113442"
"0015A0ghV9Nbc57QIB","Tioquix Energy Inc","https://www.tioquix.example","","34119 Nichols Pl","Lisaport","DE","19953","United States","Utilities","1202","0055A04zdljoQKaQAM","","2023-07-30T14:10:57.000Z","2024-06-05T05:01:53.000Z","LA-120203"
"0015A0kRUbThJ15QMF","Bropraerk Dynamics Inc.","","(212) 555-0124","784 Chen Drive Suite 364","West Crystalton","OK","73118","United States","Construction","755","0055A0WTUKgiexlQ4A","","2020-08-13T07:56:14.000Z","2021-06-02T05:50:00.000Z","LA-848314"
"0015A0M33dJca9GQCR","Stydraem Works Inc.","","+1 404 555 0170","131 Johnson Way","Vaughnmouth","WY","82218","United States","Biotechnology","155","0055A0cR5VB3fAdQUJ","","2019-08-24T05:29:49.000Z","2021-10-23T04:45:59.000Z","LA-746506"
"0015A0uqbrlUs1vQAC","Hatir Holdings Corp.","https://hatir.example/","+1 305 555 0188","0420 Good Place","New Kenneth","MN","56037","United States","Other","751","0055A0cR5VB3fAdQUJ","","2019-04-15T18:41:41.000Z","2026-08-06T15:17:18.000Z","LA-299017"
"0015A0YZPScoszYQ4Q","Faifioth Partners","","+1 512 555 0112","4530 Brown Ave","Castrochester","WV","25807","United States","Recreation","304","0055A0uyQiqdtqRQIQ","","2021-03-06T10:40:20.000Z","2024-03-08T12:37:56.000Z","LA-863087"
"0015A0HbGOG97npQ0B","Bomyve Works","WWW.BOMYVE.EXAMPLE","(404) 555-0162","31592 Bond Place Suite 923","West David","DE","19808-8971","United States","Shipping","301","0055A0kaLqDNLyaQIH","","2019-06-26T19:57:41.000Z","2022-01-03T11:26:19.000Z","LA-437738"
"0015A0hHuwOXBdZQEX","Fodru Outfitters LLC","https://www.fodru.example/about","212.555.0131","8039 Zavala Drive","Cookside","GA","30661","United States","Entertainment","43","0055A0uyQiqdtqRQIQ","","2025-03-26T17:04:07.000Z","2026-02-20T12:18:07.000Z","LA-854008"
"0015A0V97Ipc4CgQSI","Fudrioq Outfitters Inc.","","+1 617 555 0126","0729 Olsen Place Suite 982","Kimberlyshire","GA","31401","United States","Electronics","6","0055A0cR5VB3fAdQUJ","","2024-06-03T06:08:08.000Z","2026-02-11T19:23:21.000Z","LA-896975"
"0015A0vs2wsaE9xQAE","Brodan Technologies LLC","","1-503-555-0167","154 Stone Boulevard","Port Danielle","FL","32559","United States","Chemicals","43","0055A04zdljoQKaQAM","","2019-09-23T05:39:26.000Z","2024-10-01T18:24:28.000Z","LA-645607"
"0015A0FSzVoR200QWC","Stibio Analytics","https://www.stibioanalytics.example/about","1-404-555-0115","01937 Hill Boulevard","Lake Samuel","PW","96940","United States","Technology","754","0055A0tdEKXfWCmQYN","","2018-09-30T12:09:58.000Z","2025-04-02T16:25:43.000Z","LA-601245"
"0015A0HANQpTU4vQ4G","Quevil Analytics Inc","quevil.example","904.555.0142","37569 Fuller Pl","Timville","PW","96940","United States","Utilities","153","0055A0cR5VB3fAdQUJ","","2025-03-23T01:41:49.000Z","2026-04-11T05:46:18.000Z","LA-119323"
"0015A0klQP7QHLRQY4","Titreth Holdings Corp.","http://titreth.example","(702) 555-0146","473 Sutton Way Suite 296","Lake Christopher","AL","36006","United States","Hospitality","15","0055A0uyQiqdtqRQIQ","","2022-03-12T11:39:38.000Z","2022-06-23T10:25:04.000Z","LA-669558"
"0015A08zl9dDXC8QAO","Traipru Supply Inc.","www.traiprusupply.example","415.555.0105","26780 Gonzalez Drive Suite 533","Snyderstad","WA","98441","United States","Technology","753","0055A0cR5VB3fAdQUJ","","2023-05-13T22:40:16.000Z","2024-11-09T10:15:59.000Z","LA-404616"
"0015A0yo5kQilerQAB","Haiclux Technologies Inc","WWW.HAICLUX.EXAMPLE","312.555.0191","80528 Carson Boulevard Suite 766","Patelstad","FM","96941","United States","Transportation","19","0055A0kaLqDNLyaQIH","","2020-05-15T17:51:20.000Z","2025-12-18T06:00:01.000Z","LA-536648"
"0015A0q3RnFXPntQIH","Jouhaerk Manufacturing Co.","www.jouhaerk.example","1-404-555-0149","5152 Christensen Dr","West Derekborough","WY","82364","United States","Food & Beverage","12","0055A0tdEKXfWCmQYN","","2018-08-23T13:53:27.000Z","2021-08-17T14:56:54.000Z","LA-671257"
"0015A0AvIZnr9EeQ0I","Graiwom Partners","https://www.graiwom.example/about","720.555.0154","547 Harris Way","Annshire","FM","96943","United States","Hospitality","28","0055A0kaLqDNLyaQIH","","2017-12-20T08:07:09.000Z","2023-12-18T00:43:13.000Z","LA-132058"
"0015A0YsOrPRprYQKT","Saibrive Systems LLC","WWW.SAIBRIVESYSTEMS.EXAMPLE","(813) 555-0181","1108 Duarte Court","South Jessicaton","WA","98277","United States","Insurance","755","0055A0uyQiqdtqRQIQ","","2020-06-30T12:36:50.000Z","2025-08-23T17:41:15.000Z","LA-972257"
"0015A0XBRZCJElHQ4X","Stuflix Partners Corporation","https://stuflix.example/","+1 720 555 0154","86854 Rhodes Pkwy","Shaffermouth","MD","21368","United States","Telecommunications","10","0055A0uyQiqdtqRQIQ","","2017-02-11T07:45:31.000Z","2017-09-07T04:53:37.000Z","LA-943570"
"0015A0niCQmuv7LQYQ","Giozath Robotics LLC","https://www.giozath.example","+1 904 555 0106","2355 Kelly Way Suite 916","Lake Michaelville","MT","59137","United States","Education","758","0055A0WTUKgiexlQ4A","","2019-05-05T23:09:53.000Z","2022-01-24T04:02:37.000Z","LA-561911"
"0015A0lkF1dE5BnQIK","Houlin Materials Corp.","https://www.houlin.example","+1 720 555 0195","77441 Gomez Dr","New Calebton","FL","33598","United States","Engineering","5003","0055A0WTUKgiexlQ4A","","2018-12-11T08:59:12.000Z","2020-09-09T10:26:43.000Z","LA-738939"
"0015A0QeJvG8NuyQKF","Lodre Holdings LLC","http://lodre.example","312.555.0199","69710 Torres Avenue","North Maurice","ND","58790","United States","Transportation","29","0055A0tdEKXfWCmQYN","","2020-10-29T12:23:43.000Z","2024-02-24T19:48:54.000Z","LA-571987"
"0015A0w3qKlHnnmQQC","Zozaes Logistics Corporation","https://www.zozaes.example","","95321 Reed Drive Suite 934","Lake Lisamouth","HI","96775","United States","Education","42","0055A0cR5VB3fAdQUJ","","2019-06-06T01:02:29.000Z","2023-04-06T02:04:28.000Z","LA-965832"
"0015A0rsdPVXZccQQH","Skoujour Works LLC","www.skoujour.example","617.555.0177","8573 Vargas Way","New Craigbury","MD","21722","United States","Media","80","0055A04zdljoQKaQAM","","2022-04-25T21:09:11.000Z","2026-03-26T13:49:53.000Z","LA-154735"
"0015A0dnRAFJUQJQY5","Draeflaex Outfitters LLC","http://draeflaex.example","617-555-0120","954 Adams Court Suite 426","Port Jamesport","OH","43438-5772","United States","Biotechnology","304","0055A04zdljoQKaQAM","","2017-10-28T21:23:05.000Z","2019-07-12T17:18:41.000Z","LA-197228"
"0015A0T0onsFs25QCC","Praisark Industries Inc","https://www.praisark.example","(702) 555-0125","85767 Garner Way","West Alexander","CO","81041","United States","Telecommunications","750","0055A0kaLqDNLyaQIH","","2018-03-12T20:47:53.000Z","2025-01-31T13:30:15.000Z","LA-638237"
"0015A0yPDjIlIPXQM3","Kaistous Laboratories Ltd.","https://www.kaistous.example/about","206-555-0182","859 Carter Blvd","Amberberg","IN","47977","United States","Biotechnology","30","0055A0uyQiqdtqRQIQ","","2019-09-26T03:53:25.000Z","2020-03-24T11:20:16.000Z","LA-759304"
"0015A0kQTFKDWfAQ2X","Houmur Industries Corp.","www.houmur.example","212-555-0181","640 Scott Blvd","North Judith","IA","50558","United States","Telecommunications","1200","0055A0uyQiqdtqRQIQ","","2019-10-29T23:33:18.000Z","2022-05-07T00:13:21.000Z","LA-627142"
"0015A0v5JeRUmY7QIL","Clodior Networks Co.","https://www.clodior.example","813-555-0175","734 Hughes Place Suite 261","West Jeanport","MH","96967","United States","Hospitality","5007","0055A04zdljoQKaQAM","","2018-04-16T12:46:31.000Z","2023-01-15T13:45:24.000Z","LA-680567"
"0015A0G17A4UqntQSC","Brylyve Dynamics Co.","http://brylyve.example","1-972-555-0176","5441 Fields St","Wilsonside","PW","96940","United States","Construction","31","0055A0cR5VB3fAdQUJ","","2023-05-28T05:28:35.000Z","2023-10-05T03:42:08.000Z","LA-209340"
"0015A0UCyZN5VaTQWV","Trozan Systems","https://www.trozan.example/about","305.555.0138","1611 Short Boulevard","Rodriguezberg","IN","46534-9123","United States","Recreation","5006","0055A0tdEKXfWCmQYN","","2025-03-03T07:10:46.000Z","2026-07-28T20:21:25.000Z","LA-742238"
"0015A0cRToqwEMuQMM","Brikond Supply","","1-312-555-0124","20000 Gray Drive","East Richardside","ID","83686-3173","United States","Agriculture","5002","0055A0cR5VB3fAdQUJ","","2024-12-08T22:17:46.000Z","2026-06-20T12:41:24.000Z","LA-910069"
"0015A0VLonmS9YYQG0","Graidraer Manufacturing Inc.","https://www.graidraer.example","415.555.0189","33612 James Pl","New Megan","NJ","08925","United States","Food & Beverage","5007","0055A0uyQiqdtqRQIQ","","2021-08-26T20:38:01.000Z","2024-10-27T00:32:49.000Z","LA-269041"
"0015A0ETp8oO2x7QGC","Jyrirk Holdings","jyrirk.example","+1 415 555 0168","05823 Ball Road Suite 345","East Diane","OH","45555","United States","Banking","40","0055A0kaLqDNLyaQIH","","2020-12-15T14:13:56.000Z","2021-05-16T05:05:12.000Z","LA-753162"
"0015A0upKE1qkOZQYY","Flirith Partners Corp.","","(312) 555-0128","5553 Sanders Place","Wesleyland","MS","38774","United States","Apparel","20","0055A04zdljoQKaQAM","","2023-07-09T19:28:03.000Z","2023-11-23T11:51:08.000Z","LA-605043"
"0015A0AMYKd1n9UQ4Q","Login Holdings Corporation","www.login.example","1-702-555-0153","6871 Koch Dr","South Kaylee","MA","02103","United States","Media","17","0055A0cR5VB3fAdQUJ","","2020-02-23T16:13:33.000Z","2023-10-19T12:31:05.000Z","LA-647390"
"0015A0Ov1noOuNjQCK","Saisaer Logistics Inc.","https://www.saisaer.example","(212) 555-0144","04185 Hernandez Street Suite 627","Jennamouth","FL","34156","United States","Government","1204","0055A0kaLqDNLyaQIH","","2017-09-09T10:33:24.000Z","2025-04-13T12:11:07.000Z","LA-911264"
"0015A0y0X5ovFDIQI2","Gaidrur Analytics Ltd.","https://www.gaidrur.example","(904) 555-0146","596 Parrish Drive Suite 841","South Elizabethfort","WI","53131","United States","Electronics","29","0055A0tdEKXfWCmQYN","","2024-06-19T22:45:44.000Z","2025-01-27T14:43:15.000Z","LA-676891"
"0015A0gIU1NsFKdQMN","Quysen Capital Inc","https://www.quysencapital.example","+1 312 555 0189","8826 Mckinney Pl","South Danielberg","WY","82468","United States","Not For Profit","28","0055A0kaLqDNLyaQIH","","2023-06-07T01:09:48.000Z","2024-03-17T22:44:58.000Z","LA-344046"
"0015A0SxZWaRY2RQ0W","Griomaeq Manufacturing Corp.","https://www.griomaeq.example","1-512-555-0105","6875 Young Road","North Benjaminberg","NM","88058","United States","Agriculture","152","0055A0uyQiqdtqRQIQ","","2023-04-02T20:29:26.000Z","2025-04-19T07:49:34.000Z","LA-232078"
"0015A0pUxOsROhdQUG","Naicond Capital","www.naicond.example","+1 617 555 0177","46569 Perry Street Suite 449","Jenniferport","KS","67376-6978","United States","Biotechnology","5009","0055A0kaLqDNLyaQIH","","2023-05-03T16:38:01.000Z","2023-06-20T14:00:39.000Z","LA-287241"
"0015A0ewW02mrRYQIY","Mistae International Inc.","mistae.example","813-555-0188","89096 Smith Boulevard Suite 221","West Arielbury","WY","82273","United States","Environmental","153","0055A0kaLqDNLyaQIH","","2022-05-11T11:25:26.000Z","2024-07-15T05:56:18.000Z","LA-489129"
"0015A0K5zv3NmZ5QCK","Pradreth Labs Corp.","","312-555-0106","233 King Road","Rebekahburgh","KY","41394","United States","Energy","41","0055A0WTUKgiexlQ4A","","2022-09-24T04:11:42.000Z","2025-08-06T11:45:42.000Z","LA-794889"
"0015A0NyZib4uRKQKY","Vaifouq Manufacturing LLC","https://www.vaifouq.example/about","1-972-555-0137","936 Trujillo Road","Lake Veronica","PA","18794","United States","Manufacturing","5004","0055A0cR5VB3fAdQUJ","","2025-01-02T04:23:14.000Z","2026-04-09T14:54:52.000Z","LA-959704"
"0015A0sSdMV7yqzQUB","Clytum Materials Corporation","https://www.clytum.example","","894 Massey Avenue","Port Nancyhaven","SD","57553","United States","Apparel","40","0055A0kaLqDNLyaQIH","","2023-06-27T12:51:29.000Z","2024-03-22T16:38:59.000Z","LA-767437"
"0015A0OsUDgKtTwQ0K","Fliotroun Robotics Corporation","fliotroun.example","305.555.0171","690 Simon Road","Christopherfort","OR","97440","United States","Food & Beverage","6","0055A0tdEKXfWCmQYN","","2025-05-21T18:17:27.000Z","2026-06-11T13:56:44.000Z","LA-200367"
"0015A0csF6zaXRzQIM","Byku Freight Co.","www.byku.example","312.555.0154","680 Taylor Road","Sawyerside","TN","37346","United States","Retail","156","0055A0kaLqDNLyaQIH","","2020-02-04T14:02:09.000Z","2026-02-26T18:40:47.000Z","LA-245978"
"0015A0DdhODrvCXQSZ","Zastox Networks","http://zastox.example","1-512-555-0145","840 Brown Place","Donaldberg","AK","99689","United States","Food & Beverage","49","0055A04zdljoQKaQAM","","2021-09-29T05:35:44.000Z","2022-01-02T00:04:27.000Z","LA-532657"
"0015A0zsh66hGK2QAM","Skougrir Energy Inc","WWW.SKOUGRIR.EXAMPLE","1-404-555-0113","322 Andrews Place","West Dale","WI","54775","United States","Media","14","0055A0WTUKgiexlQ4A","","2018-06-21T03:40:41.000Z","2024-08-31T23:13:39.000Z","LA-436780"
"0015A0wiD9dTq9BQIS","Ruterk Foods LLC","ruterk.example","1-503-555-0166","3944 Lee Avenue","Calvinton","WA","98511","United States","Insurance","21","0055A0cR5VB3fAdQUJ","","2022-04-19T16:16:48.000Z","2025-01-08T08:18:24.000Z","LA-584530"
"0015A0A5A6TpD2yQKF","Flastyth Partners LLC","","404-555-0109","902 Huber Drive","Rodriguezland","DE","19850","United States","Biotechnology","17","0055A0WTUKgiexlQ4A","","2025-05-21T23:34:11.000Z","2026-05-03T17:20:21.000Z","LA-721424"
"0015A0cir8gKyZJQA0","Trusaiq Industries Corporation","https://www.trusaiq.example/about","512-555-0118","268 Barnes Avenue","Garyfurt","OK","73185","United States","Food & Beverage","14","0055A0kaLqDNLyaQIH","","2021-06-25T17:44:59.000Z","2024-03-17T13:42:56.000Z","LA-299758"
"0015A0cb9YTJlUDQQ1","Quaflyq Supply Co.","https://www.quaflyq.example","206.555.0100","7264 Gomez Lane","South Meagan","UT","84739","United States","Healthcare","13","0055A0uyQiqdtqRQIQ","","2022-03-29T13:46:26.000Z","2025-08-15T02:17:36.000Z","LA-411961"
"0015A0Js44pDz45QCC","Traisty Solutions Corporation","","(503) 555-0113","45492 Rodriguez Rd","East Jamesfurt","KS","67270","United States","Construction","753","0055A04zdljoQKaQAM","","2021-09-27T14:13:14.000Z","2024-11-04T20:12:40.000Z","LA-674595"
"0015A0eQxXA3JORQU3","Dolirk Supply Inc","https://dolirk.example/","305-555-0117","8059 Jackson Drive Suite 430","Monicaberg","WA","99248","United States","Machinery","33","0055A0WTUKgiexlQ4A","","2024-09-29T00:27:40.000Z","2025-02-05T02:20:07.000Z","LA-568681"
"0015A0DLOYhGg9RQ4S","Claicael Industries Co.","https://www.claicael.example/about","503-555-0177","1239 Benton Way","Johnborough","MD","21126","United States","Utilities","88","0055A04zdljoQKaQAM","","2018-10-30T00:12:46.000Z","2024-02-15T13:57:46.000Z","LA-990110"
"0015A0T2cUnF9XRQS0","Laejove Analytics","https://laejove.example/","+1 206 555 0153","2787 Lindsey Drive Suite 571","Moralesfurt","NM","88392","United States","Technology","25","0055A0tdEKXfWCmQYN","","2020-07-16T03:25:17.000Z","2021-11-21T16:00:54.000Z","LA-697742"
"0015A005W51mkZ9QII","Flugerk Industries Co.","","1-206-555-0167","683 Webb Drive Suite 150","Garyburgh","DE","19969","United States","Recreation","301","0055A0kaLqDNLyaQIH","","2020-08-11T12:42:26.000Z","2023-01-03T08:02:17.000Z","LA-997880"
"0015A0tbY1Qc4foQIB","Prailend Supply Inc","https://prailend.example/","+1 617 555 0178","457 Byrd Avenue Suite 483","Port Lindabury","AR","71717","United States","Biotechnology","18","0055A0kaLqDNLyaQIH","","2022-08-11T11:05:50.000Z","2026-03-17T21:01:54.000Z","LA-587743"
"0015A02NXXFwu1RQ2R","Doubraeq Analytics Corp.","https://doubraeq.example/","1-404-555-0178","82246 Cunningham Boulevard Suite 458","West Derrick","FL","33024","United States","Energy","45","0055A0kaLqDNLyaQIH","","2019-01-16T16:00:47.000Z","2019-08-17T11:44:50.000Z","LA-927467"
"0015A0br8eSswbSQAR","Jotrurk Manufacturing Inc","jotrurk.example","904-555-0139","315 Henson Lane","Reevesland","TN","38577","United States","Engineering","304","0055A0kaLqDNLyaQIH","","2018-04-23T11:40:54.000Z","2021-08-20T03:17:11.000Z","LA-335433"
"0015A0BekLwOwQsQSK","Pagrax Capital","pagrax.example","1-404-555-0158","423 Cruz Ct Ste 983","West Barbara","KY","42182-9697","United States","Communications","5009","0055A0cR5VB3fAdQUJ","","2019-11-22T07:29:00.000Z","2022-07-01T21:19:52.000Z","LA-667273"
"0015A0hctjzeHbZQAU","Tecloth Solutions Co.","tecloth.example","1-305-555-0169","9620 Kelley Blvd","Robinsonstad","MS","39546","United States","Other","47","0055A04zdljoQKaQAM","","2025-03-14T11:12:36.000Z","2025-07-08T17:57:23.000Z","LA-571555"
"0015A0dByOXlDzTQUV","Jiocum Networks LLC","jiocum.example","","202 Chavez Way","East Sean","NE","68109","United States","Energy","49","0055A0tdEKXfWCmQYN","","2025-03-12T18:40:16.000Z","2025-05-15T22:40:49.000Z","LA-793455"
"0015A0c9H8BME9RQIX","Rioroun Systems Ltd.","rioroun.example","972.555.0140","380 Bell Avenue","Lake Jasonberg","VT","05043","United States","Electronics","156","0055A0WTUKgiexlQ4A","","2020-05-26T11:44:28.000Z","2020-07-15T21:47:31.000Z","LA-290609"
"0015A0HUv9IVpaDQGT","Trouproul Logistics Inc.","https://www.trouproul.example/about","","3192 Chen Road","Mosshaven","HI","96780","United States","Construction","82","0055A0tdEKXfWCmQYN","","2022-04-18T14:31:13.000Z","2024-11-27T02:58:00.000Z","LA-182044"
"0015A0TbWCDXqIHQ01","Daikaeth Systems Inc.","https://www.daikaethsystems.example","1-720-555-0108","29330 Miller Boulevard Suite 884","Port Lindsey","DE","19926","United States","Shipping","82","0055A0kaLqDNLyaQIH","","2022-09-23T12:58:59.000Z","2026-01-19T11:35:31.000Z","LA-875305"
"0015A0HUWiFSiPNQO1","Mutork Logistics Co.","","1-404-555-0152","6521 White Drive","Johnchester","NE","68029","United States","Electronics","47","0055A0kaLqDNLyaQIH","","2021-05-13T23:58:38.000Z","2024-05-03T03:17:25.000Z","LA-182956"
"0015A0pMduOYB5UQEX","Clycle Dynamics Inc","WWW.CLYCLE.EXAMPLE","972-555-0169","64760 Rodriguez Avenue","Murphyport","NM","88154","United States","Banking","750","0055A04zdljoQKaQAM","","2023-05-19T06:37:30.000Z","2024-10-07T06:23:37.000Z","LA-164254"
"0015A0Evh13YYeBQCW","Bradaix International Corp.","www.bradaix.example","720-555-0192","266 Brown Way","Kennethland","NJ","08895","United States","Biotechnology","13","0055A0kaLqDNLyaQIH","","2025-03-03T17:11:56.000Z","2025-04-17T17:20:48.000Z","LA-599937"
"0015A0A9MH9SMFvQ0O","Vesax Freight Corporation","www.vesax.example","(415) 555-0111","61913 Lynch Parkway Suite 759","West Pam","CO","81434","United States","Recreation","1207","0055A0kaLqDNLyaQIH","","2018-04-08T23:00:04.000Z","2019-02-05T07:45:02.000Z","LA-851759"
"0015A0H9hXTZTNCQS5","Stuwux Energy Co.","WWW.STUWUX.EXAMPLE","206.555.0186","397 Moore Parkway","Obrienland","AZ","85459","United States","Insurance","5","0055A0cR5VB3fAdQUJ","","2022-01-23T19:59:22.000Z","2024-03-22T15:08:17.000Z","LA-240330"
"0015A0N9TdTRYevQKH","Brujil Partners Inc","www.brujil.example","972-555-0162","660 Baker Way","Patrickton","FM","96941","United States","Finance","5002","0055A0tdEKXfWCmQYN","","2022-03-16T10:09:06.000Z","2026-03-26T08:59:19.000Z","LA-672363"
"0015A0gFxUy8JSlQUM","Vaprae Systems Ltd.","https://www.vaprae.example/about","1-720-555-0164","58520 Smith Street","East Kelly","IA","50392-5608","United States","Communications","5003","0055A0WTUKgiexlQ4A","","2022-08-09T15:06:32.000Z","2026-02-16T08:10:13.000Z","LA-572444"
"0015A0kW3z9lyi0QEA","Jaelaq Capital Co.","http://jaelaq.example","1-904-555-0127","3582 Caldwell Parkway Suite 764","Williamsonport","OK","73193","United States","Other","5008","0055A0tdEKXfWCmQYN","","2017-03-23T19:32:50.000Z","2018-06-28T09:06:33.000Z","LA-179155"
"0015A0zJotuMlaxQEC","Broufaind Outfitters Corp.","www.broufaind.example","1-702-555-0164","59316 Hardy Parkway","Judithburgh","VT","05442","United States","Food & Beverage","31","0055A0tdEKXfWCmQYN","","2023-08-08T13:47:28.000Z","2023-10-27T22:13:54.000Z","LA-537175"
"0015A0BOlqqZ03SQGS","Fludrir Supply Co.","www.fludrir.example","904-555-0102","282 Perez Place","Michaelland","NH","03477","United States","Environmental","49","0055A04zdljoQKaQAM","","2017-08-12T11:05:15.000Z","2019-12-01T12:47:04.000Z","LA-685552"
"0015A0gtnddPAdQQAW","Raibex Labs Inc","https://raibex.example/","+1 305 555 0170","439 Hubbard Way","Williamsbury","DC","20022","United States","Communications","304","0055A0uyQiqdtqRQIQ","","2024-05-29T08:41:58.000Z","2024-09-05T08:14:26.000Z","LA-348120"
"0015A00DEfHLwPHQM1","Vainaix Partners LLC","http://vainaix.example","(702) 555-0133","5123 Forbes Road","Carterfurt","NC","27972","United States","Consulting","1203","0055A0WTUKgiexlQ4A","","2020-08-17T04:37:02.000Z","2023-08-16T13:44:14.000Z","LA-437014"
"0015A0HoPLCet1lQ0B","Quyclaex Energy","https://www.quyclaex.example","702-555-0109","6112 Dougherty Dr","New Roberta","PW","96940","United States","Construction","757","0055A0tdEKXfWCmQYN","","2023-06-11T10:00:41.000Z","2026-03-15T14:45:01.000Z","LA-940590"
"0015A0pQIbZE39LQMT","Gezyve Freight Corp.","","(617) 555-0142","781 Lee Road","Lake Phillip","PW","96940","United States","Other","88","0055A0kaLqDNLyaQIH","","2022-10-10T04:58:31.000Z","2025-03-17T17:17:50.000Z","LA-445568"
"0015A0leAHktFIzQYM","Gruster Industries LLC","https://www.gruster.example/about","206-555-0191","3967 Smith Avenue","West Johnathanfurt","AR","72626","United States","Biotechnology","1209","0055A0WTUKgiexlQ4A","","2022-03-16T13:30:19.000Z","2023-07-15T23:09:36.000Z","LA-588582"
"0015A0muV4VCwa9QID","Gecaix Logistics","http://gecaix.example","702.555.0138","7390 Smith Road","Catherineland","ME","04939","United States","Retail","27","0055A0WTUKgiexlQ4A","","2020-01-17T10:32:55.000Z","2023-09-29T05:13:41.000Z","LA-340736"
"0015A0CEQQd8BHZQ42","Pymiom Analytics LLC","https://pymiom.example/","(720) 555-0152","6386 Green Way","Martinezchester","NV","89273","United States","Chemicals","5008","0055A0tdEKXfWCmQYN","","2017-11-07T07:49:44.000Z","2019-11-01T14:44:37.000Z","LA-679289"
"0015A0MGHRtQEb2Q4G","Foclel International Corporation","https://www.foclel.example","(617) 555-0131","70959 Johnson Way","West Rebeccatown","PW","96940-3123","United States","Energy","301","0055A0kaLqDNLyaQIH","","2020-01-02T08:14:57.000Z","2021-08-28T05:35:46.000Z","LA-954014"
"0015A0a6c6rRtsYQAS","Praepom Services Corporation","https://www.praepom.example/about","1-305-555-0184","97266 Byrd St","East Brianshire","AK","99669","United States","Finance","751","0055A0WTUKgiexlQ4A","","2023-07-16T20:10:33.000Z","2025-05-31T08:01:19.000Z","LA-260086"
"0015A01srbWpJVlQAN","Nysem Outfitters Inc","https://nysem.example/","(312) 555-0118","36925 Krueger St","North Lisafort","MD","21255","United States","Food & Beverage","46","0055A04zdljoQKaQAM","","2017-01-12T04:41:09.000Z","2017-11-15T17:38:26.000Z","LA-708709"
"0015A0odzf9F49EQAS","Skiodraem Logistics","skiodraem.example","1-702-555-0197","05695 White Court","South Kristin","MS","39280","United States","Recreation","85","0055A0cR5VB3fAdQUJ","","2018-05-13T03:41:33.000Z","2026-04-16T10:35:14.000Z","LA-355386"
"0015A0rGSVai08gQ2A","Zudrouve Health Corporation","WWW.ZUDROUVE.EXAMPLE","(206) 555-0173","06723 Barrera Lane Suite 294","Weberton","OK","73057","United States","Utilities","44","0055A0uyQiqdtqRQIQ","","2019-07-06T01:09:43.000Z","2020-03-23T18:40:10.000Z","LA-661898"
"0015A0cVztzXk3KQES","Foukaiq Dynamics Ltd.","http://foukaiq.example","904.555.0196","27380 Mendoza Place Suite 404","Lake Ronaldborough","OH","45117","United States","Entertainment","6","0055A0uyQiqdtqRQIQ","","2020-08-23T01:48:00.000Z","2026-05-11T13:08:05.000Z","LA-883149"
"0015A0CKCrtZiEcQOK","Piovy Partners LLC","","+1 512 555 0161","8723 Burnett Parkway","New Edwardborough","WA","99193","United States","Recreation","759","0055A0uyQiqdtqRQIQ","","2025-01-30T00:10:13.000Z","2025-03-28T03:47:22.000Z","LA-559235"
"0015A052ba0WCx9QAG","Drymim Industries Inc","","+1 305 555 0127","7347 Harper Road","North James","IN","47015","United States","Engineering","12","0055A0tdEKXfWCmQYN","","2024-04-23T14:03:25.000Z","2024-08-15T22:13:59.000Z","LA-937715"
"0015A0dhjX5PfIvQQK","Gouclum Materials LLC","www.gouclum.example","","45992 Washington Way","Cherylberg","NC","27421","United States","Banking","751","0055A0tdEKXfWCmQYN","","2022-04-11T22:11:20.000Z","2022-06-09T18:23:42.000Z","LA-444845"
"0015A0GUT2eFZb0QOG","Fyhuth Capital Corporation","https://www.fyhuth.example/about","206-555-0159","359 Valencia Avenue","South Cindytown","ME","04490","United States","Other","43","0055A0uyQiqdtqRQIQ","","2020-02-19T21:14:21.000Z","2020-04-30T16:44:09.000Z","LA-464662"
"0015A0Dx88YCD1uQCH","Loskynd Health Inc","http://loskynd.example","(404) 555-0117","06604 Perez Drive","Charlesland","AL","36240","United States","Shipping","155","0055A0WTUKgiexlQ4A","","2024-06-07T19:41:07.000Z","2024-12-28T10:48:40.000Z","LA-601153"
"0015A0MQ0rQGHIMQG5","Baihon Technologies Corp.","WWW.BAIHON.EXAMPLE","702-555-0118","60352 Scott Avenue","Port Michaelport","FL","34771","United States","Healthcare","89","0055A04zdljoQKaQAM","","2022-04-23T19:17:37.000Z","2022-05-18T05:17:55.000Z","LA-678224"
"0015A0iH3OZmUIHQU3","Piovy Freight LLC","","+1 720 555 0193","76677 Espinoza Boulevard","New Andrew","ND","58351","United States","Food & Beverage","45","0055A04zdljoQKaQAM","","2023-03-12T18:17:25.000Z","2025-02-09T12:20:21.000Z","LA-731000"
"0015A0McFuS1X5dQKF","Pydrour Freight","pydrour.example","+1 415 555 0118","01423 Johnson Court","Timothyland","FL","33296-5041","United States","Consulting","5004","0055A0kaLqDNLyaQIH","","2017-06-19T05:57:10.000Z","2019-10-08T12:52:38.000Z","LA-265410"
"0015A0AXdZQa8NYQWZ","Caistyrk Holdings Corporation","caistyrk.example","415-555-0179","63129 Matthews Drive","East Christinafurt","KY","42630","United States","Chemicals","12","0055A0tdEKXfWCmQYN","","2018-10-16T03:16:04.000Z","2021-09-07T23:36:28.000Z","LA-824324"
"0015A0u9bS6ivjdQQA","Gaiteq Capital Inc","www.gaiteq.example","(404) 555-0199","78782 Kim Avenue","West Michaelburgh","WA","99182","United States","Education","44","0055A0cR5VB3fAdQUJ","","2019-09-28T20:13:07.000Z","2024-03-13T05:24:23.000Z","LA-293688"
"0015A0y4q7rXXYcQAO","Matras Freight LLC","https://www.matras.example","1-512-555-0190","4746 Castro Drive","Richardport","OR","97147","United States","Other","1203","0055A0kaLqDNLyaQIH","","2018-11-28T09:46:48.000Z","2022-04-22T21:29:10.000Z","LA-418064"
"0015A0l9iSNGeXRQQ1","Groudryrk Health Inc.","https://groudryrk.example/","1-415-555-0161","217 Cortez Boulevard","Tinaville","FL","34371","United States","Machinery","88","0055A0WTUKgiexlQ4A","","2025-03-13T09:11:28.000Z","2025-06-20T09:51:59.000Z","LA-179820"
"0015A0l0xtzLJ5cQAG","Widrun Services Corporation","https://www.widrun.example","206-555-0120","7218 Frank Avenue","Matthewstad","ME","04021","United States","Retail","33","0055A0kaLqDNLyaQIH","","2017-12-15T16:12:31.000Z","2019-02-27T11:47:11.000Z","LA-643562"
"0015A0xgCRRIDSCQY5","Podrom Works Corporation","https://www.podrom.example/about","+1 206 555 0162","27650 Howard Court","Parkermouth","SD","57311","United States","Insurance","1206","0055A0kaLqDNLyaQIH","","2024-09-05T22:37:13.000Z","2025-03-24T21:07:31.000Z","LA-910550"
"0015A0bcrhvKWzLQAW","Cubouth Supply","WWW.CUBOUTH.EXAMPLE","(305) 555-0152","75402 Simpson Court","West Carlos","ID","83313-8755","United States","Engineering","26","0055A0kaLqDNLyaQIH","","2021-08-24T07:50:03.000Z","2026-05-26T01:52:33.000Z","LA-533007"
"0015A0wxxccFuoRQAS","Hadrund Energy LLC","www.hadrund.example","+1 813 555 0119","099 Pratt Boulevard","South Sara","KY","40008","United States","Manufacturing","9","0055A0tdEKXfWCmQYN","","2017-11-02T13:41:01.000Z","2026-03-25T13:59:06.000Z","LA-754772"
"0015A0CWElQil9qQOB","Tiflyn Solutions Corp.","http://tiflyn.example","1-813-555-0152","49210 Young Road","Lake Laura","NY","13618-6434","United States","Agriculture","154","0055A04zdljoQKaQAM","","2023-02-12T06:34:03.000Z","2023-10-06T23:37:59.000Z","LA-953048"
"0015A0WXqG70jgCQWQ","Liomex Manufacturing","WWW.LIOMEX.EXAMPLE","(415) 555-0192","837 Norman Drive","East Karen","AK","99619-8164","United States","Construction","46","0055A0kaLqDNLyaQIH","","2023-01-17T18:43:24.000Z","2023-08-20T05:04:22.000Z","LA-903289"
"0015A0H7miB5iuVQCR","Rioquaith Networks Corporation","https://www.rioquaith.example/about","+1 415 555 0139","1171 Moore Drive","Baxterchester","ID","83557","United States","Entertainment","47","0055A04zdljoQKaQAM","","2021-12-09T09:57:05.000Z","2022-10-31T06:22:29.000Z","LA-654115"
"0015A0Nd9tRnQ4iQCF","Vainynd Robotics Inc.","https://www.vainynd.example/about","+1 702 555 0104","5752 Rogers Pkwy","East Alexander","NV","89524","United States","Insurance","44","0055A0tdEKXfWCmQYN","","2019-03-13T17:35:05.000Z","2023-12-23T08:37:59.000Z","LA-440960"
"0015A0Syn2xL7dbQCC","Quuzes Labs Inc","https://www.quuzes.example/about","1-813-555-0186","6821 Ramirez Place","Jonestown","DE","19905","United States","Food & Beverage","40","0055A04zdljoQKaQAM","","2025-03-20T18:03:38.000Z","2025-07-03T05:57:20.000Z","LA-349593"
"0015A0KvbMsfWnpQSE","Claigove Robotics Ltd.","claigove.example","(415) 555-0126","3258 Blanchard Drive","Cindymouth","TN","38213","United States","Technology","41","0055A0cR5VB3fAdQUJ","","2021-07-10T12:46:52.000Z","2025-09-24T17:20:12.000Z","LA-374249"
"0015A005k2bBfZaQAK","Broquo Manufacturing LLC","broquo.example","+1 813 555 0169","389 Murphy Place","Robertport","NE","68094","United States","Telecommunications","26","0055A04zdljoQKaQAM","","2019-02-15T05:01:22.000Z","2025-05-19T08:35:37.000Z","LA-401251"
"0015A0Bq76Yvpp0QCB","Setrath Outfitters Inc.","","+1 404 555 0144","85139 Hernandez Drive","Lake Traci","MH","96968","United States","Media","80","0055A0kaLqDNLyaQIH","","2019-01-26T05:02:31.000Z","2023-06-24T16:54:43.000Z","LA-927840"
"0015A0inSwRdgR6QIJ","Clowil Networks Corp.","","+1 212 555 0149","15637 Clark Street Suite 830","New Michaelberg","NC","27940","United States","Insurance","5001","0055A0cR5VB3fAdQUJ","","2020-01-07T13:41:58.000Z","2020-03-28T11:18:20.000Z","LA-820258"
"0015A0Wqd1LsWOvQCN","Pycloux Partners Inc.","https://pycloux.example/","+1 512 555 0144","4739 Macdonald Ave Ste 133","Michaelville","NH","03075","United States","Chemicals","153","0055A04zdljoQKaQAM","","2021-11-05T23:25:10.000Z","2025-09-16T11:40:25.000Z","LA-360991"
"0015A0mk9H9eQHeQQM","Draezul Foods","https://draezul.example/","+1 212 555 0190","823 Roberts Drive","Davilamouth","SC","29550","United States","Healthcare","752","0055A0uyQiqdtqRQIQ","","2019-12-15T02:11:27.000Z","2022-11-24T05:43:36.000Z","LA-740511"
"0015A0F8OFCw5IQQ0Z","Sanous Logistics Inc.","https://sanous.example/","(720) 555-0123","71894 Nelson Court","Taylorview","OR","97007","United States","Machinery","308","0055A0WTUKgiexlQ4A","","2024-09-20T16:36:32.000Z","2025-06-17T20:11:59.000Z","LA-582863"
"0015A08NUbnhwmCQMQ","Stostyr Manufacturing Co.","https://www.stostyr.example/about","+1 312 555 0148","136 Bowen Place","New Erin","WY","83114","United States","Manufacturing","754","0055A0tdEKXfWCmQYN","","2024-09-05T20:52:17.000Z","2025-02-24T07:31:02.000Z","LA-397693"
"0015A0SyExxwu3KQKQ","Laicliond Energy Corp.","","(904) 555-0109","93140 Marks Rd","Wellsmouth","OH","43192","United States","Finance","17","0055A0WTUKgiexlQ4A","","2017-09-12T13:18:49.000Z","2019-07-02T19:13:00.000Z","LA-333997"
"0015A0BWjcejKATQG2","Foufliq Materials Ltd.","","212-555-0196","360 Malone Blvd","Valeriebury","AR","72666","United States","Transportation","1206","0055A0uyQiqdtqRQIQ","","2017-11-01T14:33:02.000Z","2022-08-20T18:48:36.000Z","LA-779898"
"0015A0B0OW4UipSQ0S","Staidros International LLC","http://staidros.example","","6803 Burgess Road","New Stanley","ME","04565","United States","Biotechnology","17","0055A0tdEKXfWCmQYN","","2023-02-14T17:04:10.000Z","2026-05-22T16:07:51.000Z","LA-563707"
"0015A0QJ1Po43yBQWQ","Vecair Services","https://www.vecair.example/about","(512) 555-0133","49712 Mills Street","Jacquelinetown","NC","28846","United States","Manufacturing","16","0055A0kaLqDNLyaQIH","","2020-07-12T10:31:36.000Z","2024-10-27T00:46:35.000Z","LA-531431"
"0015A031zolbcrIQAQ","Broufath Dynamics Inc.","","(312) 555-0185","4547 Nelson Avenue Suite 169","South Jerrystad","MA","01400","United States","Entertainment","29","0055A0WTUKgiexlQ4A","","2020-11-05T12:58:34.000Z","2026-07-23T10:32:15.000Z","LA-897782"
"0015A0Ohnre2DvGQCU","Skouren Freight Inc.","","","311 Baker Road","Sarahville","OR","97484","United States","Media","26","0055A0tdEKXfWCmQYN","","2019-07-11T20:17:26.000Z","2023-04-22T01:22:12.000Z","LA-284025"
"0015A0znvDaIznZQQS","Fliowax Holdings LLC","fliowax.example","1-813-555-0181","8272 Sloan Parkway","Port Shawn","WY","82731","United States","Other","20","0055A0tdEKXfWCmQYN","","2025-03-14T08:13:07.000Z","2025-06-05T02:22:48.000Z","LA-991756"
"0015A0RrIf5lmQSQKY","Grouryq Systems Corp.","grouryq.example","+1 305 555 0144","1036 Banks Place","Russofort","CA","94304","United States","Finance","44","0055A04zdljoQKaQAM","","2024-01-12T23:32:05.000Z","2026-02-21T06:55:47.000Z","LA-440669"
"0015A0nw2o9s9pxQAA","Drenairk Dynamics LLC","www.drenairk.example","(212) 555-0127","294 Taylor Way Suite 493","North Geraldmouth","NE","68113","United States","Apparel","157","0055A0cR5VB3fAdQUJ","","2024-05-16T18:04:36.000Z","2025-09-10T21:25:40.000Z","LA-790272"
"0015A0F0uVdETjAQSW","Praedund Solutions Inc.","https://www.praedund.example","+1 904 555 0176","874 Jones Road","Stephanieburgh","TX","75923","United States","Consulting","1208","0055A0tdEKXfWCmQYN","","2018-03-18T12:46:05.000Z","2025-07-21T01:29:03.000Z","LA-835376"
"0015A0hJp9gSlGoQEK","Jupes Manufacturing Inc.","https://www.jupes.example","720-555-0148","9655 Nunez Boulevard","Butlermouth","OR","97859","United States","Manufacturing","6","0055A04zdljoQKaQAM","","2025-01-05T01:09:35.000Z","2025-03-15T15:07:43.000Z","LA-218313"
"0015A0JVh6pOIaiQGG","Droutrerk Capital Ltd.","https://droutrerk.example/","1-212-555-0153","4477 Nelson Boulevard","Robertside","CT","06051","United States","Education","1204","0055A0tdEKXfWCmQYN","","2022-07-09T13:05:46.000Z","2023-12-28T02:13:15.000Z","LA-436408"
"0015A0NqyTzNOVNQS4","Sibreq Robotics Corp.","www.sibreq.example","(702) 555-0170","7651 Gould Road","Stevenville","OR","97672","United States","Food & Beverage","150","0055A0WTUKgiexlQ4A","","2025-06-18T11:52:32.000Z","2026-07-21T17:01:33.000Z","LA-901296"
"0015A0D4C0s9eNcQKI","Drevaes Energy LLC","https://www.drevaes.example/about","(972) 555-0137","4182 Cox Street","South Ricardohaven","MH","96961","United States","Apparel","42","0055A04zdljoQKaQAM","","2021-08-15T17:01:54.000Z","2025-04-12T00:41:48.000Z","LA-674606"
"0015A0pwEZ4N2UZQY0","Flebrynd Works Corporation","https://www.flebrynd.example","(617) 555-0155","191 Braun Street","Jonathanport","MN","56118","United States","Education","302","0055A0tdEKXfWCmQYN","","2021-12-27T21:08:19.000Z","2024-02-07T01:35:10.000Z","LA-908355"
"0015A0qFpjBVk0TQET","Drioflith Freight Ltd.","","(617) 555-0155","479 Thompson Avenue","Scottfort","TX","79386","United States","Not For Profit","5007","0055A04zdljoQKaQAM","","2020-08-27T06:41:04.000Z","2024-03-17T13:52:01.000Z","LA-544586"
"0015A0ydhLtZDTZQQ4","Kyjom Partners Inc.","","1-813-555-0108","3375 Long Lane Suite 806","East Brianburgh","MI","48923","United States","Recreation","43","0055A04zdljoQKaQAM","","2025-05-20T15:46:06.000Z","2026-04-02T13:08:51.000Z","LA-777599"
"0015A02h8SBOhBfQQL","Binios Systems","WWW.BINIOS.EXAMPLE","+1 720 555 0182","523 Gonzales Lane","Mossstad","NC","27913","United States","Insurance","154","0055A0cR5VB3fAdQUJ","","2023-05-10T19:39:42.000Z","2025-11-25T12:44:17.000Z","LA-957929"
"0015A0imonaOJizQAG","Ziodris Foods Inc.","","813.555.0172","70740 Taylor Road","Rodriguezmouth","NM","87066","United States","Hospitality","1202","0055A04zdljoQKaQAM","","2023-09-15T16:28:20.000Z","2024-05-11T08:06:42.000Z","LA-169765"
"0015A0iiwOw9U3RQQU","Sebros Materials LLC","http://sebros.example","813-555-0111","69127 Mahoney Street","Burgessland","AK","99683","United States","Consulting","87","0055A0cR5VB3fAdQUJ","","2018-11-18T17:20:43.000Z","2022-07-11T11:07:23.000Z","LA-370246"
"0015A06wu5p5kTDQAY","Jaecliom Works Inc.","https://www.jaecliom.example","904-555-0121","45259 Vega Road Suite 724","West Carrie","MN","56723","United States","Energy","157","0055A0kaLqDNLyaQIH","","2023-02-26T01:36:15.000Z","2024-07-06T07:41:20.000Z","LA-207334"
"0015A0weeN4l87bQQA","Triquion Dynamics Inc.","http://triquion.example","(206) 555-0170","2560 Brown Avenue","Scottview","NM","87300","United States","Electronics","86","0055A0WTUKgiexlQ4A","","2024-12-22T16:48:26.000Z","2025-08-06T21:10:19.000Z","LA-931511"
"0015A0G2jwCyaGqQCJ","Zioflar Networks Inc.","zioflar.example","(503) 555-0133","783 Keith Avenue Suite 320","West Kristy","OR","97409","United States","Manufacturing","85","0055A0cR5VB3fAdQUJ","","2017-04-02T22:17:20.000Z","2023-09-28T07:00:49.000Z","LA-991441"
"0015A0x7bOXDLr8QQH","Fuhyl Manufacturing Inc.","https://www.fuhyl.example/about","(312) 555-0111","785 Wood Court Suite 971","Henrystad","RI","02866","United States","Apparel","32","0055A0tdEKXfWCmQYN","","2023-10-29T05:58:20.000Z","2023-12-15T02:50:43.000Z","LA-725678"
"0015A0zANmZOCUGQM5","Zekaix Energy Ltd.","http://zekaix.example","(720) 555-0110","8565 Jensen Court","Casehaven","IA","51054","United States","Government","159","0055A04zdljoQKaQAM","","2020-10-29T00:42:47.000Z","2025-02-28T13:54:29.000Z","LA-353295"
"0015A0aVbfTAws6QED","Druryr Networks Co.","https://www.druryr.example/about","(813) 555-0144","1836 Johnson Ave","Lake Benjamintown","CT","06255","United States","Healthcare","43","0055A0WTUKgiexlQ4A","","2024-03-06T08:59:57.000Z","2024-06-07T18:18:35.000Z","LA-720716"
"0015A09knt11LNIQA2","Stybraith International Corporation","","(206) 555-0113","2755 Burch Ave","Adkinsfort","CT","06081","United States","Energy","11","0055A0cR5VB3fAdQUJ","","2019-12-13T16:04:58.000Z","2024-12-14T20:09:57.000Z","LA-824853"
"0015A0NpQVDG1edQ0D","Gradioq Labs Corporation","http://gradioq.example","(972) 555-0127","9859 Perez Ave","South Richardville","NM","88146","United States","Media","7","0055A04zdljoQKaQAM","","2024-04-08T10:31:19.000Z","2024-05-05T22:29:34.000Z","LA-444331"
"0015A0laErVhGVZQI3","Bustyth Dynamics LLC","WWW.BUSTYTH.EXAMPLE","","54925 Wilson Drive","Lake Matthewfort","GA","30229","United States","Healthcare","5001","0055A0cR5VB3fAdQUJ","","2021-10-16T13:59:01.000Z","2022-06-27T08:01:16.000Z","LA-248851"
"0015A0w5GNcXB48QYG","Wymund Outfitters Corporation","https://www.wymundoutfitters.example","404.555.0173","368 Chandler Avenue","Priceborough","MA","01112","United States","Chemicals","26","0055A04zdljoQKaQAM","","2024-01-21T21:16:29.000Z","2024-11-11T06:45:11.000Z","LA-389875"
"0015A0EB0NLzL6VQWV","Ladra Manufacturing Inc.","ladra.example","+1 312 555 0174","944 Smith Place","Odonnellshire","SD","57058","United States","Shipping","14","0055A04zdljoQKaQAM","","2022-12-24T03:47:04.000Z","2023-05-04T21:10:08.000Z","LA-314707"
"0015A0FruFBfuT6QSJ","Kotaim Technologies Corporation","kotaim.example","1-312-555-0134","976 Holt Lane","North Dianachester","OR","97762","United States","Finance","6","0055A0uyQiqdtqRQIQ","","2021-07-21T16:16:19.000Z","2025-06-05T18:55:13.000Z","LA-899203"
"0015A0qiyywjmWxQAI","Fotourk Logistics LLC","www.fotourklogistics.example","(617) 555-0195","5582 Gonzalez Dr Ste 248","Jessicaland","WI","53060","United States","Communications","5000","0055A04zdljoQKaQAM","","2023-08-21T06:15:02.000Z","2024-05-16T11:13:20.000Z","LA-313219"
"0015A0nYNTCPithQ2D","Raiwou Networks Inc","https://www.raiwou.example","1-212-555-0106","50287 Davis Lane Suite 158","Morganport","WY","82486","United States","Apparel","309","0055A0uyQiqdtqRQIQ","","2022-05-02T14:42:43.000Z","2023-05-28T13:47:45.000Z","LA-536554"
"0015A0r9aqMKmlcQAD","Sticous Industries Inc","WWW.STICOUS.EXAMPLE","512-555-0117","39546 Harper Lane","Lake Justinfort","CT","06358","United States","Manufacturing","152","0055A0WTUKgiexlQ4A","","2018-01-10T08:08:25.000Z","2025-05-07T23:34:37.000Z","LA-112266"
"0015A0KjpvMYKdjQCH","Vapryr Solutions Ltd.","WWW.VAPRYR.EXAMPLE","702-555-0103","52205 Ellis Way","Padillafurt","WY","82353","United States","Engineering","45","0055A0uyQiqdtqRQIQ","","2025-04-27T11:08:10.000Z","2026-04-15T06:15:23.000Z","LA-505602"
"0015A04cnP1puOFQQY","Nozus Capital Co.","https://nozus.example/","(404) 555-0159","9975 Smith Pl","North Melissa","IA","50570-6793","United States","Shipping","156","0055A0WTUKgiexlQ4A","","2017-02-01T02:17:07.000Z","2017-03-08T20:28:51.000Z","LA-888664"
"0015A0NYcP1VYXBQW4","Siobourk Analytics","http://siobourk.example","312-555-0184","60289 Montoya Avenue","South Jason","MA","02291","United States","Food & Beverage","45","0055A04zdljoQKaQAM","","2021-11-09T13:27:11.000Z","2025-07-19T06:57:23.000Z","LA-431814"
"0015A0h8uqiOKSfQAO","Stodaith Energy Inc","http://stodaith.example","1-503-555-0197","70244 Smith Drive","Port Lynn","SD","57117","United States","Agriculture","1202","0055A0uyQiqdtqRQIQ","","2020-11-30T09:23:08.000Z","2023-12-04T20:07:31.000Z","LA-905941"
"0015A05tQqW6BRkQIN","Pabove Partners Inc.","WWW.PABOVE.EXAMPLE","415.555.0160","7484 Stanley Court","Port Jeremymouth","WA","98905-4359","United States","Consulting","83","0055A0WTUKgiexlQ4A","","2019-02-27T19:24:05.000Z","2019-09-10T01:25:21.000Z","LA-872712"
"0015A0yBeyqGzuYQES","Porym Health","https://porym.example/","702-555-0159","7241 Marsh Boulevard","West Jillview","WI","53516","United States","Manufacturing","13","0055A0WTUKgiexlQ4A","","2020-05-01T20:49:34.000Z","2021-03-04T02:45:33.000Z","LA-946843"
"0015A0KcZjIls3HQKR","Souggrirk Outfitters Inc","https://www.sougrirk.example/about","1-512-555-0109","7835 Herring Dr","Lake Michael","VA","23295","United States","Engineering","18","0055A0cR5VB3fAdQUJ","","2024-05-02T13:02:59.000Z","2024-08-06T20:36:10.000Z","LA-584511"
"0015A0O0vFg4kEmQSI","Skotreve Solutions Corporation","https://skotreve.example/","1-617-555-0148","772 Mckay Drive Suite 242","East Michael","MH","96960","United States","Hospitality","42","0055A0cR5VB3fAdQUJ","","2023-05-18T01:45:43.000Z","2024-09-28T11:04:57.000Z","LA-770207"
"0015A0XQSlor4hkQOA","zatro energy ltd.","https://www.zatro.example/about","813-555-0163","0888 Everett Place Suite 294","Marshallhaven","UT","84353-5576","United States","Manufacturing","","0055A0WTUKgiexlQ4A","","2018-11-26T20:25:08.000Z","2024-11-09T22:10:45.000Z","LA-566290"
"0015A06eeEHTsD1QQL","Zeclel Partners Inc","www.zeclel.example","415.555.0161","2879 Morris Court","Brandyberg","NE","68002","United States","Hospitality","1203","0055A04zdljoQKaQAM","","2019-07-25T17:08:26.000Z","2022-10-02T20:29:55.000Z","LA-322069"
"0015A0z8lGOlVwQQQV","LAITOUL MFG CORP.","","904.555.0195","65413 Turner Boulevard","Martinezport","MO","63027-3534","United States","Food & Beverage","1208","0055A0cR5VB3fAdQUJ","","2017-07-26T16:28:55.000Z","2019-07-25T07:55:12.000Z","LA-285801"
"0015A0MRfSnp0gJQWQ","Kuziox Logistics","kuziox.example","212-555-0166","708 Kelly Way","Theodoreside","NY","10942","United States","Healthcare","14","0055A0tdEKXfWCmQYN","","2019-03-26T05:40:55.000Z","2023-04-12T16:57:43.000Z","LA-920344"
"0015A0QWArVY4i9QOD","Dryclour Industries","dryclour.example","702-555-0193","931 Pena Court","North Ashley","OK","73080","United States","Government","20","0055A0WTUKgiexlQ4A","","2019-12-03T16:27:24.000Z","2025-11-21T17:54:48.000Z","LA-616808"
"0015A0p6OLhIpOBQY0","Gymurk Systems Co.","http://gymurk.example","503.555.0135","937 Johnson Parkway","New Catherinefurt","NE","68109","United States","Chemicals","5005","0055A0tdEKXfWCmQYN","","2022-07-04T02:24:59.000Z","2025-09-25T01:50:29.000Z","LA-151663"
"0015A0geNuSPTaTQIX","Jatraith Energy Corporation","https://jatraithenergy.example/","206.555.0161","41943 David Pkwy Ste 513","Deborahberg","FL","33743","United States","Communications","12","0055A04zdljoQKaQAM","","2024-02-22T10:31:44.000Z","2024-09-01T13:46:41.000Z","LA-669757"
"0015A0VDPvIh4Z4QOJ","Jidroum Networks Inc","http://jidroum.example","+1 904 555 0193","0813 Adams Drive","Fischermouth","NH","03444","United States","Finance","80","0055A0cR5VB3fAdQUJ","","2021-01-07T13:15:22.000Z","2025-11-24T20:48:12.000Z","LA-741961"
"0015A0dnAKRVQxbQYH","Naskioq Outfitters Corporation","","1-512-555-0139","82683 Jones Ct Ste 587","Stephensshire","MD","21626","United States","Shipping","47","0055A0cR5VB3fAdQUJ","","2021-04-15T07:48:36.000Z","2022-03-10T22:57:19.000Z","LA-797534"
"0015A07llXOhoaFQQR","Stiwem Holdings Inc","www.stiwem.example","(720) 555-0182","9638 Green Place","Ashleyfurt","AK","99608","United States","Education","303","0055A0kaLqDNLyaQIH","","2025-01-09T00:14:49.000Z","2025-09-10T10:34:54.000Z","LA-745063"
"0015A0Ii5OV9GdiQSF","Titain Networks LLC","https://www.titain.example","+1 206 555 0131","29131 Williams Avenue","Perezchester","AZ","85263","United States","Other","1209","0055A0uyQiqdtqRQIQ","","2019-11-19T15:28:31.000Z","2024-06-12T07:43:49.000Z","LA-694480"
"0015A0rV24wf8xVQEQ","Legris Health Inc","","(503) 555-0162","205 Carter Street Suite 349","South Kristinshire","WI","53681","United States","Transportation","12","0055A0tdEKXfWCmQYN","","2022-04-10T05:49:52.000Z","2023-08-11T13:20:30.000Z","LA-390314"
"0015A0z2IUCzmIvQYJ","Biory Holdings LLC","WWW.BIORY.EXAMPLE","+1 512 555 0198","686 Espinoza Road","Port Bailey","MT","59764","United States","Machinery","5005","0055A0uyQiqdtqRQIQ","","2022-01-04T07:40:44.000Z","2025-02-03T09:39:56.000Z","LA-256095"
"0015A0JT3bJyFYPQG3","Droupynd Supply Corp.","https://www.droupynd.example/about","(404) 555-0182","055 Knight Place","South Peterhaven","KY","42431","United States","Transportation","28","0055A0uyQiqdtqRQIQ","","2020-06-07T10:38:44.000Z","2020-09-09T23:12:29.000Z","LA-419270"
"0015A0w0W9czAzQQIU","Brydrouve Freight LLC","https://www.brydrouve.example","212-555-0185","56276 Buchanan Parkway","Thomashaven","ME","04944","United States","Not For Profit","13","0055A0uyQiqdtqRQIQ","","2020-04-22T04:21:45.000Z","2025-02-14T15:21:29.000Z","LA-700585"
"0015A0HwPnxR4thQKC","Waimex Outfitters Corporation","WWW.WAIMEX.EXAMPLE","(904) 555-0187","97839 Cruz Road","Port Katrina","VT","05308","United States","Recreation","25","0055A0tdEKXfWCmQYN","","2024-03-31T14:08:21.000Z","2026-02-12T12:56:34.000Z","LA-920111"
"0015A0Jk3oNi75EQCR","Waryq Capital LLC","www.waryq.example","617.555.0164","760 Smith Blvd","Port Courtney","GA","31660","United States","Retail","20","0055A0kaLqDNLyaQIH","","2019-09-24T07:03:39.000Z","2020-03-22T23:27:38.000Z","LA-751050"
"0015A06Tvmdy6fDQEQ","Vaeverk Networks","WWW.VAEVERK.EXAMPLE","1-904-555-0185","999 Bradshaw Drive","Santiagoton","NJ","08687","United States","Media","9","0055A0uyQiqdtqRQIQ","","2019-10-17T10:41:54.000Z","2026-04-08T13:43:41.000Z","LA-994606"
"0015A0mGigcfvXvQEI","Bryflurk Works Inc","https://bryflurk.example/","1-415-555-0104","57484 Swanson Street Suite 108","East Ericaton","AZ","85281","United States","Environmental","752","0055A04zdljoQKaQAM","","2022-01-06T04:16:29.000Z","2024-02-03T17:07:47.000Z","LA-234424"
"0015A0Fp75TIEltQCH","Nouzand Logistics Inc.","nouzand.example","720.555.0183","197 Morse Place","Lake Meghanland","IN","47467","United States","Consulting","308","0055A0cR5VB3fAdQUJ","","2017-04-18T07:28:07.000Z","2026-01-22T06:20:31.000Z","LA-496177"
"0015A00HZ1GkMOQQM3","Pupaen Robotics Ltd.","pupaen.example","305.555.0153","1013 Sanchez Lane","West Jenniferhaven","FL","32706","United States","Apparel","28","0055A0tdEKXfWCmQYN","","2024-04-18T06:31:35.000Z","2026-06-17T07:21:09.000Z","LA-396191"
"0015A0lkCRL9XZiQYN","Paepix Foods Corporation","","312.555.0111","56030 Stephens Way","Port Matthewmouth","VT","05223","United States","Finance","304","0055A0cR5VB3fAdQUJ","","2020-06-25T20:38:26.000Z","2021-01-14T00:43:26.000Z","LA-930684"
"0015A0lwXihD8gsQIC","Nouzoq Partners Corp.","http://nouzoq.example","1-206-555-0182","55473 Porter Road","Port Edwinfurt","UT","84072","United States","Communications","753","0055A0WTUKgiexlQ4A","","2022-05-11T10:39:40.000Z","2026-03-12T03:45:40.000Z","LA-679990"
"0015A0opTCv8OvmQYE","Sodaerk Outfitters Ltd.","sodaerk.example","1-512-555-0188","71952 Gentry Place Suite 929","Port Michael","OH","43302","United States","Environmental","9","0055A0uyQiqdtqRQIQ","","2023-09-25T04:47:15.000Z","2024-02-25T21:25:15.000Z","LA-951524"
"0015A01bELcuJHKQY2","Boucoum Supply Ltd.","https://boucoum.example/","415.555.0169","537 Reid Way","Andrewville","MD","21802","United States","Biotechnology","16","0055A0kaLqDNLyaQIH","","2021-01-04T08:45:44.000Z","2022-03-27T04:36:42.000Z","LA-113198"
"0015A0Cec9gBKc9QCG","Deweth Labs Corp.","WWW.DEWETH.EXAMPLE","972-555-0166","804 Wilkins Street","Rachaelberg","TN","38330","United States","Recreation","87","0055A0cR5VB3fAdQUJ","","2017-08-27T05:40:54.000Z","2021-07-28T17:38:14.000Z","LA-629290"
"0015A0lz04FCQ7VQAX","Trymou Systems Co.","www.trymou.example","(904) 555-0196","1074 White Parkway","Lake Crystalside","WA","98023","United States","Agriculture","34","0055A0cR5VB3fAdQUJ","","2019-07-25T01:15:09.000Z","2023-03-06T06:44:08.000Z","LA-301872"
"0015A0s20TZ9S1bQQF","Praetus Services Corp.","https://praetus.example/","(813) 555-0177","24156 Clark Road Suite 934","Port Ashleyview","CO","80750","United States","Healthcare","156","0055A04zdljoQKaQAM","","2023-11-05T15:13:20.000Z","2024-01-10T02:03:20.000Z","LA-582701"
"0015A0heJ0NKMZeQIP","Stouflael Works Inc.","WWW.STOUFLAEL.EXAMPLE","","741 Shaffer Avenue","South Andrew","WY","82617-1271","United States","Communications","305","0055A0tdEKXfWCmQYN","","2017-09-29T14:45:38.000Z","2025-09-07T21:54:40.000Z","LA-284050"
"0015A0v6iN4wYIWQQ2","Lujaerk Supply","lujaerk.example","(312) 555-0109","8693 Cook Court","Port Rachel","MD","21690","United States","Machinery","46","0055A0uyQiqdtqRQIQ","","2020-10-07T13:48:50.000Z","2020-11-18T01:51:44.000Z","LA-897240"
"0015A0IQTUvgUxVQ4U","Daifaeve Labs Corp.","daifaeve.example","720-555-0174","3896 Miller Parkway","East Nicole","CT","06056","United States","Apparel","14","0055A0WTUKgiexlQ4A","","2018-08-11T00:45:49.000Z","2019-04-26T03:08:53.000Z","LA-533839"
"0015A0EWNgpG5D1QOK","Jouprive Holdings Inc","https://jouprive.example/","972-555-0171","2366 White Avenue","West Rebecca","FM","96941","United States","Transportation","5003","0055A0tdEKXfWCmQYN","","2017-04-24T00:35:37.000Z","2023-06-17T08:52:58.000Z","LA-679059"
"0015A0yFcUfrnQOQUY","Hadrind Labs LLC","WWW.HADRIND.EXAMPLE","(813) 555-0101","023 Jones Road","North Angelamouth","KY","40317","United States","Environmental","1201","0055A04zdljoQKaQAM","","2022-01-09T17:54:50.000Z","2023-09-23T07:46:04.000Z","LA-615448"
"0015A0qkBcKgb2tQIB","Livoth Manufacturing Co.","WWW.LIVOTH.EXAMPLE","702-555-0174","643 Long Drive","Kimshire","AK","99515","United States","Entertainment","26","0055A0uyQiqdtqRQIQ","","2022-06-05T19:19:46.000Z","2025-06-29T11:39:38.000Z","LA-651611"
"0015A0YOJ74Vq54QOC","Cebriom Services Corporation","WWW.CEBRIOM.EXAMPLE","+1 305 555 0180","2495 Pratt Ave","Rosestad","MN","55856","United States","Banking","32","0055A0WTUKgiexlQ4A","","2024-01-17T19:50:57.000Z","2024-04-06T04:48:26.000Z","LA-862582"
"0015A08krOT0rSqQQJ","Jiram Energy Inc","https://jiram.example/","972.555.0161","14887 Brown Place Suite 875","Jamesberg","KY","40577","United States","Utilities","304","0055A0cR5VB3fAdQUJ","","2019-07-12T04:30:04.000Z","2026-02-27T13:04:18.000Z","LA-760882"
"0015A03UZgy7L9gQME","Giozer Foods Corp.","https://www.giozer.example","720-555-0172","56604 Ramirez Avenue","Veronicatown","LA","71065","United States","Media","19","0055A0tdEKXfWCmQYN","","2021-05-14T08:30:02.000Z","2021-10-24T05:37:55.000Z","LA-157639"
"0015A0tfY1BbVfJQIV","Jatraith Solutions","https://jatraith.example/","904.555.0168","4515 Bennett Place","Deborahberg","FL","33743","United States","Finance","8","0055A0cR5VB3fAdQUJ","","2019-12-21T10:04:46.000Z","2023-07-05T17:01:43.000Z","LA-578649"
"0015A04C8J77oibQUA","Baeclerk Analytics Inc","https://baeclerk.example/","1-617-555-0157","63514 Ramos Rd Ste 649","New Jeffrey","IN","46502-8087","United States","Other","88","0055A0WTUKgiexlQ4A","","2024-04-04T00:12:51.000Z","2024-05-31T08:26:42.000Z","LA-233792"
"0015A0PMdDg7LdmQWE","Vogrouq Industries Corporation","https://www.vogrouq.example","503-555-0105","3871 Jensen Rd","East Lindsay","IN","47535","United States","Recreation","28","0055A0tdEKXfWCmQYN","","2022-11-16T02:18:57.000Z","2023-09-09T18:29:11.000Z","LA-983230"
"0015A0oC0oQjZSRQE3","Trymou Sys","https://trymou.example/","904.555.0196","1074 White Parkway","Lake Crystalside","WA","98023","United States","Retail","34","0055A0kaLqDNLyaQIH","","2018-01-08T14:08:20.000Z","2020-06-20T08:10:45.000Z","LA-290824"
"0015A0vBKF0T7taQ2C","Naihem International Ltd.","www.naihem.example","206.555.0129","55227 Lane Way","New Dawn","IN","46453","United States","Insurance","301","0055A0tdEKXfWCmQYN","","2024-03-06T22:55:39.000Z","2025-03-11T05:33:34.000Z","LA-940892"
"0015A0Ie7314pxBQCQ","Drapar Capital Corp.","","+1 305 555 0165","9215 Smith Place Suite 390","Hebertfort","WY","82078","United States","Environmental","155","0055A0WTUKgiexlQ4A","","2024-02-15T12:48:37.000Z","2026-05-31T00:56:16.000Z","LA-719872"
"0015A07sq8q5OHLQA2","Riolal Supply Corporation","http://riolal.example","720-555-0188","7973 Davis Drive","Chadfort","RI","02898","United States","Agriculture","755","0055A0kaLqDNLyaQIH","","2018-12-12T16:21:59.000Z","2024-11-05T10:11:29.000Z","LA-338000"
"0015A0YPzRE7VDSQW3","Claiwyrk Works Corp.","http://claiwyrk.example","972-555-0171","32438 Randall Boulevard","New Jackiebury","MH","96961","United States","Hospitality","25","0055A0uyQiqdtqRQIQ","","2021-11-14T04:07:32.000Z","2022-01-13T08:23:01.000Z","LA-924065"
"0015A0r6jSLrTgRQQV","Sanous Dynamics","www.sanousdynamics.example","(720) 555-0188","71894 Nelson Court","Taylorview","OR","97007-5906","United States","Food & Beverage","45","0055A0tdEKXfWCmQYN","","2017-09-12T09:26:54.000Z","2021-09-01T14:15:11.000Z","LA-452925"
"0015A0mpT4NhXbRQIV","Giorol Dynamics Corporation","www.giorol.example","904.555.0101","1587 Jackson Lane Suite 610","Port Brian","OH","45889","United States","Engineering","21","0055A04zdljoQKaQAM","","2019-07-05T20:20:13.000Z","2025-05-18T10:59:20.000Z","LA-504195"
"0015A0GfdaymdC6QCI","Quohus Logistics Inc.","https://quohus.example/","404.555.0116","060 Alexander Lane","Kathleenshire","CT","06168-8441","United States","Media","46","0055A0cR5VB3fAdQUJ","","2017-06-09T13:44:41.000Z","2025-09-05T16:48:28.000Z","LA-688365"
"0015A0ulXSV4RPaQYN","Boutraim Freight Inc","https://www.boutraim.example","404-555-0180","735 Daniels Rd","Lake Danielbury","ID","83861","United States","Finance","17","0055A0cR5VB3fAdQUJ","","2020-03-24T02:55:25.000Z","2021-12-07T02:50:23.000Z","LA-711382"
"0015A0CrL8ys0wnQKA","Gawaiq Health Corp.","https://gawaiq.example/","305-555-0163","03479 Henry Road","Lake Sara","CT","06110","United States","Transportation","84","0055A0WTUKgiexlQ4A","","2017-01-02T17:16:07.000Z","2025-10-27T08:49:59.000Z","LA-159560"
"0015A0nTOtGoMgQQMV","Vedound Foods Corp.","https://www.vedound.example/about","404-555-0112","0022 Ingram Ln","New John","MT","59065","United States","Engineering","7","0055A04zdljoQKaQAM","","2021-03-06T03:46:28.000Z","2022-11-06T03:55:07.000Z","LA-156385"
"0015A01RyvDSbyfQED","Proviork Freight","https://www.proviork.example/about","1-305-555-0178","871 Sanders Blvd","South Isaiah","NM","88289","United States","Media","46","0055A0kaLqDNLyaQIH","","2023-10-07T11:03:59.000Z","2026-07-19T12:15:27.000Z","LA-665916"
"0015A0DhziZc9TrQCJ","Siotath Networks Inc.","siotath.example","1-503-555-0192","8111 Davis Parkway","Howellfurt","DC","20020","United States","Manufacturing","5000","0055A0uyQiqdtqRQIQ","","2018-07-21T18:27:59.000Z","2020-10-01T23:30:58.000Z","LA-648469"
"0015A0J3GMnbnEkQ0I","Graskouth Technologies Ltd.","https://www.graskouth.example/about","503.555.0149","387 Weaver Way","Port Waltertown","SC","29029","United States","Technology","5003","0055A0uyQiqdtqRQIQ","","2020-08-11T16:34:14.000Z","2021-02-02T03:01:21.000Z","LA-205564"
"0015A02wGp0vVh4QIE","Katral Dynamics Inc.","https://www.katral.example/about","+1 305 555 0103","96346 Richards Avenue","Murphyton","AR","72455","United States","Healthcare","756","0055A0uyQiqdtqRQIQ","","2020-07-29T10:19:00.000Z","2022-03-07T22:53:36.000Z","LA-134435"
"0015A0BcHjveLMPQK2","Skiodraem Energy LLC","skiodraemenergy.example","(404) 555-0129","2987 Carpenter Court Suite 651","South Kristin","MS","39280","United States","Environmental","154","0055A0tdEKXfWCmQYN","","2021-04-13T09:36:16.000Z","2022-07-19T04:54:43.000Z","LA-956073"
"0015A09bYzJstbfQIB","Skabis Energy Inc","","1-813-555-0189","077 Bauer Road","Millermouth","IN","47788","United States","Engineering","1207","0055A0WTUKgiexlQ4A","","2021-11-22T05:38:35.000Z","2024-12-11T04:00:36.000Z","LA-538873"
"0015A0uuU7oTVW7QIO","Faigom Industries Inc.","http://faigom.example","404.555.0140","696 Shea Court","Angelashire","KS","66790","United States","Apparel","8","0055A0cR5VB3fAdQUJ","","2019-09-20T11:18:00.000Z","2021-11-21T07:58:24.000Z","LA-717610"
"0015A0tgZF15Q5aQYE","Troupum Outfitters Corporation","https://troupum.example/","(312) 555-0182","77301 Spencer Avenue Suite 449","North Andre","NE","68012","United States","Technology","155","0055A04zdljoQKaQAM","","2022-06-26T07:13:53.000Z","2025-04-20T08:12:36.000Z","LA-883540"
"0015A0A2s7iGdHmQCK","Locar International LLC","http://locar.example","(206) 555-0118","2827 Hernandez Rd","Clarkport","IL","61132","United States","Food & Beverage","33","0055A0uyQiqdtqRQIQ","","2017-07-07T17:44:34.000Z","2019-04-17T09:57:43.000Z","LA-711969"
"0015A0NmFc0cZvWQKU","Kyclun Energy LLC","kyclun.example","+1 702 555 0187","5501 Delgado Street","Rodgerschester","MH","96962","United States","Finance","25","0055A0WTUKgiexlQ4A","","2017-08-12T07:15:14.000Z","2020-04-02T12:52:51.000Z","LA-767252"
"0015A0O5vRAbSpxQSF","Clywaes Supply Ltd.","clywaes.example","","653 Clayton Pkwy","Henryville","OR","97450","United States","Other","303","0055A0tdEKXfWCmQYN","","2019-01-02T05:32:20.000Z","2021-09-06T00:05:27.000Z","LA-589360"
"0015A0EEgF6qtVcQWI","Zufoul Holdings Inc.","https://www.zufoul.example/about","1-404-555-0128","178 Casey Rd","South Andrew","NM","87404-8895","United States","Recreation","19","0055A0WTUKgiexlQ4A","","2024-12-09T16:12:32.000Z","2026-04-22T01:38:30.000Z","LA-554065"
"0015A02DSqKiYziQMF","Fazurk Logistics","fazurk.example","(972) 555-0102","68493 Lee Pl","Calebton","AL","35176","United States","Telecommunications","5003","0055A0WTUKgiexlQ4A","","2021-07-17T12:13:16.000Z","2021-10-04T02:00:22.000Z","LA-712837"
"0015A0Rxu3jRHfkQCG","Dicair Materials Ltd.","","720.555.0134","5072 Fuentes Pkwy","Lake Brandon","ME","04043","United States","Retail","5009","0055A0kaLqDNLyaQIH","","2023-10-07T02:35:16.000Z","2025-10-14T14:34:12.000Z","LA-888511"
"0015A08liKWCp49QQD","Vukael Technologies Corp.","http://vukael.example","+1 206 555 0129","470 Moss Avenue","North Amanda","MS","39050","United States","Manufacturing","5003","0055A04zdljoQKaQAM","","2022-11-25T09:50:05.000Z","2024-08-16T20:25:42.000Z","LA-139943"
"0015A0zC8z74LGNQE2","Zaefliox Solutions","www.zaefliox.example","(904) 555-0177","6685 Thompson Court","Heathfurt","ME","04378","United States","Food & Beverage","14","0055A04zdljoQKaQAM","","2024-07-07T06:23:33.000Z","2026-07-27T13:27:15.000Z","LA-174364"
"0015A0sC83VQuPaQEL","Fograeth Systems Inc","https://www.fograeth.example/about","305.555.0163","985 White Drive","Lake Richard","PW","96940-4559","United States","Electronics","756","0055A04zdljoQKaQAM","","2024-08-18T02:44:33.000Z","2025-11-20T22:50:05.000Z","LA-246888"
"0015A0ptnS2UW1KQQW","Nycar Materials Corporation","https://www.nycar.example","1-404-555-0157","2944 Peck Court","South Jessemouth","MD","20920","United States","Healthcare","750","0055A0uyQiqdtqRQIQ","","2021-01-11T13:17:46.000Z","2023-09-20T20:38:48.000Z","LA-159379"
"0015A05xBo2wYbuQIE","Broufaind Dynamics","broufainddynamics.example","","21342 Carr Lane","Lucasbury","AZ","86171","United States","Media","49","0055A0WTUKgiexlQ4A","","2018-11-03T07:51:56.000Z","2022-05-07T09:46:39.000Z","LA-744675"
"0015A0zj6BYfGE6QQN","Tegrork International","","+1 503 555 0108","8806 Ruiz Way","West Richardville","CA","92368","United States","Healthcare","5002","0055A0cR5VB3fAdQUJ","","2022-04-06T09:56:53.000Z","2024-12-23T20:33:16.000Z","LA-269120"
"0015A0fx3P9v4fpQQA","Lytrath Logistics Inc","https://lytrath.example/","1-212-555-0102","781 Greer Avenue","Port Paulland","RI","02826","United States","Communications","152","0055A0tdEKXfWCmQYN","","2018-04-11T11:02:27.000Z","2025-09-24T02:13:54.000Z","LA-594021"
"0015A02lH2cgwrRQIQ","Dalos Networks Inc","WWW.DALOS.EXAMPLE","+1 305 555 0139","01829 Taylor Dr","West Andrew","PA","19512","United States","Retail","27","0055A0WTUKgiexlQ4A","","2017-08-13T21:57:50.000Z","2022-02-08T21:14:44.000Z","LA-112783"
"0015A0H6d8Gymh7QCB","Lairand International Inc","https://www.lairandinternational.example","(617) 555-0130","5442 Davies Boulevard Suite 374","South Peterhaven","CT","06048","United States","Communications","13","0055A0uyQiqdtqRQIQ","","2018-02-06T14:17:09.000Z","2026-08-06T07:06:09.000Z","LA-529431"
"0015A0INl3JwN6VQGV","Moclaes Materials Corp.","https://moclaes.example/","312.555.0130","439 Spears Way","Ethanville","IL","60607","United States","Education","307","0055A04zdljoQKaQAM","","2025-05-21T19:41:07.000Z","2025-09-03T15:33:19.000Z","LA-776247"
"0015A05D4OSqxeHQUR","Houprand Energy Ltd.","houprand.example","972-555-0153","329 Duke Way","Nguyenland","OR","97277","United States","Apparel","85","0055A04zdljoQKaQAM","","2021-05-13T07:29:59.000Z","2024-02-04T16:21:56.000Z","LA-982295"
"0015A0wHLYLnfySQ2R","Daewouve Systems LLC","https://www.daewouve.example/about","","479 Holland Avenue Suite 626","Port Christinaport","NC","28612","United States","Government","42","0055A0kaLqDNLyaQIH","","2022-06-04T19:44:06.000Z","2024-02-09T11:14:42.000Z","LA-132535"
"0015A0aI7qEv30mQEB","Flaecael Partners Inc","","1-904-555-0195","92448 Gardner Way Suite 795","Jesusview","WY","82234","United States","Environmental","1206","0055A04zdljoQKaQAM","","2023-11-12T06:39:59.000Z","2025-01-03T23:50:41.000Z","LA-751269"
"0015A0gC23L2HC6QEN","Louvaerk Networks Corporation","https://louvaerk.example/","(813) 555-0100","3264 Wade Parkway Suite 112","Billyfort","ID","83263","United States","Entertainment","15","0055A0uyQiqdtqRQIQ","","2017-06-25T22:34:46.000Z","2022-04-03T22:48:13.000Z","LA-859806"
"0015A0yd1VjmTCuQQM","Maeskail Industries Inc.","","720-555-0126","52871 Davis Boulevard","Robertfort","MT","59125-4602","United States","Education","","0055A0kaLqDNLyaQIH","","2020-11-13T09:48:39.000Z","2024-05-20T09:45:51.000Z","LA-219653"
"0015A0kEcfV9b0lQEB","Daguve Logistics","daguve.example","617.555.0186","98558 West Court Suite 697","Morganbury","TN","37088","United States","Not For Profit","83","0055A0WTUKgiexlQ4A","","2018-03-08T00:56:28.000Z","2020-11-17T16:16:29.000Z","LA-808685"
"0015A0YuB6cqLJIQK2","Fugrouve Analytics LLC","WWW.FUGROUVE.EXAMPLE","(972) 555-0183","0332 Smith Court Suite 798","Johnsontown","MN","56067","United States","Media","5004","0055A0kaLqDNLyaQIH","","2020-02-21T02:03:09.000Z","2025-11-06T00:47:30.000Z","LA-223940"
"0015A0JDe96jBkmQGE","Juban Dynamics","www.juban.example","(904) 555-0186","022 Roberson Parkway","South Michaelhaven","AK","99907","United States","Communications","1203","0055A0WTUKgiexlQ4A","","2018-06-05T22:45:05.000Z","2021-05-20T20:11:21.000Z","LA-387666"
"0015A0gANM5NkBqQ2K","Viobrem Outfitter","viobrem.example","(972) 555-0141","740 Clark Street","Perezfurt","VT","05292","United States","Entertainment","155","0055A0WTUKgiexlQ4A","","2020-01-09T19:15:18.000Z","2021-11-15T06:28:32.000Z","LA-547877"
"0015A0OGpAGWh8IQWT","Jagound Freight Inc","","904-555-0106","6477 Jones Ct","Stevenview","AK","99637-2669","United States","Shipping","31","0055A0kaLqDNLyaQIH","","2025-06-25T12:54:35.000Z","2026-02-11T13:23:50.000Z","LA-738936"
"0015A0ymNXxK1gBQYS","Claevar Technologies LLC","http://claevar.example","+1 813 555 0120","8325 Martinez Drive Suite 321","South Mary","PW","96940","United States","Finance","45","0055A0tdEKXfWCmQYN","","2021-05-15T12:16:07.000Z","2022-11-09T15:43:02.000Z","LA-669407"
"0015A0uXsSU3XQYQU3","Wudyq Holdings","wudyq.example","305.555.0125","93438 Strickland Lane","Kristenburgh","FM","96942","United States","Machinery","300","0055A0tdEKXfWCmQYN","","2021-01-10T12:46:23.000Z","2025-03-02T16:36:17.000Z","LA-134599"
"0015A0uFyM8kHeMQUU","Veskouve Analytics","https://veskouve.example/","1-720-555-0145","8502 Knox Way","Grimesmouth","NE","68079","United States","Government","5","0055A0WTUKgiexlQ4A","","2024-05-02T07:23:11.000Z","2026-01-31T19:50:58.000Z","LA-634766"
"0015A0NrwrUakfvQCB","Maclaes Health Corp.","https://maclaes.example/","1-512-555-0178","5915 Estrada Lane Suite 828","Gibsonville","HI","96723","United States","Media","5003","0055A0tdEKXfWCmQYN","","2018-07-06T14:59:23.000Z","2020-10-24T20:36:13.000Z","LA-270331"
"0015A00yZxdoVZqQIM","Brougruq Manufacturing Corporation","","+1 503 555 0144","389 Robinson Place","Danatown","CO","81200","United States","Machinery","159","0055A0uyQiqdtqRQIQ","","2024-04-21T20:43:46.000Z","2025-01-04T13:36:39.000Z","LA-202640"
"0015A05kv9GVXTUQA5","Raipruve Supply Ltd.","https://www.raipruve.example","+1 813 555 0189","4793 Douglas Drive","East Cheryl","MO","64751","United States","Healthcare","21","0055A0tdEKXfWCmQYN","","2018-01-15T13:55:27.000Z","2026-07-23T12:58:34.000Z","LA-498363"
"0015A0CM8cx3RwyQGE","Tubaem Capital Corp.","https://www.tubaem.example/about","","60185 Smith Lane Suite 899","Jenkinsville","KY","42116","United States","Chemicals","5009","0055A0WTUKgiexlQ4A","","2023-09-18T05:33:37.000Z","2025-04-07T02:45:38.000Z","LA-286231"
"0015A09d8VjvZ7aQQE","Stimork Networks Corporation","https://stimork.example/","+1 512 555 0181","78381 Bell Road Suite 266","Ramosport","SC","29041","United States","Recreation","40","0055A0uyQiqdtqRQIQ","","2021-12-10T01:23:32.000Z","2023-03-04T15:18:20.000Z","LA-970616"
"0015A0Sgvv06KZbQCM","Brutyn Outfitters Ltd.","","+1 702 555 0159","2231 Herrera Parkway Suite 102","Lake Yvette","ID","83813","United States","Insurance","47","0055A04zdljoQKaQAM","","2025-03-02T23:29:57.000Z","2025-10-03T15:18:15.000Z","LA-145695"
"0015A0WZXXb0kBmQ4I","Priohyrk Dynamics Ltd.","priohyrk.example","415-555-0124","30104 Marshall Place Suite 760","Cruzfurt","DE","19853","United States","Banking","41","0055A0cR5VB3fAdQUJ","","2017-11-01T13:05:27.000Z","2021-11-17T05:12:21.000Z","LA-711589"
"0015A0bUI9zJRONQM4","Bastaem Supply Corporation","www.bastaem.example","617-555-0104","203 King Parkway","Lake Julie","GA","31726","United States","Machinery","1208","0055A0tdEKXfWCmQYN","","2021-07-09T22:10:31.000Z","2022-08-15T12:02:17.000Z","LA-555506"
"0015A0Cuh1yeItHQCU","Quastaen Logistics Inc","www.quastaen.example","(415) 555-0173","2624 Arnold Avenue Suite 858","New Fernandotown","NE","68099","United States","Other","309","0055A0cR5VB3fAdQUJ","","2025-05-11T00:18:36.000Z","2026-03-08T21:58:52.000Z","LA-949421"
"0015A0aTAZelJcmQ2E","Praetaim Manufacturing Corporation","","212.555.0191","4161 Frank Lane","Diazport","AK","99605","United States","Recreation","308","0055A0WTUKgiexlQ4A","","2022-03-14T06:10:43.000Z","2026-08-27T09:05:18.000Z","LA-476341"
"0015A0bgrndO68AQAS","Pyjiom Freight Inc.","www.pyjiom.example","503-555-0128","489 Turner Avenue","New Kenneth","MS","38925","United States","Technology","6","0055A0cR5VB3fAdQUJ","","2017-11-27T01:23:57.000Z","2019-11-26T10:29:06.000Z","LA-633372"
"0015A0yIPba8IjpQME","Vybrior Systems Ltd.","","206-555-0134","27024 Hammond Way","South Christina","AL","36172","United States","Transportation","1207","0055A04zdljoQKaQAM","","2021-01-01T00:13:39.000Z","2024-07-05T00:05:24.000Z","LA-837082"
"0015A0qTcGGyL3zQUF","Privor Labs Corporation","","305-555-0149","0238 Smith Place Suite 915","Adamsview","PW","96940","United States","Recreation","152","0055A0kaLqDNLyaQIH","","2022-08-11T12:38:56.000Z","2024-08-08T09:18:16.000Z","LA-371891"
"0015A0BN9pH6RMAQG3","Trazix Energy Inc","http://trazix.example","1-813-555-0166","1746 Smith Avenue","East Brettchester","MO","64287","United States","Recreation","32","0055A0cR5VB3fAdQUJ","","2025-05-05T21:07:16.000Z","2025-09-01T23:52:35.000Z","LA-940730"
"0015A0TsleXx4h3QCB","Stoureth Networks Inc","","206.555.0177","8168 Reed Boulevard","Bakerborough","WI","53234-2994","United States","Agriculture","16","0055A0tdEKXfWCmQYN","","2025-01-06T13:29:36.000Z","2025-07-18T07:24:54.000Z","LA-217973"
"0015A0dXg2CeXwFQEV","Naten Materials Ltd.","https://www.naten.example/about","+1 813 555 0116","578 Harper Parkway","Lake Nathan","CT","06210","United States","Chemicals","1200","0055A0WTUKgiexlQ4A","","2017-12-21T10:49:46.000Z","2026-03-28T04:21:41.000Z","LA-993673"
"0015A0uDAntGxdrQMC","Grepiq Networks Corp.","www.grepiq.example","1-512-555-0197","8242 Booth Street","Jeremyshire","AR","72397","United States","Biotechnology","758","0055A0tdEKXfWCmQYN","","2017-09-13T09:40:24.000Z","2025-11-11T02:38:55.000Z","LA-584525"
"0015A0S5pCyf7kFQSQ","Didryl Logistics Inc.","www.didryl.example","","0621 Vaughn Parkway","Port Patricia","AZ","85118","United States","Technology","31","0055A04zdljoQKaQAM","","2024-04-21T13:48:17.000Z","2026-01-11T07:39:49.000Z","LA-677081"
"0015A0c7g28NwxjQAC","Cimaeve Systems LLC","www.cimaeve.example","1-813-555-0160","9897 Griffin Boulevard","Codyfurt","FM","96944","United States","Manufacturing","5003","0055A0uyQiqdtqRQIQ","","2024-02-23T09:57:34.000Z","2026-06-10T14:50:20.000Z","LA-355704"
"0015A00JeKVgi8JQUR","Vopiol Foods Corporation","vopiol.example","1-512-555-0154","6264 Green Place","Lake Toni","MD","21896","United States","Retail","1204","0055A0cR5VB3fAdQUJ","","2020-04-06T08:10:13.000Z","2021-06-20T08:19:29.000Z","LA-452239"
"0015A0E4LiTOPfdQKH","Fougar Industries Corp.","http://fougar.example","1-312-555-0144","427 Allison Court Suite 400","North Brianton","TN","37395","United States","Chemicals","21","0055A0tdEKXfWCmQYN","","2017-04-06T02:00:14.000Z","2025-01-11T01:07:50.000Z","LA-412137"
"0015A0b6FCvN7t1QYC","Claiziond Robotics Co.","","(404) 555-0192","61046 Le Drive","Sandersland","IA","51343","United States","Entertainment","300","0055A0kaLqDNLyaQIH","","2023-02-23T08:48:05.000Z","2024-10-04T05:11:36.000Z","LA-504181"
"0015A0Q2scnfrohQCA","Flouce Dynamics Inc","www.flouce.example","1-702-555-0101","964 Perez Street","West Julie","MA","01316","United States","Telecommunications","756","0055A0cR5VB3fAdQUJ","","2020-08-17T11:34:10.000Z","2021-06-14T11:54:18.000Z","LA-434055"
"0015A0x1dp4RxyhQAC","Soupeth Solutions Ltd.","http://soupeth.example","972-555-0197","45858 Fowler Court","Lake Jeffrey","FL","34137","United States","Hospitality","1200","0055A0cR5VB3fAdQUJ","","2022-09-05T12:48:39.000Z","2023-01-30T12:48:10.000Z","LA-314100"
"0015A0iIv78O6bFQES","Gymaer Systems","http://gymaer.example","1-206-555-0190","737 Klein Avenue","West Paulland","HI","96830","United States","Education","306","0055A0kaLqDNLyaQIH","","2018-10-18T12:05:00.000Z","2025-02-22T14:57:13.000Z","LA-749394"
"0015A0pD9HS8SDrQUN","Vetaeve Labs Corporation","","404-555-0108","4432 Bond Drive","Port Laura","MD","21556","United States","Not For Profit","42","0055A0kaLqDNLyaQIH","","2024-08-02T08:26:46.000Z","2026-02-02T03:16:25.000Z","LA-605787"
"0015A0S8RWEKGq9Q0H","Diofaiq Systems LLC","https://www.diofaiq.example","1-305-555-0177","7221 Bailey Parkway","Dodsonshire","MS","39420","United States","Agriculture","9","0055A0cR5VB3fAdQUJ","","2019-06-24T23:25:07.000Z","2022-04-21T08:32:43.000Z","LA-603889"
"0015A03K2aablfsQEA","Kokom International Corporation","https://www.kokom.example/about","415-555-0143","92329 Brown Boulevard Suite 937","Villegastown","AZ","85754","United States","Finance","755","0055A0kaLqDNLyaQIH","","2017-10-08T03:10:11.000Z","2026-01-05T20:29:53.000Z","LA-855224"
"0015A0Za5s7D67vQCC","Dadround Manufacturing Ltd.","https://www.dadround.example/about","1-212-555-0167","4032 Miller Drive","Hammondhaven","MO","64420","United States","Hospitality","26","0055A0cR5VB3fAdQUJ","","2023-09-20T17:00:11.000Z","2024-07-10T07:46:13.000Z","LA-198721"
"0015A0DeojjosHNQCY","Nytaes Robotics LLC","WWW.NYTAES.EXAMPLE","+1 206 555 0148","593 Anderson Road Suite 617","North Bryan","NY","13681","United States","Finance","28","0055A0WTUKgiexlQ4A","","2017-08-06T12:48:30.000Z","2020-04-25T11:34:14.000Z","LA-881313"
"0015A05oFjf94m4QIA","Zaedrairk Labs Co.","zaedrairk.example","1-813-555-0131","21213 Richardson Place","East Mindy","WV","25765","United States","Retail","13","0055A0tdEKXfWCmQYN","","2022-05-16T20:08:58.000Z","2025-09-08T09:22:00.000Z","LA-373857"
"0015A0KQ4TnNLICQW4","Zaiwoum Energy Corporation","www.zaiwoum.example","617.555.0150","453 Wood Parkway Suite 535","Anthonymouth","NC","27623","United States","Energy","86","0055A0cR5VB3fAdQUJ","","2023-03-22T04:52:33.000Z","2026-03-14T01:16:06.000Z","LA-843901"
"0015A0W84jsks6wQCA","Vozir Freight Inc.","","904-555-0108","900 Taylor Blvd","Port Carrieview","FM","96944","United States","Food & Beverage","14","0055A0tdEKXfWCmQYN","","2019-11-28T14:37:20.000Z","2024-10-13T23:39:02.000Z","LA-274219"
"0015A0VtHn2HCCAQK4","Cloweq Labs LLC","http://cloweq.example","1-212-555-0169","058 Smith Street","Whitemouth","CT","06125","United States","Chemicals","300","0055A0kaLqDNLyaQIH","","2024-12-28T07:17:34.000Z","2025-02-25T21:15:44.000Z","LA-555630"
"0015A0SM8HEmkJwQWJ","Vaehyve Foods Corporation","https://www.vaehyve.example","312-555-0101","51330 Monroe Pkwy","Lake Timothystad","WV","25419","United States","Telecommunications","751","0055A0uyQiqdtqRQIQ","","2019-06-29T18:53:03.000Z","2024-08-05T17:27:31.000Z","LA-869581"
"0015A0QRl9HnuRkQGJ","Zotril Outfitters Corporation","WWW.ZOTRIL.EXAMPLE","(415) 555-0143","52657 Parks Parkway Suite 279","South Scottfurt","KS","66208","United States","Retail","5008","0055A0WTUKgiexlQ4A","","2020-10-06T18:43:08.000Z","2026-01-08T01:49:14.000Z","LA-478994"
"0015A08vRrtJxIYQI0","Giroul Health Corp.","WWW.GIROUL.EXAMPLE","415-555-0117","4779 Horn Road Suite 425","Richardberg","VT","05343","United States","Construction","88","0055A04zdljoQKaQAM","","2020-07-13T10:47:53.000Z","2024-06-28T07:12:54.000Z","LA-192793"
"0015A0ztfhhZfLNQA0","Vedave Systems Inc.","WWW.VEDAVESYSTEMS.EXAMPLE","(813) 555-0164","343 Howell Drive","Port Luke","VA","22628","United States","Government","86","0055A0WTUKgiexlQ4A","","2018-07-17T08:39:37.000Z","2018-10-06T10:53:50.000Z","LA-324289"
"0015A0OWbLSDeVEQW1","Staquaq Logistics Co.","http://staquaq.example","(305) 555-0135","877 Tucker Court Suite 364","Morrisonmouth","KS","66542","United States","Banking","29","0055A04zdljoQKaQAM","","2020-05-22T06:44:49.000Z","2022-07-18T15:23:05.000Z","LA-675800"
"0015A0aR3jSor5qQEB","Cliowyrk Works Corporation","cliowyrk.example","(720) 555-0113","1839 Russell Way Suite 605","Maldonadoside","PA","16779","United States","Retail","86","0055A04zdljoQKaQAM","","2019-04-20T18:58:22.000Z","2025-12-14T15:33:58.000Z","LA-336220"
"0015A0llto6wwC2QAI","Traclon Manufacturing LLC","","","44964 Stevens Pl","West Phillipstad","AK","99760","United States","Chemicals","18","0055A0uyQiqdtqRQIQ","","2021-11-15T12:01:35.000Z","2025-12-14T00:44:07.000Z","LA-467238"
"0015A0rBVIEVGPeQ2P","Naikar Foods Co.","WWW.NAIKAR.EXAMPLE","972.555.0148","118 Poole Boulevard","Jonestown","AR","72585","United States","Manufacturing","49","0055A0kaLqDNLyaQIH","","2017-10-25T13:20:10.000Z","2017-11-20T05:19:31.000Z","LA-379114"
"0015A0bIDU4kBWqQ2M","clymael cap inc.","","1-702-555-0135","98629 Wallace Road","North Ashleybury","NV","89398","United States","Healthcare","1157","0055A0WTUKgiexlQ4A","","2020-10-03T23:23:18.000Z","2023-03-29T09:20:55.000Z","LA-813552"
"0015A0KFV7dGWwZQOW","Vouskaeq Health Corporation","","(702) 555-0160","153 Smith Drive","East Evelyn","MO","63721","United States","Utilities","18","0055A0cR5VB3fAdQUJ","","2019-04-28T06:57:48.000Z","2025-03-05T22:22:11.000Z","LA-389439"
"0015A0N7ZcaGPXaQKO","Trifiond Analytics LLC","www.trifiond.example","206-555-0103","346 Fowler Way Suite 200","Wendyton","SD","57766","United States","Utilities","155","0055A0WTUKgiexlQ4A","","2021-06-24T09:46:32.000Z","2026-08-28T17:02:15.000Z","LA-100814"
"0015A0jB4ISC7nCQUT","Doutras Supply Corporation","doutras.example","(206) 555-0153","06034 Guerrero Lane","Henryfort","NE","68031-2192","United States","Retail","153","0055A0tdEKXfWCmQYN","","2018-07-04T14:24:16.000Z","2023-11-08T02:22:31.000Z","LA-884885"
"0015A0R5g2lALDoQCO","Hojios International Corp.","https://hojios.example/","","155 Carroll Way","Tiffanyview","AR","71795","United States","Hospitality","8","0055A04zdljoQKaQAM","","2019-10-27T16:27:14.000Z","2020-08-27T17:09:41.000Z","LA-749161"
"0015A0wrw3c2zYhQAI","Bretaiq Labs","","(305) 555-0172","0797 Nixon Way","North Amanda","ID","83848","United States","Shipping","25","0055A04zdljoQKaQAM","","2024-04-18T07:27:31.000Z","2025-02-19T18:07:53.000Z","LA-390881"
"0015A0z9ooNgY7xQAF","Gouproun Supply Corporation","https://gouproun.example/","(415) 555-0175","5814 White Way","Munozfort","VT","05361","United States","Not For Profit","157","0055A04zdljoQKaQAM","","2020-08-01T23:49:35.000Z","2025-10-02T23:26:34.000Z","LA-735106"
"0015A0JwT3YrXEtQKN","Cagioq Foods Inc","http://cagioq.example","702.555.0139","494 Davis Court","East Crystal","MH","96970","United States","Machinery","85","0055A0tdEKXfWCmQYN","","2017-08-20T16:41:09.000Z","2019-11-15T06:17:04.000Z","LA-650499"
"0015A0E4E9s0bqPQKQ","Banith Foods Corporation","WWW.BANITH.EXAMPLE","1-512-555-0164","8789 Jones Road Suite 749","West Shaneside","MD","20885","United States","Manufacturing","1205","0055A0kaLqDNLyaQIH","","2018-04-05T01:15:02.000Z","2024-05-12T21:41:30.000Z","LA-406320"
"0015A0y5M4PC4ZnQIL","Quystuq Robotics LLC","quystuq.example","+1 404 555 0108","3880 Greer Avenue","Port Edward","KY","40726","United States","Chemicals","301","0055A0cR5VB3fAdQUJ","","2022-01-10T14:59:50.000Z","2026-06-19T05:51:12.000Z","LA-337499"
"0015A0Hil2N47YRQCZ","Quecior Capital Inc","https://www.quecior.example/about","","94957 Cervantes Parkway Suite 493","Lake Davidshire","DE","19892","United States","Agriculture","759","0055A0cR5VB3fAdQUJ","","2020-07-11T19:33:55.000Z","2024-07-16T04:50:25.000Z","LA-245179"
"0015A0hLRshjSyaQME","Cihork Holdings Inc","https://www.cihork.example/about","512.555.0100","403 Smith Way","Whitemouth","MH","96962","United States","Hospitality","751","0055A0uyQiqdtqRQIQ","","2025-02-13T11:02:18.000Z","2025-12-04T19:23:46.000Z","LA-349380"
"0015A0LaSZbhqWpQ0I","Myflys Services Corp.","https://www.myflys.example","206-555-0179","52949 Webb Drive","Middletonview","SC","29722","United States","Food & Beverage","16","0055A04zdljoQKaQAM","","2019-04-10T08:37:52.000Z","2025-10-11T15:17:29.000Z","LA-478855"
"0015A0VFhSruZ5hQWE","Mistem Manufacturing Ltd.","https://mistem.example/","+1 512 555 0112","605 Horton Way","South Jennifer","TN","37245","United States","Not For Profit","46","0055A0cR5VB3fAdQUJ","","2025-02-11T20:05:02.000Z","2026-01-14T09:28:59.000Z","LA-941095"
"0015A0CCGLfiPEUQ42","Kyflon Systems Corporation","https://www.kyflon.example/about","+1 702 555 0182","038 Mccall St","Patrickville","AK","99639","United States","Biotechnology","155","0055A0kaLqDNLyaQIH","","2023-08-10T18:17:37.000Z","2024-10-13T00:07:30.000Z","LA-117343"
"0015A0aoCRHJsrFQYT","Claejyl Manufacturing Inc.","https://www.claejyl.example/about","+1 720 555 0145","96194 Hernandez Drive Suite 409","New Brendaburgh","KY","41482","United States","Electronics","7","0055A0kaLqDNLyaQIH","","2020-05-13T21:28:24.000Z","2022-02-17T12:37:00.000Z","LA-203719"
"0015A0HCMScAjGCQ40","Zouno Energy Corporation","https://www.zouno.example","+1 617 555 0167","6351 Olson Parkway","Victoriamouth","NM","87861","United States","Entertainment","5","0055A0tdEKXfWCmQYN","","2022-02-08T06:51:57.000Z","2022-05-12T16:50:34.000Z","LA-346608"
"0015A0U8ScJ66vjQKB","Draejand Health LLC","www.draejand.example","(503) 555-0115","480 Perez Lane","Anamouth","OK","73111","United States","Chemicals","29","0055A0kaLqDNLyaQIH","","2023-06-02T09:15:39.000Z","2025-07-24T19:27:05.000Z","LA-864939"
"0015A0lOya2k9VhQEI","Saimoux Outfitters Corporation","https://www.saimoux.example/about","(206) 555-0113","702 Phillips Way","Lake John","NH","03373","United States","Agriculture","150","0055A0WTUKgiexlQ4A","","2018-08-20T05:36:29.000Z","2019-02-24T09:06:31.000Z","LA-325572"
"0015A0eicQMh1bkQQB","Japraeve Energy LLC","","(512) 555-0111","6601 Simmons Pkwy","Kristinshire","SC","29179","United States","Telecommunications","301","0055A04zdljoQKaQAM","","2022-07-29T18:43:01.000Z","2022-08-11T02:36:16.000Z","LA-137291"
"0015A0fKDv87HDgQMM","Kumom Energy Corporation","kumom.example","904.555.0128","51315 Griffith Parkway","Virginiahaven","CA","95478","United States","Finance","12","0055A0kaLqDNLyaQIH","","2019-11-01T07:31:35.000Z","2023-08-30T20:50:45.000Z","LA-849988"
"0015A0HttYpX9MIQS0","Clomus Analytics Ltd.","WWW.CLOMUS.EXAMPLE","","94236 Baker Lane","Brendaton","SC","29270","United States","Chemicals","155","0055A0tdEKXfWCmQYN","","2018-09-19T13:24:32.000Z","2024-11-25T12:52:05.000Z","LA-568533"
"0015A0tp6nTkF6BQAV","Quocove Manufacturing LLC","https://www.quocove.example/about","1-312-555-0124","31691 Ware Boulevard","Sarahside","CT","06101","United States","Manufacturing","","0055A0cR5VB3fAdQUJ","","2025-01-04T18:20:29.000Z","2025-05-04T16:06:13.000Z","LA-916796"
"0015A0Oag9qb2ntQCA","Cihork Holdings LLC","WWW.CIHORK.EXAMPLE","+1 512 555 0174","403 Smith Way","Whitemouth","MH","96962","United States","Hospitality","751","0055A0tdEKXfWCmQYN","","2019-03-10T17:51:08.000Z","2023-11-15T07:20:15.000Z","LA-132752"
"0015A0W5bTS8byRQSR","Cabyn Partners Co.","https://www.cabyn.example/about","+1 813 555 0161","506 Ortiz Ln","Stephanieshire","PW","96940","United States","Insurance","18","0055A04zdljoQKaQAM","","2022-11-14T19:36:04.000Z","2025-11-23T01:43:36.000Z","LA-814186"
"0015A0Juv5szv7OQCQ","Skocem Holdings Corp.","","1-415-555-0199","02824 Knight Blvd","Laurashire","ND","58340","United States","Biotechnology","158","0055A0uyQiqdtqRQIQ","","2020-05-16T17:37:37.000Z","2024-10-25T19:41:52.000Z","LA-643115"
"0015A0c9GE9kRjLQYU","Dygol Networks Corporation","http://dygol.example","415.555.0121","39864 Hays Dr","Kevinchester","ID","83698","United States","Communications","40","0055A0uyQiqdtqRQIQ","","2018-08-04T18:09:37.000Z","2020-05-10T21:49:04.000Z","LA-825885"
"0015A0jA0Y7uYMjQUM","Vokoul Dynamics Corporation","https://www.vokoul.example/about","813.555.0122","18743 Wilson Drive Suite 876","Kaylafort","ND","58839","United States","Government","1201","0055A0cR5VB3fAdQUJ","","2021-03-15T18:59:14.000Z","2022-05-14T02:03:37.000Z","LA-176192"
"0015A0OwjAZIWTiQSP","Quahum Foods Corporation","https://www.quahum.example/about","1-617-555-0182","9930 Raymond Parkway","Annaville","KY","41080","United States","Machinery","87","0055A0WTUKgiexlQ4A","","2020-05-26T18:01:21.000Z","2021-08-16T17:20:48.000Z","LA-765637"
"0015A0tt4hilMSeQAM","Diodand Technologies Ltd.","http://diodand.example","(415) 555-0103","05222 Cardenas Boulevard","West Sarah","WI","53654","United States","Biotechnology","5006","0055A0uyQiqdtqRQIQ","","2025-04-16T15:07:54.000Z","2026-03-10T11:28:18.000Z","LA-848713"
"0015A0DXAZFjwMUQ4Z","Lycloux Materials Inc","lycloux.example","972-555-0164","7688 Snow Way","South Melinda","MH","96969","United States","Engineering","1205","0055A0WTUKgiexlQ4A","","2025-05-17T21:09:24.000Z","2025-07-27T12:58:24.000Z","LA-509586"
"0015A0YTSRhgIZDQ42","Prystael Foods","www.prystael.example","(305) 555-0151","6296 Barnes Street","Moralesberg","KY","42672","United States","Energy","42","0055A04zdljoQKaQAM","","2023-02-10T07:07:10.000Z","2023-09-28T15:39:53.000Z","LA-567784"
"0015A0NnJDJbZWVQ03","Daeflil Holdings","http://daeflil.example","206-555-0177","158 Madden Road","Lake Noahville","VA","22282","United States","Retail","14","0055A0WTUKgiexlQ4A","","2021-01-30T01:24:01.000Z","2025-11-03T21:57:32.000Z","LA-145622"
