org,Id,entity_id,role,families
org_a,0015A05pPxLUCkhQIH,E00000,primary,
org_a,0015A0uD3w5dIVRQE2,E00001,primary,
org_a,0015A0R5KnFR5sZQKT,E00003,primary,phone_missing
org_a,0015A0Q8BuJllBgQKJ,E00004,primary,
org_a,0015A0wn1BIxY9DQQV,E00005,primary,
org_a,0015A0tnepeC7YaQAK,E00007,primary,
org_a,0015A0EN3JcHbxhQWC,E00008,primary,
org_a,0015A0HeUVwhyj7Q0A,E00009,primary,
org_a,0015A0lk0teAMlRQAW,E00010,primary,
org_a,0015A0LRXNRm8XBQ4Z,E00011,primary,
org_a,0015A0zhxaZyA7eQAF,E00012,primary,
org_a,0015A0UvtkpSIBMQC4,E00013,primary,
org_a,0015A0WYKK9fX8OQ4U,E00014,primary,
org_a,0015A035J6vj6KFQIY,E00015,primary,
org_a,0015A0gpRMILo7eQYD,E00017,primary,
org_a,0015A0RFI7mtHd5QOE,E00018,primary,addr_abbrev
org_a,0015A0qmhT2UdVfQQK,E00019,primary,
org_a,0015A0sU6s0IPODQE4,E00020,primary,addr_abbrev
org_a,0015A0M67sjimoUQCQ,E00023,primary,
org_a,0015A0dKWq3dsGOQMY,E00024,primary,
org_a,0015A0fITrIFLKPQM5,E00025,primary,
org_a,0015A0DaiOWSiWNQS1,E00026,primary,phone_missing
org_a,0015A083lKlw6TgQQI,E00027,primary,web_missing
org_a,0015A0wx7yFQ4QwQAL,E00029,primary,
org_a,0015A0oYj7tyV9JQEU,E00031,primary,
org_a,0015A0gZkLLRYxhQUH,E00032,primary,
org_a,0015A0tz2xMgMrTQAV,E00033,primary,addr_abbrev
org_a,0015A0ybwCEYhHWQQ1,E00036,primary,phone_missing
org_a,0015A0X0mxu12hkQCA,E00037,primary,
org_a,0015A02dyXpO7u0QQC,E00038,primary,addr_abbrev
org_a,0015A022bKhEmh5QQC,E00039,primary,phone_missing|web_missing
org_a,0015A07gi0qtlGvQAI,E00043,primary,
org_a,0015A0mKOwMkg3hQMB,E00047,primary,
org_a,0015A0gAKvxFAgRQMW,E00048,primary,
org_a,0015A0kb9c0YsJUQA0,E00049,primary,
org_a,0015A0oNMPxYlcgQ2C,E00051,primary,
org_a,0015A0QBFgxNA3PQOW,E00052,primary,
org_a,0015A0itbtFoGwNQAV,E00054,primary,
org_a,0015A0G6Z4qOVimQKG,E00055,primary,
org_a,0015A00QABiP49FQ2S,E00056,primary,
org_a,0015A0gviU4BZSuQQO,E00058,primary,addr_abbrev
org_a,0015A0vX7Btinp8QUA,E00059,primary,
org_a,0015A0BlJa3MBcAQKW,E00060,primary,
org_a,0015A03AMGCvyZiQ2J,E00062,primary,
org_a,0015A09oZca6WGwQIM,E00066,primary,
org_a,0015A0WSUvoQwuEQOS,E00067,primary,
org_a,0015A0lMLaycWiVQMU,E00068,primary,phone_missing|web_missing
org_a,0015A05g9L3bAmyQQE,E00070,primary,
org_a,0015A05yWLverlEQYQ,E00072,primary,
org_a,0015A0oGvWHC782QUD,E00077,primary,addr_abbrev
org_a,0015A0Yh1Y1wxMHQSY,E00078,primary,addr_abbrev
org_a,0015A0C6WwVIo7CQKT,E00081,primary,
org_a,0015A08RHbQ5eT5QMJ,E00083,primary,addr_abbrev
org_a,0015A0JV7jBsOQ0QGN,E00085,primary,
org_a,0015A0aSKf6TncAQMS,E00087,primary,addr_abbrev
org_a,0015A0txidwyYIZQA2,E00089,primary,
org_a,0015A0dgCaneBuFQIU,E00090,primary,phone_missing
org_a,0015A0g2HZLEdGeQYL,E00091,primary,
org_a,0015A0v2arr3St2QAE,E00092,primary,zip_plus4
org_a,0015A0EfS7m7h2YQKQ,E00094,primary,
org_a,0015A0GPq9z4bh0QGA,E00095,primary,
org_a,0015A0d9WIStkeoQYB,E00097,primary,
org_a,0015A02T2U2YhQyQUK,E00100,primary,
org_a,0015A0AQ51CZPmOQGX,E00101,primary,
org_a,0015A0u07492lUiQAI,E00102,primary,phone_missing
org_a,0015A09nlpQLOnLQAX,E00103,primary,
org_a,0015A0KdhMAuQzdQSF,E00106,primary,
org_a,0015A0o2XkCPeF3QIL,E00107,primary,
org_a,0015A0ZWlL4jEKKQW2,E00108,primary,addr_abbrev|web_missing
org_a,0015A0OLKAqNTV1Q4O,E00110,primary,zip_plus4
org_a,0015A0Tk84oCW4nQCG,E00111,primary,
org_a,0015A0FNErk1wyQQOQ,E00113,primary,
org_a,0015A07aqcfl3foQAA,E00114,primary,
org_a,0015A0bEqAq3YlHQUU,E00117,primary,zip_plus4
org_a,0015A0e5IOccXLPQY2,E00119,primary,
org_a,0015A0xs8KM4NzQQQV,E00120,primary,addr_abbrev
org_a,0015A0fcB9tji5PQIQ,E00122,primary,
org_a,0015A0joWwRCXnRQIX,E00124,primary,addr_abbrev
org_a,0015A0eolDZi4sZQQR,E00126,primary,phone_missing
org_a,0015A0lW8PuLzs4QUC,E00128,primary,
org_a,0015A0tUQfuRzwaQMC,E00129,primary,
org_a,0015A09sSKuZJDCQY4,E00133,primary,phone_missing|web_missing
org_a,0015A0C6GHw8fB8Q0I,E00141,primary,
org_a,0015A0RhtAxKA4XQSW,E00142,primary,web_missing
org_a,0015A0T0whoc5W0QCI,E00143,primary,addr_abbrev
org_a,0015A0ClszKqFD4QCN,E00144,intra_dup,addr_abbrev|name_sector_variant|phone_missing
org_a,0015A09qkwq8qcvQAA,E00144,primary,addr_abbrev
org_a,0015A0iCCeETKOoQMP,E00147,primary,web_missing
org_a,0015A02loKYsdItQQJ,E00148,primary,phone_missing
org_a,0015A0fQA2AQVxRQMX,E00154,primary,phone_missing|zip_plus4
org_a,0015A0MpwiUvZhKQCV,E00155,primary,
org_a,0015A0cr0FqcyiDQQQ,E00157,primary,addr_abbrev|zip_plus4
org_a,0015A0soJvEhXBvQIN,E00160,primary,
org_a,0015A0HnpaEFUEHQC5,E00161,primary,zip_plus4
org_a,0015A0BOz4XPHFGQG5,E00162,primary,
org_a,0015A0H3eGpkT5lQSE,E00164,primary,
org_a,0015A0am4OdksgaQQA,E00165,primary,
org_a,0015A0QqbwEOoWNQC1,E00167,primary,
org_a,0015A096eNo7SoBQQU,E00168,primary,
org_a,0015A0JjeWOzW6kQSF,E00169,primary,web_missing
org_a,0015A0T3ixP1WpOQCV,E00171,primary,
org_a,0015A0HwXQgESjSQ0W,E00172,primary,
org_a,0015A06fGDNDdokQYD,E00173,primary,
org_a,0015A0Q5ULXrPYfQ0N,E00176,primary,
org_a,0015A0uwBuBRRvwQIH,E00177,primary,
org_a,0015A0bf87WCIQFQA5,E00181,primary,
org_a,0015A0vVx2JNJAGQE5,E00182,intra_dup,addr_moved|phone_changed
org_a,0015A0KahIcVUb1QSG,E00182,primary,
org_a,0015A0jfn4tIU4nQAG,E00183,primary,addr_abbrev|web_missing
org_a,0015A0GqRRAUYfpQ0H,E00184,primary,
org_a,0015A0ZXAfYAgmmQOD,E00185,primary,addr_abbrev|zip_plus4
org_a,0015A03cZbBy4sCQIR,E00187,primary,phone_missing
org_a,0015A0JSWrHNdJGQO1,E00188,primary,zip_plus4
org_a,0015A0agCn5hTxCQIU,E00189,intra_dup,addr_missing|conflict_employees|phone_changed|web_missing
org_a,0015A06kj2m89VTQAY,E00189,primary,web_missing
org_a,0015A0TDtPq0q5SQWQ,E00193,primary,addr_abbrev|phone_missing
org_a,0015A0fCpP89qaNQUQ,E00194,primary,
org_a,0015A0N9oiXtz7vQCB,E00196,primary,web_missing
org_a,0015A0rwaA40PKCQQ2,E00197,primary,
org_a,0015A0y09u5QGmsQAG,E00198,primary,
org_a,0015A09jyK4tA0yQQE,E00199,primary,web_missing
org_a,0015A05JHPkUnIwQ2K,E00200,primary,
org_a,0015A0Lf4XtIi7HQSS,E00202,primary,web_missing
org_a,0015A0f2ULIrgB0QYJ,E00203,primary,
org_a,0015A0ZbXHDPTPZQ05,E00206,intra_dup,addr_abbrev|conflict_industry|phone_missing
org_a,0015A09rHr6u3BcQII,E00206,primary,zip_plus4
org_a,0015A00WoyqAzPlQEK,E00209,primary,zip_plus4
org_a,0015A0R3onicBDiQCM,E00213,primary,
org_a,0015A0djCQC9d2WQYR,E00216,primary,
org_a,0015A0ttaxAgEXRQA3,E00220,primary,web_missing
org_a,0015A0RUZNA9NsyQ4F,E00221,primary,
org_a,0015A0eUvz1YmyGQES,E00222,primary,
org_a,0015A06Xxs6LPHYQE4,E00223,primary,
org_a,0015A0xQsZ0nRoBQUU,E00224,primary,
org_a,0015A055pfJRCrTQAX,E00226,primary,zip_plus4
org_a,0015A091LMfCbO4QYK,E00227,primary,
org_a,0015A077wpHYjumQAD,E00229,primary,
org_a,0015A0nBEnolnclQMA,E00230,primary,
org_a,0015A00p5npWPGbQAO,E00231,primary,web_missing
org_a,0015A0D4GVRqxjAQ0R,E00232,primary,
org_a,0015A0D6JjbEptMQKS,E00233,primary,
org_a,0015A0ls2JpgdXyQQI,E00235,primary,addr_abbrev
org_a,0015A05GdcjA3QzQEK,E00236,primary,
org_a,0015A0tq6ljyYdMQAU,E00237,primary,addr_abbrev
org_a,0015A07toXPqCmlQQF,E00238,primary,
org_a,0015A0lqnk6HIqJQAW,E00239,primary,
org_a,0015A0vNjNMm6BUQUZ,E00241,primary,
org_a,0015A0d1SFBANi1QYH,E00243,primary,
org_a,0015A0881iMZbAhQAL,E00245,primary,
org_a,0015A0Tfs7qzxpWQCQ,E00246,primary,
org_a,0015A0zcj1OxO2eQAF,E00247,primary,
org_a,0015A0dqQj0TX0oQIG,E00248,primary,
org_a,0015A0PYOB7TTOmQ4O,E00250,primary,
org_a,0015A0RpxOb2qYGQSY,E00252,primary,addr_abbrev
org_a,0015A0fryTm7Ye3QQE,E00253,primary,web_missing
org_a,0015A01Vqhk0CYCQE2,E00257,primary,
org_a,0015A0ExVdWGvk9QKD,E00259,primary,addr_abbrev
org_a,0015A0yUuQ4oWnoQUE,E00260,primary,
org_a,0015A03YVIu9eASQ2Y,E00261,primary,phone_missing
org_a,0015A0fyXL6dkGmQYI,E00263,primary,zip_plus4
org_a,0015A0J32EeHXHMQS4,E00264,primary,addr_abbrev
org_a,0015A00uK4RicpuQIB,E00265,primary,phone_missing
org_a,0015A0yMZqksx9CQMQ,E00266,primary,
org_a,0015A0MdMLxdUhYQ0U,E00267,primary,
org_a,0015A03gPoG2LZQQI3,E00268,primary,
org_a,0015A0vXe7peiAFQEY,E00269,primary,
org_a,0015A0E1hI6qnCbQSI,E00270,primary,addr_abbrev
org_a,0015A0hh9bzEvTdQAK,E00271,primary,
org_a,0015A0OiAGGqVtEQ0V,E00273,primary,
org_a,0015A0o4XQB7aZ1QYJ,E00274,primary,zip_plus4
org_a,0015A0z36KFr3LfQQJ,E00276,primary,
org_a,0015A0eq0kdG9aXQAS,E00280,primary,
org_a,0015A0EFEY9wztvQ4A,E00284,primary,addr_abbrev|phone_missing|web_missing
org_a,0015A0fJUd6Frj6QMC,E00285,primary,phone_missing
org_a,0015A0m3YYaM6lvQYC,E00286,primary,
org_a,0015A0FB0hYLBSwQGP,E00287,primary,
org_a,0015A0ez8IXbe6CQQR,E00289,primary,
org_a,0015A0Er7sLRoaMQCT,E00290,primary,
org_a,0015A05VU7xf6ufQMA,E00291,primary,
org_a,0015A009ZZbVUI9QYO,E00292,primary,
org_a,0015A0IHxLxB2vgQWC,E00293,primary,
org_a,0015A0ePnozzYoMQEU,E00294,primary,
org_a,0015A0nG0t94l0RQEQ,E00297,primary,
org_a,0015A0npdk6yK62QAE,E00298,primary,
org_a,0015A0mskq3DzqCQAS,E00299,primary,web_missing
org_a,0015A0VcQNUKcR5Q0L,E00301,primary,addr_abbrev
org_a,0015A0Dkh8pwrqiQCA,E00302,primary,
org_a,0015A02Tojf7lKeQEI,E00304,primary,web_missing
org_a,0015A0KRfFWxLBnQWN,E00306,primary,phone_missing|zip_plus4
org_a,0015A0148Xje66dQQA,E00309,primary,
org_a,0015A0aiO3W97s7QIB,E00310,intra_dup,addr_abbrev|addr_moved|conflict_industry
org_a,0015A0oxIXwZa6yQYC,E00310,primary,
org_a,0015A0caScPGltXQIT,E00312,primary,
org_a,0015A00wAy7Ijw8QIC,E00313,primary,
org_a,0015A0YR49ebuKRQGY,E00315,primary,web_missing
org_a,0015A0rkMVeDiDkQYK,E00317,primary,addr_abbrev
org_a,0015A0Vo7gCudFtQCJ,E00318,primary,
org_a,0015A0UynsSxfcJQCR,E00323,primary,
org_a,0015A0iCtGr5ivEQUQ,E00324,primary,
org_a,0015A0U1oRY2uyxQSB,E00325,primary,
org_a,0015A0Vv1ntYE3IQCW,E00329,primary,
org_a,0015A0TlLF3gF0QQ0U,E00330,primary,
org_a,0015A03hAkw2MPLQI2,E00332,intra_dup,web_missing
org_a,0015A0Fi9PgNuOsQSK,E00332,primary,
org_a,0015A0p5unC1uNDQAZ,E00333,primary,zip_plus4
org_a,0015A0aNdJbGOvcQUG,E00335,primary,
org_a,0015A0VECKKudRQQ4Z,E00336,primary,phone_missing
org_a,0015A02Gs9b9Xn7QEE,E00337,primary,phone_missing
org_a,0015A08bOb3gC9rQIE,E00338,primary,
org_a,0015A0vwVB06RatQYE,E00341,primary,
org_a,0015A0gerc7n7qNQAQ,E00343,primary,
org_a,0015A0nRWI4HY0tQ2G,E00346,primary,
org_a,0015A0NSFyjFboYQOS,E00347,primary,
org_a,0015A0ck2HHdWeKQQV,E00348,primary,zip_plus4
org_a,0015A0GWR1CsRRIQO3,E00351,primary,phone_missing
org_a,0015A0OLDIPuY4IQ4V,E00354,primary,addr_abbrev|zip_plus4
org_a,0015A0aqYwkVPEjQIO,E00357,primary,
org_a,0015A03mRcTg7WmQIJ,E00358,primary,addr_abbrev
org_a,0015A0LxUhpxmmYQKQ,E00359,primary,web_missing
org_a,0015A0no0JGMAZaQQP,E00360,primary,
org_a,0015A0v0gciUpqFQAS,E00361,primary,
org_a,0015A0DpPOlYWyvQ0G,E00364,primary,
org_a,0015A0bR1ZEHhPRQU1,E00365,primary,addr_abbrev|web_missing
org_a,0015A0nc5m1pGAOQA2,E00366,primary,
org_a,0015A0NPzNr3FXZQW2,E00368,primary,
org_a,0015A0TW9FgzTFhQWM,E00369,primary,
org_a,0015A0OKqPwd0c8QWA,E00372,primary,phone_missing
org_a,0015A0iTM7RRTPNQM5,E00374,primary,
org_a,0015A0hcQQiOMmpQYG,E00376,primary,web_missing
org_a,0015A0dWPRMVUoRQ2X,E00379,primary,addr_abbrev
org_a,0015A0GKLCMtweyQ4B,E00380,primary,phone_missing
org_a,0015A0Xr3EiSzHVQS0,E00381,primary,phone_missing|web_missing|zip_plus4
org_a,0015A0x4I3FlxpqQIB,E00382,primary,
org_a,0015A0UxHYTQg49Q0D,E00383,primary,
org_a,0015A0FA72yY7bmQGC,E00384,primary,
org_a,0015A0njqxGJq2HQAT,E00386,primary,
org_a,0015A0PXbhViWX5QGN,E00387,primary,
org_a,0015A0CkoEcGDSlQSO,E00388,primary,
org_a,0015A0YWBrcQCErQOO,E00390,primary,addr_abbrev
org_a,0015A0CloafE7nOQCS,E00391,primary,addr_abbrev|phone_missing
org_a,0015A0zxCBdnHUPQY2,E00392,primary,
org_a,0015A03lGiG08wFQIR,E00393,intra_dup,addr_abbrev|conflict_employees|name_typo|web_missing
org_a,0015A0w3KEcvU3rQYE,E00393,primary,web_missing|zip_plus4
org_a,0015A0EPwVaamC9QWI,E00394,primary,
org_a,0015A0GTMGOUJZVQ45,E00398,primary,
org_a,0015A0SYUT2mVM8Q4M,E00401,primary,
org_a,0015A0nBKk1HhwtQMC,E00402,primary,
org_a,0015A07pkYoQIrIQQW,E00404,primary,phone_missing
org_a,0015A0EppM1p45oQSA,E00406,primary,
org_a,0015A0xpDgbb418QIA,E00407,primary,addr_abbrev
org_a,0015A0BSI89dQ7XQOU,E00410,primary,
org_a,0015A0Kox7CMZLzQCP,E00411,primary,
org_a,0015A0AjN2OqoTWQKZ,E00412,primary,
org_a,0015A0mqbMb5c22QQA,E00413,primary,phone_missing
org_a,0015A0kLOxh5VMMQM2,E00415,primary,phone_missing
org_a,0015A0gxi7KKNhQQAX,E00416,primary,web_missing
org_a,0015A0csTA6CJmMQYW,E00418,primary,
org_a,0015A0uRVfNFuTlQML,E00420,primary,
org_a,0015A0YKvBsr9iDQWQ,E00428,primary,
org_a,0015A0l8qmDpmi9QAB,E00430,primary,phone_missing
org_a,0015A07aZfaP5mkQIC,E00431,primary,phone_missing
org_a,0015A0U6JbMW868QKD,E00434,primary,
org_a,0015A0Dfa8jOXVGQC4,E00435,primary,
org_a,0015A0m6pnxn5zjQAA,E00437,primary,
org_a,0015A0rXMVwUVy4Q2G,E00438,primary,
org_a,0015A0HijTHFGc0QSH,E00442,primary,web_missing
org_a,0015A06aWqdmMmSQIU,E00443,primary,
org_a,0015A0ffnv0lXRVQA2,E00444,primary,
org_a,0015A00wojKFEdHQAX,E00446,primary,
org_a,0015A0DwNmklS6mQKE,E00447,primary,web_missing
org_a,0015A0B5lidMUe8QCG,E00448,primary,phone_missing
org_a,0015A09KULrIVdCQ2W,E00449,primary,
org_a,0015A0YZMDHOmi7Q4D,E00450,primary,zip_plus4
org_a,0015A06JDt6gjPQQMY,E00451,primary,web_missing
org_a,0015A0PCAzmsbKSQOY,E00452,primary,
org_a,0015A0mJfg7EEf8QEG,E00453,primary,
org_a,0015A0dPhnYUA1fQEH,E00455,primary,
org_a,0015A0CLXQVwnlzQ4B,E00456,primary,
org_a,0015A0vElMgcuq3QUA,E00458,primary,
org_a,0015A0lA9bixbrIQEQ,E00459,intra_dup,addr_abbrev|name_typo
org_a,0015A0tu2SDiclvQQB,E00459,primary,
org_a,0015A089gAPsvcqQQB,E00461,primary,
org_a,0015A0c9OhOLs9JQIT,E00464,primary,zip_plus4
org_a,0015A0g55aGUZPlQAP,E00466,primary,
org_a,0015A0uywCTJk9xQQD,E00468,primary,
org_a,0015A0ItX1XaGtCQKV,E00470,primary,
org_a,0015A0xhCOwhzbbQYA,E00471,primary,phone_missing
org_a,0015A0muLqQEhCeQIL,E00473,primary,
org_a,0015A0mRBIe6Mk2Q2E,E00475,primary,
org_a,0015A07yuVDuVhxQQF,E00477,primary,
org_a,0015A0MSSVzoa0QQ4Q,E00482,primary,
org_a,0015A0I9FYaH1ucQ0C,E00483,primary,web_missing
org_a,0015A0ffB6St9LaQIJ,E00484,primary,addr_abbrev
org_a,0015A0ak1sBva3LQAR,E00486,primary,
org_a,0015A0IABwJkGcxQOF,E00488,primary,
org_a,0015A0SwuTiyCplQSE,E00489,primary,
org_a,0015A0EsrizvFYeQCM,E00490,primary,addr_abbrev
org_a,0015A0L7VozB1MCQK0,E00495,primary,
org_a,0015A0rLCaJCt2OQMT,E00496,primary,
org_a,0015A0FTdy4cIF6QGM,E00497,primary,addr_abbrev|web_missing
org_a,0015A0x0K6thcKHQIY,E00499,primary,
org_a,0015A0HZUumzrqpQOA,E00500,primary,
org_a,0015A03CUJZf0Q0Q2J,E00501,primary,addr_abbrev
org_a,0015A01xIhDQ6yXQIT,E00502,primary,addr_abbrev|web_missing|zip_plus4
org_a,0015A0BGQEwtd2oQ4A,E00505,primary,web_missing
org_a,0015A0CGbWaZye5QWC,E00507,primary,phone_missing
org_a,0015A06F6Nux9bQQUQ,E00510,primary,zip_plus4
org_a,0015A03UAxPORgHQMX,E00513,primary,zip_plus4
org_a,0015A0EEimCrw30QGB,E00516,primary,web_missing
org_a,0015A0M10jzX6b3QCC,E00517,intra_dup,addr_moved|name_suffix|name_typo
org_a,0015A028CRiPxtjQYC,E00517,primary,
org_a,0015A0Xh9EmYPAVQS4,E00519,primary,
org_a,0015A085AGopujmQYA,E00521,primary,
org_a,0015A0tlqdezhoHQAQ,E00522,primary,zip_plus4
org_a,0015A07vv5JJOuJQAX,E00523,primary,addr_abbrev
org_a,0015A03liHZO9pKQQT,E00524,primary,web_missing
org_a,0015A0QnE8ecr1BQKQ,E00526,primary,
org_a,0015A0Vke0dcJrxQCE,E00527,primary,
org_a,0015A01G82vxnTRQEY,E00528,primary,addr_abbrev
org_a,0015A0Jz970wRI4QCM,E00530,primary,
org_a,0015A0jhUZ45eo9QYA,E00532,primary,
org_a,0015A0stp2LfabAQAR,E00533,primary,
org_a,0015A0g9EMycDwrQYE,E00535,primary,
org_a,0015A0OHSP4PT7aQ4G,E00536,primary,
org_a,0015A01B7RADlYgQUL,E00537,primary,addr_abbrev|phone_missing|web_missing
org_a,0015A04Fgo8j5IcQEI,E00538,primary,
org_a,0015A0iv8Vg3Kh9QQE,E00540,primary,
org_a,0015A0WdcpOjHzaQCF,E00541,primary,
org_a,0015A0ibuht1auIQAQ,E00544,primary,phone_missing
org_a,0015A0Z3AvleF9gQKE,E00545,primary,addr_abbrev
org_a,0015A0ZAx3J1UO4QGN,E00546,primary,
org_a,0015A0zhqEg9OTIQQ2,E00547,primary,addr_abbrev|zip_plus4
org_a,0015A0OsIwzTMI7QKO,E00548,primary,
org_a,0015A0BTPOdgirxQ4A,E00550,primary,
org_a,0015A0amb0TiOYNQA3,E00551,primary,
org_a,0015A0534jSGE7mQAH,E00552,primary,
org_a,0015A0W2CqNrbJaQKJ,E00554,primary,
org_a,0015A0kAeaxlV7QQEU,E00555,primary,
org_a,0015A0PPAiAHWYLQO5,E00556,primary,
org_a,0015A0oC04oeZtmQEE,E00558,primary,
org_a,0015A08QJCoQMMQQ24,E00560,primary,phone_missing
org_a,0015A0xWmSiJO2LQUW,E00563,intra_dup,addr_abbrev|conflict_employees|name_case|web_missing|zip_plus4
org_a,0015A0LHgfs6iD2QGI,E00563,primary,
org_a,0015A0mLY4gNABCQM4,E00568,primary,
org_a,0015A0XSsTD7mocQWB,E00569,intra_dup,addr_moved|conflict_industry|name_sector_variant|web_missing
org_a,0015A0u4I7LpDQsQIN,E00569,primary,
org_a,0015A0bfCqkl2xAQIQ,E00572,primary,
org_a,0015A0jrwyNaq73QAB,E00575,primary,
org_a,0015A0mVxT3uR8gQUE,E00578,primary,zip_plus4
org_a,0015A09JXFpGu3OQ2S,E00579,primary,
org_a,0015A0N4Ulb2QA8QKM,E00581,primary,
org_a,0015A0V91aFFndiQCD,E00582,primary,web_missing
org_a,0015A0qFxry93b8QEA,E00583,primary,
org_a,0015A0ibHRMSNFPQY5,E00586,primary,
org_a,0015A0v7cu5gMfrQAE,E00589,primary,addr_abbrev
org_a,0015A0yczMEb5XxQQJ,E00591,primary,phone_missing
org_a,0015A0b0S7WYsdjQID,E00593,primary,
org_a,0015A0vxLN2cRW6QYM,E00596,primary,
org_a,0015A0zk0InmA86QQE,E00597,primary,addr_abbrev
org_a,0015A0uhAQ2W2HnQYK,E00600,primary,
org_a,0015A0CnrHkeSabQSE,E00605,primary,
org_a,0015A0ru33WAlPMQA1,E00607,primary,
org_a,0015A01sNUJlsiNQYR,E00609,intra_dup,addr_abbrev|addr_moved|name_typo
org_a,0015A0LxOVrL3CRQ00,E00609,primary,
org_a,0015A04Ptu7ntbnQEA,E00610,intra_dup,conflict_employees|name_suffix|phone_missing|web_missing
org_a,0015A0JtX402W29QKE,E00610,primary,
org_a,0015A0TbgRUNENNQS5,E00613,primary,zip_plus4
org_a,0015A0RPQbbug0qQOA,E00614,primary,addr_abbrev
org_a,0015A035kg2zykQQAQ,E00616,primary,
org_a,0015A0wwuoUZ3Y3QAL,E00624,primary,
org_a,0015A0hGq7MnauSQER,E00627,primary,
org_a,0015A0X8sX0BhX7QSK,E00628,primary,addr_abbrev
org_a,0015A0LlKfaH4nqQKC,E00629,primary,addr_abbrev|phone_missing
org_a,0015A0DbYesXMXfQKO,E00630,primary,web_missing
org_a,0015A0aJC8gHXfpQMG,E00633,primary,addr_abbrev|phone_missing
org_a,0015A0sgaL03OSlQQM,E00634,primary,addr_abbrev
org_a,0015A0pqhvIfXg0QAF,E00636,primary,
org_a,0015A0pTyWVch1cQUB,E00641,primary,
org_a,0015A0goMZZFV6eQYH,E00644,primary,
org_a,0015A0OzSrUAseqQKD,E00645,primary,
org_a,0015A0nUIT3ztfCQ2Q,E00646,primary,
org_a,0015A0sg4lsFpjqQAC,E00647,primary,
org_a,0015A00LCUPXn3YQ2T,E00648,primary,web_missing
org_a,0015A0cnAiDj90oQIB,E00649,primary,
org_a,0015A0gh65oIW81QAG,E00650,primary,web_missing
org_a,0015A0TlhKtz6KDQSY,E00651,primary,addr_abbrev
org_a,0015A0CFuSfGdlpQWC,E00653,primary,
org_a,0015A0Q9uhTHabrQCD,E00654,primary,
org_a,0015A09pFK2jesNQYQ,E00656,primary,
org_a,0015A0QtlxCcHKsQCN,E00657,primary,
org_a,0015A0EiviVyZN7QCN,E00660,primary,
org_a,0015A0lcEmID9PQQI1,E00661,primary,addr_abbrev
org_a,0015A0GLcoPXpfLQGT,E00662,primary,
org_a,0015A0C8O68U3PSQK0,E00664,primary,phone_missing
org_a,0015A0V7myFwCiDQCV,E00667,primary,
org_a,0015A0p7esSK6gLQAT,E00668,primary,
org_a,0015A0ZY2J57iRTQWY,E00669,primary,phone_missing
org_a,0015A0t4kTmdUEeQQM,E00671,primary,
org_a,0015A0pbC7moSSXQI2,E00673,primary,addr_abbrev|zip_plus4
org_a,0015A0tPi0qhgt7QEA,E00674,primary,
org_a,0015A0TahtzqLGRQC2,E00675,primary,web_missing
org_a,0015A0qHgrwWuZlQEK,E00676,intra_dup,addr_abbrev|conflict_employees|conflict_industry|name_sector_variant|name_suffix|phone_missing
org_a,0015A03K7SbHrDhQUK,E00676,primary,addr_abbrev|web_missing
org_a,0015A05oepphHPyQAM,E00677,primary,addr_abbrev
org_a,0015A0VA4oQXR2yQGH,E00679,intra_dup,addr_missing|name_suffix|zip_plus4
org_a,0015A0LhpUSmWwaQSF,E00679,primary,
org_a,0015A0sC5jSR78dQED,E00680,primary,web_missing
org_a,0015A0ExT8FHvj8QKD,E00681,primary,addr_abbrev
org_a,0015A0kxAr9PVcQQIW,E00682,primary,
org_a,0015A0BEyvKphi9QGB,E00684,primary,
org_a,0015A0bUAZ3g1k6Q2A,E00685,primary,
org_a,0015A0o8JupNLQRQI4,E00688,primary,addr_abbrev
org_a,0015A08d8zNmGDHQA3,E00689,primary,
org_a,0015A0GN5PmyYkDQWU,E00694,primary,web_missing
org_a,0015A0SFEItwDxKQ4U,E00696,primary,web_missing
org_a,0015A0lpOs571tXQIQ,E00697,primary,
org_a,0015A0LVcv2aN8XQGU,E00699,primary,
org_a,0015A0zjfvEAg43QAD,E00704,primary,addr_abbrev
org_a,0015A02D3kkxSVKQE2,E00706,primary,addr_abbrev
org_a,0015A0qHpQrFxRgQUK,E00708,primary,
org_a,0015A0Cu7sJ8nqNQCR,E00710,primary,
org_a,0015A0bhHJIaVEbQYN,E00712,primary,addr_abbrev
org_a,0015A0tNKDlCDeSQ2W,E00715,primary,web_missing|zip_plus4
org_a,0015A0j1o0gcbz1QAA,E00718,primary,phone_missing
org_a,0015A00iLzZstriQIB,E00719,primary,
org_a,0015A0CrzkWL3ZRQC1,E00720,primary,zip_plus4
org_a,0015A09XandUGNeQEO,E00721,primary,addr_abbrev
org_a,0015A017gcUZPGPQA5,E00725,primary,
org_a,0015A02H2FIA1WLQU1,E00727,primary,web_missing
org_a,0015A0L63QPfzCvQSJ,E00729,intra_dup,addr_abbrev|addr_moved|conflict_employees|name_case|web_missing
org_a,0015A0AnHC666iCQ0Q,E00729,primary,web_missing
org_a,0015A0gMDahT2MBQM0,E00733,primary,
org_a,0015A0DIh86v8YyQGI,E00736,primary,zip_plus4
org_a,0015A0syxcd56imQAA,E00739,primary,phone_missing
org_a,0015A0GBcfSeFE5QGN,E00740,primary,
org_a,0015A0LqovpoWFiQCM,E00741,primary,
org_a,0015A0gtZbfZ5VuQIK,E00742,primary,addr_abbrev
org_a,0015A05rJuy4SZzQIM,E00745,primary,web_missing
org_a,0015A0Zh7zuNbi8QCC,E00748,primary,web_missing
org_a,0015A0uzyHMigNKQQZ,E00749,primary,
org_a,0015A0JuSxbQgvSQKS,E00750,primary,web_missing
org_a,0015A0uUNHkgiiQQ2Q,E00751,primary,
org_a,0015A0z3GK8RUbSQYW,E00753,primary,web_missing
org_a,0015A0izfHwSiDNQQ0,E00754,primary,
org_a,0015A0UOpGVZSU6QWP,E00755,primary,web_missing
org_a,0015A08Zchz3flQQEQ,E00758,primary,web_missing
org_a,0015A0TvAO8CCzYQ0W,E00761,primary,web_missing
org_a,0015A06if4ia7ZqQAI,E00762,intra_dup,addr_abbrev|conflict_employees
org_a,0015A0cJyLLwO2qQUF,E00762,primary,
org_a,0015A0MCwUZKucOQWT,E00766,primary,addr_abbrev
org_a,0015A0CZCNT53d5Q4B,E00767,primary,
org_a,0015A02MjIz2JEyQUM,E00768,primary,web_missing
org_a,0015A0X2V9HJR4GQKX,E00770,primary,
org_a,0015A0eXx0QCHsqQEH,E00772,primary,
org_a,0015A0xpNUzb2aNQYQ,E00773,primary,addr_abbrev
org_a,0015A02Lysv6F6RQEU,E00775,primary,
org_a,0015A0jbKIev3MUQYY,E00776,primary,
org_a,0015A0b3A8GbwGvQIJ,E00777,primary,
org_a,0015A0rx8l4xW1dQAE,E00778,primary,
org_a,0015A0hJouLRBKjQEP,E00780,primary,
org_a,0015A0nRdyhepvXQEQ,E00781,primary,
org_a,0015A0nqdPfzcRnQQI,E00782,primary,
org_a,0015A0P0UTqtyfrQ0A,E00784,intra_dup,conflict_employees|name_sector_variant|name_suffix|zip_plus4
org_a,0015A0Hb38bx3pPQCQ,E00784,primary,phone_missing
org_a,0015A0gNUsEHV2IQMX,E00785,primary,
org_a,0015A09Haj7Szx6QEC,E00786,primary,
org_a,0015A0JMoKQDMIhQWP,E00787,primary,
org_a,0015A0oWcGyklVPQUY,E00790,primary,addr_abbrev
org_a,0015A0IHmSD6u6uQWB,E00791,primary,addr_abbrev
org_a,0015A05arO74xucQQA,E00793,primary,
org_a,0015A0NyTS9oljxQ0A,E00794,primary,zip_plus4
org_a,0015A0eepAYMyBPQQ1,E00795,primary,
org_a,0015A0WgVfJh9fpQKB,E00796,primary,
org_a,0015A0q1xSA1MFZQQ3,E00799,primary,
org_a,0015A0NCvSyYnuoQWC,E00800,primary,web_missing
org_a,0015A0zI1IOoRZJQU3,E00802,primary,
org_a,0015A0CCxsBrJzVQGV,E00803,primary,addr_abbrev|web_missing
org_a,0015A0pZw3bwQqsQEE,E00804,primary,zip_plus4
org_a,0015A0b4T7P1KTWQI3,E00807,primary,
org_a,0015A0VbTDN0kibQ0B,E00808,primary,web_missing
org_a,0015A001we91tFGQAY,E00809,primary,
org_a,0015A0HPUdBcSVSQO3,E00811,primary,addr_abbrev
org_a,0015A03YS8wDeFpQMK,E00815,primary,
org_a,0015A0VjojSUnetQCD,E00816,primary,
org_a,0015A0AdM3rltiNQKQ,E00817,primary,web_missing
org_a,0015A0UpTGSTQoHQ0X,E00818,primary,
org_a,0015A0KB2yrDBOdQGO,E00819,primary,
org_a,0015A0s9Wmio1nWQIQ,E00821,primary,
org_a,0015A0yiXH0s8QoQYI,E00823,primary,
org_a,0015A0vvxOeLeiqQQC,E00824,primary,web_missing
org_a,0015A0yDmExqgxyQUA,E00826,primary,zip_plus4
org_a,0015A01tHGb1mbTQYQ,E00827,primary,
org_a,0015A00kwLirmTSQQY,E00828,primary,
org_a,0015A0vpp3iZbsQQAS,E00832,primary,zip_plus4
org_a,0015A0ctkoepRoOQAU,E00835,primary,
org_a,0015A0CgatIPnSvQCL,E00836,primary,
org_a,0015A0Jx8MpKX4cQSG,E00837,primary,
org_a,0015A0OhrujKryqQCC,E00838,primary,
org_a,0015A0pjtsihWBRQA2,E00841,primary,web_missing
org_a,0015A0DEhlRe4VXQGZ,E00842,primary,addr_abbrev|phone_missing|web_missing
org_a,0015A01trFvOAQRQQ4,E00844,primary,
org_a,0015A0qZMca8RRKQM2,E00847,primary,
org_a,0015A0EI59iXurlQGC,E00850,primary,addr_abbrev|zip_plus4
org_a,0015A0jEn09qk0CQEQ,E00851,primary,
org_a,0015A0mBLCqyMNqQ2M,E00852,primary,
org_a,0015A0OgQmtwkOuQKI,E00855,primary,addr_abbrev
org_a,0015A0HQypYJJKvQGP,E00856,intra_dup,addr_abbrev|conflict_employees|zip_plus4
org_a,0015A0H8DUaP62uQ0C,E00856,primary,
org_a,0015A0LVbduRWN1QGO,E00857,primary,zip_plus4
org_a,0015A0KKDEHJMsIQ4X,E00858,primary,
org_a,0015A0O3TFBeLtUQ0V,E00859,primary,
org_a,0015A01XdTzlhXFQUY,E00860,primary,addr_abbrev|web_missing
org_a,0015A0BSkGaCDGGQW4,E00861,primary,addr_abbrev|zip_plus4
org_a,0015A0A1QJRz3tQQ0R,E00862,primary,
org_a,0015A0UwqQPv16iQSB,E00863,primary,
org_a,0015A0TcEt0P3MAQK0,E00864,primary,web_missing
org_a,0015A03k42L3duCQAR,E00869,primary,addr_abbrev
org_a,0015A0YUExozsaYQOQ,E00872,primary,
org_a,0015A0xKoJFdJBWQU3,E00874,primary,
org_a,0015A0XPSDf9y6jQ4A,E00875,primary,
org_a,0015A05lIay081TQIQ,E00877,primary,
org_a,0015A0mLJRcnnRLQ2Y,E00880,primary,
org_a,0015A0RCY9v0Xy2QOE,E00882,primary,web_missing
org_a,0015A0u3rd4XkpPQAS,E00884,primary,
org_a,0015A0wQQxZSxNbQML,E00885,primary,
org_a,0015A0ULWrzCdMdQOK,E00886,primary,
org_a,0015A0gUhl2aBnZQEU,E00887,primary,
org_a,0015A0Adxaq4s81QCA,E00891,primary,addr_abbrev|web_missing
org_a,0015A0vusuuCH4VQAW,E00893,primary,
org_a,0015A0xtJah6jNfQII,E00894,primary,
org_a,0015A0YG3WN9DAmQWN,E00895,primary,phone_missing|zip_plus4
org_a,0015A0qtCkX6eoyQIB,E00896,primary,
org_a,0015A0qwptKfomcQAB,E00897,primary,zip_plus4
org_a,0015A0MZ8B0spESQWY,E00898,primary,addr_abbrev|phone_missing
org_a,0015A0ev1A6ouObQQI,E00899,primary,
org_a,0015A0qOBKhxrFJQ2Y,E00900,primary,
org_a,0015A0lhV3Q8LWKQI3,E00901,primary,
org_a,0015A0bzaRUX2gvQQD,E00903,primary,
org_a,0015A0Uz7oCPr1BQCT,E00905,primary,
org_a,0015A0AFXH15x9WQ4Q,E00907,primary,
org_a,0015A0qDbkF3zd6QEB,E00910,primary,web_missing
org_a,0015A0BcRlHdb9hQKB,E00912,primary,
org_a,0015A0snemwnnssQAA,E00914,intra_dup,addr_abbrev|name_sector_variant|name_suffix|web_missing
org_a,0015A05rsKS4o3wQQB,E00914,primary,web_missing
org_a,0015A0cRevupjdeQEA,E00915,primary,
org_a,0015A0Y5G8GtRC4QKN,E00917,primary,
org_a,0015A0LI5RfJEMjQWO,E00920,primary,
org_a,0015A0CaL4H02ohQKB,E00922,primary,
org_a,0015A0MoC4wgD9QQKU,E00926,primary,zip_plus4
org_a,0015A0FHhQNVM3wQWH,E00928,primary,
org_a,0015A0iRHHq0k9nQ2A,E00929,primary,
org_a,0015A0hRLtFPPcbQMH,E00930,primary,
org_a,0015A0zGZWFYWOcQ2P,E00931,primary,
org_a,0015A0VvlIeFpAFQS0,E00932,primary,
org_a,0015A0cvEt5Mga0QIC,E00933,primary,
org_a,0015A0AR7WSrJ6KQWV,E00935,primary,
org_a,0015A0KuwH0QLgWQSW,E00938,primary,
org_a,0015A0BQLsNz7nDQOR,E00939,primary,addr_abbrev
org_a,0015A0fnf1WtduzQAB,E00940,primary,phone_missing
org_a,0015A0qu0NHFbI3QQL,E00941,primary,addr_abbrev
org_a,0015A0BTu1GZoEQQG1,E00942,primary,
org_a,0015A0sa4ip9wkaQAA,E00943,primary,addr_abbrev
org_a,0015A0uRhU9qro8QUA,E00944,primary,zip_plus4
org_a,0015A0Oa68AMkZKQC1,E00946,primary,web_missing
org_a,0015A0rLBw9Y5SNQM0,E00948,primary,addr_abbrev
org_a,0015A08mlArD55GQQS,E00949,primary,
org_a,0015A07kCqSghEbQIJ,E00950,primary,
org_a,0015A0fUe4cly0rQEA,E00951,primary,web_missing
org_a,0015A0gVF89OPERQM4,E00953,primary,
org_a,0015A0YeZiPVdYUQK1,E00954,primary,zip_plus4
org_a,0015A0kySHlb81IQYQ,E00955,primary,addr_abbrev
org_a,0015A0ZSkEOwaR4QWJ,E00956,primary,addr_abbrev
org_a,0015A03mlkiDpvsQAC,E00960,primary,
org_a,0015A0VCjE8I0OaQWK,E00961,primary,
org_a,0015A0bBHltB7tkQMC,E00963,primary,
org_a,0015A0TOehJXxkEQGT,E00965,primary,addr_abbrev
org_a,0015A0b3wnoCSKJQA4,E00966,primary,addr_abbrev
org_a,0015A04AZP0DLK5Q2O,E00967,primary,phone_missing
org_a,0015A03cF7V7eWDQIZ,E00969,primary,
org_a,0015A0jGnNYsneEQUR,E00970,primary,zip_plus4
org_a,0015A0A4qSCVIIOQS5,E00973,primary,addr_abbrev|web_missing
org_a,0015A0LDibOoHHRQG3,E00975,primary,
org_a,0015A0f4gTIj4DzQQJ,E00976,primary,addr_abbrev
org_a,0015A0PNPySqwv4QOB,E00977,primary,
org_a,0015A0L9ehNowSdQCJ,E00979,primary,addr_abbrev
org_a,0015A011xSSH2SzQQL,E00980,primary,
org_a,0015A0pxPHZQ6QFQY1,E00981,primary,
org_a,0015A0bChFUjRmGQUV,E00982,primary,
org_a,0015A0suLX9ykYiQYI,E00983,intra_dup,name_case|name_sector_variant|phone_missing|web_missing
org_a,0015A07GbHL8ImuQUF,E00983,primary,
org_a,0015A0XDBsQt0JCQOZ,E00984,primary,
org_a,0015A0sNLSbBxsqQ2C,E00985,primary,
org_a,0015A03sXVAnWDqQYN,E00986,primary,web_missing
org_a,0015A00ZuMU7U48QUF,E00987,primary,
org_a,0015A0Hw9C7GQZuQSO,E00988,primary,web_missing
org_a,0015A0YbbZqXqQFQS0,E00990,primary,
org_a,0015A0llzacpw6GQAQ,E00991,primary,addr_abbrev|web_missing
org_a,0015A0DGHwcfwfmQOA,E00993,primary,addr_abbrev
org_a,0015A0gXC0SBaRUQM1,E00996,intra_dup,conflict_industry|web_subdomain
org_a,0015A0Bf2tg1sfZQCQ,E00996,primary,addr_abbrev|phone_missing
org_a,0015A0Du4eIe0ubQCB,E00998,primary,
org_a,0015A0nNLKkMpL9Q2K,E00999,primary,web_missing
org_a,0015A0fB4TKbb9rQUB,E01000,primary,
org_a,0015A0dVhfvYnaDQES,E01001,primary,
org_a,0015A0dhoKaXMeRQQW,E01002,intra_dup,name_sector_variant|name_typo|phone_missing|web_missing
org_a,0015A0nCdUyzQQqQUM,E01002,primary,web_missing
org_a,0015A0QJswdYpTpQGK,E01003,primary,
org_a,0015A0XezbIxcBFQCZ,E01010,primary,addr_abbrev
org_a,0015A0U0wTEMpWxQSL,E01012,primary,zip_plus4
org_a,0015A0JbIOEFc6EQ0T,E01013,primary,
org_a,0015A0zbWSUUEakQYH,E01015,primary,addr_abbrev|zip_plus4
org_a,0015A02Nh23W47zQEC,E01016,primary,addr_abbrev
org_a,0015A0iD7E5qUDvQUM,E01017,primary,
org_a,0015A0eyfQi8F2bQQE,E01018,primary,
org_a,0015A09bNZTouAWQYZ,E01019,primary,
org_a,0015A0ARyNGgWGsQWN,E01021,primary,addr_abbrev
org_a,0015A0Rkqwjc5nEQCQ,E01022,primary,web_missing
org_a,0015A0paGSkPR1oQYG,E01024,primary,
org_a,0015A0gFDKEnssjQ2B,E01025,primary,
org_a,0015A0DNszKSBnIQGX,E01027,primary,addr_abbrev|zip_plus4
org_a,0015A0yj1qaVWAyQAO,E01028,primary,web_missing
org_a,0015A0aD2arKD4xQEG,E01030,primary,addr_abbrev|phone_missing|zip_plus4
org_a,0015A01q2j8I5pPQAS,E01031,primary,addr_abbrev
org_a,0015A0CdFGDilV7Q0J,E01032,primary,addr_abbrev
org_a,0015A0rNeBrjh2MQUQ,E01035,primary,zip_plus4
org_a,0015A0jOS38Kw5gQMC,E01036,primary,zip_plus4
org_a,0015A0meSOhK1PUQY0,E01037,intra_dup,addr_abbrev|conflict_employees|conflict_industry|phone_changed|web_missing
org_a,0015A0PIt5MLnVjQGL,E01037,primary,
org_a,0015A09TmT3YpeIQUS,E01038,primary,
org_a,0015A0FTJUK0eBzQ4J,E01039,primary,
org_a,0015A0irxcajvpgQAA,E01040,primary,addr_abbrev
org_a,0015A0p0F1OufjCQIR,E01042,primary,
org_a,0015A0Jpanp7pZsQCI,E01043,primary,
org_a,0015A0yF50X65WhQEJ,E01044,primary,phone_missing
org_a,0015A0G3p7aGoQFQC0,E01045,primary,
org_a,0015A0qdlbDpSVdQAN,E01047,primary,
org_a,0015A0i40VKAWXJQQ5,E01051,primary,addr_abbrev
org_a,0015A0XGTaeguatQOA,E01052,primary,addr_abbrev
org_a,0015A07ivbF1DnUQAV,E01053,primary,
org_a,0015A0Ux87m0quKQCQ,E01054,primary,
org_a,0015A0DnOOhLPcCQ0W,E01055,primary,
org_a,0015A0IIKfyjcEPQOY,E01057,primary,addr_abbrev|zip_plus4
org_a,0015A0Y2VzSSna0QKD,E01058,primary,addr_abbrev
org_a,0015A0f6aggDUTnQAO,E01064,primary,
org_a,0015A0jiBB8SxDQQY0,E01066,primary,
org_a,0015A0Guny1KcjbQCC,E01068,primary,addr_abbrev
org_a,0015A0hy9r7hCNVQA2,E01072,primary,phone_missing|web_missing
org_a,0015A0U8e3hKCJsQCO,E01074,primary,
org_a,0015A01KadGzsHzQEJ,E01076,primary,
org_a,0015A0KCUo2yY6QQOU,E01077,primary,
org_a,0015A0nYODTWNF7Q2P,E01078,primary,web_missing
org_a,0015A0qq3kPV28NQAT,E01080,primary,addr_abbrev
org_a,0015A03suMsEgp1QQC,E01081,primary,
org_a,0015A0ksCLeLVIxQYO,E01082,primary,addr_abbrev|zip_plus4
org_a,0015A0npQncz7A0QII,E01084,primary,addr_abbrev
org_a,0015A0JahCB5gu7QSB,E01085,primary,
org_a,0015A0btLpy8ke8QIA,E01089,primary,web_missing
org_a,0015A0WwRQ7OCk3Q0G,E01091,primary,
org_a,0015A0n4Gh83VEoQIM,E01092,primary,web_missing
org_a,0015A0xiLuiIcyvQIC,E01094,primary,
org_a,0015A0ljkdH1YRpQAN,E01097,primary,
org_a,0015A01h63PuO2rQAF,E01098,primary,web_missing
org_a,0015A07IxHF2KGdQUN,E01100,primary,addr_abbrev
org_a,0015A0M6WntwTYsQKM,E01101,primary,web_missing
org_a,0015A0c1Vjm4QNRQI2,E01102,primary,zip_plus4
org_a,0015A08sqsZr8QEQAZ,E01103,primary,
org_a,0015A0NI0mgcyYQQGY,E01104,primary,
org_a,0015A0jCHnZhrmfQMB,E01105,primary,
org_a,0015A0upH6pZ7UJQI0,E01106,primary,zip_plus4
org_a,0015A0VJahMMjraQGD,E01107,primary,web_missing
org_a,0015A0gdX4dSdZEQI0,E01108,primary,addr_abbrev
org_a,0015A05MlGLmFZ0QUN,E01109,primary,addr_abbrev
org_a,0015A0ReMVgY1sJQ0S,E01112,primary,
org_a,0015A0GtbNVx3krQSB,E01113,intra_dup,conflict_employees
org_a,0015A0jzCwbxpAnQII,E01113,primary,
org_a,0015A0lgKizNNOrQIO,E01115,primary,
org_a,0015A0AuOwwxW4WQKU,E01116,primary,
org_a,0015A0pJxQzNgwpQUC,E01118,primary,
org_a,0015A076jJtlskjQQA,E01120,primary,
org_a,0015A0zChl1rgRtQEI,E01121,primary,
org_a,0015A0wgRNJ7rMSQYZ,E01122,primary,
org_a,0015A0xAkCUWjaiQUD,E01123,primary,
org_a,0015A0MSTzFuJpJQOV,E01124,primary,
org_a,0015A0YHw67oFgoQGE,E01126,primary,
org_a,0015A0A8uurlRUEQC2,E01130,primary,
org_a,0015A0kFbCx0xKnQUI,E01131,primary,web_missing
org_a,0015A0BlQgln3aZQKQ,E01132,primary,
org_a,0015A0aKfLntOOxQUM,E01134,primary,
org_a,0015A0eGZ7o4xb2QMA,E01135,primary,
org_a,0015A0JzGlvdBA0QKM,E01136,primary,
org_a,0015A0PVGX0QYCMQ44,E01139,primary,
org_a,0015A0zBtdfAvcQQES,E01141,primary,web_missing
org_a,0015A0kZec2UD8MQEW,E01142,primary,
org_a,0015A0XKKW5oGlRQ4U,E01143,primary,
org_a,0015A0cqIiwvdSXQIY,E01144,primary,
org_a,0015A0Yb0dgKhwnQCC,E01147,primary,
org_a,0015A0mxGf30QIAQI2,E01152,primary,
org_a,0015A05vmyGJswdQAD,E01154,primary,
org_a,0015A0WXV5VmNdSQOV,E01155,primary,
org_a,0015A0pt2mmRVGdQAO,E01159,primary,
org_a,0015A03xVCGIo7zQYD,E01164,primary,
org_a,0015A0VRZpPmqSEQOZ,E01165,intra_dup,addr_missing|conflict_employees|name_case|name_sector_variant|phone_changed
org_a,0015A0FIhqTP0N4QGL,E01165,primary,addr_abbrev
org_a,0015A0kriQYlaHxQQJ,E01166,primary,
org_a,0015A0Oww7h9yzJQCQ,E01167,primary,
org_a,0015A0vpteUf03mQAB,E01169,primary,phone_missing
org_a,0015A03EmVshezDQUQ,E01170,primary,phone_missing
org_a,0015A03943zmctvQAA,E01175,primary,
org_a,0015A0hJx2TXv28QED,E01176,primary,
org_a,0015A0oHHtpmA0FQMU,E01177,primary,
org_a,0015A03MWLZm1ZvQ2J,E01178,intra_dup,name_case|name_suffix|zip_plus4
org_a,0015A0Vbs7Y4NK6QCN,E01178,primary,
org_a,0015A0ZPb6cnU6qQGE,E01181,primary,web_missing
org_a,0015A0ihvdZsAwDQAV,E01183,primary,
org_a,0015A0JWLCAi3fjQ4B,E01184,primary,addr_abbrev
org_a,0015A0yrSpfL9xiQIC,E01188,primary,
org_a,0015A0l7rB0cM1JQQU,E01189,primary,
org_a,0015A0Vi9wpjkRsQCI,E01195,primary,addr_abbrev|phone_missing
org_a,0015A0FWPpo9fBPQOY,E01197,primary,
org_a,0015A0rNAJmoYqJQ2U,E01200,primary,
org_a,0015A069Tp3s4QnQII,E01201,primary,
org_a,0015A0DIKFDuGulQ4F,E01203,primary,
org_a,0015A0Wgb5dWJo4QCG,E01204,primary,phone_missing|zip_plus4
org_a,0015A0A9QbBtDMSQK3,E01205,primary,web_missing
org_a,0015A0nwUWUN5bBQYT,E01206,primary,
org_a,0015A0jU8saBlQYQE0,E01207,primary,
org_a,0015A0LvDRtq6rmQ0A,E01209,primary,
org_a,0015A0naLRwWQsvQYG,E01212,primary,
org_a,0015A0hvX5HGkjmQID,E01213,primary,addr_abbrev
org_a,0015A0LnS2pS4UHQK0,E01214,primary,addr_abbrev|web_missing
org_a,0015A0AlWX72YMPQ02,E01215,primary,
org_a,0015A01hDhYcah8QIB,E01216,primary,
org_a,0015A0Dubg1LIiHQCW,E01223,primary,
org_a,0015A0RNmDRfC9uQWF,E01224,primary,
org_a,0015A0BcNMgaCgnQ0E,E01226,primary,zip_plus4
org_a,0015A0RRK9QRbDDQO1,E01227,primary,
org_a,0015A0gRfwPsrQbQEJ,E01228,primary,
org_a,0015A0O0qr7kvkQQCQ,E01231,primary,
org_a,0015A0I62SMB61YQST,E01233,primary,
org_a,0015A0UkdZRKXxSQSX,E01234,primary,
org_a,0015A0Pd9fZIjHEQC1,E01236,primary,
org_a,0015A002h9AUDNOQA5,E01237,primary,addr_abbrev|web_missing
org_a,0015A0V8j14wxtSQCQ,E01239,primary,
org_a,0015A0N7w4EUu2xQCD,E01240,primary,phone_missing
org_a,0015A0tZPQSEWvUQ2X,E01243,primary,
org_a,0015A0ByYF5jkpUQ0Q,E01246,primary,
org_a,0015A0q7Aj9uAnXQIU,E01247,primary,
org_a,0015A0bVZBmJMWjQ2O,E01248,primary,phone_missing|web_missing|zip_plus4
org_a,0015A0MV8JZqO9qQWF,E01249,primary,
org_a,0015A0PmE15YaGBQK0,E01251,primary,web_missing
org_a,0015A0wQ2j0Fyf8QEC,E01254,primary,
org_a,0015A0S4F2WQX55QKH,E01255,primary,addr_abbrev
org_a,0015A0VPmdIwt5JQGR,E01256,primary,
org_a,0015A0suFK4EX3NQYW,E01257,primary,
org_a,0015A0sHdLexCC4QUM,E01258,primary,
org_a,0015A0lVcfopBfoQEE,E01261,primary,
org_a,0015A0jzntSlXrNQAV,E01262,primary,
org_a,0015A0sS60HdokOQER,E01265,primary,addr_abbrev
org_a,0015A0iHxnUI3wkQED,E01268,primary,
org_a,0015A0jp9RrX5R5QQK,E01271,primary,zip_plus4
org_a,0015A0yr1Jju8j6QQA,E01274,primary,
org_a,0015A0aGGqEiwsfQMB,E01278,primary,web_missing
org_a,0015A0fg1tlzALoQAM,E01280,primary,
org_a,0015A0tZxf5RLi5QEG,E01281,primary,web_missing
org_a,0015A0V976nlKbVQCU,E01282,primary,
org_a,0015A0wKorkhXKQQE2,E01283,primary,
org_a,0015A0msZ79rHKWQI2,E01284,primary,
org_a,0015A0xuoN5KHeeQQG,E01285,primary,
org_a,0015A0ZvPfWYdZSQK1,E01286,primary,
org_a,0015A0p5aUD1b9tQQB,E01287,primary,web_missing
org_a,0015A0iWVhNmLl1QMF,E01290,primary,
org_a,0015A0yyuz2jDM3QAM,E01292,primary,
org_a,0015A0Yw5jqyB70QCE,E01294,primary,phone_missing
org_a,0015A003Xkmj7cnQIA,E01299,intra_dup,addr_abbrev|phone_missing
org_a,0015A0Jz7XclmuTQSQ,E01299,primary,
org_a,0015A0WBe2X7wQHQGZ,E01300,primary,
org_a,0015A0ky2sJNoY2QAL,E01301,primary,
org_a,0015A0n9fhMMqD9QAL,E01302,primary,
org_a,0015A0hfUDQ52aFQYR,E01307,primary,
org_a,0015A0NwXjhiRVYQK2,E01308,primary,web_missing
org_a,0015A0Fpi6FubXGQCZ,E01309,primary,zip_plus4
org_a,0015A0rEVG1EBTfQ2O,E01310,primary,
org_a,0015A0a1zUf8DhrQQE,E01314,primary,
org_a,0015A0ZSwvnHhAfQGK,E01315,primary,
org_a,0015A0DlThbNNpfQKG,E01316,primary,
org_a,0015A0naM4F9d2BQIR,E01319,primary,web_missing
org_a,0015A0d3Xd8KHatQIG,E01323,primary,addr_abbrev
org_a,0015A0RuoMtYOXjQSO,E01326,primary,
org_a,0015A0cjROFdOs6QYF,E01331,primary,web_missing
org_a,0015A0bLUxTlanpQMB,E01334,primary,
org_a,0015A0OdK3pre58QKA,E01336,primary,
org_a,0015A0eCcguqDyzQEE,E01340,primary,web_missing
org_a,0015A01U77RSRUnQEP,E01341,intra_dup,addr_abbrev|name_sector_variant|phone_missing
org_a,0015A0Zn55IKUCEQC5,E01341,primary,addr_abbrev
org_a,0015A0RCMR1luGqQ4I,E01342,primary,
org_a,0015A0KoTvLxqmWQKR,E01344,primary,addr_abbrev
org_a,0015A0f0XA0J7zfQYC,E01345,primary,phone_missing
org_a,0015A0AB1UAaJ2UQWV,E01346,primary,
org_a,0015A0aUFiUTla8QMD,E01347,intra_dup,addr_missing|name_typo|phone_missing
org_a,0015A0mvteiMGjhQAG,E01347,primary,
org_a,0015A0noct8uDpJQAU,E01348,primary,
org_a,0015A05a0vDJ5nUQAT,E01351,primary,zip_plus4
org_a,0015A0Ef2y9aJ9oQCE,E01353,primary,
org_a,0015A0jzPSqbAmrQYE,E01354,primary,addr_abbrev
org_a,0015A0c6VXXJHaJQYX,E01355,primary,
org_a,0015A0gVrBIUD6xQUH,E01356,primary,
org_a,0015A0lOx5WSq6rQED,E01358,primary,addr_abbrev
org_a,0015A0bHxleorPgQEI,E01361,primary,
org_a,0015A0heVnHl0LMQIZ,E01362,primary,addr_abbrev
org_a,0015A0ewuMAkIjsQQF,E01367,intra_dup,addr_abbrev|addr_missing|conflict_industry|name_suffix
org_a,0015A0yDpLw88daQUA,E01367,primary,
org_a,0015A00MXjk38qTQMQ,E01371,primary,
org_a,0015A0R5lxlFX1pQCG,E01372,primary,
org_a,0015A0IYNm2Ae2xQOC,E01373,primary,
org_a,0015A0jhM3PfIwVQIV,E01374,primary,
org_a,0015A0LABBOo2BLQ4Z,E01377,intra_dup,addr_missing|name_suffix|phone_missing
org_a,0015A0WBtkA4c58QGB,E01377,primary,
org_a,0015A0n46YKT4wQQQT,E01380,primary,web_missing
org_a,0015A0bjvq9dfgzQAA,E01381,primary,
org_a,0015A0DOstmw4joQGA,E01384,primary,
org_a,0015A0MyUdMffF4QKJ,E01385,primary,
org_a,0015A0SJLN6Ef17Q4C,E01392,intra_dup,addr_abbrev|conflict_employees|name_typo|zip_plus4
org_a,0015A0KvZ6Az2aKQKR,E01392,primary,
org_a,0015A0VeTPpCRKlQ0O,E01393,primary,
org_a,0015A0pl8zIw00TQAR,E01395,primary,phone_missing
org_a,0015A0Srfu9FQZAQC4,E01399,primary,
org_a,0015A0TPnC4KgcRQWS,E01400,primary,
org_a,0015A0Bbm1JwKB9QCN,E01403,primary,zip_plus4
org_a,0015A0w3D0novH2QII,E01404,primary,phone_missing
org_a,0015A0EJilWLVcSQGX,E01405,primary,
org_a,0015A05ItJO9QC7QUN,E01406,primary,
org_a,0015A0K5Jusq063QKA,E01408,primary,
org_a,0015A0SVCRLdtK7Q4J,E01409,primary,
org_a,0015A0o51GUxwyfQQB,E01411,primary,zip_plus4
org_a,0015A0V01gibd66QCA,E01413,primary,
org_a,0015A0JjWIAC6ahQ0D,E01414,primary,
org_a,0015A06kwsp6q9rQAA,E01415,primary,addr_abbrev
org_a,0015A017L61Uh2PQIS,E01418,primary,
org_a,0015A0kms9JHlgvQAD,E01419,primary,
org_a,0015A034QyN5xQNQIZ,E01422,primary,phone_missing
org_a,0015A0F3BRWRU3gQ0H,E01423,primary,
org_a,0015A0PBAfMljBrQOJ,E01424,primary,
org_a,0015A0ahmETiRabQQF,E01425,primary,
org_a,0015A0lQyojJdh4QEC,E01426,primary,web_missing
org_a,0015A0bRFraEOw7QMG,E01427,primary,
org_a,0015A0Q5FOznjxlQ0A,E01430,intra_dup,name_sector_variant|name_suffix|web_missing
org_a,0015A0K9TC4fAptQ0E,E01430,primary,
org_a,0015A0wtcyEyzlhQAB,E01431,primary,
org_a,0015A0cXq02OAzSQEW,E01432,primary,addr_abbrev|web_missing
org_a,0015A0CKqXuk5HFQWY,E01433,primary,
org_a,0015A0gY3KIHy5sQUD,E01434,primary,
org_a,0015A0kKINefN0BQ2U,E01435,primary,web_missing
org_a,0015A0AOwZofnlbQWA,E01436,primary,
org_a,0015A0tfy9XfWEEQA3,E01437,intra_dup,addr_missing|addr_moved|conflict_industry|name_suffix|name_typo|web_missing
org_a,0015A03kgdMZki9QAD,E01437,primary,
org_a,0015A01OcLdeYQrQUM,E01438,intra_dup,addr_abbrev|conflict_employees|name_suffix|name_typo|phone_missing|web_subdomain
org_a,0015A06szgaRSOAQA4,E01438,primary,
org_a,0015A0dZ9u2bCL7QEM,E01440,primary,
org_a,0015A0hof4lWbDjQAK,E01441,primary,
org_a,0015A0kKBJsFQqMQ2W,E01442,primary,
org_a,0015A0MWom9vHhVQGU,E01444,primary,
org_a,0015A0nxAZxQla4QYC,E01445,primary,
org_a,0015A0EQDA9JYrrQ4G,E01449,primary,
org_a,0015A007HA4OLc4QYG,E01451,primary,zip_plus4
org_a,0015A0VaJzu0KDtQKM,E01453,primary,phone_missing
org_a,0015A05qx87HskoQAC,E01454,primary,
org_a,0015A0AZ3jUVjTmQGL,E01455,primary,
org_a,0015A0Yfx7F2FbGQCV,E01457,primary,
org_a,0015A0ue9XD3FLPQQ3,E01459,primary,
org_a,0015A05PCry9mbiQMA,E01460,primary,
org_a,0015A0igEvE1fDFQIZ,E01462,primary,
org_a,0015A0o78tsLCkpQAG,E01464,primary,addr_abbrev|zip_plus4
org_a,0015A0hHrTe4wk9QUA,E01466,primary,
org_a,0015A0VL0oxivUYQGY,E01468,primary,
org_a,0015A0y3UJGVPGJQY5,E01469,primary,web_missing
org_a,0015A0F7z8nOBodQCG,E01470,primary,
org_a,0015A0dziMdFqR9QQK,E01472,primary,
org_a,0015A03E7Lgs7BmQUI,E01473,primary,
org_a,0015A0khXkVLMuKQIX,E01474,primary,
org_a,0015A0Ow7DrnsYVQSY,E01476,primary,phone_missing|web_missing
org_a,0015A07TsCQkkcOQUR,E01477,primary,
org_a,0015A0obe44aRrdQAE,E01478,primary,zip_plus4
org_a,0015A02VufqpCTnQEM,E01483,primary,
org_a,0015A0FBs3hlVYgQGM,E01484,primary,
org_a,0015A0Ka7dYtSKEQC3,E01485,primary,
org_a,0015A0gVn8qQiREQE0,E01488,primary,
org_a,0015A0HUDpQ09CHQOZ,E01494,primary,
org_a,0015A0xYZUbMI6gQ2G,E01497,primary,
org_a,0015A0BjVD7tyGaQ0I,E01498,primary,
org_a,0015A0MNZl31axfQOA,E01501,primary,
org_a,0015A0ZMcsZd4wNQGR,E01503,primary,
org_a,0015A0e5yKb5IVqQQM,E01504,primary,
org_a,0015A0RyJnj2WPdQKM,E01506,intra_dup,name_sector_variant|name_suffix|phone_missing
org_a,0015A042x0zRYnTQAW,E01506,primary,addr_abbrev|phone_missing|zip_plus4
org_a,0015A0V8rp7NnNfQCK,E01509,primary,
org_a,0015A0wkOZ9aUYBQY2,E01511,primary,addr_abbrev
org_a,0015A0GgzzgOgP5QCK,E01512,primary,
org_a,0015A0l58xbgJTjQAM,E01513,primary,web_missing
org_a,0015A0NJ7eSXwE7QGL,E01516,primary,phone_missing
org_a,0015A0z32wjQTASQA4,E01517,primary,
org_a,0015A0dfzjrcrrMQAQ,E01518,primary,
org_a,0015A0jgYOi8VWdQYM,E01519,primary,
org_a,0015A0iEENpdIMGQ22,E01520,primary,web_missing
org_a,0015A0ATcRA76bqQWB,E01522,primary,
org_a,0015A0Mgrpwv06dQCA,E01524,primary,addr_abbrev
org_a,0015A0V3Uy4EgvyQKC,E01528,primary,
org_a,0015A0WUktnRQieQGG,E01529,primary,
org_a,0015A0UfTxA8umgQKB,E01530,primary,
org_a,0015A0uBxVvQLcbQUG,E01531,primary,
org_a,0015A0dNUkCDqKaQML,E01532,primary,
org_a,0015A0W9Qh1RkRdQKK,E01533,primary,web_missing
org_a,0015A09nogestlJQAQ,E01534,primary,
org_a,0015A04RQvgNtonQMC,E01535,primary,
org_a,0015A0KhtJlT4D0QSK,E01536,primary,phone_missing
org_a,0015A0FUVYIOUEDQ45,E01539,primary,
org_a,0015A0jZkUoPLdUQUW,E01542,primary,
org_a,0015A00C1eklIi5QEE,E01543,intra_dup,name_case|name_typo|web_missing
org_a,0015A0O4yoruno9QCA,E01543,primary,
org_a,0015A0xlyvTlA1hQAF,E01544,primary,web_missing
org_a,0015A0THr7yHtzYQGS,E01545,primary,
org_a,0015A0rugKpJRhUQQW,E01546,primary,web_missing
org_a,0015A0MERYAeQQDQ43,E01547,primary,phone_missing
org_a,0015A0G4dzSs1qNQCR,E01548,primary,
org_a,0015A0Qm0oUMmdnQCD,E01549,primary,
org_a,0015A0vqYGySvKzQYK,E01550,primary,web_missing
org_a,0015A0Y5GXGuceNQ0R,E01551,primary,
org_a,0015A084l7zB349QAC,E01552,primary,
org_a,0015A0qzr4tUeNtQAK,E01553,primary,
org_a,0015A0mOybXAiMjQEL,E01556,primary,
org_a,0015A04LLsiO7djQMC,E01557,primary,
org_a,0015A02sQ1EvgMRQIZ,E01558,primary,
org_a,0015A0bbbgdNwJ6QAK,E01559,primary,
org_a,0015A0V8twgYsmpQCC,E01562,primary,
org_a,0015A0P1nu6iMTyQCM,E01563,primary,zip_plus4
org_a,0015A000Zl8TQzsQIG,E01564,primary,
org_a,0015A0Jl6ciGtGjQCK,E01566,primary,
org_a,0015A0zXrrv1y38QEA,E01568,primary,
org_a,0015A0MWZRsN0GHQ40,E01570,primary,
org_a,0015A0GmZxeTmhLQKS,E01573,primary,
org_a,0015A001l8RHKtHQAX,E01574,primary,
org_a,0015A0lzs8DiE8hQAF,E01575,primary,
org_a,0015A0wpGIJJnEzQYL,E01577,primary,addr_abbrev
org_a,0015A083QDTGRcVQYX,E01578,primary,addr_abbrev
org_a,0015A0RipDENFUUQS5,E01580,primary,
org_a,0015A0R390itZLfQCM,E01581,primary,
org_a,0015A0AVwFd31jnQWA,E01582,primary,
org_a,0015A0TNI3ZhsU7QOJ,E01585,primary,web_missing
org_a,0015A0mgwEZk66MQQR,E01586,primary,
org_a,0015A0ooazsLVKhQAO,E01588,primary,
org_a,0015A05dkZzw3xZQQQ,E01589,primary,
org_a,0015A0CipodJc1bQCC,E01590,primary,
org_a,0015A0iS7cGEGBEQE5,E01592,primary,
org_a,0015A0RdYONTO0PQ0X,E01593,primary,phone_missing|web_missing
org_a,0015A0uB5Bi4QDxQUM,E01594,primary,
org_a,0015A0uEvbB109GQER,E01598,primary,addr_abbrev
org_a,0015A0d9uuYI0n8QAD,E01599,primary,
org_a,0015A0RBTohz9SRQOY,E01600,primary,
org_a,0015A0qwqNkpHmqQQE,E01601,primary,
org_a,0015A0tp0QbZ9qnQQC,E01602,primary,phone_missing
org_a,0015A0OAKZ9PsMHQ40,E01604,primary,
org_a,0015A0EYkMDD5zFQWT,E01605,primary,
org_a,0015A0YkBLL80R5Q0J,E01607,primary,
org_a,0015A0kDh3mZ5NcQEK,E01612,primary,addr_abbrev
org_a,0015A0thiyx7kPzQAI,E01613,primary,
org_a,0015A0iD64ocw7jQEA,E01614,primary,
org_a,0015A0opG6gomiTQIQ,E01615,primary,web_missing
org_a,0015A00ScpRggGuQEJ,E01617,primary,web_missing
org_a,0015A0sk4ytAmDDQA0,E01618,intra_dup,phone_missing
org_a,0015A0AG4VvqFBVQW2,E01618,primary,web_missing
org_a,0015A0goPN3QlQLQY0,E01619,primary,addr_abbrev|web_missing
org_a,0015A0lTDKMWnbuQ2D,E01620,primary,phone_missing|web_missing
org_a,0015A0Wud4N1kbqQCB,E01621,primary,
org_a,0015A0IRybXRYmmQGH,E01622,primary,web_missing
org_a,0015A0lAACpTXP6Q2O,E01623,primary,
org_a,0015A0jnDfMC8PAQI1,E01627,primary,
org_a,0015A0QbnBIoQCKQS3,E01629,primary,
org_a,0015A0l993AnKdxQAF,E01633,primary,
org_a,0015A0l00MShrVqQQJ,E01634,primary,
org_a,0015A0O2pAOiLUcQSN,E01637,primary,
org_a,0015A0j7UkNOIriQIH,E01638,primary,phone_missing
org_a,0015A0fL0EHGN6xQUH,E01641,primary,
org_a,0015A0ce4Qq9WmNQQU,E01643,primary,
org_a,0015A0dJiArOuUUQU0,E01644,primary,addr_abbrev
org_a,0015A0e7onDKUcUQAX,E01645,primary,web_missing
org_a,0015A0CWPYkANITQ44,E01648,primary,zip_plus4
org_a,0015A0hPt5VxwrVQER,E01649,primary,web_missing
org_a,0015A03zqvQ3nhgQAB,E01650,primary,
org_a,0015A0LNbwHoYumQGF,E01653,primary,
org_a,0015A0EfBWJ8oThQ0J,E01655,primary,addr_abbrev
org_a,0015A0wIqi3cwYsQEI,E01656,primary,
org_a,0015A0O1GQ3q8aCQ0Q,E01657,primary,
org_a,0015A0lcLHsYGK8QYO,E01658,primary,zip_plus4
org_a,0015A0gkCvUaZjKQIV,E01659,primary,
org_a,0015A0ZD5c5jcAwQGI,E01660,primary,
org_a,0015A03PZygFqwnQMC,E01662,primary,web_missing
org_a,0015A0s8uhPz9yAQAR,E01663,primary,
org_a,0015A0IYKOX3cVfQ4J,E01664,primary,addr_abbrev
org_a,0015A0me8KVfj8CQQR,E01666,primary,
org_a,0015A0M7fMS12Z3QSJ,E01669,intra_dup,addr_abbrev|addr_moved|conflict_industry|zip_plus4
org_a,0015A0i2bz6mlvsQAA,E01669,primary,phone_missing
org_b,0018g0i9P8JGxYOAI1,E00002,primary,
org_b,0018g0ujqXeOJihAQG,E00003,shared_copy,addr_missing|addr_moved|name_sector_variant|name_suffix|name_typo
org_b,0018g0RVswaGyLlAGK,E00004,shared_copy,addr_abbrev|conflict_employees|conflict_industry|phone_changed|web_missing
org_b,0018g06P03knO4xAEE,E00006,primary,
org_b,0018g0dKD8girJDAMY,E00016,primary,
org_b,0018g0OSkhZQWr3AGH,E00019,shared_copy,name_suffix|phone_changed|web_subdomain|zip_plus4
org_b,0018g0AuIZEl0djA0B,E00021,primary,
org_b,0018g0OST7qYWfaAOG,E00022,primary,
org_b,0018g0Qv8Z91SNiASM,E00028,intra_dup,addr_abbrev|name_case|name_suffix|name_typo|phone_changed
org_b,0018g0fcIvRrsVHAIZ,E00028,primary,
org_b,0018g0qqzrjLLINAA4,E00030,primary,
org_b,0018g03eQ8UQQIeAIP,E00033,shared_copy,conflict_employees|name_sector_variant|web_missing
org_b,0018g02MAijI6E3AMK,E00034,primary,
org_b,0018g0MPqPey3GrAWI,E00035,primary,
org_b,0018g0xMpPNNekpAUD,E00036,shared_copy,addr_abbrev|addr_missing|conflict_industry|phone_changed|web_missing
org_b,0018g07VDrO74MpAMJ,E00040,primary,
org_b,0018g0f2B8dGARMAI4,E00041,primary,
org_b,0018g0rJ9TqBKurAUG,E00042,primary,addr_abbrev
org_b,0018g01PJh0oWDJAM2,E00044,primary,
org_b,0018g0O2BFjJdMUA00,E00045,primary,
org_b,0018g0eoLpKiJNAAI3,E00046,primary,zip_plus4
org_b,0018g0CYsBm1Yf3AWE,E00050,primary,web_missing
org_b,0018g0DeD0MZuIfAKL,E00052,shared_copy,addr_moved|name_typo|phone_missing|web_missing
org_b,0018g0Dg1IJNW5IASX,E00053,intra_dup,conflict_employees|conflict_industry|phone_missing
org_b,0018g09Xjx9M2vHAES,E00053,primary,
org_b,0018g0OHzrwm6z0AGA,E00055,shared_copy,addr_abbrev|addr_missing|web_missing
org_b,0018g0iGl5OHUAAAE5,E00057,primary,addr_abbrev
org_b,0018g049y4Zf8n1AAB,E00059,shared_copy,conflict_employees|zip_plus4
org_b,0018g0F74KuaMMMAS2,E00060,shared_copy,addr_abbrev|addr_missing|web_subdomain
org_b,0018g0QOJVfOmT2A4K,E00061,primary,web_missing
org_b,0018g0JMswJ1nupAGB,E00063,primary,
org_b,0018g0zjANlSwY5AYK,E00064,primary,
org_b,0018g05J9jUILQPAE5,E00065,primary,
org_b,0018g0s4pnP5f1ZAAR,E00067,shared_copy,addr_moved|name_case|web_missing
org_b,0018g05rm4pT58iAAC,E00069,primary,
org_b,0018g0eWCN14mXVA2Y,E00071,primary,addr_abbrev
org_b,0018g0qPnfxrnJIAEY,E00073,primary,
org_b,0018g0l1hT1aQiOAQU,E00074,primary,
org_b,0018g0VbgsVwzpbACB,E00075,primary,addr_abbrev
org_b,0018g0vDVVWRcYgA2L,E00076,primary,
org_b,0018g0GlHqwVRiNAKW,E00077,shared_copy,addr_missing
org_b,0018g0TjAq3TZ1mAKG,E00078,shared_copy,addr_missing|conflict_employees|name_case|web_missing|zip_plus4
org_b,0018g0DaLNWPFZSA05,E00079,primary,
org_b,0018g0Z3IALvKJ5A0N,E00080,primary,phone_missing
org_b,0018g087KjFwLKNAI3,E00082,primary,
org_b,0018g0dzv2V3hnxAAB,E00084,primary,phone_missing
org_b,0018g05RR9m8m9lAMA,E00085,intra_dup,addr_abbrev|addr_missing|conflict_industry|name_suffix|phone_changed
org_b,0018g0XsmFlJq79ASC,E00085,shared_copy,conflict_industry|phone_missing
org_b,0018g0ZqhbNgDaRACV,E00086,primary,
org_b,0018g0zWsMkxF3fAUE,E00087,shared_copy,addr_abbrev|addr_missing|addr_moved|name_suffix|name_typo|phone_changed|web_subdomain
org_b,0018g0Kq3k5Xs1SACS,E00088,primary,addr_abbrev
org_b,0018g0WT5P5H9eEAWS,E00090,shared_copy,addr_missing|conflict_employees|name_suffix|phone_missing|web_missing|zip_plus4
org_b,0018g0a9OMYDOXyAYP,E00093,primary,
org_b,0018g0DEnTF54SfAWJ,E00094,shared_copy,name_sector_variant|name_suffix|phone_missing|web_missing
org_b,0018g0FfHOSFLlNA0X,E00096,primary,
org_b,0018g0OKugeTMKrAGO,E00097,shared_copy,name_suffix|name_typo|web_missing
org_b,0018g0yaOncKjwJAIS,E00098,primary,addr_abbrev
org_b,0018g0aNLWyqRuhA2E,E00099,primary,
org_b,0018g0Uomg0ah9XACQ,E00103,shared_copy,conflict_employees|conflict_industry|name_sector_variant|name_suffix|web_missing
org_b,0018g0KjGlsjqhsAKA,E00104,primary,addr_abbrev|zip_plus4
org_b,0018g0aZs6B7fYsAEJ,E00105,primary,
org_b,0018g0xPqYjcfceAUA,E00107,shared_copy,web_subdomain
org_b,0018g0LOU2jA1s3AOC,E00109,primary,web_missing
org_b,0018g0eHscnjL6NAEU,E00112,primary,zip_plus4
org_b,0018g06fU7ktNaSAIU,E00114,shared_copy,addr_abbrev|phone_missing
org_b,0018g0hEdtE5CdgAEF,E00115,primary,
org_b,0018g0lpomcoAScAAM,E00116,primary,
org_b,0018g00ghmZcgPsAAJ,E00118,primary,
org_b,0018g0EVZrUctZKAOZ,E00119,shared_copy,addr_abbrev|name_typo|phone_missing
org_b,0018g051nALvXqGAQV,E00121,primary,
org_b,0018g0id2H9CwcmAQC,E00123,primary,zip_plus4
org_b,0018g0g0A1WFAFKAI5,E00125,primary,
org_b,0018g0w6ZDUCQK2AYP,E00127,primary,phone_missing
org_b,0018g0jMnmSdC2GAEV,E00128,shared_copy,conflict_industry|name_suffix|name_typo
org_b,0018g0B8MjT757iAKB,E00130,primary,phone_missing
org_b,0018g0TXI9umuzMAOQ,E00131,primary,zip_plus4
org_b,0018g05dBTfqCVdAYM,E00132,primary,
org_b,0018g0F0ZlMpBmTAKV,E00134,primary,
org_b,0018g0c5Oj9SHVRAI4,E00135,primary,web_missing
org_b,0018g0uNnkTOuc6AED,E00136,primary,
org_b,0018g0YlhVghrT9ASI,E00137,primary,
org_b,0018g0DGZdYLW2uAOH,E00138,primary,web_missing
org_b,0018g0lQ2MJopifAUB,E00139,primary,addr_abbrev
org_b,0018g0e5JApJummAYC,E00140,primary,web_missing
org_b,0018g0AeZ5y4EksAKE,E00145,primary,addr_abbrev
org_b,0018g0XQ7YsEpmzAWC,E00146,primary,
org_b,0018g0HQcdTKVY0AGP,E00148,shared_copy,addr_missing|addr_moved
org_b,0018g0sFqfaE1ZaAEK,E00149,primary,
org_b,0018g0R29JiTdjeASC,E00150,primary,
org_b,0018g0VhO80RsEZAK0,E00151,primary,
org_b,0018g0mF6x3d6wpAEA,E00152,primary,
org_b,0018g0JO2SLFRzrAWH,E00153,primary,
org_b,0018g001FDkp9cOAYQ,E00156,primary,
org_b,0018g0aoBXq53NfAYI,E00158,primary,addr_abbrev
org_b,0018g0W8AjouSq3AKE,E00159,primary,
org_b,0018g0V2pSXWfxsASD,E00163,primary,
org_b,0018g0FlAGweKoAA0U,E00166,primary,
org_b,0018g0q1rpwupYSAAY,E00169,shared_copy,name_suffix|phone_missing|web_missing
org_b,0018g0XtbBdrnHvASI,E00170,primary,
org_b,0018g0nFgeLCBKaAEP,E00171,intra_dup,web_missing
org_b,0018g0w68blYw2iAAC,E00171,shared_copy,addr_moved|name_typo|phone_missing|web_missing|zip_plus4
org_b,0018g0mnN7S2rShAIJ,E00173,shared_copy,addr_abbrev|phone_missing
org_b,0018g0lGQ1Fg8MNAMZ,E00174,primary,
org_b,0018g0g12tiDMXZAA4,E00175,primary,
org_b,0018g0bvp1KM1VwAAL,E00178,primary,
org_b,0018g070miEyN6VAAV,E00179,intra_dup,zip_plus4
org_b,0018g03XydhRcJWAE0,E00179,primary,zip_plus4
org_b,0018g05DdaOlDsjAEF,E00180,primary,
org_b,0018g0I0EjrQkvyAKC,E00186,primary,zip_plus4
org_b,0018g0qhpUkDxT0AQK,E00190,primary,zip_plus4
org_b,0018g0Hy0buoAXPAC2,E00191,intra_dup,addr_abbrev|addr_moved|conflict_industry|name_suffix|name_typo|phone_missing|zip_plus4
org_b,0018g0TLVdfl56lAOA,E00191,primary,
org_b,0018g0nqdbOHglPAAT,E00192,primary,
org_b,0018g0wPOlnTmTUAM0,E00195,primary,
org_b,0018g0874Fk8r3MAQQ,E00196,shared_copy,name_case|name_suffix|phone_missing|web_subdomain|zip_plus4
org_b,0018g0yOpYt60gjAUA,E00201,primary,
org_b,0018g0xcBkHRwLTAI1,E00202,shared_copy,addr_missing|name_sector_variant|web_missing
org_b,0018g0Eeg5f5fkKACQ,E00204,primary,
org_b,0018g0xkH5UX4KmAIL,E00205,primary,
org_b,0018g0KUd4U2AwbAGF,E00207,primary,
org_b,0018g0iNyU6d18bAUA,E00208,primary,
org_b,0018g0RMGhh3iQPAOY,E00210,primary,addr_abbrev
org_b,0018g0ldC3JiRiRAIV,E00211,primary,addr_abbrev|zip_plus4
org_b,0018g02B8SicGKxAUM,E00212,primary,
org_b,0018g0HkVGZTeYfA0L,E00214,primary,addr_abbrev
org_b,0018g0jbzahW7c0AAC,E00215,primary,
org_b,0018g0F649FWcbiACD,E00217,primary,
org_b,0018g0pzrXoAuJ7AQK,E00218,intra_dup,conflict_employees|name_sector_variant|phone_missing
org_b,0018g0q0OcylvnTAIQ,E00218,primary,addr_abbrev
org_b,0018g0tbVXZNLPiAYP,E00219,primary,web_missing
org_b,0018g0TpP6Ixy6wAKB,E00222,shared_copy,name_sector_variant|name_suffix|web_missing|zip_plus4
org_b,0018g0BezWYknRWASZ,E00225,primary,phone_missing
org_b,0018g081yaJe2fnAAB,E00226,shared_copy,addr_moved|conflict_employees|phone_missing|web_missing
org_b,0018g0KGUgcBrnKAOS,E00227,shared_copy,addr_abbrev|zip_plus4
org_b,0018g0XNBVTbVQWA43,E00228,primary,
org_b,0018g07OCwDtQsrAMF,E00233,shared_copy,addr_abbrev|name_suffix|web_missing
org_b,0018g0Ozck4mvGhACI,E00234,primary,addr_abbrev
org_b,0018g0FwSymLQPqAKO,E00240,primary,
org_b,0018g0K5fluYq1mACC,E00242,primary,
org_b,0018g0XFg3NHrzNAGT,E00243,shared_copy,addr_abbrev|name_suffix|phone_missing|web_subdomain
org_b,0018g0tvJmbbTAIAI2,E00244,primary,addr_abbrev
org_b,0018g0dhWYzqKcsAYE,E00248,shared_copy,addr_moved|name_suffix|phone_missing
org_b,0018g0iNpvUNvzDAET,E00249,primary,
org_b,0018g0mT21sqieBAEQ,E00251,primary,web_missing
org_b,0018g0P67xnEuXwACK,E00254,primary,
org_b,0018g0EGTbt5YxlAOE,E00255,primary,
org_b,0018g0pR5I2QixKAUS,E00256,primary,
org_b,0018g0p4cTO94USAQZ,E00258,primary,
org_b,0018g0i9fW8JaA3AQK,E00262,primary,addr_abbrev|phone_missing
org_b,0018g0V1MDCd7dXA0R,E00268,shared_copy,addr_moved|conflict_employees|name_sector_variant|name_suffix|name_typo|phone_changed
org_b,0018g0tnPJu2SnpAYE,E00269,shared_copy,addr_abbrev|addr_moved|name_sector_variant|name_suffix|name_typo|zip_plus4
org_b,0018g0n6K6ZgLNDAI3,E00272,primary,addr_abbrev
org_b,0018g0nmHdQ7MxgAIF,E00275,primary,zip_plus4
org_b,0018g0gILjeOySJAM0,E00277,primary,
org_b,0018g0ILEA0YuxoA4C,E00278,primary,
org_b,0018g0pbL1KuV0mAIF,E00279,primary,
org_b,0018g0tsXswe6ZaAII,E00281,primary,web_missing
org_b,0018g04pWt7RBg4AIG,E00282,primary,addr_abbrev
org_b,0018g0hctqJ1DquAAF,E00283,primary,phone_missing
org_b,0018g0JKdmdfDvpAGE,E00288,primary,addr_abbrev|web_missing
org_b,0018g0mS7Xb59j7AUA,E00290,shared_copy,conflict_employees|phone_missing|zip_plus4
org_b,0018g0FitQVlSJjASN,E00292,shared_copy,addr_abbrev|name_suffix|web_missing
org_b,0018g0qx4oU9AOhAAN,E00293,shared_copy,addr_missing|conflict_industry|name_suffix|name_typo
org_b,0018g0jwO2i2rGxAII,E00295,primary,
org_b,0018g0uswyZ5985AAB,E00296,primary,
org_b,0018g0YappYnBeVACV,E00300,primary,
org_b,0018g0pUNA7zxLiA2I,E00303,primary,
org_b,0018g0766tevtzSAAQ,E00305,primary,
org_b,0018g0zO4QHUOqHAUX,E00306,shared_copy,addr_moved|conflict_employees|conflict_industry|name_typo|web_subdomain|zip_plus4
org_b,0018g0j6hJmQvffAQC,E00307,primary,
org_b,0018g0aVGl9ORiAAMW,E00308,primary,phone_missing
org_b,0018g0rTOzpjmG6AMI,E00311,primary,zip_plus4
org_b,0018g0WFXAV0Br5A4F,E00313,shared_copy,addr_moved|conflict_employees|name_suffix|zip_plus4
org_b,0018g0jLOxCzeVKAMZ,E00314,primary,
org_b,0018g03GAwyF9IRAM0,E00316,primary,phone_missing|zip_plus4
org_b,0018g0WOpR9plCRAWY,E00318,intra_dup,addr_moved|conflict_industry|name_sector_variant|web_missing
org_b,0018g03Dq3MbRdjAEF,E00318,shared_copy,addr_abbrev|addr_moved|conflict_industry|phone_changed
org_b,0018g0T5VrYw6oNAKR,E00319,primary,addr_abbrev
org_b,0018g0RboO7y4R1ASI,E00320,primary,
org_b,0018g0lSUqApXYPAM3,E00321,primary,
org_b,0018g0w1Y0QXtzMAIT,E00322,primary,
org_b,0018g0oA9oOQxIDAE1,E00324,shared_copy,addr_abbrev|conflict_employees|conflict_industry
org_b,0018g08iLSFm6hnAYB,E00326,primary,addr_abbrev
org_b,0018g0sOlAey5YBAUY,E00327,primary,
org_b,0018g0KB3sPjFwAAGV,E00328,primary,
org_b,0018g0d38qkiXSLAA2,E00329,shared_copy,addr_missing|name_sector_variant
org_b,0018g0gBwHnMcR8AUK,E00331,primary,
org_b,0018g02HgVlZ2e8AUC,E00333,shared_copy,addr_moved|conflict_employees|conflict_industry|phone_missing
org_b,0018g0B0d38YV6DACW,E00334,primary,addr_abbrev
org_b,0018g0dONuTJSz7AMH,E00339,primary,
org_b,0018g0L3DeKAtOiAKL,E00340,primary,phone_missing
org_b,0018g0tkcZLhiIiAQJ,E00342,primary,phone_missing
org_b,0018g0YO9bUf0MEAGZ,E00343,shared_copy,addr_abbrev|addr_moved|conflict_industry|phone_missing|web_missing
org_b,0018g0SBqX4HLCiAWO,E00344,primary,
org_b,0018g0TnDv4qEn5AKE,E00345,primary,
org_b,0018g0wPDofWaDoAMK,E00346,shared_copy,addr_moved
org_b,0018g03zi3f8IGxAAM,E00347,shared_copy,name_sector_variant|name_typo|phone_missing|web_missing
org_b,0018g0RPkdkqM1pAGE,E00349,primary,phone_missing
org_b,0018g0VUiputqb5AGA,E00350,primary,
org_b,0018g0qrEUgP4wvAYC,E00352,primary,
org_b,0018g0CG64A2VVsAGN,E00353,primary,addr_abbrev
org_b,0018g0ngqStlcZZAQY,E00355,primary,
org_b,0018g08rIuV0VQKAI3,E00356,primary,zip_plus4
org_b,0018g0Y6EIfPgbvA0C,E00360,shared_copy,conflict_employees|conflict_industry|name_suffix|web_missing
org_b,0018g093XfIZpevAID,E00361,shared_copy,addr_abbrev|conflict_employees|conflict_industry|phone_missing
org_b,0018g0L1LsTFZDfAKP,E00362,primary,
org_b,0018g0zebO1NSf3AQG,E00363,primary,addr_abbrev
org_b,0018g0EjV9l0TIWAK2,E00364,shared_copy,addr_abbrev|conflict_employees|name_sector_variant|name_suffix|name_typo|web_missing
org_b,0018g0yheni22bXAAQ,E00365,shared_copy,addr_abbrev|conflict_employees|name_case
org_b,0018g0V9M1bNsI5AKK,E00367,primary,
org_b,0018g0RLYNKpmGxA4J,E00368,shared_copy,addr_moved|conflict_employees|name_case|name_sector_variant|name_typo|phone_missing|zip_plus4
org_b,0018g0SeZ8lpMcHAKU,E00369,shared_copy,addr_abbrev|name_typo
org_b,0018g0VWAs2MhNOAO0,E00370,primary,addr_abbrev
org_b,0018g0ALeL7Adc5AWC,E00371,primary,
org_b,0018g0Jb6lmna4sACA,E00373,primary,addr_abbrev|web_missing
org_b,0018g0Mi7qtvZUxACM,E00374,shared_copy,conflict_employees|conflict_industry|name_case|name_suffix|web_missing
org_b,0018g0khnnmvCEQAA2,E00375,primary,
org_b,0018g0US16YGmI2AGL,E00377,primary,
org_b,0018g0LYk7CtStQAGV,E00378,primary,
org_b,0018g0kcSs9glXAAIY,E00379,shared_copy,addr_abbrev|addr_missing|conflict_employees|conflict_industry|name_suffix|phone_missing|web_subdomain|zip_plus4
org_b,0018g0gQ2O0XWipAUG,E00383,shared_copy,conflict_industry|name_sector_variant
org_b,0018g0wtbf0Je6NAAS,E00384,shared_copy,addr_abbrev|addr_moved|conflict_employees|conflict_industry|name_case|web_missing
org_b,0018g0jYAjkI5R8AMK,E00385,primary,zip_plus4
org_b,0018g0B7zXVelRIASZ,E00386,shared_copy,name_suffix
org_b,0018g0ikaUXUYSSAQ5,E00389,primary,addr_abbrev
org_b,0018g0j3h1al1pEAAQ,E00392,shared_copy,addr_abbrev|web_missing
org_b,0018g0QUlzFJMAiAGP,E00395,primary,
org_b,0018g0Y9u8aUFvzACG,E00396,primary,
org_b,0018g0HRWT7VlLlA4K,E00397,primary,phone_missing
org_b,0018g0OuYjUpvovAKB,E00399,intra_dup,conflict_employees|conflict_industry|name_sector_variant|name_typo|web_missing
org_b,0018g0B9ooPoOM3ACN,E00399,primary,web_missing
org_b,0018g0DJihsPCyuAGG,E00400,primary,
org_b,0018g0Xm9RAe1vJASR,E00403,primary,phone_missing
org_b,0018g0SIEjuCJnsAOG,E00404,shared_copy,name_case|name_suffix|phone_changed|web_missing
org_b,0018g0k7WEXXW35AYH,E00405,primary,zip_plus4
org_b,0018g0QmsnsA3DOAC0,E00408,primary,
org_b,0018g0JoytyONv5ACG,E00409,primary,addr_abbrev|web_missing
org_b,0018g0eGhS8eXcbAUE,E00410,intra_dup,addr_abbrev|name_case|name_sector_variant|name_suffix|phone_missing
org_b,0018g0YI000rzUrAGI,E00410,shared_copy,addr_moved|name_suffix|web_subdomain
org_b,0018g0dwSWdERpXAYW,E00414,primary,addr_abbrev
org_b,0018g0lVMu6STksAMG,E00415,shared_copy,web_missing
org_b,0018g0bWMqOPhcoAMD,E00417,primary,phone_missing
org_b,0018g0jN2fUIQ8iAEH,E00419,primary,
org_b,0018g08XzeX24IEAEZ,E00421,primary,
org_b,0018g0IX3B8MxK3AWK,E00422,primary,
org_b,0018g0nrltTogjCAAR,E00423,primary,phone_missing
org_b,0018g0fpWeKXeV4AIL,E00424,primary,addr_abbrev
org_b,0018g0xCtuPgmvsAEB,E00425,primary,
org_b,0018g0WldeJBMV7ACP,E00426,intra_dup,addr_abbrev|conflict_employees|phone_missing
org_b,0018g0FuJV222JrA0I,E00426,primary,
org_b,0018g0og2V5Wf95AQC,E00427,primary,
org_b,0018g0e1YReEleAAYS,E00429,primary,addr_abbrev|phone_missing
org_b,0018g0HesZFKv2fASD,E00431,shared_copy,addr_abbrev|conflict_employees|name_sector_variant|name_suffix|phone_changed|zip_plus4
org_b,0018g0yWVOcH6oLA2S,E00432,primary,
org_b,0018g0EU1qiY9JhAGK,E00433,primary,
org_b,0018g0rPmBaEkiUAUS,E00434,shared_copy,addr_abbrev|name_case|name_suffix|name_typo|phone_missing|web_subdomain
org_b,0018g0mQhAqyjgEAUQ,E00436,primary,
org_b,0018g0zeXgrlCHyAIM,E00438,shared_copy,conflict_industry|name_sector_variant|name_suffix|phone_changed
org_b,0018g0g68ACEkbNAQT,E00439,primary,addr_abbrev|zip_plus4
org_b,0018g0Tg9D4mgbBASQ,E00440,primary,addr_abbrev
org_b,0018g0URVET3YoAA4V,E00441,primary,
org_b,0018g0qCNJ5KTwGA2W,E00442,shared_copy,addr_abbrev|addr_moved|conflict_employees|name_suffix
org_b,0018g0HALu8WUnRAOW,E00443,intra_dup,addr_abbrev|addr_moved|conflict_industry|name_sector_variant
org_b,0018g05ETmkxaPuAMI,E00443,shared_copy,name_sector_variant|phone_changed
org_b,0018g0iESMh53InA2I,E00445,primary,web_missing
org_b,0018g0dmqvAUnU5AAL,E00446,shared_copy,name_sector_variant|name_suffix|phone_changed
org_b,0018g0Xo9MrpfIwASI,E00447,shared_copy,addr_abbrev|addr_moved|name_sector_variant|name_suffix|web_missing|zip_plus4
org_b,0018g0omn17Rv8nAAC,E00450,shared_copy,addr_moved|name_sector_variant|name_typo|phone_missing
org_b,0018g0UHMpSixIfAOJ,E00451,shared_copy,conflict_employees|conflict_industry|zip_plus4
org_b,0018g04FxXkIe2CAUS,E00454,primary,
org_b,0018g01vOFFQJ88AYH,E00457,primary,addr_abbrev
org_b,0018g0VZpgNZ8hYAGT,E00458,intra_dup,addr_abbrev|addr_missing|conflict_employees|name_sector_variant|name_suffix|phone_changed
org_b,0018g0SoLTw5H9EA0U,E00458,shared_copy,addr_missing|conflict_employees|name_suffix|phone_changed
org_b,0018g0Omla98RltACE,E00460,primary,
org_b,0018g0hSlbdDWdcAEG,E00462,primary,
org_b,0018g03AYApwF16A2E,E00463,primary,zip_plus4
org_b,0018g0dJS8iIunvAMC,E00464,shared_copy,phone_missing
org_b,0018g0ksbpPv5h0AAB,E00465,primary,
org_b,0018g00W6KRvpRIAUZ,E00466,shared_copy,addr_abbrev|addr_missing|name_sector_variant|web_missing|zip_plus4
org_b,0018g0uFbQtDssSAUS,E00467,primary,
org_b,0018g0dLX2H9MynAMF,E00469,intra_dup,addr_moved|name_case|phone_missing|web_missing|zip_plus4
org_b,0018g0zbDRarwRrAYI,E00469,primary,
org_b,0018g06Xe1TvFTuAEN,E00470,intra_dup,addr_moved|web_missing
org_b,0018g04enOn0K4XAQU,E00470,shared_copy,name_suffix
org_b,0018g03To7scM2VAEU,E00472,primary,
org_b,0018g0J9cL8EVwRASW,E00474,primary,
org_b,0018g0DjKOJ7FAqA0N,E00476,primary,
org_b,0018g09xP8ImS8eAIF,E00478,primary,
org_b,0018g0kx1vQCccCAAT,E00479,primary,addr_abbrev|web_missing
org_b,0018g0W90neKg4KACS,E00480,primary,
org_b,0018g0D9JHLqXMeA0N,E00481,primary,zip_plus4
org_b,0018g0FhqiHrkMYACZ,E00485,primary,
org_b,0018g0vrQBcSym9AYC,E00487,primary,
org_b,0018g0RdoHWx97pASB,E00489,shared_copy,addr_moved|conflict_employees|phone_missing|zip_plus4
org_b,0018g0nHVZCnLcVA2V,E00491,primary,web_missing
org_b,0018g0cOBxB3zo5AMB,E00492,primary,addr_abbrev|phone_missing
org_b,0018g0qn8G5VWXRAQ4,E00493,primary,
org_b,0018g0QQN3OkMWbAON,E00494,primary,
org_b,0018g0fCYV7Co6RA2S,E00495,shared_copy,addr_abbrev|addr_moved|conflict_employees|name_typo|phone_missing|web_missing
org_b,0018g0nSLXmp96QA2Q,E00498,primary,web_missing
org_b,0018g0xABm8hYE4AMM,E00503,primary,phone_missing
org_b,0018g0fDjPVKvWpAUL,E00504,primary,
org_b,0018g07cOfSucYeAIJ,E00506,primary,
org_b,0018g095tb8YNrTAAW,E00508,primary,
org_b,0018g0ioXQpsyjKAYQ,E00509,primary,
org_b,0018g00bQKcWzdvAYC,E00511,primary,
org_b,0018g0oMZ1fDR6nAMG,E00512,primary,
org_b,0018g0FvY6pLxyhAKC,E00514,primary,
org_b,0018g0R3sYqcmIPASY,E00515,intra_dup,name_suffix|web_subdomain
org_b,0018g0WCbdF7UDJAG3,E00515,primary,web_missing
org_b,0018g0GQcyI2pGlAGJ,E00518,primary,zip_plus4
org_b,0018g0rdrTMrAJUAQ3,E00520,primary,addr_abbrev
org_b,0018g0pDun6GDIbAEO,E00521,shared_copy,addr_abbrev|name_sector_variant|zip_plus4
org_b,0018g0aXnQXdUI7AUN,E00523,shared_copy,name_suffix
org_b,0018g0cD0hoL4l9AEC,E00524,shared_copy,addr_abbrev|addr_missing|name_suffix|phone_missing|zip_plus4
org_b,0018g0re5jwjcf5AAA,E00525,primary,
org_b,0018g05k4O0Sn1sAQC,E00529,primary,zip_plus4
org_b,0018g0gM9Ef5sTHAUY,E00531,primary,
org_b,0018g0RYSTuZ7CaA4K,E00534,primary,
org_b,0018g0kwkhvn4lOAAQ,E00539,primary,zip_plus4
org_b,0018g0g5yCRne1sAQB,E00541,shared_copy,addr_moved|name_suffix|name_typo
org_b,0018g08YFD9KaoNA2S,E00542,primary,web_missing
org_b,0018g0j1Ubj9RObAIM,E00543,primary,phone_missing
org_b,0018g0bHv09VIMFAE4,E00545,shared_copy,conflict_employees|web_missing
org_b,0018g0hPXsP2f35AMB,E00548,shared_copy,addr_missing|addr_moved|name_case|name_suffix
org_b,0018g0QWZFE9Qk5A4F,E00549,primary,web_missing
org_b,0018g01Iq7nvRU0AEM,E00553,primary,
org_b,0018g0Xo5jpJIIDAC4,E00554,shared_copy,name_sector_variant|zip_plus4
org_b,0018g0sHS4DykaPAMR,E00556,shared_copy,addr_missing|conflict_industry|name_suffix|web_subdomain|zip_plus4
org_b,0018g0OlYV2InUDA00,E00557,primary,zip_plus4
org_b,0018g03vCzfQU6oAIG,E00559,primary,
org_b,0018g0gEZyvBnH8AMK,E00561,primary,
org_b,0018g0BCNaSv23HAOR,E00562,primary,
org_b,0018g0L4DkZkCbKAKV,E00563,shared_copy,conflict_employees|conflict_industry|name_typo
org_b,0018g0A7qujDZqxACG,E00564,primary,
org_b,0018g0MMfK54ZkFAWU,E00565,primary,zip_plus4
org_b,0018g03Oq26cokvAEA,E00566,primary,
org_b,0018g0W00dIVwC3ACL,E00567,primary,
org_b,0018g06BkG3JuyTAUS,E00569,shared_copy,name_sector_variant|name_typo
org_b,0018g0UeDcu2qxLAKQ,E00570,primary,addr_abbrev
org_b,0018g04FI5xxkbGAMQ,E00571,primary,
org_b,0018g0Tosb9bWDCAC2,E00573,primary,addr_abbrev|zip_plus4
org_b,0018g0NdAPU1R37A0F,E00574,primary,
org_b,0018g0Ul0HqxZMsASM,E00576,primary,
org_b,0018g0Y2en3hskVACQ,E00577,primary,phone_missing
org_b,0018g0kcI7I3YvsAIF,E00578,shared_copy,addr_abbrev|name_case|phone_missing|web_missing
org_b,0018g0oZoKrMt2DAUS,E00580,primary,
org_b,0018g0UX9PPjcpoAWB,E00583,shared_copy,addr_abbrev|conflict_employees|conflict_industry|web_missing
org_b,0018g0L9QmHS4K5AKL,E00584,primary,
org_b,0018g0ZBjByaqXQAWY,E00585,primary,
org_b,0018g0mRsasr8F9AEI,E00587,primary,
org_b,0018g05a6bzBoTUAA0,E00588,primary,addr_abbrev
org_b,0018g0yRWgtf2EXAMY,E00590,primary,
org_b,0018g0MeLW6WWjKA0W,E00592,primary,
org_b,0018g04uDrp4J8AAIU,E00593,shared_copy,addr_abbrev
org_b,0018g03n9EbB6egAQC,E00594,primary,
org_b,0018g0S2TgT9i3iAKB,E00595,primary,
org_b,0018g00Puqf4MHIAE2,E00596,shared_copy,name_suffix|phone_missing
org_b,0018g07gLLvL9E3AYK,E00598,primary,addr_abbrev
org_b,0018g0De4HSzfBrASJ,E00599,primary,addr_abbrev
org_b,0018g0nNye9dcwCAEQ,E00601,intra_dup,conflict_industry
org_b,0018g0gkPEzSeejAYC,E00601,primary,
org_b,0018g0NDLDZB08gA4D,E00602,primary,
org_b,0018g0znUf16FiWAIU,E00603,primary,
org_b,0018g0CgpQJnC4WASV,E00604,primary,
org_b,0018g0Ruc9cGP3EACW,E00606,primary,
org_b,0018g0TkkQqbwmDASQ,E00608,primary,zip_plus4
org_b,0018g0dr8SxNNm6AQG,E00611,primary,addr_abbrev
org_b,0018g0m1tuQxIwMAAV,E00612,primary,web_missing
org_b,0018g0XKGRfIrHXA40,E00615,primary,
org_b,0018g0xz3H90oLyAQI,E00617,primary,
org_b,0018g0XQnUVGtFFAW1,E00618,primary,web_missing
org_b,0018g08Vwy9WbRYAE0,E00619,primary,
org_b,0018g0GwfdaRskjACC,E00620,primary,
org_b,0018g0LrNjeVyWrAKK,E00621,primary,
org_b,0018g05WdnJyc3AAER,E00622,primary,
org_b,0018g0yuaXNyXRgAQN,E00623,primary,addr_abbrev|web_missing
org_b,0018g0C3WH3RCGcA0O,E00624,shared_copy,name_sector_variant|name_typo|web_missing
org_b,0018g0TlP2kqB0xAKE,E00625,primary,
org_b,0018g0FxqHUHCpjASH,E00626,intra_dup,addr_moved
org_b,0018g0rcg66bk2tAAA,E00626,primary,web_missing
org_b,0018g0fu7tXEJHSAA5,E00627,shared_copy,addr_abbrev|addr_missing|web_subdomain
org_b,0018g0Ibnm9sW7yACE,E00631,primary,
org_b,0018g0w9UjpAe9GAIS,E00632,primary,zip_plus4
org_b,0018g0xgwo4UKRkAAO,E00635,primary,
org_b,0018g0Kwy5U3FsWACV,E00637,primary,
org_b,0018g0OkQl1JVtJAKW,E00638,primary,
org_b,0018g0LnArFz8GjAKJ,E00639,primary,
org_b,0018g0qYyuJ2jp9AEB,E00640,primary,
org_b,0018g01P5rqZlFAAE0,E00642,primary,addr_abbrev|web_missing
org_b,0018g0zDVqEBzMIAM1,E00643,primary,
org_b,0018g0Sewz1dVRFAC2,E00645,shared_copy,addr_abbrev|addr_moved|conflict_employees|name_suffix|phone_missing
org_b,0018g0HOGoeTLUyAOO,E00646,shared_copy,addr_missing|conflict_industry
org_b,0018g0cOXKtqPpEA2U,E00650,shared_copy,addr_abbrev|addr_moved|conflict_industry|web_missing
org_b,0018g0NfussAevHACS,E00652,primary,
org_b,0018g0iGeHVWZ5JAUX,E00654,shared_copy,name_suffix
org_b,0018g0lO079PZ6IAEW,E00655,primary,
org_b,0018g0PJdP3aAeyAWE,E00658,primary,addr_abbrev
org_b,0018g0Np7NJPAIdASP,E00659,primary,zip_plus4
org_b,0018g0nDvOHgCatAUF,E00662,shared_copy,phone_changed
org_b,0018g0NvhK5y1rWASQ,E00663,primary,
org_b,0018g0OJuLlbu9nAWA,E00665,primary,addr_abbrev
org_b,0018g0jDKoPQPvuAMH,E00666,primary,addr_abbrev
org_b,0018g0CDEiwvj1KAOQ,E00667,shared_copy,addr_moved|conflict_industry|phone_missing
org_b,0018g0sYEvwStixAMC,E00668,shared_copy,addr_moved|zip_plus4
org_b,0018g0bSboIuNtlAEF,E00670,primary,
org_b,0018g0hV1MUBRioAUH,E00671,shared_copy,addr_abbrev|addr_moved|conflict_employees|conflict_industry|phone_missing
org_b,0018g0GNq2tie47AGA,E00672,primary,web_missing
org_b,0018g0HiBUJdibFA0R,E00674,shared_copy,name_suffix|zip_plus4
org_b,0018g0zNgIhA7UlAUK,E00678,primary,addr_abbrev|zip_plus4
org_b,0018g06stnCVJkxAAH,E00683,primary,zip_plus4
org_b,0018g05NvvbF01IAES,E00684,shared_copy,addr_abbrev|addr_moved|phone_missing|web_missing
org_b,0018g0blszswjPBAAY,E00686,primary,
org_b,0018g0trvz2c6bwAAA,E00687,primary,addr_abbrev
org_b,0018g018FvIb2WrAIJ,E00690,primary,addr_abbrev|web_missing
org_b,0018g0Cdez9RoAEAC0,E00691,primary,zip_plus4
org_b,0018g0oH4yYCwICAE1,E00692,primary,addr_abbrev
org_b,0018g0FUXZ869u8A4A,E00693,primary,
org_b,0018g0hA3VuoOXOAU2,E00695,primary,
org_b,0018g0g5dc2rTyNAAU,E00698,primary,
org_b,0018g05LChcScZIAM0,E00700,primary,
org_b,0018g0cAdHriBYHAU2,E00701,primary,
org_b,0018g0NRvBqrG7eAWE,E00702,primary,
org_b,0018g0Q6UdamdzwAKA,E00703,primary,phone_missing
org_b,0018g0nOXizeytEAMQ,E00705,primary,
org_b,0018g0eKzN8YQyAAUW,E00707,primary,web_missing
org_b,0018g0Net0EtGRmACN,E00709,primary,
org_b,0018g0OvxW2NFNuASO,E00710,shared_copy,name_suffix|web_missing
org_b,0018g07oj5QI2U8AAL,E00711,primary,web_missing
org_b,0018g0u6xgjzvatAAA,E00713,primary,phone_missing
org_b,0018g0eB274hlRoAEI,E00714,primary,phone_missing
org_b,0018g0eXEUW7jKdA2J,E00715,shared_copy,addr_abbrev|addr_moved|name_suffix
org_b,0018g0sI8q5cbZ2AEI,E00716,primary,web_missing
org_b,0018g0lbemnrhDkAAI,E00717,primary,
org_b,0018g0zNZHF6RgBA2V,E00722,primary,addr_abbrev
org_b,0018g0H5ScIvOPBAK3,E00723,primary,phone_missing
org_b,0018g0uwvM9DxiaAQC,E00724,primary,zip_plus4
org_b,0018g0Ki3efk7gLACQ,E00725,shared_copy,addr_abbrev|addr_missing|addr_moved|conflict_employees|name_sector_variant|phone_missing|zip_plus4
org_b,0018g01TOeQzwoIAMR,E00726,primary,
org_b,0018g07FfQu705hAUA,E00728,intra_dup,addr_missing|conflict_industry|name_suffix
org_b,0018g0e10bijf7zAAA,E00728,primary,addr_abbrev
org_b,0018g0kdjOuzOMFAQ2,E00730,primary,addr_abbrev
org_b,0018g0qcCixZs6KAIS,E00731,primary,
org_b,0018g05TrqObqxIAER,E00732,primary,
org_b,0018g0bQZlzxRDrAMM,E00734,primary,
org_b,0018g0s7nqGsaEmAAJ,E00735,primary,zip_plus4
org_b,0018g0G7Z8IR5n2AKD,E00737,primary,web_missing
org_b,0018g05qAHXKaRQAY1,E00738,primary,
org_b,0018g00oYPBknuHAYR,E00739,shared_copy,addr_moved|conflict_employees|name_typo|phone_changed
org_b,0018g0TbYOvnASfA0M,E00741,shared_copy,name_typo
org_b,0018g0n3v17PD5EAAW,E00742,shared_copy,addr_missing|name_suffix|phone_missing|web_missing|zip_plus4
org_b,0018g0pWX4YsAuBAMV,E00743,primary,phone_missing
org_b,0018g0DNrafKFmnAGG,E00744,primary,
org_b,0018g0GIjHJ7iFbAWJ,E00746,primary,
org_b,0018g0yCTaV3E8eAMF,E00747,primary,
org_b,0018g0atEvMgLiSAIV,E00752,primary,phone_missing
org_b,0018g0k5jHQLA7GAQX,E00756,primary,
org_b,0018g09RHybFPptAMG,E00757,primary,phone_missing
org_b,0018g01pdOXe36dAQB,E00759,primary,addr_abbrev
org_b,0018g0OblQMz7z8ASB,E00760,primary,addr_abbrev
org_b,0018g0etnymXQ1hAAG,E00762,shared_copy,addr_abbrev|addr_moved|conflict_employees|conflict_industry|zip_plus4
org_b,0018g0Lic7r2kSXACY,E00763,primary,
org_b,0018g0rY94ghfjwAEA,E00764,primary,
org_b,0018g0nCVxSrc50AMB,E00765,primary,
org_b,0018g04QxCgOJFEAU4,E00769,primary,
org_b,0018g0BGuXRLdrtAWD,E00770,shared_copy,addr_moved|conflict_industry|name_sector_variant|web_missing
org_b,0018g0WBj4cf8y9AGA,E00771,primary,phone_missing
org_b,0018g0TdPUmwK85A0E,E00772,shared_copy,addr_abbrev|addr_missing|conflict_employees|conflict_industry|name_sector_variant|web_missing
org_b,0018g0s0bubGWo5AAG,E00774,primary,
org_b,0018g0923aTjUFmAAN,E00778,shared_copy,addr_abbrev|addr_moved|conflict_industry
org_b,0018g09d5RaDJKkAQO,E00779,primary,addr_abbrev|zip_plus4
org_b,0018g0qOF0hhT7PAMU,E00780,shared_copy,name_typo|phone_changed
org_b,0018g0FtlihHEfhACG,E00783,intra_dup,addr_abbrev|addr_missing|addr_moved|conflict_employees|name_sector_variant|phone_missing|web_missing
org_b,0018g0G1O1ltl1yAKA,E00783,primary,
org_b,0018g068aKZLOWYAQ5,E00785,shared_copy,addr_abbrev|conflict_industry|name_typo|web_missing
org_b,0018g0qKp2pgGU9AEM,E00787,shared_copy,addr_abbrev|addr_moved|conflict_industry|name_sector_variant|name_suffix|phone_changed|zip_plus4
org_b,0018g0WLoE0eAdbAWE,E00788,primary,
org_b,0018g0o3CVxQqfmAYC,E00789,primary,zip_plus4
org_b,0018g0m85b89LDKAA2,E00792,primary,
org_b,0018g0alV31HHETAI4,E00793,shared_copy,conflict_employees|phone_changed
org_b,0018g015d0Zg74SAAR,E00797,primary,phone_missing
org_b,0018g0yeotjdgDaAAI,E00798,primary,
org_b,0018g0QEJfn5E3oAOE,E00801,primary,
org_b,0018g0eSDYOqkJLA2Z,E00802,shared_copy,phone_missing|web_missing
org_b,0018g05VjjtiKAnAEM,E00805,primary,
org_b,0018g0QkKRPProQA0T,E00806,primary,
org_b,0018g0wK8MRzmyZAUR,E00810,primary,zip_plus4
org_b,0018g0YQg8ypjsYAGQ,E00811,shared_copy,addr_moved|conflict_industry|name_suffix|phone_changed
org_b,0018g0yB0H6CcONAU0,E00812,primary,
org_b,0018g0YtSXphcIzA0I,E00813,primary,
org_b,0018g07GNrx5nb6AMA,E00814,primary,addr_abbrev
org_b,0018g05JWvAIFEnAMP,E00816,shared_copy,addr_abbrev|addr_moved|conflict_employees|conflict_industry|name_sector_variant
org_b,0018g0aigFleUxCAQU,E00819,shared_copy,addr_abbrev|conflict_employees|name_case|name_sector_variant|name_suffix|phone_missing
org_b,0018g0f4j0QzMOPAA3,E00820,primary,
org_b,0018g0A3P4lZXUsAKO,E00821,shared_copy,addr_moved|conflict_industry|phone_missing|web_missing
org_b,0018g0SwJZBBOiQA0X,E00822,primary,web_missing
org_b,0018g0oWVIh4eykA2A,E00825,primary,
org_b,0018g0zwaEWP5aOAQT,E00828,shared_copy,conflict_industry|name_suffix|phone_missing|web_missing
org_b,0018g0EioDA3ObFASV,E00829,primary,
org_b,0018g0ThMrdw4geAKA,E00830,primary,
org_b,0018g0gFtn7GGB6AEO,E00831,primary,addr_abbrev
org_b,0018g0el0v1b4HaAAI,E00833,intra_dup,conflict_industry|name_case|name_sector_variant|name_suffix|phone_missing|zip_plus4
org_b,0018g0rCUYAXpfYA2T,E00833,primary,
org_b,0018g0tRA82T5h4AMC,E00834,primary,zip_plus4
org_b,0018g0YkqJ53AwgASE,E00839,primary,
org_b,0018g0EtnLwwIROAS2,E00840,primary,addr_abbrev
org_b,0018g0j84Qs7hOyAQI,E00841,shared_copy,conflict_employees
org_b,0018g0cWhtzUKXqAEO,E00843,primary,
org_b,0018g00tkS2oD8TAQU,E00845,intra_dup,conflict_employees|name_sector_variant|web_missing
org_b,0018g0McyfiduhDACQ,E00845,primary,web_missing
org_b,0018g0iHkdx2PS7AEM,E00846,primary,web_missing
org_b,0018g0L0jCOgpWOASZ,E00847,shared_copy,conflict_employees|name_sector_variant|phone_changed|zip_plus4
org_b,0018g0OX18MaTmHAGV,E00848,primary,addr_abbrev
org_b,0018g06OKzhJ3jqAMC,E00849,primary,
org_b,0018g0KJFQ1RBY7A4O,E00853,primary,phone_missing
org_b,0018g0O8j6fdOmRACU,E00854,primary,
org_b,0018g0AoTNCIAJyA0P,E00855,shared_copy,conflict_employees
org_b,0018g0Zjaax7lFfACI,E00857,shared_copy,addr_abbrev|name_case|phone_missing|web_missing
org_b,0018g0uXm6DEDlBAEX,E00858,shared_copy,conflict_employees|phone_missing
org_b,0018g0nV5OaOZzkAUG,E00864,shared_copy,addr_abbrev|conflict_employees|name_case|name_suffix|name_typo|phone_changed
org_b,0018g0wmPoo6l5dAIA,E00865,primary,addr_abbrev
org_b,0018g0zq5ZxtZJTAQ2,E00866,intra_dup,addr_abbrev|name_sector_variant|phone_missing
org_b,0018g0yKQ6rzXgsAME,E00866,primary,
org_b,0018g09xxHghC6hAQE,E00867,primary,addr_abbrev
org_b,0018g02D1cmbCP3AEM,E00868,primary,
org_b,0018g03hojmPYGYAA4,E00870,primary,
org_b,0018g0YdotkBDC5ACO,E00871,primary,
org_b,0018g0CnSo6jtqWAKQ,E00873,primary,
org_b,0018g0qzU0iRDaWAIW,E00876,primary,
org_b,0018g0ctRxeamzbAIA,E00877,shared_copy,addr_abbrev|addr_moved|conflict_employees|conflict_industry|phone_missing
org_b,0018g0FEOravJFoAOM,E00878,primary,
org_b,0018g0ysYXDCx4cAYD,E00879,primary,addr_abbrev
org_b,0018g0wqdTRScqzAQD,E00881,primary,web_missing
org_b,0018g0atArXgBOaAIN,E00883,primary,addr_abbrev
org_b,0018g0t4KJcq3rxAYA,E00888,primary,
org_b,0018g09UW6AD0OqAML,E00889,primary,zip_plus4
org_b,0018g0H5ONfu6MdA0I,E00890,primary,phone_missing|web_missing
org_b,0018g0vS3ZEM9ApAUL,E00892,primary,web_missing
org_b,0018g0yhYDMek4IAYR,E00893,shared_copy,addr_abbrev|web_missing
org_b,0018g0n0WwXnddfAIB,E00902,primary,addr_abbrev
org_b,0018g0j67qJFhLIAA1,E00904,primary,web_missing
org_b,0018g0TwYFwQxNqA0K,E00906,primary,
org_b,0018g0H9iKcgoBCASY,E00907,shared_copy,addr_abbrev|conflict_employees|web_missing
org_b,0018g07Ck4lgJn7AEE,E00908,primary,addr_abbrev
org_b,0018g0YKM4ndKXDAO2,E00909,primary,web_missing
org_b,0018g0O6djCPSeQACX,E00910,shared_copy,conflict_employees|phone_missing
org_b,0018g0BUBZT9sAtA4J,E00911,primary,addr_abbrev
org_b,0018g0Aah3hI4k5ACC,E00913,primary,
org_b,0018g0DndwR4468ACB,E00916,primary,web_missing
org_b,0018g0PL3Lwsk5nAWA,E00918,primary,
org_b,0018g0Vhb0ZruDXACZ,E00919,primary,
org_b,0018g0QTcDbRBI0AWO,E00921,primary,
org_b,0018g0XNpHVVfrwAWD,E00923,primary,addr_abbrev
org_b,0018g0q6zckeCCBAA2,E00924,primary,
org_b,0018g0TbaR8Fpp0ASC,E00925,primary,addr_abbrev
org_b,0018g0TYLcNN7daAOD,E00927,primary,zip_plus4
org_b,0018g0G2BirYCTeAKO,E00929,shared_copy,addr_abbrev|conflict_employees|name_suffix
org_b,0018g0BLjs0oLwpAGE,E00930,intra_dup,name_sector_variant|name_suffix|web_missing
org_b,0018g0c9wBPut6oAQB,E00930,shared_copy,addr_abbrev|addr_moved
org_b,0018g06fE4XzlykAIB,E00933,shared_copy,name_case|name_sector_variant|name_suffix|name_typo
org_b,0018g0BixNH56sNASR,E00934,primary,
org_b,0018g07k9cbloczAAA,E00936,primary,addr_abbrev|web_missing
org_b,0018g0VA7ZIp2qNAWR,E00937,primary,addr_abbrev|phone_missing
org_b,0018g0KwEQfw6GEA0Y,E00945,primary,
org_b,0018g0x9HkoYbW9AIK,E00947,primary,
org_b,0018g0jcni7dW92AAE,E00948,shared_copy,addr_abbrev|addr_moved|name_case|name_suffix
org_b,0018g0jaGrOfCpeAIF,E00949,shared_copy,name_suffix|phone_changed|web_missing
org_b,0018g0oZG6JLAoxAMH,E00951,shared_copy,addr_abbrev|name_sector_variant|name_suffix|phone_missing
org_b,0018g0liNrxs46tAIA,E00952,primary,
org_b,0018g02gK3r6s6JAIQ,E00954,shared_copy,name_case|name_sector_variant|phone_changed
org_b,0018g0jMh6lb50oAEA,E00957,primary,
org_b,0018g0VeDKuEmgJA0S,E00958,primary,addr_abbrev
org_b,0018g0nb6wcSw7nAAC,E00959,intra_dup,name_case|name_sector_variant|phone_missing
org_b,0018g0NldEnx0DZASY,E00959,primary,
org_b,0018g0OFxv6VO7gAGG,E00961,shared_copy,name_suffix|phone_missing|web_missing
org_b,0018g0l55VggRUrAQM,E00962,primary,
org_b,0018g0Evx59NxwwACC,E00964,primary,addr_abbrev
org_b,0018g0mdMejMrgdAIC,E00966,shared_copy,addr_abbrev|addr_missing|conflict_industry|phone_missing
org_b,0018g02IHpQTHeDAMX,E00968,primary,
org_b,0018g0PEEdoAE3gAOG,E00971,primary,
org_b,0018g0WIch3fm83AGA,E00972,primary,
org_b,0018g0ULrsY0toyAGB,E00974,primary,
org_b,0018g0Oz2PRgExTASV,E00978,primary,addr_abbrev|zip_plus4
org_b,0018g0fcNOPlao3AYB,E00979,shared_copy,addr_abbrev|addr_moved|name_sector_variant
org_b,0018g07aYpUYstGAIT,E00980,shared_copy,addr_abbrev|name_typo|phone_missing|zip_plus4
org_b,0018g0ZuZugTkaEAKS,E00982,shared_copy,name_suffix|phone_changed|zip_plus4
org_b,0018g0gea16Ci3iAAC,E00985,shared_copy,name_case|web_missing
org_b,0018g0nr37eLC02AAG,E00989,primary,
org_b,0018g069CebSKblAIG,E00990,shared_copy,conflict_employees
org_b,0018g0FHGS8QfvtA4C,E00992,primary,
org_b,0018g0x8UzKph4XAIR,E00994,primary,
org_b,0018g0ss5SwN8NRAQ0,E00995,primary,
org_b,0018g03PNT23g5rA2A,E00997,primary,
org_b,0018g0eOm3Lm2AqAEJ,E01000,shared_copy,addr_moved|name_sector_variant|name_typo
org_b,0018g0VvGkmDnsuAKC,E01004,primary,addr_abbrev
org_b,0018g0FXuxZei4xAGB,E01005,primary,
org_b,0018g0nLf8htluuAEA,E01006,primary,
org_b,0018g041HefwlX4AII,E01007,primary,
org_b,0018g0BlXHGnYJwA0N,E01008,primary,zip_plus4
org_b,0018g04SkINNBSyAUP,E01009,primary,
org_b,0018g0CLhNkinIiAWI,E01011,primary,addr_abbrev
org_b,0018g0ecfq3yZqAAAU,E01014,primary,
org_b,0018g0WyM130PZsAKM,E01020,primary,web_missing
org_b,0018g0ZxLzKrEamAKF,E01023,primary,
org_b,0018g07YERU2cwQA2R,E01026,primary,zip_plus4
org_b,0018g0ANOayPnU2AOK,E01029,primary,
org_b,0018g0n1D8uAtiqAIC,E01032,shared_copy,name_suffix|phone_changed
org_b,0018g03DZqmOC6QAMW,E01033,primary,
org_b,0018g0stJcV6UcNAIV,E01034,primary,
org_b,0018g0WFPWy9y98A4A,E01036,shared_copy,addr_missing|addr_moved|name_suffix
org_b,0018g0EnMUiqZYuA0M,E01038,shared_copy,conflict_employees|web_missing
org_b,0018g0vcmWBoo4GAQR,E01039,shared_copy,addr_abbrev|addr_missing|conflict_employees|phone_changed
org_b,0018g03k2kYal0VAAR,E01040,shared_copy,conflict_employees|name_sector_variant|name_typo|zip_plus4
org_b,0018g00tFlaMWlOAIW,E01041,primary,
org_b,0018g0a0IUXS2GlAYL,E01043,shared_copy,addr_abbrev|conflict_industry|name_sector_variant|zip_plus4
org_b,0018g0JIGwXsQ2wAOF,E01046,primary,web_missing
org_b,0018g05zNi1sHLGAI2,E01047,shared_copy,addr_moved|web_subdomain
org_b,0018g0EADPJ5XgWA4V,E01048,primary,
org_b,0018g0iYODQg4zcA2B,E01049,primary,zip_plus4
org_b,0018g05XgU6iEUGAU2,E01050,primary,
org_b,0018g05keNo5yRSAQY,E01054,shared_copy,addr_moved|name_sector_variant|name_suffix|phone_missing|web_missing
org_b,0018g0LexLEJ2n2ASD,E01056,primary,phone_missing
org_b,0018g0q0LJEMpCKAY1,E01059,primary,addr_abbrev|zip_plus4
org_b,0018g01sVg6iMoeAIE,E01060,primary,addr_abbrev
org_b,0018g0rkBk9CqlBAIS,E01061,primary,
org_b,0018g09vBbdEXZyAIO,E01062,primary,phone_missing|web_missing
org_b,0018g0zaMus3tnYAIQ,E01063,primary,
org_b,0018g0MXmM5C3XZAW0,E01064,shared_copy,conflict_industry|phone_changed|web_missing
org_b,0018g05G85MfR0fAEF,E01065,primary,
org_b,0018g03nlNzcVt8AQE,E01067,primary,addr_abbrev|zip_plus4
org_b,0018g0EMUEUaLUyA4N,E01069,primary,addr_abbrev|web_missing
org_b,0018g0KZuK88qf9AWA,E01070,primary,
org_b,0018g0YMgD0ToNVAW0,E01071,primary,
org_b,0018g0Zyw0igAPMAC2,E01073,primary,addr_abbrev
org_b,0018g0wliVyJZiBAQW,E01075,primary,
org_b,0018g0Wv13NAIUZAC5,E01079,primary,
org_b,0018g0raNi6qefmAIA,E01083,primary,addr_abbrev
org_b,0018g0ULwGsodPFAWY,E01086,primary,
org_b,0018g0gcg0TRs6kAAD,E01087,primary,phone_missing|web_missing
org_b,0018g0n3VbphKstAIE,E01088,primary,
org_b,0018g0RkNq6yGnXAKU,E01090,primary,web_missing
org_b,0018g0oAp4FrX2xAEF,E01091,shared_copy,addr_abbrev|addr_moved|conflict_employees|conflict_industry|name_typo|phone_missing|web_missing
org_b,0018g0n6sDpZ0YDAQ0,E01093,primary,
org_b,0018g0J2MQpIzCxA0K,E01094,shared_copy,addr_moved|name_sector_variant|phone_missing|web_missing
org_b,0018g0RRstCk3OVAGZ,E01095,primary,addr_abbrev|phone_missing
org_b,0018g0XAeYfpJ7fAWE,E01096,primary,addr_abbrev
org_b,0018g0nAJa9nE1nAME,E01099,primary,addr_abbrev|web_missing
org_b,0018g0i5GHMgThrAYF,E01103,shared_copy,addr_abbrev|name_typo
org_b,0018g0JuPfeEUcwAKG,E01110,primary,addr_abbrev
org_b,0018g0QvFWjvWVEA02,E01111,primary,addr_abbrev
org_b,0018g0deDgLqNSbAIN,E01114,primary,
org_b,0018g0jtvVff1aKAQQ,E01115,shared_copy,conflict_employees|conflict_industry|name_sector_variant|name_suffix
org_b,0018g0Zjwzb4ReGACU,E01117,primary,phone_missing
org_b,0018g0SfQsLMzO5AKL,E01119,intra_dup,addr_missing|addr_moved|conflict_employees|name_typo|phone_missing|web_missing|zip_plus4
org_b,0018g0pzHlQXR7SAIX,E01119,primary,phone_missing|web_missing
org_b,0018g0bqhgItjS8AAJ,E01122,shared_copy,conflict_industry|phone_missing
org_b,0018g0jUrXj4DacAUE,E01125,primary,
org_b,0018g0xzj01N1bHAAS,E01126,shared_copy,addr_abbrev|conflict_industry|web_missing
org_b,0018g0Zn2JILLOAAS5,E01127,primary,
org_b,0018g0vLtTCifUIAUZ,E01128,primary,web_missing
org_b,0018g0wOX9ZjoHFAMZ,E01129,primary,
org_b,0018g0dRSnVkPStAMN,E01133,primary,
org_b,0018g0IFkjtthi3AGA,E01137,primary,
org_b,0018g0108E7qfC9AQI,E01138,primary,addr_abbrev
org_b,0018g0XcuaO2oMiACJ,E01140,primary,phone_missing
org_b,0018g0ml8qviqamAAA,E01141,shared_copy,conflict_employees
org_b,0018g0HyBHnQhDwA0K,E01145,primary,phone_missing
org_b,0018g0zOAyZmzXxAMJ,E01146,primary,
org_b,0018g0PKrn5Erf7AGC,E01147,shared_copy,name_case
org_b,0018g0ZTgiDCBYWAG5,E01148,intra_dup,conflict_industry|phone_missing|zip_plus4
org_b,0018g0Z4P5QYy6oAKD,E01148,primary,
org_b,0018g0HnuCXxjD2ASJ,E01149,primary,
org_b,0018g0G1XthuxEEAKY,E01150,primary,addr_abbrev
org_b,0018g0e4Ls7fbeuAIA,E01151,primary,
org_b,0018g0jvd4lDUT7AAO,E01153,primary,
org_b,0018g03rhhDWipkAAD,E01156,intra_dup,addr_abbrev|phone_missing|zip_plus4
org_b,0018g0k5u8QtbsKAAR,E01156,primary,addr_abbrev
org_b,0018g0DvifD8tsCACR,E01157,primary,web_missing
org_b,0018g0bQTfN81gEAMR,E01158,primary,phone_missing
org_b,0018g0lp9r2XSmHAAW,E01160,primary,addr_abbrev
org_b,0018g0vynyrdvQwAAI,E01161,primary,
org_b,0018g0zm0vNZvecAAD,E01162,primary,
org_b,0018g0a3jxwCthFAAS,E01163,primary,addr_abbrev|web_missing|zip_plus4
org_b,0018g0KrYbX4bAiAKJ,E01165,shared_copy,name_case|name_sector_variant|name_suffix|name_typo|phone_changed|zip_plus4
org_b,0018g0HXp8aHllIAGS,E01168,intra_dup,name_sector_variant|name_suffix|web_missing
org_b,0018g0xYWhVlfQcAMJ,E01168,primary,
org_b,0018g0elFxUwHCAAI3,E01169,shared_copy,addr_moved|conflict_employees|phone_missing
org_b,0018g0dpIgYF5iiAID,E01171,primary,
org_b,0018g0dsFde2j9zAIA,E01172,primary,addr_abbrev
org_b,0018g0VGoSsv8SFAWY,E01173,primary,phone_missing
org_b,0018g0m5JvIsYW0AIN,E01174,primary,
org_b,0018g0trqPAF2ALAQ1,E01176,shared_copy,addr_moved|conflict_industry
org_b,0018g0dwD7lruuHAIQ,E01177,shared_copy,conflict_employees|name_sector_variant|name_suffix
org_b,0018g0RLkim7xBjAGI,E01179,primary,web_missing
org_b,0018g0Y7d7XLzLZAC1,E01180,primary,
org_b,0018g0MUQ9YN6aIAOT,E01182,primary,
org_b,0018g05Thb6J22iAEC,E01185,primary,phone_missing
org_b,0018g0cRPy575bMAMQ,E01186,primary,zip_plus4
org_b,0018g0q8xUKO9RtAQL,E01187,primary,
org_b,0018g01v1m7M7hzAAC,E01189,shared_copy,addr_abbrev|name_sector_variant|web_missing
org_b,0018g0D6tb8H0zhACC,E01190,primary,
org_b,0018g0QCwCYx9nIAWR,E01191,primary,phone_missing
org_b,0018g01FeayXvtnAEC,E01192,primary,
org_b,0018g0rdFa6aGiLAIU,E01193,primary,
org_b,0018g02pWPgG8fDAYS,E01194,primary,addr_abbrev
org_b,0018g0LfPnCCvTZAK1,E01196,primary,addr_abbrev
org_b,0018g0ySvICdAD8AUN,E01198,primary,
org_b,0018g0kXI6Tv8L6AMJ,E01199,primary,
org_b,0018g0eyD9vVaC2AIK,E01201,intra_dup,web_subdomain|zip_plus4
org_b,0018g04epLwv5wwAQA,E01201,shared_copy,addr_abbrev|conflict_industry|name_sector_variant|web_subdomain
org_b,0018g0Yq1i99CL0ACM,E01202,primary,addr_abbrev|zip_plus4
org_b,0018g02xahaxUaUAAU,E01203,shared_copy,name_sector_variant|phone_changed|web_subdomain|zip_plus4
org_b,0018g09EgWU1mhbAUB,E01208,primary,web_missing
org_b,0018g0Us8sL9dReACJ,E01209,shared_copy,conflict_employees|name_sector_variant
org_b,0018g0dfdccAfJMAA0,E01210,primary,
org_b,0018g0HBvbwmUSSAG2,E01211,primary,
org_b,0018g0iPNSYtVzoA2F,E01213,shared_copy,conflict_industry|name_typo|phone_changed|web_missing
org_b,0018g0U5FMRVvCfA0L,E01215,shared_copy,addr_abbrev|conflict_industry|name_sector_variant|name_suffix|phone_changed|web_missing
org_b,0018g0LMOdWoGLwAON,E01216,shared_copy,addr_moved|phone_missing
org_b,0018g0JZb2Q4W8iAGF,E01217,primary,addr_abbrev
org_b,0018g0MKveefno8AGA,E01218,primary,addr_abbrev|phone_missing
org_b,0018g0g7tx8TumlAAC,E01219,primary,
org_b,0018g0Hx4w7C0s8ACC,E01220,primary,
org_b,0018g01pg74kbAsAAI,E01221,primary,
org_b,0018g0vdQ248Op5AIE,E01222,primary,
org_b,0018g0zYA6d3TLoAMM,E01225,primary,
org_b,0018g0Y24PtviLSASY,E01227,shared_copy,addr_moved|conflict_employees|phone_changed
org_b,0018g0dKNpB8PsNAMV,E01229,primary,
org_b,0018g0H6dPwjcOpASI,E01230,primary,
org_b,0018g0cGkMKapQjAUJ,E01231,shared_copy,addr_moved|name_case|web_missing
org_b,0018g0yP99LPHPvAEP,E01232,primary,phone_missing
org_b,0018g0zvhne5h0wAAA,E01233,shared_copy,addr_moved|conflict_industry|name_sector_variant|phone_changed
org_b,0018g0pxovQeokHAAR,E01235,primary,phone_missing
org_b,0018g0A6H8pYwA7AKK,E01238,primary,
org_b,0018g0IpAtpARdgAKG,E01239,shared_copy,name_sector_variant|name_typo
org_b,0018g0rhs8tSmvQAAS,E01241,primary,web_missing
org_b,0018g0Ptx58PBx1ACG,E01242,primary,
org_b,0018g08gne7ib7cAAA,E01243,shared_copy,addr_moved|conflict_employees|name_case|name_typo
org_b,0018g0ifugiX9BYAA0,E01244,primary,
org_b,0018g0bTc22Ccs2AEC,E01245,primary,phone_missing
org_b,0018g0H8apbbXVHAC2,E01246,shared_copy,addr_abbrev|addr_moved|conflict_employees|phone_changed
org_b,0018g0oiplpKUWUAA4,E01250,primary,web_missing
org_b,0018g0fVNUHIz4BA2T,E01252,primary,
org_b,0018g0zVhbeF4CkAEK,E01253,primary,addr_abbrev
org_b,0018g0OwxG5TfKhASK,E01259,primary,zip_plus4
org_b,0018g0tHm6dAox7AEC,E01260,primary,phone_missing
org_b,0018g0cWfQZrspgAUB,E01262,shared_copy,conflict_industry|web_missing
org_b,0018g037LyiwRQSAI2,E01263,primary,web_missing
org_b,0018g0Fe3JJJGK7ASP,E01264,primary,web_missing
org_b,0018g0PJJZlzOjVA4U,E01266,primary,phone_missing
org_b,0018g0wxMixVkyOAIS,E01267,intra_dup,name_case|phone_missing|web_missing
org_b,0018g0lULUERTbVA2X,E01267,primary,web_missing
org_b,0018g0OeM5x3KqfAKE,E01269,primary,zip_plus4
org_b,0018g0MiyLMchRgASJ,E01270,primary,phone_missing
org_b,0018g0v3Q2Lat4CAIR,E01272,primary,
org_b,0018g0OpxE3xuMnASI,E01273,primary,
org_b,0018g0UFeoyBvIgAGK,E01274,shared_copy,addr_abbrev|phone_missing
org_b,0018g0Z7h2TGjfKACT,E01275,primary,
org_b,0018g0eam71MSp6AAG,E01276,primary,zip_plus4
org_b,0018g0gAb55oQ2AAEU,E01277,primary,zip_plus4
org_b,0018g04CWH1g6ufA2A,E01278,shared_copy,conflict_industry|name_suffix|phone_changed|web_missing
org_b,0018g0eMNJUfL2UA2V,E01279,primary,
org_b,0018g0CQ0sFVw0VAGT,E01285,shared_copy,addr_abbrev|conflict_industry|name_case|name_sector_variant|name_typo|phone_changed
org_b,0018g0Rf17mbgoqACA,E01288,primary,
org_b,0018g0eTsRyLh1cAUC,E01289,primary,
org_b,0018g0wvq7zP6G3AAK,E01291,primary,
org_b,0018g0xxBVSSOUSAY5,E01293,primary,phone_missing
org_b,0018g0mjj4keUivAAE,E01295,primary,phone_missing|web_missing
org_b,0018g0MHdqzghtTAGQ,E01296,primary,addr_abbrev
org_b,0018g0bzdLNjjMdAQJ,E01297,primary,
org_b,0018g0KCOcpI9lZAOS,E01298,primary,phone_missing
org_b,0018g0HKvJET3vyAWD,E01299,shared_copy,addr_moved|name_case
org_b,0018g0C16WaiDR2ASM,E01303,primary,web_missing
org_b,0018g0CWoOYVlYJAW1,E01304,primary,web_missing
org_b,0018g0dIBFvmj2oA2A,E01305,primary,addr_abbrev
org_b,0018g0pRl4lDBykAEG,E01306,primary,phone_missing|web_missing
org_b,0018g0pV9H1PIYyAUO,E01311,primary,
org_b,0018g0w14YI3SjuAQF,E01312,primary,
org_b,0018g0yigooheaFAAQ,E01313,primary,
org_b,0018g0M27x0lQd2ACE,E01315,shared_copy,addr_abbrev|conflict_employees|name_sector_variant|name_suffix|phone_missing|web_missing
org_b,0018g0kJKzZrf9RAMR,E01316,shared_copy,name_suffix|web_subdomain
org_b,0018g0sm2XggeyHAQQ,E01317,primary,addr_abbrev|web_missing
org_b,0018g0BFj5sCVdyAGG,E01318,primary,web_missing
org_b,0018g0bF3n1oe67AEA,E01320,intra_dup,addr_moved|name_sector_variant|phone_missing
org_b,0018g0MMvkjngjOAGQ,E01320,primary,
org_b,0018g0ISmDqElwsAWC,E01321,primary,
org_b,0018g0EFe1ZBdrxAGD,E01322,primary,
org_b,0018g0kIhwAW8g9AED,E01323,shared_copy,addr_abbrev|addr_missing|conflict_employees|name_case|name_sector_variant|name_typo|phone_missing|web_missing
org_b,0018g0FJJRAddXuA4J,E01324,primary,phone_missing
org_b,0018g03eU0HE2RKAI1,E01325,primary,zip_plus4
org_b,0018g08i1MWD16iAQD,E01326,shared_copy,addr_missing|addr_moved|web_missing
org_b,0018g0udvv7taWwAAI,E01327,primary,
org_b,0018g0jlkG0e6xyAQA,E01328,primary,
org_b,0018g0ZTQG7wfCSA4Y,E01329,primary,
org_b,0018g09RsKus7hYAUQ,E01330,primary,addr_abbrev
org_b,0018g0gWksngAdKAEU,E01331,shared_copy,name_sector_variant|phone_missing
org_b,0018g0OrDdSyedsAKB,E01332,primary,
org_b,0018g0k4aqHlOvDAAV,E01333,intra_dup,name_sector_variant|name_typo|phone_changed|web_missing
org_b,0018g0W9fxJLgT4ACL,E01333,primary,web_missing
org_b,0018g0ptvrJ5YX5AAN,E01334,shared_copy,addr_abbrev|conflict_employees|name_sector_variant|name_suffix|name_typo|phone_missing
org_b,0018g0LlJLvjDzbA0E,E01335,primary,
org_b,0018g054chUw9t8AAB,E01336,intra_dup,addr_abbrev|conflict_industry|phone_missing
org_b,0018g0OXdFJhv1gAWB,E01336,shared_copy,addr_moved|conflict_employees|conflict_industry|name_sector_variant
org_b,0018g0lR67N4eflAEB,E01337,primary,
org_b,0018g0qkRu8oy9SAIQ,E01338,primary,
org_b,0018g0wdF34DzXnAIK,E01339,primary,zip_plus4
org_b,0018g0bTtrFKrUzAEL,E01340,shared_copy,name_sector_variant|phone_missing
org_b,0018g0lZHkAvhclAMB,E01343,primary,
org_b,0018g0b5WOMmkjVAYR,E01346,shared_copy,addr_abbrev|addr_moved|conflict_employees|name_case
org_b,0018g0AIZ4g1HqmAOE,E01349,primary,addr_abbrev
org_b,0018g0M9AqXm8F7AKJ,E01350,primary,web_missing
org_b,0018g0jkHYjjP0KAYU,E01351,shared_copy,name_case
org_b,0018g00Jn3GjGkYAEV,E01352,primary,phone_missing
org_b,0018g08UOMsrAQpA2M,E01354,shared_copy,conflict_employees|conflict_industry|name_case|name_sector_variant|phone_missing|web_missing
org_b,0018g0UMn7XRnzbAGD,E01357,primary,
org_b,0018g0xJb5kc6csAEA,E01359,primary,
org_b,0018g0YMd3TD24kAGD,E01360,primary,addr_abbrev|phone_missing
org_b,0018g0ERAuERHohAOH,E01363,primary,
org_b,0018g0Jl9qmz60MACQ,E01364,primary,
org_b,0018g0k0qa8afpuAAA,E01365,primary,addr_abbrev
org_b,0018g0uF7MERU34AUH,E01366,intra_dup,addr_abbrev|phone_missing
org_b,0018g0nbK0glSZmAIM,E01366,primary,
org_b,0018g0k4929vuEAAAY,E01367,intra_dup,addr_moved|name_case
org_b,0018g08KYWGay02A2B,E01367,shared_copy,addr_abbrev|name_suffix|phone_missing
org_b,0018g00Knx7cMZrAEM,E01368,primary,
org_b,0018g0qelmW5V1wAAF,E01369,primary,web_missing
org_b,0018g0pLSUbnO4lA2E,E01370,primary,web_missing
org_b,0018g0bWWiLXJi1AMH,E01371,shared_copy,addr_abbrev|addr_missing|conflict_employees|phone_missing|web_missing
org_b,0018g0naC99kQTFAI2,E01375,primary,web_missing
org_b,0018g05SLo9Ae81AMC,E01376,primary,
org_b,0018g05zIVHY3XzAYL,E01378,primary,phone_missing
org_b,0018g0XQYdPofCFAOZ,E01379,primary,
org_b,0018g0rLtOr6CY5AUM,E01380,shared_copy,name_suffix|zip_plus4
org_b,0018g0UbzlGBhkCACT,E01382,primary,
org_b,0018g0kOVnAoUv9AMF,E01383,primary,zip_plus4
org_b,0018g0U7aQdxxsRASQ,E01386,primary,addr_abbrev|web_missing
org_b,0018g0qlYFlsaRcAYI,E01387,primary,
org_b,0018g0ByV1raElRAKU,E01388,primary,
org_b,0018g0HdCxbdS3SAKU,E01389,primary,web_missing
org_b,0018g0ZKSWWIYHMA45,E01390,primary,
org_b,0018g0vwqIFoXjGAQV,E01391,primary,
org_b,0018g0MrrYgW6IyASK,E01394,primary,
org_b,0018g0940gwzJ3sAAE,E01396,primary,
org_b,0018g0nX3FbeG1SAUU,E01397,primary,
org_b,0018g0lARHpbgGlA2I,E01398,primary,zip_plus4
org_b,0018g0C5vvJZNH6ACP,E01401,primary,
org_b,0018g0nZrRosidwAUA,E01402,primary,zip_plus4
org_b,0018g0fc94OT9dBAAT,E01404,shared_copy,name_case|name_suffix|web_subdomain
org_b,0018g0ooLBvRQHvAYO,E01407,primary,addr_abbrev
org_b,0018g070ShFVmHwAIL,E01409,shared_copy,addr_abbrev
org_b,0018g0cEye4aBSFAE2,E01410,primary,
org_b,0018g0ty9CvrGVqAQM,E01411,shared_copy,addr_abbrev|conflict_industry|name_sector_variant
org_b,0018g0NZ3KwztbWAWQ,E01412,primary,
org_b,0018g0F8OovlexDAKQ,E01414,shared_copy,addr_moved|conflict_employees|conflict_industry|name_suffix|phone_changed
org_b,0018g0a6kUCXXtPAQX,E01415,shared_copy,conflict_employees|name_sector_variant
org_b,0018g0CpHwxGqNBAK0,E01416,primary,addr_abbrev
org_b,0018g0HvWoyE8j0AKC,E01417,primary,
org_b,0018g0pZGC60ZnvA2E,E01420,primary,phone_missing|web_missing
org_b,0018g0d9qZjxPv7AQE,E01421,primary,zip_plus4
org_b,0018g0zbTTvq65UAYQ,E01422,shared_copy,conflict_employees|name_sector_variant|name_typo|web_missing
org_b,0018g0VlugilBv7ACE,E01423,shared_copy,addr_abbrev|conflict_industry|phone_missing
org_b,0018g05vE6IiKg2AIF,E01425,shared_copy,addr_abbrev|conflict_employees|name_suffix|web_missing
org_b,0018g0V2HXOxrJUA0Z,E01427,shared_copy,addr_abbrev|conflict_industry|name_sector_variant|name_suffix
org_b,0018g0oBN26qClfAME,E01428,primary,
org_b,0018g0PkEmV9BdjAKF,E01429,primary,
org_b,0018g01JOfyTc5OAMS,E01431,shared_copy,addr_abbrev|conflict_employees|name_suffix|phone_missing|web_missing
org_b,0018g0su29elXtPAAU,E01435,shared_copy,conflict_employees|name_suffix|phone_changed
org_b,0018g056B1YZ18eAID,E01436,shared_copy,conflict_industry|name_sector_variant|phone_missing|web_missing
org_b,0018g0biUuzq2hhAIA,E01439,primary,addr_abbrev
org_b,0018g0KR3v2JYWeAGO,E01441,shared_copy,addr_abbrev|name_suffix|name_typo|phone_changed|web_missing
org_b,0018g0JrkZkHCasASG,E01442,shared_copy,addr_moved|name_typo|phone_missing|web_subdomain
org_b,0018g0i6CXJzYltAYF,E01443,primary,
org_b,0018g0V5UYUaUH6A0N,E01444,shared_copy,conflict_employees|conflict_industry|name_sector_variant
org_b,0018g0tj01T1ERVAA3,E01445,shared_copy,conflict_industry|name_sector_variant|name_suffix|phone_changed
org_b,0018g0VsD0N0f6eAKB,E01446,primary,web_missing|zip_plus4
org_b,0018g0WdZWeeH5JA0U,E01447,primary,
org_b,0018g0KqJmVe2WFAKZ,E01448,primary,
org_b,0018g0D9IahbG7HAKU,E01450,primary,
org_b,0018g0UEpCScm2xAWB,E01451,shared_copy,conflict_employees|conflict_industry|name_sector_variant|web_subdomain
org_b,0018g00RD7XkyYYAMZ,E01452,primary,
org_b,0018g09Zv9i5elKAEQ,E01453,shared_copy,conflict_employees|name_suffix|name_typo|web_missing
org_b,0018g0S2U7KSIhWAKX,E01456,primary,phone_missing
org_b,0018g0XuVzKOWPYAK5,E01458,primary,zip_plus4
org_b,0018g0u73QDZNtkAQH,E01461,primary,
org_b,0018g0gdLscgbMIAIY,E01463,primary,addr_abbrev|web_missing
org_b,0018g0Z8lgJJhkqACD,E01465,primary,web_missing
org_b,0018g0SPJYLRZ8CA4X,E01467,primary,
org_b,0018g0bHshFnRUtAEN,E01470,shared_copy,conflict_industry|name_suffix|phone_changed|web_missing
org_b,0018g0GxqcB98SpACJ,E01471,primary,
org_b,0018g0t8Z2crGBhAIM,E01473,shared_copy,addr_abbrev|addr_missing|conflict_employees|name_case|name_typo|zip_plus4
org_b,0018g0cLqPdJgbLAUS,E01475,primary,web_missing|zip_plus4
org_b,0018g0lH4KdqxIyAUI,E01476,shared_copy,addr_moved|name_typo
org_b,0018g0S3OjkoYLKAK2,E01477,shared_copy,addr_missing|name_sector_variant|web_subdomain
org_b,0018g0Uu5TF8NDjASN,E01478,shared_copy,addr_moved|name_suffix|web_missing|zip_plus4
org_b,0018g0Xd7ehDVZWAC4,E01479,intra_dup,addr_missing|conflict_employees|phone_changed
org_b,0018g0n6GFdC2zbAYC,E01479,primary,
org_b,0018g0PKxtSi0G4AGJ,E01480,primary,
org_b,0018g0t6bl4Xz8IAAS,E01481,primary,
org_b,0018g0APiUE4JIuAWN,E01482,primary,
org_b,0018g0ngc7SgWRFAA3,E01486,primary,addr_abbrev
org_b,0018g0m21kgmHQrAAM,E01487,primary,addr_abbrev|zip_plus4
org_b,0018g0ViDHj6KTIA02,E01489,primary,
org_b,0018g0tQWY0YqAHA20,E01490,primary,addr_abbrev
org_b,0018g0dKp7JrcVLAEZ,E01491,primary,zip_plus4
org_b,0018g0epf1nZ1eqAAC,E01492,primary,addr_abbrev
org_b,0018g0jBi8PLgTkAEL,E01493,primary,
org_b,0018g0Uz3SFpRCgASN,E01495,primary,
org_b,0018g09E6qPvc0eAEB,E01496,primary,
org_b,0018g03ebZ5yfnjAQA,E01499,intra_dup,addr_moved|phone_changed|zip_plus4
org_b,0018g0Ax680rAS6ACM,E01499,primary,addr_abbrev|web_missing
org_b,0018g0pP1HrF4UfAUK,E01500,primary,
org_b,0018g05csyhlafgAAA,E01502,primary,zip_plus4
org_b,0018g0amucuHJCkAAO,E01505,primary,
org_b,0018g0MpJeYMInoAKH,E01507,primary,
org_b,0018g0ZQ6cCASMiAGP,E01508,primary,
org_b,0018g07JFOnaJfPA2U,E01510,primary,phone_missing
org_b,0018g061t7ybziTAAQ,E01514,primary,
org_b,0018g0nGixYo8R8AEJ,E01515,primary,
org_b,0018g0kZ7rYmnPmAEJ,E01519,shared_copy,addr_moved|conflict_employees|name_case|web_missing
org_b,0018g0mzsdtCGNDAA4,E01521,primary,
org_b,0018g0HuNVWgLWNA03,E01522,shared_copy,addr_missing
org_b,0018g0rgs2gMIppAAG,E01523,primary,
org_b,0018g0lQqvJKjQnAEL,E01525,primary,web_missing
org_b,0018g0ABZCbEdVjA4K,E01526,primary,addr_abbrev
org_b,0018g0fIViwvldPAMQ,E01527,primary,addr_abbrev
org_b,0018g0KjPo1ZKWhAKO,E01532,shared_copy,conflict_employees|phone_missing|zip_plus4
org_b,0018g0rysEqc6axAQA,E01534,shared_copy,name_case|name_suffix|phone_changed
org_b,0018g0A90p5ZIESAC4,E01537,primary,web_missing
org_b,0018g0GGmAY6cZDAWZ,E01538,primary,
org_b,0018g0IhQWaDwO7A0K,E01540,primary,phone_missing
org_b,0018g04rJaAeNqIAIV,E01541,primary,
org_b,0018g0nvquFcumUAAR,E01542,shared_copy,conflict_employees|conflict_industry|name_suffix|phone_missing|web_subdomain
org_b,0018g0aLsUglgy5AUA,E01544,shared_copy,conflict_employees|conflict_industry|web_missing|zip_plus4
org_b,0018g05uG0Fyuu0AIB,E01545,shared_copy,addr_abbrev|addr_missing|name_sector_variant|name_suffix
org_b,0018g0MbBMKf8tpA0B,E01549,shared_copy,addr_abbrev|addr_moved|conflict_employees|web_subdomain
org_b,0018g0Agk2Upnf3ACB,E01554,primary,
org_b,0018g07CB9VUkHqAML,E01555,primary,
org_b,0018g0JCaA5cQkTAWU,E01560,primary,phone_missing
org_b,0018g0Y2foguKDwACM,E01561,primary,web_missing
org_b,0018g0AC9GCiU5LAWV,E01564,shared_copy,addr_abbrev|conflict_employees|name_sector_variant|phone_missing|web_missing
org_b,0018g0wRutQYrwyAED,E01565,primary,
org_b,0018g0eVn8VEnQ3AEL,E01567,primary,
org_b,0018g0jqmsjLVsBAAW,E01569,primary,
org_b,0018g0YsHiUswr6AKB,E01571,primary,zip_plus4
org_b,0018g0hQ4UBVwyDAUT,E01572,primary,
org_b,0018g0NBhKRIO7rAWH,E01574,shared_copy,name_sector_variant|web_missing
org_b,0018g0fptupgIXwAAM,E01576,intra_dup,name_suffix|name_typo|web_subdomain
org_b,0018g0odtCZNxbYAQT,E01576,primary,
org_b,0018g0XloOtAFiqASG,E01577,intra_dup,conflict_employees|conflict_industry|name_case|phone_missing
org_b,0018g0rag6dbLSeAAM,E01577,shared_copy,addr_moved|conflict_industry|name_case|phone_missing|web_missing
org_b,0018g0dgCJCdZOlAYN,E01579,primary,
org_b,0018g0kkUE2eMgaAYE,E01583,primary,
org_b,0018g0FKpBdBfb0AWC,E01584,primary,
org_b,0018g0Ep9wLCKNNAC5,E01585,shared_copy,addr_abbrev|name_sector_variant|zip_plus4
org_b,0018g0CYVn0s38dAOA,E01587,primary,addr_abbrev
org_b,0018g0Eml8wdif7ACA,E01591,primary,addr_abbrev
org_b,0018g05QcCVaWNfAUN,E01592,shared_copy,addr_moved|name_typo|phone_changed
org_b,0018g0iMwrm5jbfAEA,E01595,primary,
org_b,0018g04XApakmo1AMA,E01596,primary,
org_b,0018g07OW6reo3jAMA,E01597,primary,web_missing
org_b,0018g0KVRYfS8fKA4S,E01599,shared_copy,addr_missing|phone_missing
org_b,0018g0JwZcdtGzJAKU,E01603,primary,
org_b,0018g0qE6Ul5kZtAUI,E01604,shared_copy,addr_missing|name_sector_variant|phone_changed
org_b,0018g0N7bIlT25RASS,E01606,primary,
org_b,0018g0dCRWBc1mpA2B,E01608,primary,
org_b,0018g0EEpYKVNVLAW5,E01609,primary,
org_b,0018g0bCg1oapaJAEQ,E01610,primary,phone_missing
org_b,0018g0PkURxOAwYA0W,E01611,primary,
org_b,0018g0Z4M9kxrmFAKQ,E01616,primary,
org_b,0018g0pZ3uoD0ORAE0,E01617,shared_copy,addr_abbrev|web_missing
org_b,0018g0AC3uels4MAGQ,E01619,shared_copy,addr_abbrev|conflict_employees|name_case
org_b,0018g0eHiUGa1MRAUZ,E01624,primary,addr_abbrev|web_missing
org_b,0018g0OLWD9tM5vA4E,E01625,primary,
org_b,0018g0xmOgEmQpHAIV,E01626,primary,
org_b,0018g0V8afo5xkBACQ,E01628,primary,
org_b,0018g0sIV3B1vekAMB,E01629,shared_copy,addr_moved|conflict_employees|name_case|name_suffix|name_typo|web_subdomain
org_b,0018g0by2oK6t8BAAR,E01630,primary,
org_b,0018g0Zk5neQUdUACW,E01631,primary,
org_b,0018g0rTudqQ0IbAEK,E01632,primary,addr_abbrev
org_b,0018g0s3YNAdWpvAYF,E01633,shared_copy,name_suffix|zip_plus4
org_b,0018g0U83uHUb5sACD,E01634,shared_copy,addr_abbrev|conflict_industry|phone_missing|web_missing|zip_plus4
org_b,0018g09PQWa0aa5A2A,E01635,primary,
org_b,0018g0ybiPUTwFNAQ1,E01636,primary,web_missing
org_b,0018g0Q0QODP8wrA0D,E01639,primary,
org_b,0018g0A5Sr6qV6uAKE,E01640,primary,
org_b,0018g0rYH0O4C9IAMV,E01641,shared_copy,conflict_industry|web_missing|zip_plus4
org_b,0018g0g0TW0FuzhAYC,E01642,primary,addr_abbrev
org_b,0018g0EfPf7Quo0AKC,E01646,primary,
org_b,0018g0LUdHPPvt5AWD,E01647,primary,zip_plus4
org_b,0018g0uliQ2CTZMAQ4,E01650,shared_copy,addr_abbrev|name_suffix|web_subdomain|zip_plus4
org_b,0018g0f8zoKPebJAAT,E01651,primary,addr_abbrev
org_b,0018g0Z4HjBQU0YAKX,E01652,primary,phone_missing|zip_plus4
org_b,0018g0fbVKwc1wiAYA,E01653,shared_copy,conflict_employees|conflict_industry|name_sector_variant|web_subdomain
org_b,0018g0biumbRWA8AAO,E01654,primary,
org_b,0018g0RcMQ0SdMgA0K,E01657,shared_copy,addr_moved|name_case|name_sector_variant|phone_changed|web_missing
org_b,0018g0ptPMxQNqvAYG,E01661,primary,
org_b,0018g0KP5kdAhjiAGC,E01664,shared_copy,addr_abbrev|conflict_employees|name_sector_variant|name_suffix|phone_missing
org_b,0018g0JGQk05IQ0AOM,E01665,primary,
org_b,0018g044pl6QOXZAA4,E01667,primary,zip_plus4
org_b,0018g01gfNrzZ57AQE,E01668,primary,
