"Id","Name","Website","Phone","BillingStreet","BillingCity","BillingState","BillingPostalCode","BillingCountry","Industry","NumberOfEmployees","OwnerId","ParentId","CreatedDate","LastModifiedDate","Legacy_Account_Number__c"
"0018g0CTufMAhsdAGD","Vouhuq Works Ltd.","https://vouhuq.example/","(617) 555-0130","24733 Shaffer Place","New Stephen","OH","45004","United States of America","Biotechnology","17","0058g04cEw1W9K5AIK","","2022-04-21T01:12:22.000Z","2025-03-19T13:04:31.000Z","BX-647624"
"0018g0EK9tol9VwAGI","Grufath Industries Corporation","www.grufath.example","(503) 555-0133","06371 Page Parkway","Rileyville","MA","01047","USA","Other","155","0058g0kz1pffiKMAAY","","2022-10-06T10:17:31.000Z","2023-01-07T09:15:50.000Z","BX-974698"
"0018g0lp4CIDfYeAQL","Faedrir Analytics LLC","https://www.faedrair.example","(617) 555-0137","5218 Bray Court","West Tyler","PW","96940","US","Technology","333","0058g0f6OZZsIcOAYV","","2019-09-27T01:32:46.000Z","2024-09-05T13:35:56.000Z","BX-643756"
"0018g0UIK80sb8fAOA","Gitryrk Capital LLC","http://gitryrk.example","503.555.0176","906 Hughes Lane","Hughesbury","TN","38232","USA","Communications","12","0058g0Jill5bhliACA","","2019-12-03T23:56:18.000Z","2023-12-08T21:54:27.000Z","BX-945986"
"0018g0jJidO48q4AEB","Wevind Robotics","wevind.example","702.555.0129","1516 White Parkway Suite 628","Meyerchester","LA","71186","US","Consulting","752","0058g0VV62NPeLQAG1","","2023-03-09T02:42:47.000Z","2026-01-12T22:42:10.000Z","BX-750095"
"0018g0g5njt3jmMAAQ","Didris Analytics Ltd.","didris.example","503.555.0141","4652 Ward Drive","Andrewhaven","ND","58830","United States of America","Entertainment","20","0058g0VV62NPeLQAG1","","2022-09-04T16:00:58.000Z","2024-03-24T05:40:43.000Z","BX-601786"
"0018g0RfkzcAy1UACS","Naidave Systems Corporation","www.naidave.example","512-555-0168","33161 Olson Road","Port Danaburgh","AL","36780","USA","Agriculture","31","0058g0Jill5bhliACA","","2023-04-06T03:24:20.000Z","2024-08-13T17:04:37.000Z","BX-310665"
"0018g0HYP6RPOmtAOH","Fuqua Manufacturing Co.","fuqua.example","(512) 555-0129","807 Hendrix Parkway Suite 679","Sanchezton","AK","99603","USA","Hospitality","5005","0058g0G8kK7esM0ASI","","2024-06-14T05:16:24.000Z","2024-12-21T22:00:24.000Z","BX-542315"
"0018g0gQjQDptHHAUZ","VAEVERK NET CORP.","https://vaeverk.example/","","999 Bradshaw Dr","Santiagoton","NJ","08687","United States of America","Media","9","0058g0kz1pffiKMAAY","","2024-03-27T02:06:08.000Z","2026-05-11T14:27:53.000Z","BX-770202"
"0018g0ETybmm2CxAGI","STYVOQ POWER LLC","www.styvoq.example","212.555.0138","2565 Harris Street","North Stephenshire","GA","31039-6216","USA","Recreation","83","0058g0VV62NPeLQAG1","","2022-08-13T03:15:58.000Z","2023-07-25T17:53:38.000Z","BX-633426"
"0018g00DZnkKKePAMW","Renas Matls Ltd.","https://www.renas.example","+1 503 555 0115","24241 Peterson Pl","Williamschester","TX","79438","USA","Hospitality","31","0058g0VV62NPeLQAG1","","2023-06-19T11:39:26.000Z","2024-08-12T05:00:58.000Z","BX-720977"
"0018g0XCgeSKuPXAG1","Skogror Supply Ltd.","skogror.example","206-555-0178","946 Taylor Blvd","Ginaburgh","NV","89498","USA","Education","155","0058g0Jill5bhliACA","","2018-04-20T20:17:57.000Z","2023-12-14T03:17:59.000Z","BX-401175"
"0018g02FwjRHILFAE5","Novath Analytics Corp.","https://novath.example/","305-555-0132","7323 Jones Court","Jillland","MS","39538","US","Shipping","158","0058g0kz1pffiKMAAY","","2025-05-11T17:28:52.000Z","2026-08-08T13:09:43.000Z","BX-495138"
"0018g0uvTlF2XxeAIF","Braitux Dynamics Inc","","1-212-555-0195","7399 Jordan Parkway","Perezport","DC","20001","US","Consulting","1209","0058g0G8kK7esM0ASI","","2023-05-15T07:59:13.000Z","2026-04-29T17:22:23.000Z","BX-316487"
"0018g0asD6NzRuqAIF","Fojaem International Corp.","fojaem.example","1-312-555-0197","5083 Gutierrez Avenue","New Marcbury","PA","16330","United States of America","Agriculture","302","0058g0VV62NPeLQAG1","","2019-10-23T18:02:56.000Z","2022-10-29T04:03:25.000Z","BX-917705"
"0018g05sGsZsHnnAIF","Bisiove Energy Corp.","http://bisiove.example","904-555-0111","2852 Valdez Boulevard Suite 708","Whitneyville","FL","32597","US","Manufacturing","308","0058g0G8kK7esM0ASI","","2017-10-13T13:01:02.000Z","2019-04-03T00:48:09.000Z","BX-531574"
"0018g0Iq0c30ijNACQ","Gruhave Holdings LLC","https://www.gruhave.example","+1 503 555 0145","63189 Warren Parkway","Katherineborough","IN","46588","United States of America","Agriculture","43","0058g0G8kK7esM0ASI","","2023-04-11T04:55:18.000Z","2025-01-03T01:25:33.000Z","BX-975559"
"0018g0seyUJJOLOAQ5","Sanous Dyn","http://sanousdynamics.example","720-555-0188","71894 Nelson Ct","Taylorview","OR","97007","United States of America","Food & Beverage","45","0058g0kz1pffiKMAAY","","2024-10-30T20:59:14.000Z","2026-06-02T03:56:51.000Z","BX-150602"
"0018g07P4WDO36lAUD","Trybrioth Freight Corp.","https://www.trybrioth.example","","14606 Mckinney Place","Hunterfort","MH","96967","USA","Environmental","751","0058g0G8kK7esM0ASI","","2020-12-20T19:07:43.000Z","2024-02-16T21:08:48.000Z","BX-946682"
"0018g03lbIxK8lfAQC","Ciotem Supply Corp.","www.ciotem.example","617.555.0106","5783 Goodwin St","East Alyssaberg","AK","99824","US","Education","5000","0058g0kz1pffiKMAAY","","2017-08-16T04:48:33.000Z","2021-10-29T23:39:01.000Z","BX-875659"
"0018g0nT8Uai7EtAUI","Tupyve Manufacturing Corporation","WWW.TUPYVE.EXAMPLE","206-555-0199","7660 Crawford Street","Tanyabury","NV","89159","US","Shipping","157","0058g0kz1pffiKMAAY","","2021-07-11T00:53:23.000Z","2022-07-01T12:46:56.000Z","BX-148968"
"0018g0bT0oTSHyMAEX","Pretriork Labs Corporation","www.pretriork.example","(972) 555-0185","74232 Richardson Ave","West Bradley","IA","50566","US","Entertainment","14","0058g0G8kK7esM0ASI","","2021-08-18T16:07:05.000Z","2025-04-13T04:30:32.000Z","BX-651787"
"0018g0QIQrlycrxAOA","Quaetriond Services Inc","WWW.QUAETRIOND.EXAMPLE","+1 972 555 0154","70481 Butler Way","Whiteton","DC","20034","USA","Entertainment","12","0058g0G8kK7esM0ASI","","2021-11-28T12:19:16.000Z","2023-07-05T04:27:52.000Z","BX-458165"
"0018g0VPKHHqYX9A4N","Bidroun Health Corporation","https://www.bidroun.example/about","702.555.0189","082 Saunders Lane","Meganport","VA","22252","United States of America","Technology","27","0058g0VV62NPeLQAG1","","2018-07-02T15:09:32.000Z","2026-02-18T23:38:37.000Z","BX-949081"
"0018g0y9gtwdFZsAAM","Lykoq Solutions LLC","lykoq.example","1-404-555-0123","911 Johnson Lane","West Jessicaton","CT","06363","US","Construction","156","0058g0Jill5bhliACA","","2018-10-02T10:17:39.000Z","2022-01-18T02:03:30.000Z","BX-876077"
"0018g0KeOw9rI82AKE","Bybrux Solutions Corp.","https://www.bybrux.example","1-503-555-0119","285 Bush Avenue","Lake Leon","NV","89691","US","Not For Profit","18","0058g0G8kK7esM0ASI","","2022-01-28T16:18:48.000Z","2022-04-29T23:46:05.000Z","BX-613878"
"0018g0UaeeyXMM4ACO","Kiobrul Manufacturing Corp.","www.kiobrul.example","(212) 555-0194","33668 Hawkins Dr","Tracyburgh","LA","71091","US","Chemicals","304","0058g0f6OZZsIcOAYV","","2018-02-02T08:28:46.000Z","2021-06-01T10:39:21.000Z","BX-449201"
"0018g0MixbDsNDpACN","Totraeve International Corp.","WWW.TOTRAEVE.EXAMPLE","1-312-555-0173","0864 Esparza Place Suite 507","Port Adam","LA","70865","United States of America","Hospitality","14","0058g0Jill5bhliACA","","2017-01-10T02:18:39.000Z","2020-12-05T01:13:56.000Z","BX-843788"
"0018g0Q24JeNrcOASS","Preclen Industries Ltd.","https://www.preclen.example/about","512.555.0172","0255 Jones Place","Lake Billy","MT","59330","US","Insurance","18","0058g0kz1pffiKMAAY","","2023-07-29T18:44:58.000Z","2024-07-12T22:30:27.000Z","BX-731987"
"0018g0ooPTt0wvzAYA","Zekaix Dynamics","WWW.ZEKAIXDYNAMICS.EXAMPLE","702.555.0153","508 Golden Place","Jaredshire","NV","89059","USA","Hospitality","7","0058g0Jill5bhliACA","","2022-07-26T08:16:40.000Z","2024-03-29T17:31:43.000Z","BX-363157"
"0018g0QRupEVSvuAGH","Haedae Logistics Inc","WWW.HAEDAE.EXAMPLE","312.555.0168","91387 Gomez Ave","Hendersonview","OH","44864","USA","Healthcare","158","0058g0G8kK7esM0ASI","","2025-01-25T17:01:02.000Z","2025-10-17T21:37:20.000Z","BX-864054"
"0018g0ox8FCY613AQD","Quouquouq International","quouquouq.example","617-555-0187","155 Hatfield Avenue","Port Melissa","IA","52328","United States of America","Hospitality","152","0058g0G8kK7esM0ASI","","2018-09-18T14:53:29.000Z","2021-11-11T07:45:54.000Z","BX-411747"
"0018g0oP4EpnYPkAUM","Folurk Supply Co.","","720-555-0117","32629 Griffith Court","Lisamouth","PA","19123","United States of America","Electronics","5000","0058g0kz1pffiKMAAY","","2024-06-28T00:10:27.000Z","2026-07-16T13:28:10.000Z","BX-759172"
"0018g0Hyyzh3jUmACI","Figrith Solutions Co.","http://figrith.example","+1 312 555 0143","736 Faulkner Way","Ryanport","MH","96966","United States of America","Engineering","20","0058g0VV62NPeLQAG1","","2018-03-12T06:45:58.000Z","2023-02-17T00:30:31.000Z","BX-909391"
"0018g0yHWLo2ByjA2E","Hioflath Systems Corp.","https://www.hioflath.example","212.555.0189","759 Allen Parkway Suite 463","Lake Timothy","UT","84144","USA","Hospitality","303","0058g0kz1pffiKMAAY","","2018-06-25T12:30:01.000Z","2022-03-15T06:59:15.000Z","BX-434734"
"0018g0oORrUeUJeAMN","Livaen Works Ltd.","https://www.livaen.example","(617) 555-0190","83595 Carlson Avenue","East Justin","PW","96940","United States of America","Electronics","5004","0058g04cEw1W9K5AIK","","2021-10-18T22:58:04.000Z","2022-06-05T09:45:44.000Z","BX-610056"
"0018g0bM6RGOdeqAUD","Lperas International Co.","https://go.lepras.example/","813.555.0114","","Melissatown","NE","68090","US","Not For Profit","12","0058g0VV62NPeLQAG1","","2019-04-08T05:06:06.000Z","2026-07-20T05:16:50.000Z","BX-363795"
"0018g0MoViZ5DzpAKF","Gudoth Networks Inc","http://gudothnetworks.example","+1 617 555 0191","30787 Garcia Street Suite 174","Port Kennethton","AK","99927","USA","Construction","31","0058g0G8kK7esM0ASI","","2017-09-18T07:17:27.000Z","2021-08-18T16:41:17.000Z","BX-232113"
"0018g0dsdsgMezTAAS","Cade Supply Ltd.","cade.example","1-415-555-0188","98938 Phillips Court","Jameston","MT","59421","United States of America","Machinery","33","0058g0f6OZZsIcOAYV","","2020-09-23T04:39:16.000Z","2026-05-27T20:28:28.000Z","BX-220821"
"0018g0LDX6ULbkoAOD","Drimou Networks","drimou.example","+1 305 555 0179","817 Dudley Street Suite 902","Gregfort","NM","87365","United States of America","Manufacturing","1208","0058g04cEw1W9K5AIK","","2020-07-08T06:18:49.000Z","2024-11-03T05:52:11.000Z","BX-640395"
"0018g0BqXhQAsD5AKL","Cliorgais Capital Corporation","https://www.cliograis.example","(503) 555-0106","456 Ryan Lane","South Michael","NC","28777","USA","Healthcare","301","0058g0G8kK7esM0ASI","","2021-04-21T13:31:52.000Z","2025-01-19T13:33:11.000Z","BX-864745"
"0018g04PuqDOvWZAE1","Laifeth Energy Corp.","www.laifeth.example","1-503-555-0192","114 Lopez Parkway Suite 507","West Elizabeth","FM","96941","US","Consulting","10","0058g0kz1pffiKMAAY","","2024-03-21T04:58:58.000Z","2026-06-06T22:19:11.000Z","BX-611169"
"0018g07cBHRUe3MAYT","Hadrind Laboratories LLC","https://www.app.hadrind.example","1-813-555-0101","023 Jones Road","North Angelamouth","KY","40317","USA","Environmental","","0058g0Jill5bhliACA","","2025-02-03T18:23:39.000Z","2026-02-14T15:37:25.000Z","BX-637231"
"0018g0GvfOgWJ2yASG","Dreclyn Technologies Inc","https://www.dreclyn.example/about","(512) 555-0121","9497 Lee Court Suite 722","Leonmouth","FL","34661-9243","US","Environmental","5007","0058g0Jill5bhliACA","","2017-03-24T11:34:11.000Z","2024-10-01T15:38:54.000Z","BX-454811"
"0018g03suY8dn2jAQA","Vojyth Robotics Corp.","https://vojythrobotics.example/","305.555.0158","302 Adams Lane","East Thomas","NM","87604","USA","Healthcare","7","0058g0VV62NPeLQAG1","","2021-03-03T05:29:25.000Z","2024-09-19T18:20:31.000Z","BX-624288"
"0018g0XwNvrKeORAK0","Cloeq Labs Inc.","cloweq.example","212.555.0169","058 Smith Street","Whitemouth","CT","06125","United States of America","Food & Beverage","300","0058g0Jill5bhliACA","","2021-06-21T22:08:32.000Z","2026-04-14T16:37:53.000Z","BX-121819"
"0018g062srwBxZJAA0","Prouland Supply","http://prouland.example","305-555-0144","73512 Cohen Drive","East Teresaland","NM","87781","USA","Government","150","0058g0VV62NPeLQAG1","","2022-04-03T20:23:33.000Z","2022-05-10T07:24:35.000Z","BX-979829"
"0018g0FGg1G32sLAGR","Wodrouq Holdings Ltd.","wodrouq.example","1-415-555-0192","475 Morris Boulevard","Saraport","MT","59895","United States of America","Communications","17","0058g0VV62NPeLQAG1","","2019-06-08T11:26:12.000Z","2025-01-03T18:50:35.000Z","BX-907668"
"0018g0aVaNh1JDxAUM","Statrul Holdings","https://statrul.example/","206-555-0148","6628 Wright Parkway Suite 409","Brucefort","NY","12644","USA","Consulting","40","0058g04cEw1W9K5AIK","","2019-01-26T20:39:15.000Z","2023-06-04T03:29:03.000Z","BX-820415"
"0018g0xiWVNcOftAYF","Haejil Capital Inc.","www.haejil.example","404-555-0198","455 Jackson Boulevard","West Laurafurt","IA","50749","United States of America","Telecommunications","157","0058g0kz1pffiKMAAY","","2020-08-05T01:29:11.000Z","2025-10-10T09:28:17.000Z","BX-877536"
"0018g0J11lOtaOCACZ","Quybrurk Manufacturing Ltd.","https://www.quybrurk.example","(720) 555-0183","3644 Coleman Street","Allentown","FM","96942","US","Communications","8","0058g0G8kK7esM0ASI","","2020-04-09T12:41:17.000Z","2021-03-30T02:53:32.000Z","BX-813012"
"0018g0TpvS7UZrSASW","Ruuterk Foods LLC","www.ruterk.example","1-503-555-0166","3944 Lee Avenue","Calvinton","WA","98511","United States of America","Insurance","21","0058g0Jill5bhliACA","","2018-05-05T13:23:42.000Z","2021-03-31T00:03:43.000Z","BX-714424"
"0018g0uXL7nbiZgAMI","Pourais Freight Inc","https://www.pourais.example","512-555-0171","7964 Owens Drive","Samanthaville","WY","83083","USA","Telecommunications","301","0058g04cEw1W9K5AIK","","2017-12-19T00:00:27.000Z","2019-03-13T21:17:37.000Z","BX-307986"
"0018g0PJMR5xnfmA4A","Stioquouve Dynamics Corporation","www.stioquouve.example","305-555-0109","844 Newton Parkway","Kristiville","ID","83253","USA","Hospitality","305","0058g0kz1pffiKMAAY","","2024-06-26T09:08:58.000Z","2024-08-08T23:17:33.000Z","BX-121628"
"0018g0oCBowwVLmAMM","quoufliox dynamics","","206-555-0136","3229 Paul Place","Schroedertown","RI","02862","US","Energy","1499","0058g0VV62NPeLQAG1","","2017-03-18T14:56:55.000Z","2021-08-02T21:06:58.000Z","BX-558088"
"0018g0gRIf98d2XAMQ","Luprio Analytics LLC","https://www.luprio.example","1-206-555-0142","0502 Walker Way Suite 612","Port Stacey","UT","84658","US","Transportation","758","0058g04cEw1W9K5AIK","","2018-04-16T09:00:05.000Z","2025-01-07T20:33:19.000Z","BX-878925"
"0018g00pJk8QsfaAIC","Wiobaeq Materials Inc","https://www.wiobaeq.example","813-555-0129","636 Young Road","North William","AK","99710","US","Communications","89","0058g0f6OZZsIcOAYV","","2020-10-18T10:33:57.000Z","2022-08-13T00:28:37.000Z","BX-491167"
"0018g086L1M1443AIB","truquaim dynamics ltd.","","(305) 555-0125","577 Thompson Parkway","Jonathantown","IL","61102","US","Agriculture","5003","0058g0G8kK7esM0ASI","","2017-06-28T05:12:34.000Z","2019-07-10T12:22:38.000Z","BX-820288"
"0018g0MfEqq5OuOAKU","Skirox Outfitters LLC","https://skirox.example/","1-702-555-0113","34525 Norris Boulevard","North Larry","WV","26602","United States of America","Other","751","0058g04cEw1W9K5AIK","","2021-07-25T22:37:11.000Z","2022-04-15T12:34:02.000Z","BX-952905"
"0018g0kd096OSXRAA4","Stugraend Energy Corp.","stugraend.example","(617) 555-0168","3261 Vaughn Blvd","Thomasstad","MN","55031","United States of America","Engineering","10","0058g04cEw1W9K5AIK","","2024-11-16T03:39:45.000Z","2026-05-20T16:16:19.000Z","BX-696014"
"0018g0YxfjaxeILACY","Tionix Networks Co.","http://tionix.example","+1 503 555 0147","177 Stout Boulevard Suite 712","New Danieltown","MO","63496","US","Utilities","84","0058g0Jill5bhliACA","","2017-09-16T16:33:14.000Z","2025-07-17T18:39:14.000Z","BX-311564"
"0018g0luH5zoBnSAIU","Wyclun Capital","https://www.wyclun.example/about","1-312-555-0107","0988 Hunter Boulevard","Lake Brian","MI","49467","US","Biotechnology","6","0058g0G8kK7esM0ASI","","2023-10-12T01:13:35.000Z","2026-01-10T14:33:14.000Z","BX-383408"
"0018g0yWMQ7E56vA2C","Jaizux Technologies","https://www.jaizux.example","","9228 Lopez Way","Bowmanhaven","AR","72934","USA","Not For Profit","28","0058g04cEw1W9K5AIK","","2018-01-07T04:10:19.000Z","2021-11-30T09:38:01.000Z","BX-780333"
"0018g0L2rkCAINpACP","Bridround Capital Corporation","https://www.bridround.example/about","720-555-0121","947 Odom Boulevard","Bautistashire","AK","99531","US","Machinery","25","0058g0Jill5bhliACA","","2024-03-22T05:48:41.000Z","2025-10-29T06:24:38.000Z","BX-799069"
"0018g0W97CsE6nVASS","Bustyth Dyn Ltd.","https://cazer2.example/","+1 305 555 0149","54925 Wilson Drive","Lake Matthewfort","GA","30229-9659","USA","Healthcare","5001","0058g0G8kK7esM0ASI","","2023-03-13T15:01:54.000Z","2024-12-03T08:03:51.000Z","BX-670998"
"0018g0HAc7Mliv7AGB","Clousaex Health Corporation","www.clousaex.example","415-555-0188","387 Shelton Street","West Stephanie","UT","84452","United States of America","Environmental","152","0058g0Jill5bhliACA","","2022-07-29T01:45:49.000Z","2023-10-11T02:10:14.000Z","BX-357327"
"0018g0QTARkj5RYA4Y","Brtuyn Outfitter Ltd.","shop.brutyn.example","(702) 555-0159","06426 Brown Blvd","Lake Yvette","ID","83540-7277","United States of America","Insurance","47","0058g0kz1pffiKMAAY","","2017-05-25T10:38:10.000Z","2017-07-22T10:29:09.000Z","BX-169376"
"0018g0yEDw6bCBtAMM","Grabraeq Labs Corporation","www.grabraeq.example","305.555.0166","66066 Hicks Lane","Port Julieport","MO","63970","US","Government","5","0058g0G8kK7esM0ASI","","2021-04-05T16:14:38.000Z","2026-05-09T07:14:04.000Z","BX-604999"
"0018g03cSjCk5gKAIR","Grucles Networks Corporation","","+1 512 555 0110","91720 Weber Parkway","South Kellyfurt","AK","99588","US","Retail","156","0058g0G8kK7esM0ASI","","2022-02-21T03:15:13.000Z","2025-04-03T05:36:25.000Z","BX-202543"
"0018g0mJdNaoyDuAUI","Vapre Systems Inc.","https://www.vaprae.example","(720) 555-0164","58520 Smith St","East Kelly","IA","50392","USA","Engineering","5003","0058g0Jill5bhliACA","","2018-12-31T15:18:53.000Z","2021-10-09T11:07:23.000Z","BX-601565"
"0018g0lVQYuyP29A2E","Maiburk Logistics Ltd.","www.maiburk.example","","1933 Myers Rd","Maryside","PW","96940","US","Communications","6","0058g0VV62NPeLQAG1","","2025-04-22T11:29:52.000Z","2025-04-26T05:08:40.000Z","BX-495943"
"0018g0NTe9t0gxUAGQ","Flibail Networks Ltd.","WWW.FLIBAIL.EXAMPLE","(512) 555-0156","047 Moore Boulevard","Morenostad","IA","52468","USA","Other","305","0058g0VV62NPeLQAG1","","2020-04-22T12:32:33.000Z","2021-01-02T01:15:54.000Z","BX-278084"
"0018g02Mx9dBSZwAEO","Pikive Outfitters Inc.","https://pikive.example/","1-503-555-0168","1271 Boyd Street","Lake Kyle","KS","66257","United States of America","Other","758","0058g0f6OZZsIcOAYV","","2025-03-23T07:38:14.000Z","2026-07-02T11:53:16.000Z","BX-579743"
"0018g0aMLYgSEMmA2O","Cleprend Systems Co.","WWW.CLEPREND.EXAMPLE","(503) 555-0132","8052 Ramos Drive","Rogersmouth","MI","49313","US","Energy","755","0058g04cEw1W9K5AIK","","2018-06-23T07:59:30.000Z","2023-05-06T16:54:04.000Z","BX-463053"
"0018g0kfoErHRPYAQ4","Sirou International Corp.","https://www.sirou.example/about","(206) 555-0187","5341 Doyle Avenue","Cobbmouth","CA","94292","USA","Not For Profit","1207","0058g0f6OZZsIcOAYV","","2020-08-09T08:50:47.000Z","2025-11-28T02:29:57.000Z","BX-684071"
"0018g0cyzPKM0qvAQD","Nocae Intl Co.","nocae.example","","5224 Lopez Pl","Hectorton","MS","38744","United States of America","Hospitality","83","0058g0kz1pffiKMAAY","","2017-03-13T03:04:11.000Z","2021-11-26T05:49:09.000Z","BX-809611"
"0018g0KEOZXuVMpA4N","BYKU FREIGHT CO.","https://byku.example/","1-312-555-0154","680 Taylor Rd","Sawyerside","TN","37346","US","Retail","156","0058g04cEw1W9K5AIK","","2024-12-09T17:22:51.000Z","2025-08-23T21:41:56.000Z","BX-319129"
"0018g0sJHiPzxOsAMJ","Vifle Analytics Inc.","WWW.VIFLE.EXAMPLE","1-415-555-0127","43018 Bennett Road","Buchananfurt","ND","58568","USA","Finance","5007","0058g04cEw1W9K5AIK","","2020-06-26T11:23:26.000Z","2025-09-13T14:53:59.000Z","BX-789498"
"0018g00DnCEhg2uAUB","Siotath Net Inc.","prapail41.example","503-555-0192","8111 Davis Parkway","Howellfurt","DC","20020","USA","Biotechnology","7894","0058g0G8kK7esM0ASI","","2025-06-06T15:32:17.000Z","2025-07-29T12:15:01.000Z","BX-841014"
"0018g0VnS61Mq44AKC","Moufliol Labs Corp.","https://www.moufliol.example/about","(617) 555-0154","58991 Downs Place","Lake Williamport","NY","13913","US","Banking","27","0058g0VV62NPeLQAG1","","2024-10-17T13:06:53.000Z","2026-06-12T18:26:59.000Z","BX-876584"
"0018g0jDnmrq5n7AEA","Fiopan Analytics Ltd.","www.fiopan.example","+1 212 555 0149","99226 Cox Drive","Port David","AR","71833","USA","Technology","49","0058g0VV62NPeLQAG1","","2024-06-06T00:29:32.000Z","2026-01-29T18:46:28.000Z","BX-885025"
"0018g0V7DXY56ZZA0Z","Taivairk Systems Ltd.","WWW.TAIVAIRK.EXAMPLE","212.555.0121","2654 Byrd Court","South Carla","VT","05257","USA","Construction","33","0058g04cEw1W9K5AIK","","2024-03-10T12:39:09.000Z","2026-01-30T06:57:29.000Z","BX-329639"
"0018g0LsiyteSSyACM","Hybravee Freight Inc","http://groniork61.example","+1 415 555 0120","44308 Black Way Suite 814","Jamieberg","MN","55856","USA","Electronics","1205","0058g0kz1pffiKMAAY","","2017-10-03T03:19:07.000Z","2024-05-08T10:58:19.000Z","BX-808194"
"0018g00cra7yMvzAAE","Kydouth Systems Co.","kydouth.example","1-720-555-0114","218 Parker Rd","Hawkinsside","ID","83339","USA","Retail","46","0058g0VV62NPeLQAG1","","2021-09-25T08:57:55.000Z","2025-03-01T10:21:38.000Z","BX-402220"
"0018g0Vu5WsjSGnASM","Proudrar Technologies Co.","https://www.proudrar.example/about","+1 305 555 0142","65351 Peters Ct","Stevensonland","MI","49643-7585","USA","Shipping","308","0058g0VV62NPeLQAG1","","2021-11-24T13:04:50.000Z","2024-02-06T04:06:50.000Z","BX-456437"
"0018g024VvGCO7dAIH","Zaivux Logistics","app.zaivux.example","404-555-0116","29740 Campbell Avenue","Jacksonborough","WY","82773","USA","Chemicals","","0058g0Jill5bhliACA","","2020-07-31T17:47:42.000Z","2024-11-06T01:29:13.000Z","BX-747572"
"0018g0Txl4BzHHBAC3","Giolaith Health Inc","giolaith.example","(813) 555-0145","84383 Harvey Parkway","Newmanchester","MA","02537","USA","Consulting","48","0058g0Jill5bhliACA","","2020-11-12T00:50:02.000Z","2022-06-02T21:31:21.000Z","BX-577424"
"0018g0LpZ1GqVHnAKN","Prufar Health Corp.","WWW.PRUFAR.EXAMPLE","","384 Washington Way","Lake Jennifer","MT","59556","USA","Construction","11","0058g0kz1pffiKMAAY","","2024-05-07T07:26:43.000Z","2024-11-25T04:17:44.000Z","BX-614618"
"0018g0NpLB0fmWkA0I","Waestaim Services LLC","https://waestaim.example/","+1 305 555 0185","673 Banks Drive Suite 935","Port Tara","NJ","07368","USA","Communications","49","0058g0Jill5bhliACA","","2017-11-25T23:35:08.000Z","2021-11-07T21:31:40.000Z","BX-930763"
"0018g0I0AVuOxWOA00","Graskotuh Technologies Co.","http://graskouth.example","503-555-0149","024 Higgins Blvd","Port Waltertown","SC","29355","United States of America","Technology","5003","0058g0VV62NPeLQAG1","","2019-03-07T03:52:57.000Z","2019-05-26T12:59:40.000Z","BX-306911"
"0018g0hB6TNDzlMAUT","CLIOGRAIS CAPITAL LTD.","","503.555.0146","456 Ryan Lane","South Michael","NC","28777","USA","Finance","301","0058g0G8kK7esM0ASI","","2019-07-19T11:42:09.000Z","2021-08-07T17:35:30.000Z","BX-281384"
"0018g00MLJ9p3t7A2A","Braidriom Health Corporation","app.braidriom.example","206-555-0190","4457 Hernandez Parkway","West Alyssa","MI","48834","United States of America","Healthcare","25","0058g0f6OZZsIcOAYV","","2017-11-24T03:19:04.000Z","2024-06-10T06:42:37.000Z","BX-610558"
"0018g0oqoHyjsgNAQQ","clogriond sys co.","go.clogriond.example","+1 312 555 0117","4351 Clark Lane","Vazquezport","NE","68075","US","Government","309","0058g04cEw1W9K5AIK","","2018-04-15T15:12:10.000Z","2023-05-22T00:27:12.000Z","BX-599932"
"0018g0ha1csAPYjAAO","BUTOUND FOODS INC.","butound.example","1-404-555-0159","820 Harper Parkway","Jennychester","OK","73133-9034","US","Agriculture","83","0058g0VV62NPeLQAG1","","2020-10-02T19:47:44.000Z","2024-04-06T20:38:36.000Z","BX-172441"
"0018g0eR4PB03J4AUJ","Liogrol Logistics Inc","https://www.liogrol.example","","4757 Silva Road","Port Davidburgh","NY","14777","United States of America","Entertainment","47","0058g0kz1pffiKMAAY","","2024-12-16T19:40:56.000Z","2026-01-20T18:07:40.000Z","BX-792941"
"0018g0iqKK1cq42AYA","Meany Supply","WWW.MAENY.EXAMPLE","305-555-0180","","North Courtney","SC","29821","USA","Not For Profit","752","0058g04cEw1W9K5AIK","","2017-05-21T04:00:38.000Z","2025-06-20T19:56:33.000Z","BX-239559"
"0018g0vTMLkbWJvA2M","Vedave Manufacturing Corporation","vedave.example","813.555.0174","343 Howell Drive","Port Luke","VA","22628","US","Construction","751","0058g0kz1pffiKMAAY","","2023-06-20T11:42:16.000Z","2026-05-26T06:16:41.000Z","BX-764275"
"0018g0kJ9sj1xjxAEA","Vouclaiq Analytics Ltd.","https://www.vouclaiq.example/about","(404) 555-0167","55057 Kim Way","Michaelton","IA","51490","US","Energy","307","0058g0VV62NPeLQAG1","","2022-08-14T08:13:02.000Z","2026-05-03T14:54:58.000Z","BX-660065"
"0018g0sBcnvMtCqAEK","Flecel Capital Corporation","https://www.flecel.example","617.555.0183","925 Copeland Boulevard","Lisaton","TX","78216","United States of America","Finance","84","0058g0kz1pffiKMAAY","","2019-10-07T18:34:40.000Z","2023-09-29T08:46:53.000Z","BX-324907"
"0018g0XGqfqIwhoAGC","Quaiprind Works LLC","quaiprind.example","+1 512 555 0196","529 Daniel Way","Dannymouth","DE","19869","US","Government","751","0058g0VV62NPeLQAG1","","2018-08-31T23:26:28.000Z","2022-05-03T09:35:33.000Z","BX-736192"
"0018g07ffJqF2GXAQ0","Hiobrol Outfitters Corporation","www.hiobroloutfitters.example","+1 813 555 0195","653 Schultz Way","Bullockstad","AK","99664","US","Media","156","0058g0VV62NPeLQAG1","","2021-09-22T07:29:07.000Z","2026-08-28T13:37:21.000Z","BX-643154"
"0018g0jqy4yRRjdAAG","Stibio Analytics Group","http://stibioanalytics.example","404.555.0115","01937 Hill Boulevard","Lake Samuel","PW","96940","US","Technology","754","0058g0G8kK7esM0ASI","","2023-05-26T03:30:03.000Z","2026-01-28T09:34:51.000Z","BX-297209"
"0018g0ButAUWrSzASL","Fifave Partners Corp.","","(702) 555-0171","17833 Garcia Lane","Michaelside","WI","53685","United States of America","Electronics","1203","0058g0f6OZZsIcOAYV","","2021-12-02T16:22:13.000Z","2023-12-18T12:41:29.000Z","BX-485182"
"0018g03qm17pkzZAAQ","Sionir International Corp.","http://sionir.example","(904) 555-0147","7892 Anderson Drive","Lake Robertbury","NM","87468","US","Food & Beverage","5","0058g0G8kK7esM0ASI","","2023-03-05T10:07:46.000Z","2024-08-27T08:07:18.000Z","BX-112224"
"0018g0pA1tq2xVJAEY","Bryvaex Dynamics Corporation","www.bryvaex.example","+1 503 555 0193","347 Cooper Road","North Lorifort","CT","06167-4280","USA","Chemicals","12","0058g0Jill5bhliACA","","2018-08-28T04:01:05.000Z","2020-04-16T21:31:33.000Z","BX-176108"
"0018g0C18tTZel0ACD","Clifail Capital Corporation","https://www.clifailcapital.example","+1 415 555 0132","3060 Holmes Way","Marshallfurt","KS","66147","USA","Banking","83","0058g0VV62NPeLQAG1","","2023-06-13T09:32:02.000Z","2024-08-20T20:02:47.000Z","BX-151369"
"0018g0OpIEI9sLGA0Z","Paeziork International LLC","WWW.PAEZIORKINTERNATIONAL.EXAMPLE","1-212-555-0162","0645 Johnson Boulevard","New Erictown","DE","19833","US","Construction","307","0058g0f6OZZsIcOAYV","","2017-02-21T05:19:28.000Z","2022-11-06T07:34:05.000Z","BX-777857"
"0018g0GTtjgj2b6AGA","Trojes Analytics Inc","https://trojes.example/","972-555-0155","65974 Reynolds Drive","West Haroldmouth","UT","84401","US","Utilities","309","0058g0f6OZZsIcOAYV","","2025-01-02T03:35:00.000Z","2026-06-13T23:14:56.000Z","BX-240441"
"0018g0LbCaYsw16AKB","Skevyve Dynamics Co.","https://www.skevyve.example","","89347 Anderson Avenue Suite 503","Montgomeryland","TX","75506","United States of America","Engineering","88","0058g0kz1pffiKMAAY","","2022-10-26T06:22:07.000Z","2022-11-02T16:21:15.000Z","BX-472438"
"0018g0HKzaRaXEEAG3","Widrun Services Corporation","http://waeflum39.example","","4243 Davis Place","Matthewstad","ME","04619-4673","US","Retail","33","0058g0kz1pffiKMAAY","","2022-07-25T13:19:52.000Z","2024-12-15T03:07:49.000Z","BX-973062"
"0018g0agmJendRRAQY","Haedae Logistics Inc","haedae.example","","1208 Davis Lane","Hendersonview","OH","45323","United States of America","Technology","158","0058g0Jill5bhliACA","","2023-04-02T11:54:06.000Z","2024-04-03T11:56:54.000Z","BX-847622"
"0018g0gR6aBnFHqAEN","Grogriol Health Corp.","https://www.grogriol.example","(305) 555-0197","98014 Howard Street","North Philipside","SD","57044","United States of America","Biotechnology","301","0058g0kz1pffiKMAAY","","2022-11-24T05:26:49.000Z","2026-08-03T02:39:33.000Z","BX-348424"
"0018g0IsrsNpEmcACF","Kepiond Capital","http://kepiond.example","617-555-0119","59768 Vaughn Way Suite 535","South Debbieburgh","IA","51102","US","Finance","150","0058g0Jill5bhliACA","","2021-05-24T09:01:04.000Z","2024-04-25T01:25:07.000Z","BX-408645"
"0018g07QafQjWH0AEN","Daebrer Analytics LLC","https://www.daebrer.example","617.555.0130","71848 Jones Boulevard","North Jameston","WA","99221","US","Finance","5006","0058g0kz1pffiKMAAY","","2020-09-11T06:01:01.000Z","2022-06-11T03:22:48.000Z","BX-509603"
"0018g0mWrXEcb67AUB","Mikios Services","","404.555.0173","17962 Mcfarland Street","Williammouth","MA","01720","US","Communications","5008","0058g04cEw1W9K5AIK","","2020-09-29T00:29:10.000Z","2020-11-03T16:55:19.000Z","BX-968463"
"0018g0dBYyMr40XAMR","Jistios Capital Corp.","https://www.jistios.example","(904) 555-0123","783 Brown Court","Johnborough","KY","40714","United States of America","Agriculture","150","0058g0VV62NPeLQAG1","","2017-09-15T05:26:16.000Z","2021-02-15T05:08:40.000Z","BX-681968"
"0018g0kU8h7TAiIAEW","Sibais Health Corp.","","(702) 555-0193","5935 Freeman Road Suite 500","South Brucehaven","AK","99803","US","Media","82","0058g0f6OZZsIcOAYV","","2024-02-13T08:45:02.000Z","2026-06-22T02:02:07.000Z","BX-523576"
"0018g00ay1uXbzTAAS","Loudyve Dyn Corporation","","+1 305 555 0134","894 Morris Road","Pattersonhaven","VT","05036","United States of America","Education","","0058g0VV62NPeLQAG1","","2021-02-28T02:42:39.000Z","2023-06-16T18:56:19.000Z","BX-422869"
"0018g0YPZgpDWKYAO4","Caiflouq Foods Ltd.","https://www.caiflouq.example/about","972-555-0166","604 Young Way","Stephaniebury","NJ","07841","United States of America","Food & Beverage","11","0058g0f6OZZsIcOAYV","","2018-11-16T07:47:55.000Z","2020-10-14T05:42:04.000Z","BX-264905"
"0018g0URFQmvNBfA4M","Fougar Networks","WWW.FOUGARNETWORKS.EXAMPLE","(617) 555-0100","559 Christian Boulevard","North Brianton","TN","37395","US","Media","88","0058g0Jill5bhliACA","","2020-08-09T07:46:32.000Z","2021-10-04T16:39:04.000Z","BX-562476"
"0018g0tXkWEreUbAUJ","Nufleve Manufacturing Co.","https://www.nufleve.example","1-404-555-0165","32412 Edwards Court","West Henrystad","AL","35131","US","Engineering","14","0058g0Jill5bhliACA","","2018-12-10T03:22:46.000Z","2026-02-18T10:39:19.000Z","BX-510548"
"0018g090mLtE4AIAQ0","Stybraith International Inc","https://www.stybraithinternational.example","206-555-0158","2755 Burch Ave","Adkinsfort","CT","06081","USA","Energy","11","0058g0VV62NPeLQAG1","","2020-10-24T03:42:57.000Z","2026-06-22T18:44:31.000Z","BX-354060"
"0018g0fVujIhffnAEB","Dronio Holdings Co.","www.dronio.example","+1 212 555 0188","02185 Hicks Lane","South Michellefurt","MN","55823","United States of America","Machinery","154","0058g0f6OZZsIcOAYV","","2021-03-13T03:25:47.000Z","2024-12-26T20:41:07.000Z","BX-674323"
"0018g0Aoo3KeW7WACV","Fluskeve Holdings","https://fluskeve.example/","1-312-555-0108","5965 Watson Road","South Matthew","WV","26855","United States of America","Energy","81","0058g0f6OZZsIcOAYV","","2018-04-30T01:42:54.000Z","2021-07-03T19:19:46.000Z","BX-292506"
"0018g0ltwYXjou3AQB","Climath Technologies Ltd.","","(404) 555-0132","04104 Roy Ln","East Molly","AR","72853","United States of America","Engineering","41","0058g0VV62NPeLQAG1","","2020-07-22T12:04:53.000Z","2021-10-04T19:36:53.000Z","BX-196782"
"0018g06ta8YvBvSAAV","Legris Health Ltd.","https://legris.example/","1-503-555-0162","28486 Hawkins Parkway","South Kristinshire","WI","53104","USA","Transportation","10","0058g0VV62NPeLQAG1","","2024-11-02T23:23:32.000Z","2024-11-28T17:17:54.000Z","BX-875375"
"0018g0HcxDsARAKAS4","Viflath Analytics Ltd.","WWW.VIFLATH.EXAMPLE","(904) 555-0171","85680 Walsh Street","Reginaldchester","DC","20024","USA","Retail","755","0058g0G8kK7esM0ASI","","2019-02-09T01:21:48.000Z","2023-02-22T18:41:26.000Z","BX-741130"
"0018g0I0DE2WWU3A0O","Briopam Networks Ltd.","https://www.briopam.example","+1 720 555 0195","9632 Mooney Way","North Josephmouth","TX","76996","USA","Banking","14","0058g04cEw1W9K5AIK","","2023-08-30T10:55:15.000Z","2024-03-05T07:56:18.000Z","BX-841206"
"0018g02awO3IVNJAQ4","Souni Health Corp.","http://souni.example","404.555.0128","672 Solis Avenue","Ethanmouth","NE","68062","US","Entertainment","87","0058g0Jill5bhliACA","","2022-08-09T12:08:03.000Z","2023-11-28T18:37:52.000Z","BX-762111"
"0018g0wkOQrwvPJAYY","Broustaend Materials LLC","https://www.broustaend.example/about","(212) 555-0160","907 Banks Street","Davidmouth","SC","29394","USA","Shipping","5001","0058g0f6OZZsIcOAYV","","2021-03-27T01:40:01.000Z","2025-10-16T10:18:27.000Z","BX-620984"
"0018g0yR6rkUI5RAEW","Gudoth Robotics Inc","","(904) 555-0101","76921 Davidson Road","New Brian","UT","84092","United States of America","Education","753","0058g0Jill5bhliACA","","2017-06-18T14:37:34.000Z","2025-07-11T14:16:03.000Z","BX-951354"
"0018g0O4XW6Zhg9A0C","Wezark Foods LLC","https://wezark.example/","(415) 555-0179","72381 Kennedy Lane Suite 671","New Mitchelltown","MN","56720","United States of America","Agriculture","5002","0058g04cEw1W9K5AIK","","2019-06-13T21:35:25.000Z","2020-12-24T09:05:56.000Z","BX-751092"
"0018g0T2G31LS96AKG","Satos Systems LLC","WWW.SATOS.EXAMPLE","(206) 555-0134","9312 Gilmore Road","West Henryton","OR","97500","US","Other","306","0058g0kz1pffiKMAAY","","2023-02-01T19:38:13.000Z","2025-11-06T22:56:48.000Z","BX-432323"
"0018g0EVfXoLdzqAWC","Lozuth Capital Ltd.","http://lozuth.example","","059 Hernandez Drive","Bakerland","AK","99827","US","Food & Beverage","758","0058g0f6OZZsIcOAYV","","2021-01-18T15:28:13.000Z","2023-09-30T22:28:03.000Z","BX-526779"
"0018g09xHOcspIPAYY","Prouquouq Solutions Ltd.","prouquouq.example","404.555.0141","7303 Malone Lane Suite 662","South Duaneville","SD","57382","USA","Recreation","41","0058g0VV62NPeLQAG1","","2025-01-01T12:08:09.000Z","2026-01-16T12:01:42.000Z","BX-524873"
"0018g0H9Kykja5FAKQ","Viosouve Technologies","","972-555-0150","1878 Fuller Drive Suite 133","New Williamville","PA","18750","USA","Machinery","40","0058g0G8kK7esM0ASI","","2025-01-28T05:01:56.000Z","2026-03-04T07:35:06.000Z","BX-621524"
"0018g095UrcJtBqAIK","Tyzioq Manufacturing Ltd.","https://tyzioq.example/","1-972-555-0143","92921 Baker Road Suite 776","Kruegerfort","WY","82715-5858","United States of America","Agriculture","1200","0058g0VV62NPeLQAG1","","2018-07-06T22:58:34.000Z","2025-02-18T22:42:41.000Z","BX-643586"
"0018g0SDiEgBIouAWG","Dogaith Partners Co.","www.dogaith.example","+1 312 555 0157","2420 Green Street Suite 991","Brockfort","LA","70389","United States of America","Apparel","30","0058g0Jill5bhliACA","","2022-10-09T09:45:57.000Z","2025-05-12T14:13:06.000Z","BX-991048"
"0018g0rS5q1SGlkAEG","Fiosaim Net Corporation","https://www.fiosaim.example","","676 Ingram St Ste 682","Marymouth","ME","04656-4744","United States of America","Recreation","758","0058g0kz1pffiKMAAY","","2023-02-27T00:55:24.000Z","2024-04-17T13:17:47.000Z","BX-140871"
"0018g0SW8ZLedaQAWR","Fufive Industries","http://fufive.example","512.555.0104","838 Tyler Avenue Suite 688","Michelechester","UT","84505","USA","Entertainment","80","0058g0kz1pffiKMAAY","","2021-03-07T02:40:52.000Z","2022-09-12T15:24:14.000Z","BX-551259"
"0018g05ZSQnxqPIA2Y","Quhus Logistics Inc","WWW.PRYKAIL65.EXAMPLE","404-555-0128","060 Alexander Ln","Kathleenshire","CT","06168","USA","Media","","0058g0f6OZZsIcOAYV","","2017-08-12T10:11:24.000Z","2023-05-29T23:52:22.000Z","BX-596468"
"0018g0l5InhPEQHAI4","Claiclyr Services Co.","","305-555-0139","649 White Ln Ste 724","Nataliechester","WI","53833","USA","Insurance","30","0058g04cEw1W9K5AIK","","2019-08-01T20:19:13.000Z","2020-11-24T09:06:30.000Z","BX-981286"
"0018g0ufNufwNn7AIE","Toirind Supply Co.","tiorind.example","(415) 555-0188","9353 Rodriguez Court","Michelleview","MD","21212","USA","Hospitality","57","0058g0Jill5bhliACA","","2017-06-19T20:48:00.000Z","2025-11-17T02:28:13.000Z","BX-221871"
"0018g0EkQ9U7dvSAKR","Wetun Networks Corporation","","(212) 555-0123","091 Lang Court","Ramseyshire","MA","01388","USA","Utilities","88","0058g0kz1pffiKMAAY","","2022-07-16T09:04:13.000Z","2024-11-17T20:11:18.000Z","BX-340006"
"0018g0YNQ0rcIYvAOM","Riolaal Supply Co Corporation","https://www.riolal.example","720-555-0188","828 Frye Ave","Chadfort","RI","02807-6273","USA","Agriculture","1480","0058g0VV62NPeLQAG1","","2023-12-30T11:00:56.000Z","2025-02-12T21:47:07.000Z","BX-811614"
"0018g0cFAIunaYoA2I","Draegrim Capital Inc","WWW.WYHOUM61.EXAMPLE","1-415-555-0140","209 Conner Avenue","Andrewhaven","MA","02790","USA","Healthcare","34","0058g0f6OZZsIcOAYV","","2018-04-12T16:13:57.000Z","2022-01-07T05:31:10.000Z","BX-103907"
"0018g06BYU1ynfHA2Q","Quastaen Logistics Inc","","","2624 Arnold Ave Ste 858","New Fernandotown","NE","68099","United States of America","Other","","0058g0G8kK7esM0ASI","","2022-04-16T18:28:30.000Z","2024-07-02T10:32:42.000Z","BX-515739"
"0018g0anhRheHRGAQ2","Grydol Labs LLC","grydol.example","617.555.0199","4537 Morales Boulevard","South Norma","TX","78498","United States of America","Engineering","88","0058g04cEw1W9K5AIK","","2024-01-01T10:33:50.000Z","2024-08-07T06:37:27.000Z","BX-597201"
"0018g0vildq5TAmAAM","Gouclum Matls Inc","https://www.gouclum.example","+1 617 555 0187","45992 Washington Way","Cherylberg","NC","27421-6342","USA","Banking","","0058g0kz1pffiKMAAY","","2018-04-04T11:11:56.000Z","2025-03-28T01:56:52.000Z","BX-754756"
"0018g0wAqbHsgj7AEB","Cioflive Workshop","https://www.cioflive.example/about","","01074 Peck Parkway","Lake Annafurt","NY","13382-5146","US","Machinery","1200","0058g0kz1pffiKMAAY","","2020-08-10T16:38:55.000Z","2022-05-24T13:07:04.000Z","BX-138709"
"0018g0wtuxOkMvTAAV","Mebour Sol Co.","bonyx66.example","972-555-0112","183 Hill Court","Carrillofurt","DE","19971","United States of America","Apparel","27","0058g0f6OZZsIcOAYV","","2020-08-25T20:59:12.000Z","2021-03-23T06:44:11.000Z","BX-555908"
"0018g0Q7Ufrf0P8AKI","Jequioq Manufacturing Corporation","WWW.JEQUIOQ.EXAMPLE","+1 404 555 0116","620 Turner Parkway Suite 566","Lawrencechester","MH","96968","United States of America","Transportation","5002","0058g0VV62NPeLQAG1","","2017-03-11T19:08:18.000Z","2018-01-18T11:21:41.000Z","BX-969379"
"0018g0YPYKg3GgdA4E","Lujaerk Supply Co","https://www.us.lujaerk.example","","8693 Cook Court","Port Rachel","MD","21690","United States of America","Energy","","0058g0VV62NPeLQAG1","","2017-03-01T23:18:59.000Z","2020-11-20T15:47:51.000Z","BX-688260"
"0018g0V1Jd2otscAKA","Climath Technologies Inc.","https://www.climath.example/about","+1 404 555 0132","04104 Roy Lane","East Molly","AR","72853","United States of America","Engineering","41","0058g04cEw1W9K5AIK","","2017-05-29T04:30:18.000Z","2021-07-13T21:26:13.000Z","BX-496231"
"0018g0VUU5qynDZAOY","Praedund Sol Inc.","","","874 Jones Road","Stephanieburgh","TX","75923-6858","United States of America","Consulting","1208","0058g0VV62NPeLQAG1","","2019-10-05T15:24:39.000Z","2024-07-07T07:06:20.000Z","BX-969592"
"0018g0FZiokNQ9VAGW","Waimael Materials Corporation","","(813) 555-0160","2298 Meyer Court","Evansside","OH","44106","USA","Media","304","0058g0VV62NPeLQAG1","","2023-05-19T16:29:28.000Z","2026-08-29T20:42:06.000Z","BX-594939"
"0018g0qYQF6uwwfA2A","Cliwoq Net","","972-555-0113","657 Peterson St","West Rachel","CO","81087","US","Construction","307","0058g04cEw1W9K5AIK","","2022-01-20T16:49:40.000Z","2025-03-01T07:34:01.000Z","BX-555004"
"0018g0zh5CyxSgwAQE","Dratras Dynamics Corp.","www.dratras.example","415-555-0109","443 Chapman Way","East Jennifer","IA","52510","United States of America","Communications","9","0058g0G8kK7esM0ASI","","2019-08-31T03:58:11.000Z","2025-02-23T17:47:12.000Z","BX-701906"
"0018g0wN9X2PlxzAUC","Skaifaq Capital Co.","www.skaifaq.example","(904) 555-0106","075 Sanders Way","West Kimberly","FL","32334","US","Not For Profit","89","0058g04cEw1W9K5AIK","","2017-06-19T02:31:07.000Z","2021-09-26T03:39:20.000Z","BX-475301"
"0018g020vVfhmzAAQQ","Kousux Outfitters Inc.","http://kousux.example","(512) 555-0180","27924 Wall St","North Mariaborough","SD","57389","USA","Food & Beverage","13","0058g04cEw1W9K5AIK","","2024-02-09T07:28:03.000Z","2024-09-12T14:16:27.000Z","BX-765128"
"0018g0mr0aobxGyAAI","Haclux Tech Inc","","1-312-555-0117","80528 Carson Blvd Ste 766","Patelstad","FM","96941","United States of America","Transportation","44","0058g0kz1pffiKMAAY","","2019-09-19T14:27:38.000Z","2020-09-16T22:57:22.000Z","BX-975319"
"0018g08AY2zsD0yAME","Skidrrour Foods Co.","skidrour.example","","23949 Stout St","South Teresa","AR","71952","US","Not For Profit","155","0058g0f6OZZsIcOAYV","","2018-05-19T23:25:13.000Z","2020-04-14T04:11:48.000Z","BX-423986"
"0018g0cRTovDxKtAMK","Hamaeeve Solutions Inc.","WWW.HAMAEVE.EXAMPLE","813.555.0131","852 Mason Way","East Margaretstad","MI","49575","United States of America","Environmental","754","0058g04cEw1W9K5AIK","","2019-10-26T16:07:48.000Z","2022-03-13T20:40:29.000Z","BX-616698"
"0018g0Q0v2qqLDqACM","TYBRAITH ANALYTICS CO.","","(503) 555-0187","965 Russell Avenue Suite 847","Samanthastad","OK","73133","US","Construction","10093","0058g0Jill5bhliACA","","2022-03-06T23:05:52.000Z","2025-11-20T23:09:40.000Z","BX-304204"
"0018g0zg5bT9aw1AAB","Maestai Partners","WWW.MAESTAI.EXAMPLE","305-555-0120","00618 Lee Way","Omarton","TN","37810","US","Recreation","153","0058g0Jill5bhliACA","","2023-06-16T14:30:11.000Z","2024-06-20T04:33:23.000Z","BX-952817"
"0018g0sbi6sXmANAA0","Bioflur Services Inc","http://bioflur.example","","48450 Johnson Pl","Georgeberg","NV","89605","US","Environmental","1203","0058g0Jill5bhliACA","","2023-06-07T01:44:03.000Z","2025-11-17T15:05:52.000Z","BX-563819"
"0018g02NMdrCt9oAMC","Juvyrk Dynamics","https://juvyrk.example/","+1 212 555 0113","5534 Atkins Pkwy","Jessicashire","WI","53027-4735","United States of America","Energy","31","0058g0kz1pffiKMAAY","","2021-07-13T16:17:40.000Z","2024-10-04T22:27:55.000Z","BX-304552"
"0018g05j4oPEBlRAAX","Faurk Networks Corp.","","","","Bethborough","RI","02930","US","Apparel","753","0058g04cEw1W9K5AIK","","2022-09-28T01:41:41.000Z","2024-02-28T08:44:06.000Z","BX-647530"
"0018g0XOriZaC3oAGF","Hebais Robotics Corporation","WWW.HEBAIS.EXAMPLE","212.555.0170","19717 Valdez Place","Erichaven","MS","39223","US","Education","5005","0058g0kz1pffiKMAAY","","2021-07-16T16:38:54.000Z","2022-02-15T05:22:20.000Z","BX-993066"
"0018g0ajAgx1aN7AII","Taifaeth Energy","taifaeth.example","1-512-555-0133","7009 Petty Parkway Suite 399","Joseville","MT","59585","US","Entertainment","18","0058g0kz1pffiKMAAY","","2023-04-15T11:48:17.000Z","2024-01-31T17:26:32.000Z","BX-882467"
"0018g0nJh5SXZYVAE5","Kyjom Partners Inc.","https://www.kyjom.example","","2116 Walker Blvd","East Brianburgh","MI","49906","US","Recreation","43","0058g0G8kK7esM0ASI","","2019-01-23T07:55:49.000Z","2021-01-26T16:06:03.000Z","BX-958540"
"0018g0C2WOGJlyRA0T","Quecouq Works Inc","https://quecouq.example/","702.555.0109","3720 Johnson Drive","Nolanburgh","WA","99220","United States of America","Manufacturing","158","0058g0VV62NPeLQAG1","","2019-12-05T21:23:31.000Z","2023-09-29T02:20:01.000Z","BX-193939"
"0018g0iIrLQeLQKAU3","Mucliom Dynamics Co.","mucliom.example","1-503-555-0172","597 Moon Blvd","West Sarah","KS","66609","United States of America","Entertainment","155","0058g04cEw1W9K5AIK","","2024-08-27T18:32:02.000Z","2026-01-14T20:19:01.000Z","BX-876731"
"0018g0IlsNrilgsASA","Jaihaeq Capital Inc.","","813-555-0199","87760 Graham Road","West Christopher","ID","83585","United States of America","Engineering","83","0058g0G8kK7esM0ASI","","2018-01-27T15:25:13.000Z","2025-04-15T15:36:38.000Z","BX-577378"
"0018g0l0CdT5OeYAIV","Wiolirk Holdings Corporation","https://wiolirk.example/","1-702-555-0108","43352 Moyer Place","Thompsonland","PA","16302","USA","Biotechnology","755","0058g04cEw1W9K5AIK","","2021-02-15T22:30:34.000Z","2021-07-25T08:22:13.000Z","BX-277447"
"0018g0D8byiSSqOACW","Drapar Capital Corp.","https://drapar.example/","1-305-555-0141","9215 Smith Place Suite 390","Hebertfort","WY","82078","USA","Environmental","117","0058g0Jill5bhliACA","","2018-02-13T23:46:10.000Z","2022-08-15T03:39:14.000Z","BX-816196"
"0018g0I4KxSQb1oAKD","Dranyrk Energy Co.","www.dranyrk.example","512-555-0127","43813 Daugherty Street","New Keith","WY","83126","USA","Telecommunications","1202","0058g0Jill5bhliACA","","2020-02-20T10:28:46.000Z","2023-10-22T21:30:51.000Z","BX-647239"
"0018g0cC3RqlHvEAUU","Jaezath Materials Ltd.","WWW.JAEZATH.EXAMPLE","617.555.0113","042 Wilcox Parkway Suite 112","West Fernandoberg","VT","05365","USA","Apparel","157","0058g04cEw1W9K5AIK","","2021-06-18T10:07:09.000Z","2021-07-24T21:24:55.000Z","BX-401322"
"0018g03Cj7krICNAE2","Naesaiq Services Co.","www.naesaiq.example","+1 404 555 0169","97188 Reed Lane","Trantown","NY","13662","United States of America","Engineering","1207","0058g0kz1pffiKMAAY","","2021-10-17T11:10:51.000Z","2026-06-02T14:31:58.000Z","BX-668607"
"0018g0LyUulozOOAKY","CLAMAIX MANUFACTURING INC.","http://droujaeve44.example","(617) 555-0115","","Brittanyland","CO","80362","United States of America","Banking","","0058g0kz1pffiKMAAY","","2024-02-15T12:33:40.000Z","2025-05-25T17:01:45.000Z","BX-757800"
"0018g0q3V1RFZTEAI5","Jifar Solutions","https://jifar.example/","1-312-555-0199","350 Chang Road Suite 198","South Brian","AK","99595","USA","Healthcare","10","0058g0f6OZZsIcOAYV","","2020-04-05T17:42:03.000Z","2020-09-19T23:21:43.000Z","BX-227658"
"0018g0bLwWpUMNbAUO","Gostuve Supply Corporation","","+1 720 555 0179","0589 Hicks Parkway","Hurstfurt","AZ","86156","United States of America","Finance","159","0058g0kz1pffiKMAAY","","2020-08-28T10:34:58.000Z","2021-08-04T14:23:23.000Z","BX-391709"
"0018g0A9AfQlvwLAKR","Quystuq Robotics Corp.","","(404) 555-0165","3880 Greer Avenue","Port Edward","KY","40726","United States of America","Government","301","0058g0Jill5bhliACA","","2021-05-15T23:34:19.000Z","2026-01-25T10:38:12.000Z","BX-417380"
"0018g0AE1uxGxa1AGC","Tekon Robotics Ltd.","https://www.tekon.example/about","","1135 Moore Boulevard","North Markchester","TX","79714-3111","USA","Biotechnology","393","0058g0G8kK7esM0ASI","","2019-05-05T02:36:59.000Z","2020-09-12T16:40:15.000Z","BX-152731"
"0018g0lZ9zrrT0jAEE","CEBRIOM SERVICES LLC","https://cebriom.example/","305-555-0199","2495 Pratt Ave","Rosestad","MN","55856","US","Banking","","0058g0kz1pffiKMAAY","","2017-07-28T13:56:50.000Z","2018-11-15T09:16:17.000Z","BX-174492"
"0018g0VNZr2tJJ1AOM","Brymaeth Freight Corporation","WWW.BRYMAETH.EXAMPLE","904.555.0120","81479 Mosley Boulevard","North Emily","IL","62360","United States of America","Education","5004","0058g0kz1pffiKMAAY","","2020-01-31T15:09:57.000Z","2025-08-18T17:25:35.000Z","BX-155155"
"0018g02th6dUsMRAA0","Flaeclaind Networks Co.","http://flaeclaind.example","(503) 555-0146","0732 Faulkner Place Suite 242","New Christopher","ME","04173","USA","Machinery","5005","0058g0G8kK7esM0ASI","","2020-07-30T00:31:04.000Z","2022-08-20T10:35:33.000Z","BX-855968"
"0018g09ed5zfWjdAAE","Briogoth Dynamics Inc.","","212-555-0189","6126 Blake Street Suite 436","West Andrewborough","MT","59797","USA","Technology","306","0058g0Jill5bhliACA","","2017-07-24T00:21:58.000Z","2024-06-08T23:57:10.000Z","BX-733315"
"0018g03nUVGVACLAY5","Claevaex Partners Ltd.","","+1 972 555 0154","149 Washington Parkway","North Kimberlyborough","SC","29357","United States of America","Technology","156","0058g0Jill5bhliACA","","2017-12-28T07:17:36.000Z","2023-03-21T12:44:16.000Z","BX-173728"
"0018g0xFNa7lqw6AMA","Habaex International Co.","https://www.habaex.example","(720) 555-0194","32010 Castaneda Boulevard","North Jamie","UT","84247","United States of America","Shipping","5006","0058g0G8kK7esM0ASI","","2021-05-02T07:18:59.000Z","2021-07-26T01:57:12.000Z","BX-907282"
"0018g0wMHWw6xwpA2A","Faida Energy LLC","http://faida.example","617-555-0139","421 Riley Boulevard","West Rachelborough","FL","32755","USA","Food & Beverage","33","0058g0f6OZZsIcOAYV","","2020-04-17T06:55:02.000Z","2024-03-02T23:46:53.000Z","BX-702174"
"0018g0VdMKPjvryA0B","Flygril Foods Co.","","(212) 555-0142","850 Harris Blvd","West Sandra","CO","80689","US","Retail","9","0058g04cEw1W9K5AIK","","2019-03-13T12:47:04.000Z","2019-09-16T00:42:41.000Z","BX-242967"
"0018g0D0058KP6BACW","Mulourk Systems Inc.","www.mulourk.example","206.555.0121","49884 Smith Place","Perezmouth","AZ","85129","USA","Machinery","18","0058g04cEw1W9K5AIK","","2024-03-26T04:18:05.000Z","2024-09-20T01:16:05.000Z","BX-684824"
"0018g0pM6BKS2ALAU1","Rotrex Systems","http://rotrex.example","512-555-0131","6002 Sanchez Boulevard","Gayland","GA","30079","United States of America","Machinery","6","0058g04cEw1W9K5AIK","","2022-02-08T21:50:50.000Z","2023-05-20T08:20:24.000Z","BX-132077"
"0018g0hSLrLTw9ZAMT","Daba Foods","daba.example","720.555.0155","179 Ramirez Lane Suite 509","Brookeport","MI","49533","US","Machinery","40","0058g0kz1pffiKMAAY","","2017-08-03T04:10:36.000Z","2020-04-18T09:23:53.000Z","BX-683218"
"0018g083BHswA6AAYU","Proukove Partners Corp.","https://proukove.example/","212.555.0102","28769 Sutton Drive Suite 111","Port Brian","SC","29584","US","Energy","756","0058g0Jill5bhliACA","","2017-09-21T19:41:38.000Z","2018-11-03T18:01:51.000Z","BX-240160"
"0018g0oj2aFpAHxAAN","Wioquyth Solutions LLC","http://wioquyth.example","312-555-0180","82615 Valentine Drive","Jamesport","NH","03403","USA","Food & Beverage","156","0058g0kz1pffiKMAAY","","2025-06-05T18:27:28.000Z","2025-10-03T21:12:11.000Z","BX-446445"
"0018g0d6jPLlQf2AQF","Draejix Foods Corporation","https://draejix.example/","","4241 Stevens Road","Smithside","CT","06118","US","Chemicals","750","0058g0kz1pffiKMAAY","","2019-03-31T18:00:44.000Z","2024-03-23T19:33:31.000Z","BX-654413"
"0018g0OGBxVjjPzAOJ","Pacour Outfitters Corp.","","+1 617 555 0192","34065 Mccann Place","Codyland","FL","32885","US","Food & Beverage","28","0058g0kz1pffiKMAAY","","2022-05-16T06:11:36.000Z","2024-04-11T00:44:47.000Z","BX-224299"
"0018g0JN6WCCWJ0AWP","Drypioq Holdings Inc","drypioq.example","904.555.0189","66225 James Drive","West Briana","AK","99649","USA","Finance","304","0058g0Jill5bhliACA","","2025-04-26T10:52:08.000Z","2026-03-04T20:48:38.000Z","BX-762035"
"0018g03pCdyO1FSAI0","Laejove Energy Inc.","https://www.laejoveenergy.example","212-555-0138","04669 Leach Road","South Stephanie","AZ","85775","US","Entertainment","89","0058g0VV62NPeLQAG1","","2020-05-13T15:26:06.000Z","2026-04-21T08:13:01.000Z","BX-610261"
"0018g0Foaq9MzJFAC0","Gribri Sys Corp.","","702-555-0191","3855 Velez Lane","New Randall","MH","96964","USA","Other","28","0058g0VV62NPeLQAG1","","2022-05-20T02:21:49.000Z","2022-09-15T21:30:46.000Z","BX-592975"
"0018g0x2xOocVMeAQM","Gioreth Robotics LLC","https://fupaer48.example/","(702) 555-0130","7975 Henson Place","Rhondahaven","IN","47272","US","Healthcare","154","0058g0f6OZZsIcOAYV","","2024-12-17T22:25:40.000Z","2025-01-15T09:31:01.000Z","BX-758802"
"0018g0Upb1eRNiuACG","Jubraem International","https://www.jubraem.example","702.555.0146","395 Torres Lane","Reedburgh","NC","27956","US","Manufacturing","1209","0058g0kz1pffiKMAAY","","2020-10-26T07:14:47.000Z","2021-03-26T14:52:46.000Z","BX-130880"
"0018g0F1rNbKe4hASC","Grifom Networks Co.","https://grifom.example/","617.555.0133","4101 Torres Avenue","Jonesland","TN","37473","United States of America","Environmental","5001","0058g0f6OZZsIcOAYV","","2021-02-19T16:21:41.000Z","2021-07-03T10:27:34.000Z","BX-591385"
"0018g0EJ1t9lc7mAGA","Skouren Freight Inc.","www.us.skouren.example","1-312-555-0143","311 Baker Road","Sarahville","OR","97484","United States of America","Media","20","0058g0Jill5bhliACA","","2017-01-17T05:02:11.000Z","2024-06-19T02:42:16.000Z","BX-842692"
"0018g00NWVABQCAA25","Brougruq Manufacturing Corporation","","503.555.0144","389 Robinson Place","Danatown","CO","81200","United States of America","Machinery","159","0058g0VV62NPeLQAG1","","2021-04-06T16:46:08.000Z","2021-08-21T01:16:11.000Z","BX-411033"
"0018g0BrgxkllLhACI","Puprar Materials Corp.","https://puprar.example/","1-212-555-0190","009 Ramos Boulevard","Port Steventon","VA","23115","USA","Energy","155","0058g0kz1pffiKMAAY","","2022-06-26T20:56:30.000Z","2024-01-20T20:17:58.000Z","BX-586214"
"0018g0qlmI1ltsnAQA","Mezul Technologies Inc","https://mezul.example/","","8248 Roberts Drive Suite 462","Hayesport","NE","68112","USA","Electronics","44","0058g04cEw1W9K5AIK","","2023-02-11T09:52:19.000Z","2024-05-23T22:57:52.000Z","BX-249557"
"0018g0PMkgvUXGsAGO","Graiquou Analytics LLC","WWW.GRAIQUOU.EXAMPLE","720.555.0194","2080 Silva Parkway","Williamburgh","OK","73197","US","Education","5009","0058g0kz1pffiKMAAY","","2020-05-19T11:28:34.000Z","2020-11-27T06:46:26.000Z","BX-681654"
"0018g0dbWnowZSeAIM","Stiotax Logistics Corporation","https://stiotax.example/","+1 312 555 0104","50764 Moore Avenue","Youngbury","NV","89427","United States of America","Utilities","15","0058g0kz1pffiKMAAY","","2021-12-08T16:13:20.000Z","2024-07-13T15:53:48.000Z","BX-619824"
"0018g0C3AmoLDWIAK4","Huquain Solutions LLC","https://www.huquain.example","404.555.0140","3976 Gonzalez Road","Millermouth","DE","19870","USA","Entertainment","1204","0058g04cEw1W9K5AIK","","2022-08-17T15:02:01.000Z","2023-04-20T19:15:05.000Z","BX-241171"
"0018g0tvV7fGZOVAI4","Mujound Outfitters Co.","WWW.MUJOUND.EXAMPLE","312-555-0129","82154 Pham Drive","Carlosview","NV","88964","United States of America","Hospitality","304","0058g0G8kK7esM0ASI","","2021-07-23T09:45:31.000Z","2023-07-19T10:06:04.000Z","BX-469312"
"0018g03VYbCfHdRAMV","Raebryve Industries LLC","http://raebryve.example","305.555.0136","46400 Patton Road Suite 320","Ashleyborough","NJ","08930","USA","Shipping","80","0058g0kz1pffiKMAAY","","2024-02-19T20:19:42.000Z","2024-06-07T13:12:54.000Z","BX-475868"
"0018g0N0xilhu5IACQ","Bytouq International Ltd.","","+1 206 555 0190","946 Chase Parkway","Lake Nicole","ID","83814","United States of America","Communications","304","0058g0Jill5bhliACA","","2024-10-30T18:27:56.000Z","2026-05-31T16:35:21.000Z","BX-564730"
"0018g04zncqlDgnAAE","Dadys Solutions Co.","https://dadys.example/","1-404-555-0199","5196 Craig Lane","New Ryanchester","NJ","08568","USA","Other","155","0058g0VV62NPeLQAG1","","2022-12-25T04:06:29.000Z","2023-01-28T16:48:03.000Z","BX-153007"
"0018g0TlEiROkPGAK1","Louquaem Food Co Co.","","","3760 Spencer Way","Port Ralph","CA","94713","United States of America","Hospitality","302","0058g0G8kK7esM0ASI","","2025-05-13T09:53:41.000Z","2025-11-29T21:15:21.000Z","BX-149398"
"0018g0Ljb5PL2giACD","Stigand Holdings Corp.","https://www.stigand.example/about","720.555.0186","125 Campbell Street Suite 962","Rogersstad","ME","04109","US","Retail","752","0058g0Jill5bhliACA","","2024-11-29T19:45:05.000Z","2026-03-13T04:34:42.000Z","BX-378091"
"0018g0aiXMBJz21AYD","Prodion Robotics LLC","https://www.prodion.example/about","+1 305 555 0161","4905 Roberts Lane","South Shannon","OH","44090-7248","USA","Transportation","1209","0058g0Jill5bhliACA","","2020-10-11T22:08:56.000Z","2026-03-19T03:50:04.000Z","BX-888074"
"0018g0DiEKxzym9A0A","rnas materials ltd.","","+1 503 555 0195","8916 Walter St","Williamschester","TX","78789","US","Hospitality","31","0058g0kz1pffiKMAAY","","2022-03-28T06:43:22.000Z","2023-09-10T06:54:00.000Z","BX-393955"
"0018g0ZtTHXdxZEA0Z","Tutel Solutions Inc","tutel.example","(702) 555-0136","1001 Beck Street","Port Kelly","NC","27514","United States of America","Not For Profit","757","0058g0VV62NPeLQAG1","","2022-04-07T04:21:08.000Z","2025-11-17T05:46:02.000Z","BX-116105"
"0018g024LZSnclRAYR","Boumoound Partners","WWW.BOUMOUND.EXAMPLE","415-555-0163","2839 Hawkins Road Suite 805","Donaldberg","ID","83284","US","Agriculture","5000","0058g0VV62NPeLQAG1","","2017-10-07T01:52:36.000Z","2021-09-29T12:31:56.000Z","BX-649281"
"0018g0sCv8Wu2LsAEJ","Cotous Technologies Inc","","+1 813 555 0132","540 Collier Way","New Elizabethville","TN","38080","United States of America","Apparel","17","0058g0f6OZZsIcOAYV","","2017-12-18T19:21:14.000Z","2023-06-28T09:51:18.000Z","BX-316346"
"0018g0uV5aP9LjJAEV","Quitrouth Foods","WWW.QUITROUTH.EXAMPLE","1-512-555-0179","3621 Estes Court","North Tina","OK","73131","USA","Banking","304","0058g0kz1pffiKMAAY","","2025-03-25T16:56:46.000Z","2025-10-29T09:33:25.000Z","BX-117395"
"0018g0DIfNQw4ZWAWZ","Kaicland Partners Inc.","http://kaicland.example","+1 617 555 0143","3986 Spence Way","Baldwinland","MI","49718","United States of America","Finance","85","0058g04cEw1W9K5AIK","","2020-05-25T01:05:46.000Z","2021-07-04T17:41:17.000Z","BX-964430"
"0018g0Ict0PXtGSAC1","Quupi Energy Ltd.","https://www.quupi.example","+1 503 555 0149","066 Owen Lane","Lake Linda","OR","97485","USA","Chemicals","758","0058g04cEw1W9K5AIK","","2020-10-03T18:41:42.000Z","2024-04-08T03:38:22.000Z","BX-197834"
"0018g024lPJFKIAAQ5","Stedyr Holdings Inc","http://stedyr.example","1-503-555-0128","2725 Harvey Place Suite 121","Port Kayla","OK","73083","United States of America","Not For Profit","750","0058g0f6OZZsIcOAYV","","2019-07-11T10:56:08.000Z","2024-12-14T12:43:40.000Z","BX-200817"
"0018g0Go6axEqs9ACC","Quiogaeve Labs Co.","WWW.QUIOGAEVE.EXAMPLE","1-813-555-0146","18659 Yates Drive","East Curtis","FM","96941","United States of America","Apparel","5001","0058g0VV62NPeLQAG1","","2024-08-07T14:31:36.000Z","2024-09-30T18:47:34.000Z","BX-430773"
"0018g0bsxYjSUreAQG","Pezaq Analytics Corporation","WWW.PEZAQ.EXAMPLE","","733 Stephens Court","Matthewborough","SC","29066","US","Environmental","80","0058g04cEw1W9K5AIK","","2019-09-24T13:29:19.000Z","2023-08-16T00:16:37.000Z","BX-144932"
"0018g0fSSMyXsqhA2C","Dioskend International","WWW.DIOSKEND.EXAMPLE","(813) 555-0112","269 Larson Drive","Nicholeburgh","VA","22816","United States of America","Consulting","45","0058g0kz1pffiKMAAY","","2020-07-22T03:17:36.000Z","2020-07-26T08:02:47.000Z","BX-610968"
"0018g0J7M0Z4vxKAKR","Telox Outfitters Co.","https://www.telox.example/about","(813) 555-0172","9592 Murray Court","East Shannonshire","AR","72256","United States of America","Utilities","304","0058g0f6OZZsIcOAYV","","2018-01-27T17:58:33.000Z","2020-10-31T01:21:01.000Z","BX-650169"
"0018g0QBPbzwBz8AOE","Praefom Labs Inc.","praefom.example","972.555.0141","5461 Fernandez Blvd","North Deborahchester","LA","70427","USA","Media","29","0058g0G8kK7esM0ASI","","2017-05-23T15:42:21.000Z","2019-01-19T03:34:57.000Z","BX-472594"
"0018g08ribYn3KzAAJ","Skiomul Services","https://www.skiomul.example","702-555-0130","9157 Rodriguez Way Suite 333","New Kevinfort","WA","99070","United States of America","Not For Profit","33","0058g0VV62NPeLQAG1","","2021-08-20T07:33:45.000Z","2023-12-10T21:52:37.000Z","BX-614728"
"0018g0OAxw3bnKHAGY","Skequaiq Works Inc.","WWW.SKEQUAIQ.EXAMPLE","512-555-0119","404 Santos Street","Lake Kimberlyview","MS","38919","USA","Entertainment","159","0058g0kz1pffiKMAAY","","2023-01-15T05:25:05.000Z","2024-07-17T14:28:11.000Z","BX-820257"
"0018g0WBUKieUpRA4U","Ziolund Analytics LLC","https://www.ziolundanalytics.example","+1 617 555 0182","03045 Perkins Avenue","West Matthewtown","NM","87714","USA","Hospitality","20","0058g0G8kK7esM0ASI","","2023-07-20T19:14:46.000Z","2024-02-10T22:07:49.000Z","BX-235716"
"0018g0Ix0jrT4oTACS","Moumiox Manufacturing Inc","www.moumiox.example","","735 Adams Road","Port Tara","MH","96968","USA","Banking","5000","0058g0Jill5bhliACA","","2021-08-18T17:22:03.000Z","2025-10-21T07:15:00.000Z","BX-890947"
"0018g0lYEBmfstbA2A","GAITEQ CAP CORPORATION","","404.555.0185","78782 Kim Avenue","West Michaelburgh","WA","99182","US","Education","44","0058g04cEw1W9K5AIK","","2020-03-02T20:02:09.000Z","2020-07-17T13:05:52.000Z","BX-424337"
"0018g0R38Zph3AvASI","Quaipraeth Robotics Inc.","http://quaipraeth.example","702-555-0163","3459 Gonzalez Street","Sancheztown","NJ","07038","United States of America","Biotechnology","1205","0058g0kz1pffiKMAAY","","2021-09-29T06:45:08.000Z","2025-12-11T07:04:36.000Z","BX-910650"
"0018g0acOjfz6k2AIA","Lamiom Supply Co.","www.lamiom.example","+1 404 555 0120","013 Rodriguez Street","Cruzside","NH","03222","United States of America","Other","1203","0058g0G8kK7esM0ASI","","2023-04-02T04:58:08.000Z","2024-09-02T23:50:35.000Z","BX-300475"
"0018g04ORE48SoRA2U","Clytum Labs Inc.","WWW.CLYTUMLABS.EXAMPLE","1-312-555-0197","3838 Allen Road","South Michaelmouth","ME","04017","United States of America","Technology","5008","0058g0Jill5bhliACA","","2021-12-14T03:15:22.000Z","2025-01-02T12:16:22.000Z","BX-107509"
"0018g03B0sLqPkkAEF","Subrer Freight","http://subrer.example","1-404-555-0152","0946 Bryan Avenue Suite 199","Flemingland","WI","54284","USA","Machinery","86","0058g0G8kK7esM0ASI","","2019-05-30T07:23:39.000Z","2020-02-03T06:10:49.000Z","BX-907023"
"0018g0U3SsDVseDAKT","Raerail Services","WWW.RAERAIL.EXAMPLE","206-555-0177","680 Santana Street Suite 158","Deborahton","MO","63721","United States of America","Chemicals","153","0058g0f6OZZsIcOAYV","","2018-04-27T17:46:57.000Z","2025-06-11T07:58:37.000Z","BX-894784"
"0018g028aejn3iPAAQ","Gymruk Sys Corp.","https://www.gymurk.example/about","+1 503 555 0135","937 Johnson Pkwy","New Catherinefurt","NE","68109-7905","USA","Chemicals","11730","0058g0Jill5bhliACA","","2024-12-01T09:45:09.000Z","2024-12-23T12:19:10.000Z","BX-338228"
"0018g02b4UqGcYUAQ0","Clostio Analytics Corporation","https://www.clostio.example","(720) 555-0154","4516 Barnes Lane Suite 331","Port Brittany","IL","62893","United States of America","Apparel","5004","0058g0G8kK7esM0ASI","","2020-10-16T15:31:46.000Z","2025-08-25T08:51:45.000Z","BX-946902"
"0018g0BHG9ZxpdGAOR","Pryzynd Technologies LLC","https://www.pryzynd.example","(212) 555-0111","43122 Reed Way Suite 478","West Rachel","SC","29640","United States of America","Transportation","5001","0058g0VV62NPeLQAG1","","2023-09-08T01:40:33.000Z","2024-09-15T06:35:18.000Z","BX-558046"
"0018g0bCpVNaOWTAU3","Giolis Foods Co.","giolis.example","+1 404 555 0148","10466 Lynch Boulevard","North Christopher","FL","32348","United States of America","Insurance","759","0058g0kz1pffiKMAAY","","2019-02-19T14:07:45.000Z","2022-09-24T23:21:34.000Z","BX-215247"
"0018g07XOSva0l8A2A","Jouskuq Foods Inc","https://www.jouskuq.example","206.555.0111","49682 Douglas Way Suite 623","Jessicamouth","WA","98814","USA","Agriculture","89","0058g0VV62NPeLQAG1","","2018-12-16T18:34:13.000Z","2022-04-25T16:35:46.000Z","BX-604013"
"0018g0WGimEwcD1AGJ","Tryko International Corp.","http://tryko.example","1-720-555-0166","349 Mejia Lane Suite 101","Lake Christinefurt","CA","94922","US","Agriculture","15","0058g04cEw1W9K5AIK","","2018-07-06T18:06:59.000Z","2019-02-16T13:05:00.000Z","BX-517686"
"0018g08OUrrfjpMAMQ","lgux foods inc.","https://www.cioclaes62.example","","","Christinafort","MO","65761-8230","US","Construction","757","0058g0VV62NPeLQAG1","","2021-04-05T11:30:04.000Z","2025-11-21T23:05:51.000Z","BX-361442"
"0018g0wnZwheUGAAI2","Gouhain Dynamics LLC","WWW.GOUHAIN.EXAMPLE","1-503-555-0141","8272 Gardner Ct","South Christopherfort","GA","30999","United States of America","Apparel","5006","0058g0f6OZZsIcOAYV","","2021-04-05T12:07:47.000Z","2025-06-19T22:03:23.000Z","BX-436113"
"0018g0LYKTVCxy8A4D","Feskam Outfitters","feskam.example","813-555-0175","9932 Payne Boulevard","South Theresaville","SD","57294","United States of America","Other","5006","0058g0VV62NPeLQAG1","","2019-09-12T09:04:12.000Z","2026-06-10T20:02:40.000Z","BX-823285"
"0018g0TbLzzUEhyAKG","Belynd Analytics Corp.","WWW.BELYND.EXAMPLE","(904) 555-0185","68647 Sanchez Boulevard","South Marcus","PA","18427","United States of America","Transportation","759","0058g0f6OZZsIcOAYV","","2023-01-20T09:19:02.000Z","2023-07-02T16:11:04.000Z","BX-520368"
"0018g0Omr4ccrCGACY","Skigom Foods Inc","https://www.skigom.example","+1 212 555 0194","875 Figueroa Avenue","Port Dawn","MS","38931","United States of America","Utilities","1204","0058g0VV62NPeLQAG1","","2025-04-30T02:11:16.000Z","2025-07-05T03:35:15.000Z","BX-485623"
"0018g0jUPnI1nEHAMZ","Zaistar Services LLC","WWW.ZAISTAR.EXAMPLE","813.555.0172","7163 Bradshaw Drive","South Cristina","ND","58700","US","Food & Beverage","45","0058g0Jill5bhliACA","","2025-02-17T04:51:31.000Z","2026-01-10T04:34:37.000Z","BX-909561"
"0018g07sihyWNGzAAO","Bouster International Corp.","WWW.BOUSTER.EXAMPLE","(415) 555-0137","6795 Thomas Pl","Port Joanne","GA","31604-1976","USA","Shipping","84","0058g0kz1pffiKMAAY","","2018-12-05T22:57:53.000Z","2023-04-26T09:12:16.000Z","BX-139887"
"0018g07WLKfRv8UA2S","Jiodroux Networks Corporation","https://www.jiodroux.example","503-555-0123","368 Thomas Parkway","East Michael","NH","03541","USA","Telecommunications","151","0058g04cEw1W9K5AIK","","2021-04-05T01:11:43.000Z","2021-11-01T01:45:24.000Z","BX-871531"
"0018g0v8MutIpbWAIS","Prelouve Services Co.","https://www.prelouve.example","(972) 555-0136","02829 Keller Place","Camachomouth","GA","30558","USA","Hospitality","300","0058g0Jill5bhliACA","","2023-05-29T22:16:15.000Z","2026-02-28T19:49:34.000Z","BX-424069"
"0018g0DaCmsu21OAKQ","Skinoum Analytics Ltd.","skinoum.example","972.555.0138","656 Guzman Road","West Marilynland","NH","03437","US","Agriculture","12","0058g04cEw1W9K5AIK","","2024-04-03T14:47:34.000Z","2026-07-03T18:58:32.000Z","BX-545364"
"0018g0DlDjFHuBzAKL","Hyiork Dyn Corp.","http://hywiork.example","813-555-0174","","North Teresaside","MA","02388","USA","Apparel","153","0058g0kz1pffiKMAAY","","2020-04-30T03:05:16.000Z","2025-01-21T13:49:01.000Z","BX-669514"
"0018g0F0U67br3VAKQ","Brouflouve Networks Corp.","https://www.brouflouve.example/about","","0154 Garcia Street Suite 923","Emilytown","MI","48649","US","Retail","27","0058g0f6OZZsIcOAYV","","2023-07-31T20:56:14.000Z","2025-06-01T00:31:57.000Z","BX-255666"
"0018g0vyINgjOyoAYE","Zenaith Energy Corporation","https://www.zenaith.example/about","206-555-0102","0914 Butler St","West Gregorybury","NC","28073","US","Food & Beverage","10","0058g04cEw1W9K5AIK","","2021-04-06T16:14:39.000Z","2021-08-09T06:19:12.000Z","BX-525995"
"0018g0hPgR6vu6OAUQ","Zaiquen Industries Corp.","WWW.ZAIQUEN.EXAMPLE","1-415-555-0135","914 Kline St","Port John","DE","19945","United States of America","Government","41","0058g0G8kK7esM0ASI","","2017-05-02T10:03:22.000Z","2018-01-05T10:34:22.000Z","BX-660620"
"0018g0nYSqrYAjuAMG","Taetyth Supply","WWW.TAETYTHSUPPLY.EXAMPLE","1-904-555-0112","8409 Coleman Way Ste 652","New Ryanport","NM","87775","United States of America","Recreation","19","0058g0kz1pffiKMAAY","","2025-01-03T10:34:51.000Z","2026-05-15T10:57:43.000Z","BX-340940"
"0018g0I4DstZ3VdAKK","JIFERK PARTNERS","https://www.app.jiferk.example/about","904-555-0127","505 Cole Rd","Mckayview","AK","99501","US","Construction","146","0058g0Jill5bhliACA","","2023-08-03T23:54:19.000Z","2025-04-09T20:48:54.000Z","BX-200788"
"0018g0vRQN7F6LDA20","Brawos Foods Ltd.","https://brawos.example/","+1 972 555 0138","411 Robles Lane","Wandaburgh","WY","82123","USA","Construction","27","0058g0VV62NPeLQAG1","","2020-06-06T15:18:02.000Z","2023-11-26T18:51:09.000Z","BX-972698"
"0018g07DFxslVdjAME","Loskynd Health Inc","www.loskynd.example","404.555.0117","64013 Wright Ave","Charlesland","AL","35852","United States of America","Shipping","87","0058g0Jill5bhliACA","","2019-04-25T13:18:54.000Z","2023-10-20T13:36:47.000Z","BX-849652"
"0018g0ueLtgEpnoAIC","Duhaith Manufacturing Co.","https://duhaith.example/","212.555.0157","34690 Lynch Way Suite 136","Michaelfurt","MN","55105","United States of America","Consulting","29","0058g0Jill5bhliACA","","2018-03-25T19:23:34.000Z","2022-09-10T04:04:04.000Z","BX-959285"
"0018g0P3dVgqLtfASE","Puskior Systems Corp.","https://www.puskior.example","1-415-555-0191","817 Ball Boulevard","New Stefanie","IA","51709","United States of America","Other","17","0058g0kz1pffiKMAAY","","2021-03-11T07:36:04.000Z","2022-04-20T09:51:22.000Z","BX-551505"
"0018g0ol9C8BQA9AQO","Staetouq Supply LLC","https://staetouq.example/","","2623 Johnson Court","Loganton","VT","05268","United States of America","Environmental","41","0058g0kz1pffiKMAAY","","2022-03-26T04:13:59.000Z","2022-04-09T01:16:54.000Z","BX-358290"
"0018g0DkHynvoxKAKQ","Pedrios Dynamics Corp.","http://pedrios.example","1-702-555-0149","6081 Rodgers Blvd","Andrewport","UT","84482","United States of America","Recreation","41","0058g0G8kK7esM0ASI","","2024-06-21T19:30:18.000Z","2026-01-15T22:02:14.000Z","BX-482449"
"0018g0vLS67zA0VAMU","Cyziq Partners Inc.","https://cyziq.example/","+1 702 555 0174","4525 Fox Court","Scottmouth","CO","80706","US","Media","87","0058g0G8kK7esM0ASI","","2021-12-20T01:39:32.000Z","2023-11-27T13:51:44.000Z","BX-986743"
"0018g0r8uQCrwDoAQJ","Draeflaer Capital Co.","https://www.draeflaer.example","(813) 555-0123","327 Scott Drive","North Jenniferstad","WY","82019","USA","Hospitality","12","0058g0f6OZZsIcOAYV","","2023-12-08T17:09:59.000Z","2025-08-04T05:57:18.000Z","BX-823865"
"0018g07l1EHU0aKAQT","Claicael Industries Ltd.","","1-503-555-0187","170 Wiley Parkway","Johnborough","MD","21417","USA","Utilities","88","0058g04cEw1W9K5AIK","","2020-07-15T06:42:13.000Z","2021-01-28T01:20:13.000Z","BX-210286"
"0018g04cJByCgFhAYK","Riomiol Robotics LLC","https://www.riomiol.example","(904) 555-0151","02085 Hobbs Drive","Mcgeeport","MN","56240","US","Technology","1204","0058g0f6OZZsIcOAYV","","2017-03-30T15:13:26.000Z","2022-10-07T15:13:34.000Z","BX-697824"
"0018g0hLIn318VcAMI","Maidirk Outfitters Ltd.","","212.555.0175","13744 Martin Drive","Johnsonhaven","WI","53510","United States of America","Not For Profit","88","0058g0f6OZZsIcOAYV","","2018-08-28T18:49:40.000Z","2021-09-12T08:08:00.000Z","BX-444440"
"0018g0OzrKJipDWASZ","Taihiox Industries Corp.","","(813) 555-0145","40323 Stephens Drive","Port Kimberly","IN","46633","US","Manufacturing","17","0058g0G8kK7esM0ASI","","2023-05-12T18:38:37.000Z","2026-05-04T11:46:31.000Z","BX-559618"
"0018g0d70LdnW5oAQE","Dagryl Partners","","1-415-555-0170","53401 Gonzalez Parkway","East Rebecca","PA","15425","US","Electronics","1209","0058g0f6OZZsIcOAYV","","2023-06-28T07:45:02.000Z","2024-09-30T16:08:24.000Z","BX-552208"
"0018g0B9egSwtJhACJ","Lioflynd Health LLC","https://www.lioflynd.example/about","904-555-0128","444 Mccoy Avenue","North Michael","AZ","86353-8382","USA","Environmental","305","0058g04cEw1W9K5AIK","","2024-07-30T05:51:30.000Z","2025-08-30T17:19:54.000Z","BX-386018"
"0018g05RXjtBTBLAM4","Saikex Partners","","512.555.0184","39043 Dudley Place","Mcculloughchester","CA","95501","USA","Construction","82","0058g0f6OZZsIcOAYV","","2023-03-16T20:02:16.000Z","2026-04-27T20:16:51.000Z","BX-469430"
"0018g0N7CK7AOVIA04","Sydror Solutions Ltd.","https://www.sydror.example","702.555.0107","516 Leonard Drive","South Malikmouth","IA","51436","United States of America","Communications","150","0058g0Jill5bhliACA","","2018-01-15T08:11:10.000Z","2023-11-09T02:02:16.000Z","BX-414451"
"0018g0pDLJoRrkxA2C","Praisark Industries Inc","","702-555-0125","48699 Middleton Pkwy","West Alexander","CO","80599","USA","Machinery","750","0058g0Jill5bhliACA","","2022-08-27T21:00:58.000Z","2025-03-27T21:31:14.000Z","BX-219576"
"0018g0z8IPHzPpDAYV","Fioquiork Networks LLC","www.fioquiork.example","","95094 Erickson Pkwy","West Jasonchester","SC","29259","US","Telecommunications","757","0058g0VV62NPeLQAG1","","2022-04-03T06:00:00.000Z","2025-03-01T10:35:26.000Z","BX-467820"
"0018g0qpDr6WKlGAIW","Kytris Systems LLC","WWW.KYTRIS.EXAMPLE","(617) 555-0149","0934 Davila Lane","Mitchellhaven","ID","83387","United States of America","Electronics","155","0058g04cEw1W9K5AIK","","2023-01-31T01:12:53.000Z","2026-02-20T08:54:01.000Z","BX-176771"
"0018g0T1DMD4kIYA0Z","Kaisaeth Supply Corp.","http://kaisaeth.example","702-555-0128","2725 Crawford Avenue","Brightstad","WI","54973-4567","US","Communications","1203","0058g0f6OZZsIcOAYV","","2019-07-28T12:17:22.000Z","2025-04-28T14:53:15.000Z","BX-360139"
"0018g0HsJBHIqwWA0T","Naten Materials Ltd.","naten.example","(813) 555-0168","578 Harper Pkwy","Lake Nathan","CT","06210","United States of America","Communications","1200","0058g04cEw1W9K5AIK","","2017-01-05T12:44:02.000Z","2020-01-25T03:08:07.000Z","BX-376853"
"0018g00uwc44BjaAAE","Loudyve Dynamics Corporation","https://loudyve.example/","(305) 555-0196","894 Morris Road","Pattersonhaven","VT","05036","USA","Banking","151","0058g04cEw1W9K5AIK","","2022-03-05T09:16:11.000Z","2025-09-20T18:36:06.000Z","BX-840483"
"0018g0ZBkNGVJagAWH","Staepren Health Inc","https://www.staepren.example","1-305-555-0140","06492 Haynes Road","Kimberlyshire","PW","96940","USA","Retail","5007","0058g0G8kK7esM0ASI","","2023-05-02T07:35:05.000Z","2025-08-10T10:00:02.000Z","BX-914326"
"0018g0vgFYytUjNAYU","Jubio Freight Inc.","https://www.jubio.example/about","(312) 555-0162","42217 Whitney Street Suite 205","Sandramouth","AL","35179","United States of America","Insurance","40","0058g0VV62NPeLQAG1","","2018-02-27T08:04:22.000Z","2018-05-15T11:28:55.000Z","BX-710410"
"0018g07EGU4YpcpA2C","Byku Freightways LLC","https://byku.example/","1-312-555-0154","680 Taylor Road","Sawyerside","TN","37346-9296","US","Hospitality","156","0058g0kz1pffiKMAAY","","2024-10-04T02:07:59.000Z","2025-10-14T03:55:11.000Z","BX-308525"
"0018g0K1Nc1CyKvAKK","Totrouth Holdings Corp.","https://www.totrouth.example","206.555.0142","332 Warner Road","West Alexander","KS","66202","USA","Apparel","150","0058g0Jill5bhliACA","","2022-05-13T22:47:44.000Z","2024-07-26T22:02:38.000Z","BX-423951"
"0018g0DiUJQ9pTIA0Z","Haces Logistics Corporation","https://haces.example/","1-312-555-0141","63624 Mendoza Way","Castilloshire","OK","73192","United States of America","Agriculture","28","0058g0G8kK7esM0ASI","","2022-02-02T08:12:18.000Z","2024-01-08T15:13:12.000Z","BX-552191"
"0018g0FtuThy4SZASY","skaelio holdings inc.","http://shop.skaelio.example","415-555-0145","35718 Barber Lane Suite 491","Jonathanland","WA","98221","USA","Hospitality","52","0058g0VV62NPeLQAG1","","2018-05-15T14:45:47.000Z","2018-10-22T17:50:18.000Z","BX-514968"
"0018g0HmHUZvcHmA0J","Skaizain Industries Corp.","https://skaizain.example/","","110 Palmer Way","Johnhaven","UT","84644","United States of America","Construction","26","0058g0VV62NPeLQAG1","","2017-05-21T16:02:12.000Z","2024-03-05T11:25:09.000Z","BX-732810"
"0018g0HjeBvyOHFAS2","Laitoul Mfg Corp.","","(904) 555-0152","3440 Carrillo Rd Ste 862","Martinezport","MO","63935-9356","US","Food & Beverage","2725","0058g0VV62NPeLQAG1","","2019-10-27T05:39:02.000Z","2020-12-17T08:45:47.000Z","BX-433940"
"0018g0f5oIkynBCAQY","Niojaim Labs Co.","niojaim.example","1-617-555-0108","6731 Woods Place","Ralphborough","NH","03194","United States of America","Recreation","305","0058g0G8kK7esM0ASI","","2018-08-31T10:29:16.000Z","2022-07-18T08:41:58.000Z","BX-184694"
"0018g0FpQgO8EdUAKV","sebon works inc.","http://sebon.example","","38489 Banks Avenue","Lisaville","OH","45941-9231","US","Biotechnology","49","0058g04cEw1W9K5AIK","","2022-05-10T09:47:49.000Z","2025-03-06T06:29:21.000Z","BX-317799"
"0018g0KV4EoKrH9AWK","Stoubair Systems Corp.","https://stoubair.example/","","656 Poole Avenue Suite 979","Garzaside","NV","89448","US","Technology","758","0058g0kz1pffiKMAAY","","2018-11-19T17:39:52.000Z","2022-04-25T19:25:22.000Z","BX-361664"
"0018g0TsWVNSFGLA05","Caefq Supply Corporation","https://www.shop.caefaq.example","+1 702 555 0144","26310 Willis Lane","Russoton","WA","98631","USA","Chemicals","5002","0058g04cEw1W9K5AIK","","2021-11-23T05:18:43.000Z","2022-09-03T18:09:58.000Z","BX-418550"
"0018g02id83rMGLAA2","Trobros Robotics Corp.","trobros.example","702.555.0181","935 Collins Court","Cindyburgh","NC","28632","US","Manufacturing","28","0058g0Jill5bhliACA","","2025-04-12T22:20:01.000Z","2026-08-13T17:55:10.000Z","BX-453079"
"0018g04NVwsXKJzAMO","Kunyl Materials Inc.","www.kunyl.example","","10739 Sanders Pl Ste 725","Port Brandonstad","PW","96940","US","Technology","1208","0058g04cEw1W9K5AIK","","2017-12-10T16:11:15.000Z","2022-12-22T06:26:24.000Z","BX-457773"
"0018g0IHHYUfNSQA43","Mastaerk Materials Ltd.","","","","Sanchezbury","IL","62729-2467","United States of America","Not For Profit","5007","0058g04cEw1W9K5AIK","","2019-12-29T05:04:12.000Z","2026-08-23T13:50:15.000Z","BX-369532"
"0018g0opAGP0VcpAYF","Trubraex Services Inc.","trubraex.example","+1 617 555 0167","933 West Boulevard","Kristibury","PW","96940","United States of America","Entertainment","87","0058g0kz1pffiKMAAY","","2025-05-15T08:42:48.000Z","2025-09-21T09:21:57.000Z","BX-274287"
"0018g003Hebp5jmAIA","Praibriond Health Inc","WWW.PRAIBRIOND.EXAMPLE","503.555.0189","7779 Miller Avenue","Janetstad","LA","70373","United States of America","Hospitality","308","0058g0kz1pffiKMAAY","","2018-12-15T11:20:23.000Z","2022-01-08T16:21:21.000Z","BX-585791"
"0018g0QaNY0F17YA0S","Bipom Health Inc.","www.bipom.example","702.555.0196","68228 Park Road Suite 995","West Amy","WY","82764","US","Retail","1207","0058g0f6OZZsIcOAYV","","2021-08-23T14:27:19.000Z","2023-10-31T00:07:17.000Z","BX-502133"
"0018g0SUs6TO3IdAGL","Jahiol Labs Inc.","https://jahiol.example/","972.555.0122","479 Butler Street Suite 827","Brianshire","HI","96819","United States of America","Transportation","300","0058g0f6OZZsIcOAYV","","2022-02-12T06:56:42.000Z","2025-08-26T11:24:58.000Z","BX-880479"
"0018g0dTGEgUWfwA2G","Laeflaeve Partners","https://laeflaeve.example/","","5966 Collier Parkway","Scottside","IN","46717","United States of America","Hospitality","12","0058g0Jill5bhliACA","","2023-11-30T01:06:18.000Z","2024-04-12T03:15:55.000Z","BX-535981"
"0018g0oLD8hxZjCAMU","Rupraem Manufacturing Ltd.","","212.555.0132","177 Brooks Boulevard Suite 885","Carolineside","NJ","07139","USA","Government","26","0058g0Jill5bhliACA","","2025-01-20T06:46:31.000Z","2026-05-06T12:10:13.000Z","BX-484938"
"0018g0sfQQMsTgFAYV","Cadeeve Freight LLC","http://haeflae93.example","","405 Larson Avenue","Davidbury","MD","20945","USA","Food & Beverage","47","0058g04cEw1W9K5AIK","","2022-02-05T22:03:01.000Z","2024-02-16T20:30:14.000Z","BX-708973"
"0018g0YwwgXaxWGACZ","Fiocom Materials Ltd.","https://www.fiocom.example/about","904-555-0129","5862 Vega Place","Lake Austinstad","DC","20008","United States of America","Government","33","0058g0f6OZZsIcOAYV","","2025-06-07T14:50:58.000Z","2025-11-15T10:25:15.000Z","BX-742890"
"0018g0EbsIpf7GMASY","Wogrork Networks Corporation","www.wogrork.example","","125 Kim Road","Wilkinsonburgh","FL","32005","United States of America","Apparel","305","0058g04cEw1W9K5AIK","","2017-03-04T04:29:25.000Z","2020-04-03T19:46:21.000Z","BX-949639"
"0018g0jL8sawNfSAEU","Beclais Services","","","111 Benjamin Court","East Matthewton","DC","20017","USA","Entertainment","","0058g0Jill5bhliACA","","2020-09-08T06:59:03.000Z","2023-04-11T07:51:32.000Z","BX-809014"
"0018g01Vgcxu5QYAEY","Giogrove Dynamics Inc.","griogrove.example","","28152 Cabrera Lane","Mikeport","PW","96940","US","Apparel","5008","0058g0VV62NPeLQAG1","","2018-09-20T10:11:50.000Z","2023-05-27T20:23:28.000Z","BX-193851"
"0018g0Bl0SvyIClASM","Quezam Partners","WWW.QUEZAM.EXAMPLE","404-555-0192","24853 Miller Ave","Ricardobury","NC","27739","United States of America","Machinery","5002","0058g0kz1pffiKMAAY","","2021-11-13T13:51:26.000Z","2023-01-02T21:31:36.000Z","BX-878497"
"0018g0n5w37kuwOAAQ","Bryclu Dynamics LLC","https://www.bryclu.example","(312) 555-0199","12483 Rivera Court","New Stanley","CO","80516-7704","USA","Recreation","1206","0058g0kz1pffiKMAAY","","2018-01-11T08:18:52.000Z","2019-12-15T09:50:51.000Z","BX-916833"
"0018g09XbrHPkaOAET","Daemil Materials","daemil.example","+1 415 555 0121","05596 Carpenter Place","East Nicole","WY","82608","United States of America","Agriculture","9","0058g0f6OZZsIcOAYV","","2018-03-12T19:11:43.000Z","2021-10-01T20:42:53.000Z","BX-629950"
"0018g0cKR9Ug752AMB","Vioquourk Technologies Corporation","WWW.VIOQUOURK.EXAMPLE","617.555.0143","6286 Tucker Street","Port Julia","OK","73013","United States of America","Energy","5007","0058g0Jill5bhliACA","","2022-12-19T04:35:08.000Z","2024-10-24T05:47:34.000Z","BX-356666"
"0018g0uglXbUlvCAQS","Prukil Materials LLC","https://prukil.example/","(206) 555-0183","00487 Nguyen Boulevard","Briantown","KY","40679","United States of America","Not For Profit","89","0058g04cEw1W9K5AIK","","2024-11-14T01:22:26.000Z","2026-08-06T12:39:48.000Z","BX-905427"
"0018g0jWJhCuq1VAMR","Bequaeq Logistics Co.","https://www.bequaeq.example","(617) 555-0118","4954 Carpenter Drive Suite 850","Williamsfort","SD","57604","USA","Electronics","5","0058g0Jill5bhliACA","","2025-01-06T15:17:05.000Z","2026-02-24T01:44:19.000Z","BX-535708"
"0018g0K1XUPqKvsA0F","ZAEFLIOX SOL LLC","https://zaefliox.example/","","6685 Thompson Ct","Heathfurt","ME","04378","United States of America","Food & Beverage","14","0058g04cEw1W9K5AIK","","2023-11-24T00:39:17.000Z","2025-08-28T10:45:23.000Z","BX-308448"
"0018g0CWAQ5Pk3QA4S","Wabiond Holdings Corporation","","1-312-555-0139","8219 Bond Boulevard","South Brandonchester","DC","20023","US","Food & Beverage","5007","0058g04cEw1W9K5AIK","","2022-08-18T14:04:33.000Z","2025-05-28T13:55:24.000Z","BX-670241"
"0018g0FKnnWRjPIAG1","Rypith Outfitters Corp.","https://rypith.example/","+1 512 555 0118","250 Morgan Street","Port Angela","UT","84148","United States of America","Healthcare","5009","0058g0VV62NPeLQAG1","","2018-09-22T23:09:32.000Z","2021-07-13T13:21:06.000Z","BX-205072"
"0018g0YYDLA3tkCA4R","Jaskouve Materials LLC","http://app.jaskouve.example","(512) 555-0122","","Jonesmouth","DC","20021-7973","US","Finance","13","0058g0f6OZZsIcOAYV","","2018-04-27T23:16:37.000Z","2021-12-08T03:10:05.000Z","BX-961684"
"0018g0UaizqYSzTACW","Giobaiq Systems Inc","giobaiq.example","+1 305 555 0193","3153 Clark Parkway","Laurenfurt","CA","92251","US","Biotechnology","13","0058g04cEw1W9K5AIK","","2017-12-21T14:43:04.000Z","2018-07-24T18:53:29.000Z","BX-516869"
"0018g02yUv24NLjAIM","Wogrork Works Co.","wogrorkworks.example","","125 Kim Road","Wilkinsonburgh","FL","32005","United States of America","Agriculture","48","0058g0VV62NPeLQAG1","","2021-10-31T09:56:10.000Z","2022-10-26T18:07:39.000Z","BX-642749"
"0018g0bWyMk9xdLAUQ","Nytaend Robotics Inc.","https://www.nytaend.example/about","206-555-0164","9154 Hayes Dr Ste 849","Fosterfort","FL","33441","US","Shipping","26","0058g0VV62NPeLQAG1","","2021-08-05T06:03:51.000Z","2025-07-12T18:58:20.000Z","BX-857625"
"0018g0TEl74aqk2AGA","Broufaeth Manufacturing Inc","http://broufaeth.example","404.555.0100","27480 Taylor Lane","Amandabury","IA","50654","United States of America","Finance","86","0058g0VV62NPeLQAG1","","2024-05-10T12:36:49.000Z","2024-09-15T14:17:39.000Z","BX-891251"
"0018g0I0v1B3JHfACN","Broufath Dyn Co.","broufath.example","312.555.0185","","South Jerrystad","MA","01400","United States of America","Telecommunications","29","0058g04cEw1W9K5AIK","","2017-01-04T16:29:47.000Z","2019-09-16T22:39:24.000Z","BX-538208"
"0018g0MKfp6DRkmAGG","draecu power inc.","http://draecu.example","404.555.0170","","Garciaton","KY","41135","United States of America","Insurance","1208","0058g0kz1pffiKMAAY","","2017-09-18T09:06:23.000Z","2026-05-24T03:48:29.000Z","BX-477988"
"0018g0eVzGP9ExUAUV","Kome Capital Corp.","https://kome.example/","617.555.0125","431 Dunn Drive","Lake Alanland","PA","15389","US","Environmental","152","0058g0f6OZZsIcOAYV","","2024-01-13T00:41:01.000Z","2026-06-10T08:48:46.000Z","BX-168101"
"0018g0JLzMAJE0oAWH","Kawa Materials Corp.","https://kawa.example/","(617) 555-0183","25053 Hall Ct Ste 623","Wilsonfort","ME","04411","US","Shipping","156","0058g0Jill5bhliACA","","2025-01-10T11:23:27.000Z","2025-04-18T05:38:32.000Z","BX-369199"
"0018g0j4xM7VLKuAQO","Hiostyr Foods LLC","","404.555.0175","9881 Rowland Street","West Rick","DE","19904","USA","Construction","30","0058g0VV62NPeLQAG1","","2023-08-26T20:09:46.000Z","2024-09-09T04:12:49.000Z","BX-487156"
"0018g0MoYg33b4jAKA","Juzuth Works Inc.","www.juzuthworks.example","(305) 555-0161","6326 Thomas Court","North Tylermouth","MI","48879","USA","Apparel","1207","0058g04cEw1W9K5AIK","","2021-03-30T10:04:22.000Z","2025-01-22T05:40:59.000Z","BX-972851"
"0018g0Sex0TSMHrACP","Haekion Foods Ltd.","https://www.haekion.example","720.555.0120","830 Forbes Parkway Suite 509","Robinbury","WA","99023","United States of America","Government","42","0058g0f6OZZsIcOAYV","","2022-09-10T18:13:35.000Z","2022-11-10T08:16:01.000Z","BX-308408"
"0018g0a4ttsm1aiAAA","Wugroth Logistics Ltd.","http://wugroth.example","813-555-0148","4085 Robbins Boulevard","Rebeccamouth","WY","82514","United States of America","Engineering","11","0058g0Jill5bhliACA","","2019-04-01T16:20:30.000Z","2021-07-30T01:44:18.000Z","BX-553946"
"0018g00oHY2CCMDAY4","Gisuq Svcs","https://gisuq.example/","813-555-0108","","New Margaret","PW","96940-5950","US","Other","159","0058g0kz1pffiKMAAY","","2025-03-05T10:59:55.000Z","2025-10-25T12:08:02.000Z","BX-341308"
"0018g0tgB1SgmlSAIR","troclaith services inc","https://www.troclaith.example/about","","0352 Patrick Road","Lake James","PW","96940","US","Banking","1204","0058g0G8kK7esM0ASI","","2021-07-05T09:17:15.000Z","2022-04-13T18:51:12.000Z","BX-324928"
"0018g0x5wQFwXmvAQF","Geflark Energy Ltd.","https://geflark.example/","720.555.0106","378 Flores Court","Port Caroline","TX","77171","US","Entertainment","306","0058g0f6OZZsIcOAYV","","2023-04-08T20:27:06.000Z","2026-03-26T22:24:33.000Z","BX-629280"
"0018g0Otm9l16NVACY","Waitioth Holdings Inc.","https://www.shop.waitioth.example","1-702-555-0199","07757 Beasley Dr Ste 281","Jeremyhaven","DC","20012","United States of America","Engineering","303","0058g04cEw1W9K5AIK","","2021-12-07T13:50:51.000Z","2024-09-17T02:01:29.000Z","BX-645097"
"0018g0A21oZgwRLACZ","Repiox Robotics","http://repiox.example","972-555-0171","545 Sheppard Drive","Michaelton","FM","96941-9448","US","Retail","155","0058g04cEw1W9K5AIK","","2017-11-30T21:35:34.000Z","2019-10-29T17:02:14.000Z","BX-421998"
"0018g0IWJnMgX4GAOV","Brorurk Foods Corp.","www.brorurk.example","+1 617 555 0194","190 Evans Boulevard","New Aaron","IA","51977","US","Shipping","80","0058g04cEw1W9K5AIK","","2022-03-09T18:49:50.000Z","2023-09-13T21:00:56.000Z","BX-484367"
"0018g0wlSIUvBN7AYN","Mouwi Industries Corp.","http://go.mouwi.example","1-206-555-0176","94873 Miller Way","Kristaside","OH","45588-3053","United States of America","Media","86","0058g0G8kK7esM0ASI","","2024-12-11T22:44:58.000Z","2025-01-24T09:21:37.000Z","BX-214139"
"0018g0aB9bnm2wRAEQ","Skoskiol Industries Corporation","https://www.skoskiol.example/about","720.555.0169","875 Jones Street Suite 382","Fergusonport","TN","37919","US","Banking","755","0058g0VV62NPeLQAG1","","2022-02-02T11:38:00.000Z","2026-06-30T13:04:19.000Z","BX-967917"
"0018g0e8hwbzaScAAI","Mufae Robotics Co.","mufae.example","1-904-555-0134","","Kimberlyview","OR","97838-8338","United States of America","Government","755","0058g0Jill5bhliACA","","2022-12-06T11:41:14.000Z","2025-02-14T23:02:32.000Z","BX-744102"
"0018g0OSLDprKt8A4E","Ryprourk Health Inc.","","404-555-0156","8872 Vasquez Boulevard","Richardhaven","MT","59435","USA","Agriculture","155","0058g0G8kK7esM0ASI","","2023-02-06T15:55:08.000Z","2024-11-02T04:46:29.000Z","BX-888437"
"0018g0ysRF9Z2sEAYS","Cloufoul Outfitters Co.","cloufoul.example","305.555.0165","557 Hoffman Street","Burnsbury","DE","19752","United States of America","Utilities","14","0058g0f6OZZsIcOAYV","","2017-06-04T21:02:50.000Z","2019-08-25T04:50:43.000Z","BX-934575"
"0018g0cBAuZeHYpAMN","Fozith Partners Ltd.","","","540 Cunningham Drive","Richardchester","TX","76473-9740","US","Machinery","300","0058g0Jill5bhliACA","","2017-07-30T20:46:05.000Z","2023-03-04T06:24:31.000Z","BX-855617"
"0018g0aCjUhiKrRAUU","Skulan Materials","www.skulan.example","1-617-555-0147","64987 Smith Way","Craigton","CA","90741-5464","USA","Healthcare","33","0058g0kz1pffiKMAAY","","2018-04-24T03:23:44.000Z","2020-01-30T05:17:45.000Z","BX-534500"
"0018g0rQfFCdAtaAUF","Gaeflork Robotics Corporation","http://gaeflork.example","+1 617 555 0186","782 Schmidt Boulevard Suite 103","South Jeffrey","WI","54453","US","Energy","305","0058g0kz1pffiKMAAY","","2024-11-02T16:44:48.000Z","2026-02-18T08:10:01.000Z","BX-891405"
"0018g0wTKBoxJGLA22","Citaeth Foods Corporation","WWW.CITAETH.EXAMPLE","1-904-555-0105","5761 Myers Pl Ste 793","Fisherfurt","SD","57770","United States of America","Media","1202","0058g0G8kK7esM0ASI","","2020-10-15T16:26:40.000Z","2022-12-27T19:07:43.000Z","BX-478222"
"0018g0WxD5IM3aNAKT","Fabrath Foods Corporation","fabrath.example","312.555.0110","16643 Oneill Street","New Eric","NM","87468","USA","Finance","1204","0058g0G8kK7esM0ASI","","2021-09-16T18:32:45.000Z","2023-03-26T21:34:55.000Z","BX-770747"
"0018g0w1PIsv9MNAYY","Briryrk International","vioprous26.example","206.555.0182","34316 Thompson Way","Ashleychester","CT","06071","US","Utilities","156","0058g0f6OZZsIcOAYV","","2023-04-06T13:57:25.000Z","2023-08-04T01:53:32.000Z","BX-431044"
"0018g0ZNSxl1bo0AOA","Fotrul Freight Corporation","www.fotrul.example","415-555-0171","9926 Roberts Boulevard","Barnesport","PA","16735","USA","Energy","5001","0058g0VV62NPeLQAG1","","2023-03-18T09:05:23.000Z","2026-05-02T01:37:50.000Z","BX-464454"
"0018g0PSCd4vX02AOE","Prourer Materials Corporation","https://prourer.example/","+1 813 555 0106","6548 Silva Ave","South Benjamin","VA","23243","USA","Insurance","30","0058g0Jill5bhliACA","","2018-11-26T04:01:15.000Z","2019-10-25T23:58:24.000Z","BX-256411"
"0018g0YiAZJDyfUA0T","Priowaes Technologies LLC","https://priowaes.example/","+1 312 555 0145","67630 Mcdonald Court Suite 104","Lake Bruce","VA","23913","US","Food & Beverage","150","0058g0G8kK7esM0ASI","","2024-05-12T14:40:33.000Z","2025-08-14T02:40:13.000Z","BX-407054"
"0018g0a1GYDF4uwAYD","Riogol Holdings LLC","","312-555-0133","7251 Crawford Lane","West Mikehaven","MO","64592","US","Healthcare","7","0058g0G8kK7esM0ASI","","2020-07-17T18:04:54.000Z","2021-03-21T07:58:48.000Z","BX-565638"
"0018g0JHbX9CHIGAW4","Givouve Services Inc","https://www.givouve.example","1-312-555-0164","3747 Bailey Place","Youngborough","KS","66070","US","Healthcare","307","0058g0Jill5bhliACA","","2025-06-18T19:50:32.000Z","2025-07-06T04:27:10.000Z","BX-660992"
"0018g0xHLb4q9iOAMQ","Waryq Capital LLC","","(617) 555-0164","","Port Courtney","GA","31660-8699","United States of America","Banking","","0058g04cEw1W9K5AIK","","2018-04-03T03:24:23.000Z","2025-12-21T16:58:21.000Z","BX-929160"
"0018g0zN9ADpYUkAUN","Gaeres Networks","WWW.GAERES.EXAMPLE","+1 312 555 0127","446 Johnson Way","East Amandaland","GA","31903","US","Transportation","301","0058g0kz1pffiKMAAY","","2022-11-04T10:11:22.000Z","2024-06-06T17:08:40.000Z","BX-272300"
"0018g029TeUyNt8AIF","Proukove Networks Inc","https://www.proukovenetworks.example/about","+1 212 555 0164","28769 Sutton Drive Suite 111","Port Brian","SC","29584","US","Hospitality","25","0058g04cEw1W9K5AIK","","2023-03-15T02:29:10.000Z","2024-02-17T15:58:35.000Z","BX-471310"
"0018g0L4layUWleACG","stonyrk partners llc","https://www.stonyrk.example/about","+1 312 555 0185","","Gordonside","SD","57158","United States of America","Entertainment","5","0058g04cEw1W9K5AIK","","2023-07-18T18:22:54.000Z","2025-07-26T18:14:55.000Z","BX-185312"
"0018g0nnmsVMrsZAAT","Cedox Logistics LLC","","","","Jenniferberg","CO","80113","US","Manufacturing","87","0058g04cEw1W9K5AIK","","2017-02-13T01:43:22.000Z","2018-09-17T09:15:21.000Z","BX-283831"
"0018g05vogDCxrpAAD","Gaegroux International Co.","https://gaegroux.example/","","15332 Park Street","South Breanna","ID","83697","US","Environmental","157","0058g0G8kK7esM0ASI","","2019-03-30T15:46:08.000Z","2024-01-17T17:07:59.000Z","BX-930085"
"0018g0UjNiW6MWBAK3","Datove Health Corporation","https://www.datove.example","(305) 555-0197","31012 Long Boulevard","Evansbury","RI","02820","USA","Entertainment","47","0058g0VV62NPeLQAG1","","2017-05-17T23:05:47.000Z","2019-01-11T16:51:00.000Z","BX-959777"
"0018g0xi5aLFXN8AAP","Juppes Mfg Inc.","","720-555-0148","9655 Nunez Boulevard","Butlermouth","OR","97859","US","Manufacturing","6","0058g0G8kK7esM0ASI","","2022-12-11T00:16:19.000Z","2025-11-21T17:24:20.000Z","BX-892641"
"0018g0hZZtu9uU1AMI","Bipo Foods Co.","www.pitraes43.example","212-555-0134","69459 Robertson Road Suite 241","Lake Joshua","ID","83332","USA","Entertainment","752","0058g0VV62NPeLQAG1","","2024-10-02T10:50:07.000Z","2025-12-21T17:01:48.000Z","BX-289495"
"0018g0INUqSuAlXAOV","Quimoux Materials Corporation","WWW.QUIMOUX.EXAMPLE","212-555-0196","7393 Richard Place","Smithtown","OH","43677","United States of America","Recreation","88","0058g0kz1pffiKMAAY","","2019-06-08T15:36:36.000Z","2022-02-25T13:27:47.000Z","BX-758413"
"0018g07mxu1oeJmAAI","Rionynd Labs Co.","www.rionynd.example","503-555-0163","1227 Smith Court","Gallagherberg","ME","04086","US","Biotechnology","17","0058g0G8kK7esM0ASI","","2017-10-14T21:41:44.000Z","2023-01-26T00:28:11.000Z","BX-220788"
"0018g0csAoCcv3iAIB","Prouland Robotics","https://www.proulandrobotics.example/about","512-555-0145","1908 Butler Avenue","East Teresaland","NM","87781","United States of America","Retail","5000","0058g0VV62NPeLQAG1","","2020-10-09T14:21:24.000Z","2022-07-25T15:36:52.000Z","BX-267352"
"0018g0Wbw0ZcU5MACV","Faifioth Industries","https://www.faifioth.example","(212) 555-0177","680 Bradley Place","Castrochester","WV","25807","USA","Transportation","81","0058g0f6OZZsIcOAYV","","2023-03-18T17:13:41.000Z","2026-02-11T21:44:51.000Z","BX-739631"
"0018g03cUIZkZypAYF","Civil International Co.","https://www.civilinternational.example","212.555.0199","601 Parker Parkway","Hugheshaven","OK","73106","USA","Insurance","20","0058g0f6OZZsIcOAYV","","2024-03-08T19:47:23.000Z","2026-06-28T13:51:48.000Z","BX-405831"
"0018g0EB5jlOF7dAGG","Brekion Robotics Inc","brekion.example","+1 503 555 0137","0988 Sanchez Way","East Aliciaton","FM","96944","US","Energy","42","0058g0G8kK7esM0ASI","","2023-06-22T19:22:36.000Z","2025-11-06T12:28:15.000Z","BX-991310"
"0018g00IVuwq82uAMA","Gequyq International Corp.","https://gequyq.example/","305-555-0182","38978 Moore Way","New Terry","PA","19593-1027","US","Communications","750","0058g04cEw1W9K5AIK","","2020-06-15T23:13:41.000Z","2026-04-13T00:34:43.000Z","BX-675994"
"0018g0l1QHFu62kAYB","Pioprund Capital Corporation","https://www.pioprund.example","+1 617 555 0122","89115 Holland Court","Lake Alexander","VA","23690","United States of America","Healthcare","757","0058g0kz1pffiKMAAY","","2023-11-13T01:23:38.000Z","2024-12-16T06:26:10.000Z","BX-201053"
"0018g0KhjNSTyvfASD","Maclave Technologies Inc.","","+1 206 555 0139","0703 Elliott Road","Huffmanburgh","MI","48393","USA","Other","1209","0058g0f6OZZsIcOAYV","","2022-04-06T09:54:10.000Z","2025-11-18T15:55:10.000Z","BX-375082"
"0018g0q4SKZ4hGHAYZ","Sugynd Outfitters Inc.","https://sugynd.example/","1-512-555-0134","678 Howard Road","Austinborough","NC","27231","United States of America","Shipping","21","0058g0G8kK7esM0ASI","","2022-03-14T07:23:30.000Z","2025-05-11T18:06:07.000Z","BX-756627"
"0018g0KQyfavOMZAG2","Bourork Logistics Group Co.","","212.555.0189","2278 Johnson Lane","New Shaun","GA","31430","USA","Transportation","80","0058g0f6OZZsIcOAYV","","2021-05-16T12:28:15.000Z","2026-06-10T16:18:20.000Z","BX-212539"
"0018g0mRneinKLaAEM","Clowil Net Inc","","","15637 Clark St Ste 830","New Michaelberg","NC","27940-8336","US","Education","5001","0058g0Jill5bhliACA","","2021-09-17T09:16:21.000Z","2025-10-25T08:07:02.000Z","BX-242683"
"0018g085XaDZnsjAID","Fycour Technologies Inc.","https://fycour.example/","","99875 Thomas Way","Lake Isaiah","LA","70245","US","Retail","80","0058g0kz1pffiKMAAY","","2025-02-24T13:27:10.000Z","2026-02-12T20:25:50.000Z","BX-483479"
"0018g0oedHcfVDkAQM","Zouweq Solutions LLC","https://www.zouweq.example/about","+1 404 555 0160","44802 Miller Way","Edwardstad","VT","05109","US","Apparel","30","0058g0VV62NPeLQAG1","","2020-04-01T17:52:18.000Z","2023-01-27T10:32:34.000Z","BX-264837"
"0018g0kkKiyV6bXAIS","Gaiskound Supply Co.","https://www.gaiskound.example","1-503-555-0131","3876 Keller Court","Stonefurt","MD","21441","US","Government","82","0058g04cEw1W9K5AIK","","2018-02-23T14:21:54.000Z","2024-02-26T04:31:35.000Z","BX-148642"
"0018g0onKKbCr9cAYC","Kahaen Foods","kahaen.example","312.555.0124","2734 Jenkins Parkway","Port Timothy","FL","32852","USA","Media","1207","0058g0Jill5bhliACA","","2018-08-10T12:42:43.000Z","2023-01-07T00:06:50.000Z","BX-903422"
"0018g0EbsKvBLFMAS4","Flekaeth Health Corp.","http://flekaeth.example","","734 White Drive","Clarktown","CA","91248","US","Utilities","1206","0058g0G8kK7esM0ASI","","2024-09-18T18:02:57.000Z","2025-08-13T00:17:38.000Z","BX-373534"
"0018g0ZaeBqyA0xASE","Quetrath International Inc.","quetrath.example","1-617-555-0101","20059 Beard Road Suite 630","East Jamesfurt","FL","34434","US","Government","755","0058g0Jill5bhliACA","","2024-08-08T21:07:51.000Z","2025-04-28T08:53:23.000Z","BX-460951"
"0018g0bOEs1y5QFAMY","Brousax Services LLC","www.brousax.example","","0886 Gutierrez Drive","East Jaredmouth","NV","89867","USA","Retail","156","0058g04cEw1W9K5AIK","","2018-02-05T17:22:53.000Z","2023-01-03T11:13:33.000Z","BX-982481"
"0018g0Nx3AJMdvUAST","Stouses International LLC","stouses.example","702.555.0131","5745 Glenn Parkway","Isabellamouth","NJ","07582","US","Technology","44","0058g0f6OZZsIcOAYV","","2023-03-14T00:29:21.000Z","2024-08-05T19:18:42.000Z","BX-358040"
"0018g0GpMARAw9ZA0T","Kaideve Capital Corporation","kaideve.example","720-555-0188","95780 Russell Parkway","Websterton","NC","27913","US","Utilities","","0058g0kz1pffiKMAAY","","2022-09-19T23:07:43.000Z","2025-10-08T09:36:47.000Z","BX-813978"
"0018g05R3eTuw0MAER","Dymaerk Svcs Inc.","https://dymaerk.example/","+1 512 555 0161","9497 Sullivan Way","New Stephen","MN","56498-7050","US","Insurance","1209","0058g0VV62NPeLQAG1","","2025-04-26T12:05:12.000Z","2025-10-19T13:04:16.000Z","BX-898759"
"0018g0KcMssyJbuAKE","Zyfas Industries LLC","http://zyfas.example","(512) 555-0166","23867 Flores Avenue","North Alexandraport","VT","05002","United States of America","Technology","1207","0058g0f6OZZsIcOAYV","","2020-02-02T20:26:39.000Z","2025-03-15T16:49:20.000Z","BX-214954"
"0018g0hTBom2zoUAMQ","Duquiond Holdings","https://duquiond.example/","+1 512 555 0199","50683 Stephens Way Suite 525","Johnsonmouth","NV","89186","United States of America","Other","150","0058g0G8kK7esM0ASI","","2018-10-19T17:13:50.000Z","2026-05-12T09:45:06.000Z","BX-261533"
"0018g0Qgh3DRdJ7ACL","Livoth Manufacturing","","1-702-555-0174","643 Long Drive","Kimshire","AK","99515","United States of America","Entertainment","","0058g0kz1pffiKMAAY","","2020-11-08T21:30:52.000Z","2025-07-12T00:54:29.000Z","BX-283178"
"0018g0IKZSk6IghA4E","Trutaerk Freight LLC","WWW.TRUTAERK.EXAMPLE","972.555.0168","027 Martin Lane","Mitchellshire","AR","71995","USA","Food & Beverage","45","0058g0f6OZZsIcOAYV","","2017-05-02T10:13:07.000Z","2023-10-26T22:30:32.000Z","BX-332966"
"0018g0NoLacbsvvAKA","Rysun Energy Inc.","https://www.rysun.example","","97450 Harvey Boulevard","Kaylaside","OR","97686","United States of America","Insurance","49","0058g0Jill5bhliACA","","2023-07-09T20:03:51.000Z","2024-01-11T01:07:40.000Z","BX-825806"
"0018g04Vg9AzpiHAER","Cynond Works Co.","WWW.CLOSKAIND8.EXAMPLE","702-555-0123","3589 Anderson Pl","Chadtown","KY","41037","USA","Insurance","10","0058g04cEw1W9K5AIK","","2021-04-22T15:56:35.000Z","2025-06-07T15:38:44.000Z","BX-864300"
"0018g0kZz7JeIlcAEF","Ceflove Holdings","http://ceflove.example","+1 312 555 0125","897 Riggs Place","Holtville","NM","88344","United States of America","Engineering","10","0058g0Jill5bhliACA","","2018-04-24T17:29:56.000Z","2023-11-15T07:15:54.000Z","BX-469851"
"0018g0kCoiBxiFXAEZ","Broskar Labs Ltd.","","","04968 Hawkins Way","Lake Monicaside","KY","41962","United States of America","Engineering","47","0058g0G8kK7esM0ASI","","2017-04-29T09:02:11.000Z","2018-01-14T09:13:16.000Z","BX-651843"
"0018g0guqalmbiLAAQ","Nanynd Technologies LLC","https://www.nanynd.example/about","+1 813 555 0110","798 Sharp Road","Brettside","OR","97624","US","Food & Beverage","30","0058g0VV62NPeLQAG1","","2017-12-30T11:20:28.000Z","2021-05-07T18:02:35.000Z","BX-806837"
"0018g0MEZ9AMWuBAOX","Zaetiork Freight Ltd.","https://www.zaetiork.example/about","512.555.0151","4209 Kirk Ave","Wrightview","WA","98366","US","Biotechnology","86","0058g0f6OZZsIcOAYV","","2023-04-13T04:19:57.000Z","2023-04-14T01:00:43.000Z","BX-177549"
"0018g0vd4lix2YJAAY","Quaiclael Analytics Corp.","quaiclael.example","1-512-555-0175","790 Jackson Court","Jacksontown","WI","54754","United States of America","Construction","33","0058g0Jill5bhliACA","","2020-04-26T14:17:27.000Z","2025-09-16T17:07:58.000Z","BX-126715"
"0018g0Eqbgc9BDEAC2","Groproun Capital","WWW.GROPROUN.EXAMPLE","(720) 555-0111","104 Kelly Drive Suite 328","Port Nathaniel","OH","45708-4721","US","Entertainment","34","0058g0Jill5bhliACA","","2020-04-04T05:34:42.000Z","2023-02-18T04:44:40.000Z","BX-121613"
"0018g0aDMenN9DlAMK","Vycon Solutions LLC","www.vycon.example","1-404-555-0104","622 Medina Drive","Hunterbury","IL","62007","US","Agriculture","309","0058g0VV62NPeLQAG1","","2021-05-19T05:54:56.000Z","2026-06-22T09:11:49.000Z","BX-452913"
"0018g0J6lVTzDGdASN","Quedrom Dynamics Corp.","https://www.quedrom.example/about","+1 206 555 0118","0491 Benson Street","North Aaron","MS","39221","USA","Technology","86","0058g04cEw1W9K5AIK","","2017-10-22T19:36:08.000Z","2022-02-08T01:36:06.000Z","BX-633686"
"0018g0o6TJknYeHAYU","Cajo Solutions","","404-555-0172","173 Obrien Ln","Mcdonaldview","CT","06354","USA","Chemicals","1207","0058g0VV62NPeLQAG1","","2021-01-11T13:14:59.000Z","2026-08-09T10:06:09.000Z","BX-864793"
"0018g05IQ6QDwujAMD","Gitiox Works Corporation","www.wougouth83.example","","35333 Perez Rd","South Markview","FM","96942","USA","Banking","43","0058g0kz1pffiKMAAY","","2019-07-27T17:12:45.000Z","2025-12-10T23:32:21.000Z","BX-426674"
"0018g04KkjlViksAEC","Hytork Solutions Co.","https://hytork.example/","+1 305 555 0178","8728 Mcguire Blvd","New Marie","CA","90684","USA","Communications","87","0058g0kz1pffiKMAAY","","2020-10-04T00:42:01.000Z","2020-12-21T10:09:53.000Z","BX-452243"
"0018g0DnN7MFHmtAKH","Nibryrk Services Corp.","https://www.nibryrk.example","702.555.0187","","Crawfordside","NM","87982","USA","Environmental","41","0058g0kz1pffiKMAAY","","2024-02-15T19:41:11.000Z","2025-02-06T16:08:28.000Z","BX-224632"
"0018g05IekDSXeKAEX","Joubiove Systems Inc.","https://www.joubiove.example","312-555-0179","530 Hernandez Road","North Jamietown","VT","05042","US","Recreation","1209","0058g0G8kK7esM0ASI","","2022-11-30T23:00:17.000Z","2024-10-04T16:14:55.000Z","BX-147697"
"0018g02pzB9WhXhAQK","Drymim Systems Corp.","www.drymimsystems.example","512-555-0106","605 Rodriguez Avenue","Zacharyshire","SD","57785","US","Electronics","5006","0058g04cEw1W9K5AIK","","2025-04-26T16:02:06.000Z","2026-04-12T02:35:26.000Z","BX-932418"
"0018g0ZqwMOqbpaASB","Hycin Labs Inc","hycin.example","206-555-0127","005 Sherman Pl","East Donaldborough","NV","89863","US","Technology","85","0058g0Jill5bhliACA","","2024-05-23T21:31:14.000Z","2024-09-24T21:47:48.000Z","BX-495542"
"0018g0ZyNuTitpyAKB","Rioquaith Net Corporation","","+1 415 555 0139","","Baxterchester","ID","83557","USA","Entertainment","","0058g0G8kK7esM0ASI","","2019-08-29T21:53:56.000Z","2021-10-18T12:48:00.000Z","BX-608425"
"0018g0SgEXQUVcjA0H","Danous Supply LLC","www.danous.example","617-555-0177","77800 Turner Street","North Joy","FL","33961","US","Consulting","14","0058g0f6OZZsIcOAYV","","2023-06-14T10:17:00.000Z","2025-09-01T05:17:43.000Z","BX-368576"
"0018g0xEjmL0uSRAEZ","Skaivove Systems Inc","https://www.skaivove.example/about","206-555-0151","37129 Garcia Parkway","East Anthony","ID","83581","United States of America","Entertainment","1207","0058g0kz1pffiKMAAY","","2021-09-12T03:52:55.000Z","2023-07-17T18:53:33.000Z","BX-460261"
"0018g0hLNTtQ9WsA2K","Fiobol Energy Corp.","http://fiobol.example","512.555.0190","024 Patterson Court","North Shannonfurt","MT","59386","United States of America","Education","158","0058g0kz1pffiKMAAY","","2019-09-16T07:54:30.000Z","2022-11-05T06:22:49.000Z","BX-976445"
"0018g0akXDEbUFjAYN","Haibriork Works Co.","http://haibriork.example","720-555-0124","06932 Drake Place","Carlsonfurt","AL","35083","United States of America","Media","29","0058g0Jill5bhliACA","","2023-09-14T21:45:22.000Z","2023-10-21T06:20:30.000Z","BX-298825"
"0018g0ygm7ZNJVbAAP","Flubrux Systems LLC","WWW.FLUBRUX.EXAMPLE","1-305-555-0156","396 Douglas Road","New Nicoleview","NY","10741","United States of America","Healthcare","81","0058g0Jill5bhliACA","","2019-06-23T09:22:41.000Z","2022-04-24T11:33:57.000Z","BX-642026"
"0018g0WEQeE3k4qAOB","Bidroun Health","www.bidroun.example","702.555.0189","","Meganport","VA","22252-9582","USA","Biotechnology","40","0058g04cEw1W9K5AIK","","2020-11-27T21:40:05.000Z","2023-07-27T21:45:46.000Z","BX-242880"
"0018g0uKrzFgQ4RAEV","Griogroun Manufacturing Ltd.","http://griogroun.example","404.555.0132","023 Johnson Drive","West Amber","CO","81479","USA","Energy","759","0058g0VV62NPeLQAG1","","2019-04-07T02:11:59.000Z","2023-07-10T08:24:10.000Z","BX-663720"
"0018g0hiHteezNQAIY","Dojex Holdings Inc.","https://www.dojex.example/about","1-702-555-0182","6464 Contreras Lane","New Nicole","NM","87446","United States of America","Shipping","5004","0058g0f6OZZsIcOAYV","","2024-12-31T10:19:16.000Z","2026-07-18T16:55:31.000Z","BX-506675"
"0018g0sDU6cAVBEAM4","Kyjor Networks LLC","https://www.kyjor.example","","0021 Phillips Place","Davishaven","IN","46690","United States of America","Healthcare","81","0058g0kz1pffiKMAAY","","2023-09-11T12:47:16.000Z","2024-07-27T23:29:14.000Z","BX-826849"
"0018g0FM7NhohNuAWI","Hiojeve Freight Inc","https://www.hiojeve.example/about","+1 212 555 0155","5317 Norman Place","Jensenchester","DE","19973","United States of America","Entertainment","7","0058g0VV62NPeLQAG1","","2022-03-09T20:02:20.000Z","2022-07-01T21:16:05.000Z","BX-629509"
"0018g02ZWWv0wghA2A","Myflan Robotics Corp.","WWW.MYFLANROBOTICS.EXAMPLE","+1 415 555 0167","9128 Fleming Lane","Gravesbury","FL","34876","US","Machinery","7","0058g0f6OZZsIcOAYV","","2020-11-29T00:16:47.000Z","2025-09-12T23:13:32.000Z","BX-459820"
"0018g0IBvIqs1TNAWY","Moubrai International Co.","https://www.moubrai.example","720-555-0183","4320 Sanders Parkway","Ellenborough","DE","19752","United States of America","Education","89","0058g0f6OZZsIcOAYV","","2025-05-24T15:18:39.000Z","2025-10-20T20:45:04.000Z","BX-730247"
"0018g0PF515Ak1YAGS","Traisty Solutions Corporation","WWW.TRAISTY.EXAMPLE","","6905 Foster Pl","East Jamesfurt","KS","67372","US","Construction","753","0058g0Jill5bhliACA","","2024-11-23T00:07:06.000Z","2025-12-14T07:11:32.000Z","BX-489757"
"0018g0hrTR8NvcmAYC","Matras Freight LLC","https://matras.example/","512-555-0190","18112 Sanders St","Richardport","OR","97736","United States of America","Entertainment","1203","0058g04cEw1W9K5AIK","","2018-07-03T18:30:04.000Z","2023-08-26T18:19:18.000Z","BX-409637"
"0018g0eJDTtD5oIA2S","Skoukend Foods Inc","www.skoukend.example","702.555.0157","1745 Allen Court","Connortown","MT","59779","US","Machinery","31","0058g0G8kK7esM0ASI","","2018-12-28T07:04:13.000Z","2020-09-10T14:54:19.000Z","BX-946865"
"0018g0hZ03dKDBJAE4","Triogrouve Energy Co.","","1-503-555-0113","9074 Brown Avenue","Kellyshire","SC","29444","US","Transportation","84","0058g0kz1pffiKMAAY","","2021-01-02T15:50:21.000Z","2022-06-28T03:25:18.000Z","BX-296061"
"0018g0sAnP7UlB3AUK","Flyrrour Hldgs Ltd.","www.flyrour.example","404.555.0192","50114 Gay Lane","West Michaelburgh","WV","25628","US","Banking","5005","0058g0G8kK7esM0ASI","","2020-04-09T01:16:53.000Z","2022-07-15T18:13:42.000Z","BX-214888"
"0018g0V11MMVQR3ASP","Clywaes Supply Ltd.","","312.555.0174","653 Clayton Parkway","Henryville","OR","97450","USA","Other","303","0058g0VV62NPeLQAG1","","2025-01-19T13:57:33.000Z","2025-12-08T10:55:44.000Z","BX-682604"
"0018g0hZdT5jxkbAUA","Hikus International Ltd.","https://hikus.example/","(972) 555-0166","541 Mckenzie Dr","Lake Albertport","MO","64547","USA","Chemicals","7","0058g04cEw1W9K5AIK","","2022-12-30T02:51:19.000Z","2026-01-26T11:03:03.000Z","BX-174527"
"0018g0twT9C9QiEAIV","Saisaer Logistics Inc.","saisaer.example","+1 212 555 0144","57287 Decker Place","Jennamouth","FL","34620","United States of America","Government","1204","0058g0kz1pffiKMAAY","","2021-09-10T04:28:39.000Z","2021-10-24T03:48:52.000Z","BX-980191"
"0018g0DdDzmyS2kAKE","Lerous Analytics LLC","","1-415-555-0101","9532 Jenkins Pl","Stoutshire","MT","59232","United States of America","Manufacturing","302","0058g0f6OZZsIcOAYV","","2022-03-14T20:16:16.000Z","2022-09-19T22:57:22.000Z","BX-409457"
"0018g0Yo1LL3ij3ASB","Caetrond Outfitters Inc","www.caetrond.example","+1 503 555 0151","9469 Jones Avenue","East Antonio","MD","21751","USA","Technology","152","0058g0G8kK7esM0ASI","","2019-11-16T10:49:45.000Z","2025-06-06T17:37:54.000Z","BX-696392"
"0018g0NkpbUABo9ACH","Zagraiq Foods Inc.","www.zagraiq.example","+1 512 555 0169","912 Cook Pkwy","Ryanshire","MI","48910","US","Retail","14","0058g0VV62NPeLQAG1","","2020-09-04T06:10:14.000Z","2022-12-01T09:11:41.000Z","BX-847096"
"0018g06kAazrpIwAII","Boujouq Networks Inc","https://boujouq.example/","503-555-0183","3775 Allen Boulevard","Nortonside","SD","57541","USA","Chemicals","8","0058g0VV62NPeLQAG1","","2019-02-18T14:50:23.000Z","2020-02-16T16:07:20.000Z","BX-233035"
"0018g0oMaf2Lv7jAEC","Staeskail Energy Inc.","staeskail.example","+1 404 555 0162","552 Dickson Pl","East Holly","CA","90126","US","Other","757","0058g0f6OZZsIcOAYV","","2017-07-20T15:00:27.000Z","2017-08-20T06:51:42.000Z","BX-219376"
"0018g05kh9wvNHuAAM","Dyryn International Ltd.","http://dyryn.example","+1 972 555 0103","387 Clark Way","Garciaville","OR","97249","United States of America","Machinery","49","0058g0VV62NPeLQAG1","","2024-08-09T22:53:56.000Z","2024-10-26T18:23:03.000Z","BX-454943"
"0018g05l7CRnXJNAQ3","Dyquork Energy Ltd.","https://www.dyquork.example/about","(503) 555-0123","25700 Robertson Drive Suite 937","Port Lisa","MT","59792-2894","US","Construction","26","0058g0Jill5bhliACA","","2017-09-16T08:42:12.000Z","2018-01-30T11:51:21.000Z","BX-231078"
"0018g0KWrLTBIvMAWX","Nylel Materials Corporation","https://nylel.example/","","22988 Daniels Way","Lake Albertfort","DC","20009","US","Insurance","1201","0058g0G8kK7esM0ASI","","2018-12-05T17:14:27.000Z","2023-01-12T19:53:41.000Z","BX-587813"
"0018g0jnODdZEMzAYO","Badrem Dynamics Inc.","","","76952 Palmer St","Lake Erin","OH","43069","United States of America","Government","81","0058g0Jill5bhliACA","","2024-04-15T22:57:13.000Z","2025-10-18T21:40:40.000Z","BX-531309"
"0018g0iZwdPpvhGAER","PRYSTAEL FOOD CO","https://www.jytin81.example/about","","63564 Taylor Court","Moralesberg","KY","41621","United States of America","Energy","42","0058g04cEw1W9K5AIK","","2024-01-17T03:30:14.000Z","2024-03-24T15:35:13.000Z","BX-923610"
"0018g0bfdJrWXcYAQW","Nainu Labs","nainu.example","972.555.0149","719 Espinoza Lane","Sarahview","MH","96969","United States of America","Agriculture","49","0058g0Jill5bhliACA","","2018-10-02T16:30:03.000Z","2025-03-09T03:59:33.000Z","BX-106721"
"0018g0UQkHe4u42AWA","Nairuth International LLC","","1-617-555-0186","75091 Davidson Ln","North Marcview","CA","90621","United States of America","Electronics","759","0058g0kz1pffiKMAAY","","2024-03-30T21:36:16.000Z","2026-01-22T03:59:26.000Z","BX-881306"
"0018g0J3NgQKsi8AKD","Fliostirk Partners Inc","","972-555-0172","9750 Thomas Drive","New Juanville","ID","83771","United States of America","Manufacturing","28","0058g0G8kK7esM0ASI","","2020-04-27T21:35:17.000Z","2024-03-10T08:15:43.000Z","BX-537663"
"0018g0tb3k1iFyTAAU","Mebour Outfitters LLC","mebouroutfitters.example","+1 206 555 0150","05780 Freeman Parkway","Carrillofurt","DE","19971","United States of America","Education","752","0058g0f6OZZsIcOAYV","","2018-10-27T03:22:10.000Z","2022-11-27T08:55:35.000Z","BX-411492"
"0018g0qLG9tYFhtAMG","Byskyve Logistics LLC","byskyve.example","(415) 555-0105","16259 Jones Ave","Toddview","IL","61458","USA","Environmental","87","0058g0f6OZZsIcOAYV","","2021-05-08T19:08:44.000Z","2022-04-01T03:57:34.000Z","BX-585340"
"0018g00l01runsQAAQ","Draeseth Solutions Corp.","https://draeseth.example/","503-555-0166","27991 Herrera Court","Lake Amberville","KY","41699","US","Banking","309","0058g04cEw1W9K5AIK","","2024-10-15T04:27:30.000Z","2025-06-06T21:06:09.000Z","BX-590770"
"0018g0qnWma5DCaAIM","Draestond Capital Corporation","http://draestond.example","","75309 Dyer Ave","East Richard","IN","46489","United States of America","Chemicals","10","0058g0kz1pffiKMAAY","","2020-03-04T08:29:57.000Z","2022-04-29T09:56:57.000Z","BX-459680"
"0018g0bmP7J0Ub7AIF","Clioqeun Robotics Inc","www.clioquen.example","(206) 555-0131","03869 Conley Place","West Keithmouth","HI","96823-7801","USA","Education","85","0058g0VV62NPeLQAG1","","2021-08-06T00:08:31.000Z","2023-11-10T14:50:31.000Z","BX-753249"
"0018g0uuMoeHBKGAI4","Flygril Food Co Co.","","(212) 555-0142","","West Sandra","CO","80689","USA","Retail","9","0058g0f6OZZsIcOAYV","","2020-11-13T19:46:00.000Z","2021-10-11T08:36:04.000Z","BX-482187"
"0018g0ppUW2sj5TAYQ","Kiowor Solutions LLC","https://kiowor.example/","+1 617 555 0133","6807 Owens Court","North Williammouth","NC","27756","United States of America","Biotechnology","44","0058g0kz1pffiKMAAY","","2022-04-20T14:29:11.000Z","2023-11-23T09:53:07.000Z","BX-456000"
"0018g0EN4l4ysioAGA","Ritai Partners Inc","www.ritai.example","","287 Richardson Rd Ste 524","East Huntertown","FL","32979","United States of America","Food & Beverage","5006","0058g0f6OZZsIcOAYV","","2018-05-11T15:20:48.000Z","2018-06-10T08:09:02.000Z","BX-149464"
"0018g0wsAFITGhtAYH","Dadrioth Energy","WWW.DADRIOTH.EXAMPLE","+1 617 555 0145","4749 Williams Road Suite 909","Port Robertfurt","NY","13655-9732","USA","Banking","88","0058g0G8kK7esM0ASI","","2021-11-14T14:22:49.000Z","2025-10-06T19:14:56.000Z","BX-965511"
"0018g06VARwOL8hA2G","Tradraeq Networks LLC","www.tradraeqnetworks.example","1-972-555-0127","664 Myers Parkway","West Amy","FM","96941","USA","Biotechnology","8","0058g04cEw1W9K5AIK","","2024-08-14T05:33:35.000Z","2026-08-27T19:03:57.000Z","BX-247219"
"0018g0Q2rTW6T56ASF","Caijaq Holdings Co.","http://caijaq.example","617-555-0197","886 Lee Way","Port Brittneyberg","MO","64474","United States of America","Consulting","1204","0058g0Jill5bhliACA","","2024-11-17T11:38:52.000Z","2024-11-17T12:17:25.000Z","BX-963977"
"0018g0vcubg84R4AAI","Sozioth Works Ltd.","www.sozioth.example","+1 702 555 0144","50936 Myers Way","Michaelburgh","NH","03277","USA","Energy","48","0058g0kz1pffiKMAAY","","2023-12-22T08:18:59.000Z","2024-07-23T05:01:44.000Z","BX-528498"
"0018g0idfWvPSgnAQG","Jaikaind Capital Inc","","404-555-0122","0550 Solomon Court Suite 361","Angelaport","TN","37903","USA","Insurance","752","0058g0f6OZZsIcOAYV","","2023-01-19T06:01:46.000Z","2025-06-11T18:47:34.000Z","BX-867170"
"0018g0vqNoBkVMZAI3","Raetel Outfitters Inc","https://www.raetel.example","1-904-555-0181","19766 Zamora Way","Andradeview","NH","03085","United States of America","Healthcare","155","0058g0VV62NPeLQAG1","","2024-06-25T06:23:01.000Z","2024-07-30T09:51:39.000Z","BX-858217"
"0018g02Ic6pE61EAES","Trumour Supply Ltd.","https://www.trumour.example/about","+1 702 555 0159","32392 Gonzalez Road","Brandyland","ID","83735","United States of America","Communications","20","0058g04cEw1W9K5AIK","","2021-09-25T12:06:55.000Z","2025-09-29T20:45:09.000Z","BX-515290"
"0018g0BTqYIHEEfAWP","Styga Works Inc.","styga.example","1-617-555-0115","790 Lopez Parkway Suite 989","South Andrebury","WA","98025","US","Biotechnology","25","0058g0VV62NPeLQAG1","","2020-07-10T03:39:13.000Z","2023-05-05T11:36:41.000Z","BX-970506"
"0018g0UglrgmDNnACM","Stouhiol Manufacturing LLC","stouhiol.example","(702) 555-0109","007 Yates Parkway","South Sheila","HI","96702","United States of America","Government","47","0058g04cEw1W9K5AIK","","2017-06-17T17:27:29.000Z","2025-04-15T01:18:22.000Z","BX-104835"
"0018g0E7zA0LJAhASO","Dukom Dynamics LLC","www.dukom.example","","936 Murphy Parkway","Phillipchester","MS","39195","USA","Communications","309","0058g0Jill5bhliACA","","2021-12-12T21:11:02.000Z","2024-02-01T03:37:00.000Z","BX-728030"
"0018g0WC8vISxFJAG1","Duvend Dynamics LLC","www.duvend.example","312-555-0131","0750 Carpenter Boulevard","Watsontown","OH","43754","US","Consulting","27","0058g0kz1pffiKMAAY","","2020-11-05T17:42:03.000Z","2022-05-07T18:25:43.000Z","BX-588438"
"0018g05F7AiXu4fAUC","Tioke Outfitters","https://tioke.example/","(813) 555-0134","1848 Smith Pkwy","Dianemouth","HI","96797","USA","Communications","5001","0058g0Jill5bhliACA","","2021-03-21T17:19:19.000Z","2023-06-28T17:02:26.000Z","BX-261475"
"0018g0zqfdvGr4rAAC","Broskar Labs Ltd.","www.broskar.example","(503) 555-0197","04968 Hawkins Way","Lake Monicaside","KY","41962","United States of America","Apparel","47","0058g0VV62NPeLQAG1","","2018-04-29T03:40:03.000Z","2022-11-05T19:22:30.000Z","BX-201249"
"0018g082JNekqd3AYA","Wabyth Foods Inc.","https://www.wabyth.example/about","+1 206 555 0132","237 Noble Lane","Katiefurt","FL","33298","United States of America","Retail","156","0058g0Jill5bhliACA","","2019-05-26T22:52:59.000Z","2023-06-13T16:46:02.000Z","BX-908546"
"0018g0RkzcTdKaFACV","Gimark Foods LLC","https://www.gimark.example","+1 206 555 0150","3338 Walsh Place","Alexandraland","RI","02860","United States of America","Finance","27","0058g0VV62NPeLQAG1","","2018-03-18T13:55:16.000Z","2022-09-28T00:42:56.000Z","BX-249401"
"0018g09Hiz2LxmkAEC","Claejyl Mfg","","720.555.0145","96194 Hernandez Dr Ste 409","New Brendaburgh","KY","41482","US","Electronics","7","0058g04cEw1W9K5AIK","","2023-12-27T10:45:51.000Z","2024-06-23T09:50:29.000Z","BX-138282"
"0018g0yrBkS7ES2AIN","Kaipiiom Freight Corp.","https://kaipiom.example/","","95946 Robertson Lane Suite 150","East Jessicastad","WV","26191","USA","Hospitality","8","0058g0Jill5bhliACA","","2022-11-23T18:51:43.000Z","2024-05-20T00:17:11.000Z","BX-931158"
"0018g0kgnFS2PJ1AQN","Sioflios Dynamics Co.","https://sioflios.example/","(206) 555-0154","136 Herrera Street","Castroside","ND","58378","United States of America","Healthcare","10","0058g04cEw1W9K5AIK","","2021-11-04T16:25:45.000Z","2025-04-07T21:56:21.000Z","BX-180807"
"0018g0LmWcd1geaAKA","Cetriork Holdings Corporation","https://cetriork.example/","(904) 555-0190","345 Herrera Place","Karinamouth","CA","93681","US","Energy","752","0058g0G8kK7esM0ASI","","2024-02-13T09:16:56.000Z","2024-02-29T20:18:23.000Z","BX-464745"
"0018g019Pzd4ufQAIQ","Gymaer Systems","www.gymaer.example","+1 206 555 0160","16754 Hernandez Street","West Paulland","HI","96797","US","Education","","0058g0G8kK7esM0ASI","","2017-03-08T03:30:20.000Z","2023-11-24T23:45:39.000Z","BX-893802"
"0018g09DaJlHpmPAUS","quiclih capital llc","https://www.quiclithcapital.example/about","","27500 Grant Ct","South Ann","NM","87149","United States of America","Consulting","58","0058g0Jill5bhliACA","","2024-03-17T20:24:12.000Z","2024-12-13T15:45:05.000Z","BX-350049"
"0018g07UMPjPgF5A2K","Tradraeq Solutions Corp.","tradraeq.example","(904) 555-0153","924 Elliott Parkway","Choihaven","AZ","85859","US","Biotechnology","5009","0058g0f6OZZsIcOAYV","","2020-08-16T04:39:21.000Z","2023-08-12T01:10:35.000Z","BX-907582"
"0018g0KMxQL1fkbAWB","Trubraex Services","https://www.trubraex.example/about","+1 617 555 0167","537 Watson Place","Kristibury","PW","96940-3833","USA","Communications","87","0058g0Jill5bhliACA","","2018-03-02T03:44:08.000Z","2025-09-18T11:10:59.000Z","BX-256694"
"0018g0AgOKSlwwKA0R","Skouflair Dynamics Corporation","","","145 Garcia Ave","West Troy","IA","51042","USA","Chemicals","41","0058g0kz1pffiKMAAY","","2023-11-18T10:10:54.000Z","2025-05-18T03:13:53.000Z","BX-973317"
"0018g0IlV1RLPS1AKP","Sadram Analytics Corporation","","+1 720 555 0118","638 Rush Blvd Ste 327","New Tylerberg","DC","20001-5599","USA","Communications","13","0058g0f6OZZsIcOAYV","","2017-01-10T20:06:50.000Z","2018-03-31T07:28:48.000Z","BX-213803"
"0018g0kWsV8BKamAUG","Houskom Supply Corp.","houskom.example","972.555.0188","954 Sosa Parkway","South Nancyburgh","MT","59093","US","Recreation","45","0058g0VV62NPeLQAG1","","2023-10-17T22:52:44.000Z","2026-04-21T09:58:56.000Z","BX-847237"
"0018g0wDKWTK2ATA21","Faiflol Services Corp.","WWW.FAIFLOL.EXAMPLE","617-555-0174","091 Stanton Drive","Rachelview","AR","72347","USA","Engineering","46","0058g0kz1pffiKMAAY","","2021-07-30T16:39:28.000Z","2022-02-03T07:32:19.000Z","BX-296751"
"0018g0X1cVj9un7ASA","Ciogym Partners Corp.","http://ciogym.example","(305) 555-0109","568 Moran Ave","North Gary","WV","24870","US","Transportation","26","0058g0kz1pffiKMAAY","","2024-06-09T03:05:10.000Z","2025-08-06T11:34:06.000Z","BX-798831"
"0018g0YqIeLMfAgAKL","Kyflon Outfitters Corporation","","+1 206 555 0117","5099 Anderson Boulevard","West Melissaville","MT","59268","US","Government","10","0058g04cEw1W9K5AIK","","2017-08-30T08:18:25.000Z","2022-07-09T21:29:31.000Z","BX-114911"
"0018g0MXyok9MOJAG2","Haemin Robotics Inc.","http://haemin.example","(720) 555-0194","390 Logan Lane","Bridgeschester","NJ","08719","USA","Healthcare","303","0058g04cEw1W9K5AIK","","2025-01-14T14:05:32.000Z","2025-04-22T03:10:30.000Z","BX-310433"
"0018g0IFFfvy4vbAOA","Rairdax Health Inc.","WWW.RAIDRAX.EXAMPLE","972.555.0101","14589 Cook Pkwy","Christopherside","KY","41583","US","Healthcare","301","0058g0f6OZZsIcOAYV","","2018-12-04T14:15:16.000Z","2022-07-02T09:15:11.000Z","BX-997984"
"0018g09JbnJDgVfAEL","PAEZIOKR LABS LTD.","paeziork.example","(206) 555-0114","59616 Patrick Way","New Erictown","DE","19833","United States of America","Consulting","1206","0058g0f6OZZsIcOAYV","","2018-09-09T14:05:04.000Z","2020-06-26T01:37:46.000Z","BX-463499"
"0018g0CeiHKrsBEASZ","Broubou Foods Corporation","","1-503-555-0151","082 Sharp Boulevard Suite 242","Fryemouth","MA","02359","US","Apparel","759","0058g0G8kK7esM0ASI","","2023-07-26T10:13:35.000Z","2026-02-23T09:53:31.000Z","BX-857108"
"0018g04XO2QMOB6AMP","Jaburk Industries LLC","https://www.jaburk.example/about","1-617-555-0163","788 Li Place","East Alyssaborough","OH","43752","USA","Chemicals","1202","0058g04cEw1W9K5AIK","","2023-08-30T01:55:47.000Z","2023-11-25T04:41:34.000Z","BX-906026"
"0018g0IYPfYkAuhAOF","Ladar Manufacturing Inc.","https://ladra.example/","","944 Smith Place","Odonnellshire","SD","57058","United States of America","Shipping","14","0058g0Jill5bhliACA","","2020-11-17T15:53:08.000Z","2024-12-19T18:14:20.000Z","BX-696541"
"0018g0LoNS7ruUsA0I","Mecirk Analytics Ltd.","https://www.mecirk.example","(813) 555-0194","757 Bennett Boulevard","Lake Eric","DE","19898","United States of America","Apparel","754","0058g0f6OZZsIcOAYV","","2019-02-01T16:06:48.000Z","2025-04-29T23:55:59.000Z","BX-972249"
"0018g0Sat1M8BkoACF","Liskound Analytics Ltd.","https://www.liskound.example/about","+1 617 555 0158","106 Miller Way","Whiteberg","MN","56418","US","Agriculture","20","0058g0kz1pffiKMAAY","","2022-05-19T13:13:50.000Z","2023-07-20T11:28:59.000Z","BX-976450"
"0018g0FeLE6en5RA0Q","Prysken Analytics Ltd.","https://www.prysken.example/about","617-555-0179","0247 Bryant Road","Simsmouth","WV","24946","United States of America","Chemicals","1203","0058g0kz1pffiKMAAY","","2020-07-06T15:47:41.000Z","2021-08-17T18:35:04.000Z","BX-601510"
"0018g0gFQWHMelIA2T","Jaifyve Logistics LLC","","","721 Thomas Ct","East Richardburgh","SC","29697","United States of America","Communications","134","0058g04cEw1W9K5AIK","","2019-06-13T11:48:07.000Z","2025-08-31T01:00:37.000Z","BX-735956"
"0018g0RNdnwB1CgAGK","Drutres Foods Inc","drutres.example","(904) 555-0160","0171 Hodges Drive","North Daniel","MD","21678-7732","USA","Healthcare","159","0058g0G8kK7esM0ASI","","2021-05-28T17:22:00.000Z","2023-09-14T08:55:00.000Z","BX-990542"
"0018g0ijkgwzGyTAAU","Jeproove Analytics Inc.","","+1 972 555 0131","1803 Martinez Lane","South Gary","MN","55715","US","Communications","153","0058g0G8kK7esM0ASI","","2021-02-20T02:30:46.000Z","2022-05-23T14:18:15.000Z","BX-767625"
"0018g0IG3fYxcSTAGZ","Roujork Networks Inc","https://roujork.example/","+1 972 555 0140","349 Morgan Parkway","Lake Arianafort","PW","96940","United States of America","Insurance","306","0058g0G8kK7esM0ASI","","2021-08-10T02:19:43.000Z","2026-03-01T13:12:49.000Z","BX-193191"
"0018g0LYjd8UoWgAGK","Stiodryrk Outfitters Inc.","stiodryrk.example","305-555-0155","2629 Curry Drive","Brentmouth","SD","57745","USA","Hospitality","5004","0058g0G8kK7esM0ASI","","2024-09-05T10:32:56.000Z","2024-10-21T07:43:00.000Z","BX-629906"
"0018g0RW5h5shNdAGI","Viquus Outfitters Corp.","http://viquus.example","+1 404 555 0189","5250 Chambers Rd","New Sarah","MH","96961","US","Healthcare","49","0058g0f6OZZsIcOAYV","","2017-01-01T05:05:23.000Z","2024-06-09T13:05:03.000Z","BX-533639"
"0018g0qNQe3Imz4AMC","Brouzurk Technologies Corp.","https://brouzurk.example/","1-212-555-0108","45583 Young Place Suite 586","Kristenport","FM","96943","United States of America","Construction","17","0058g0kz1pffiKMAAY","","2024-09-19T09:23:54.000Z","2025-05-09T08:14:01.000Z","BX-885287"
"0018g0iXOzRCThPAMX","Saequyth Dynamics Corporation","","","1737 Sanchez Court","Port Jeanmouth","PW","96940","United States of America","Media","5002","0058g0Jill5bhliACA","","2017-01-12T20:25:35.000Z","2022-01-05T14:38:09.000Z","BX-581058"
"0018g07QwmlsKx2AEE","Drequion Robotics","https://www.drequion.example","","2536 Conway Lane","New Jasonview","AK","99616","USA","Shipping","150","0058g04cEw1W9K5AIK","","2019-11-08T11:25:13.000Z","2024-02-21T02:12:42.000Z","BX-816090"
"0018g0PD5ft1qoRAGQ","JIOCUM NETWORKS INC.","www.jiocum.example","","202 Chavez Way","East Sean","NE","68109-1514","United States of America","Other","49","0058g0VV62NPeLQAG1","","2024-01-20T19:01:29.000Z","2025-05-11T16:37:09.000Z","BX-767296"
"0018g00hwlRocYqAAJ","Nafaex Robotics Co.","WWW.NAFAEX.EXAMPLE","+1 720 555 0174","109 Hale Avenue","Riddlefort","IL","62744","USA","Utilities","5001","0058g04cEw1W9K5AIK","","2017-11-29T19:39:53.000Z","2021-12-24T03:50:33.000Z","BX-206301"
"0018g0FESKyoTHxA4M","Roskave Robotics LLC","https://www.roskave.example","(312) 555-0129","75087 Garcia Way","Robinsonland","VA","24357","USA","Retail","80","0058g0kz1pffiKMAAY","","2020-10-01T18:45:31.000Z","2022-12-20T20:08:27.000Z","BX-569066"
"0018g0YI6rqbUcgAGE","Birel Partners Corp.","","503.555.0154","026 Haley Street","Carmenmouth","CA","90188","US","Recreation","302","0058g0VV62NPeLQAG1","","2021-01-15T19:08:36.000Z","2025-08-24T20:41:14.000Z","BX-595919"
"0018g0dJb0Gao8UAER","Megraiq Robotics LLC","http://megraiq.example","(813) 555-0163","870 Rose Lane Suite 147","Meghanville","VT","05463","US","Biotechnology","33","0058g0G8kK7esM0ASI","","2024-05-14T08:37:34.000Z","2025-12-04T19:04:19.000Z","BX-301806"
"0018g06tnW3Fn4bAQC","Bugaeq Technologies","bugaeq.example","1-206-555-0127","737 Fields Court Suite 129","North Kristenshire","AZ","86317","United States of America","Biotechnology","5","0058g0kz1pffiKMAAY","","2021-09-29T15:23:25.000Z","2025-09-20T01:14:42.000Z","BX-848515"
"0018g0RfCxoPDkbAKG","Trulour Analytics","https://trulour.example/","1-972-555-0194","6009 Watson Street","East Jonathan","WI","53773","United States of America","Machinery","1207","0058g0f6OZZsIcOAYV","","2018-09-24T01:30:22.000Z","2024-01-20T03:10:54.000Z","BX-888599"
"0018g0B0AXZfRdhA0F","Toutruve Materials","http://toutruve.example","+1 212 555 0122","42497 Mullen Road","Vickiberg","MD","21191-5563","United States of America","Education","750","0058g0Jill5bhliACA","","2022-02-23T07:14:26.000Z","2026-02-28T12:52:47.000Z","BX-586042"
"0018g09Pk1kGNl3AEG","Noprith Health LLC","https://www.noprith.example","1-512-555-0144","22128 Christensen Road","Nathanberg","TN","37771","USA","Manufacturing","27","0058g04cEw1W9K5AIK","","2023-10-18T13:15:52.000Z","2024-03-20T03:33:09.000Z","BX-706020"
"0018g0giLZKxvAFAYZ","Skapio Capital Ltd.","https://www.skapio.example","1-404-555-0176","357 Gutierrez Parkway Suite 795","Elizabethport","PW","96940","US","Retail","43","0058g0G8kK7esM0ASI","","2022-01-13T07:36:35.000Z","2024-03-23T23:02:41.000Z","BX-196206"
"0018g0NbbmsrvfTACQ","gymrk systems co.","www.gymurk.example","503.555.0135","937 Johnson Parkway","New Catherinefurt","NE","68109-7679","USA","Chemicals","5005","0058g0VV62NPeLQAG1","","2017-06-21T16:23:27.000Z","2022-09-12T07:18:26.000Z","BX-540944"
"0018g0ZUkLijvzOAWQ","Dygol Net Inc.","https://www.go.dygol.example/about","","39864 Hays Drive","Kevinchester","ID","83698","USA","Utilities","40","0058g0Jill5bhliACA","","2020-07-12T04:24:59.000Z","2025-01-30T08:05:19.000Z","BX-157482"
"0018g0FC5ekRvL0AGK","Toskai International Corporation","https://www.toskai.example/about","512-555-0141","07480 Owens Street","Horneborough","OH","43424","USA","Utilities","1207","0058g0kz1pffiKMAAY","","2018-02-15T09:40:03.000Z","2024-07-11T05:59:04.000Z","BX-687610"
"0018g0Tx3yOAUERAC5","Nokux Services Ltd.","https://www.nokux.example","702.555.0140","15032 Robinson Parkway","Port Nathanfurt","NM","88269","USA","Machinery","49","0058g0Jill5bhliACA","","2020-07-30T10:04:12.000Z","2024-04-11T23:03:48.000Z","BX-915415"
"0018g0SH2EbBsBAAW0","Dytouth Capital","http://dytouth.example","720-555-0158","643 Jacobs Place","Frankland","CT","06245","United States of America","Apparel","304","0058g0G8kK7esM0ASI","","2021-06-18T12:33:27.000Z","2023-01-16T19:39:05.000Z","BX-925719"
"0018g0K0otdaWGzACM","trouupm outfitters corporation","WWW.TROUPUM.EXAMPLE","+1 312 555 0182","77301 Spencer Avenue Suite 449","North Andre","NE","68012","US","Technology","155","0058g0Jill5bhliACA","","2024-08-14T01:07:37.000Z","2024-08-21T14:57:39.000Z","BX-208614"
"0018g0j3PbTxGVXAI3","Skairom Holdings","WWW.SKAIROM.EXAMPLE","904.555.0114","29237 Wilson Place Suite 915","Lake Elizabethville","SC","29921","US","Transportation","150","0058g0G8kK7esM0ASI","","2023-11-15T22:41:07.000Z","2024-03-12T14:28:45.000Z","BX-638611"
"0018g0E43zIqTVYAC3","Geflyr International Ltd.","www.geflyr.example","1-702-555-0146","330 Garcia Lane Suite 565","Edwardston","WV","26283","US","Electronics","750","0058g0Jill5bhliACA","","2021-02-20T20:22:03.000Z","2021-10-30T22:47:12.000Z","BX-360637"
"0018g0saTvnCFJNAI4","Tomaend Materials Inc.","https://tomaend.example/","","5322 Blair Dr","Smithton","MA","01617-1111","United States of America","Telecommunications","43","0058g0VV62NPeLQAG1","","2020-09-11T19:57:53.000Z","2023-06-21T00:07:37.000Z","BX-713295"
"0018g0AA5JKRGe7AWH","Linion Supply Inc.","https://www.linion.example","503-555-0132","70450 Hodge Court","Davidfort","NY","13032","US","Not For Profit","7","0058g0f6OZZsIcOAYV","","2023-04-09T11:57:16.000Z","2026-08-19T11:39:06.000Z","BX-654955"
"0018g0DNoRrFWDcAWO","Maicmy Supply LLC","maicym.example","(312) 555-0155","","Lopezburgh","NH","03077","USA","Utilities","1201","0058g0f6OZZsIcOAYV","","2018-01-26T23:05:32.000Z","2019-05-28T12:05:59.000Z","BX-923565"
"0018g0vEDQyb4ryA2A","Laejaive Health","","","29701 Campbell Road","West Kathleen","NM","87700","United States of America","Construction","5009","0058g0G8kK7esM0ASI","","2017-04-12T02:12:21.000Z","2019-09-07T03:15:10.000Z","BX-414393"
"0018g0PYMi8w3msAOA","Paevu International LLC","http://doujan56.example","415.555.0198","0700 Smith Way","West Amybury","FL","33701","US","Retail","152","0058g0VV62NPeLQAG1","","2018-02-27T16:46:03.000Z","2021-12-21T09:35:05.000Z","BX-267270"
"0018g06D4G3WzuFAUS","Bigain Services Ltd.","https://www.bigain.example","(206) 555-0117","7723 Liu Way","South Kayla","NC","27277","US","Entertainment","16","0058g0Jill5bhliACA","","2025-04-30T11:47:01.000Z","2025-09-13T17:10:44.000Z","BX-604327"
"0018g0TLjiw30s9AGA","Waiskel Works LLC","http://waiskel.example","+1 404 555 0139","976 Stout Road","New Loriview","TN","37145","United States of America","Media","87","0058g0VV62NPeLQAG1","","2018-07-28T23:38:26.000Z","2021-05-01T18:03:57.000Z","BX-516592"
"0018g08Ofn3nt0fAEA","Reflon Manufacturing Corp.","reflon.example","212.555.0187","64995 Lopez Lane Suite 332","Port Andreamouth","LA","70387","United States of America","Apparel","88","0058g0f6OZZsIcOAYV","","2023-12-01T01:22:30.000Z","2026-08-12T19:34:56.000Z","BX-828369"
"0018g0U3uquYYpSACW","Drobrouve Analytics LLC","","","56603 Colon Road","Davidfurt","SD","57049","United States of America","Hospitality","6","0058g0VV62NPeLQAG1","","2018-03-20T04:07:41.000Z","2025-03-25T21:49:41.000Z","BX-854335"
"0018g0Nh2sepQAkACM","Griogrove Dynamics Inc.","https://www.griogrove.example","(312) 555-0171","309 Vargas Ct","Mikeport","PW","96940","USA","Not For Profit","5008","0058g04cEw1W9K5AIK","","2022-06-08T16:09:02.000Z","2025-06-12T19:37:21.000Z","BX-363475"
"0018g063Pg8g3GBAIY","Skiodraem Power LLC","WWW.SKIODRAEMENERGY.EXAMPLE","404.555.0129","442 Miller Way","South Kristin","MS","39385-9244","United States of America","Environmental","","0058g04cEw1W9K5AIK","","2024-04-17T05:14:55.000Z","2025-10-31T09:54:47.000Z","BX-844101"
"0018g0IRkdwVKugAGG","Hapers Systems LLC","","+1 904 555 0139","843 Salazar St","West Jamesmouth","OH","44048","United States of America","Biotechnology","9","0058g0VV62NPeLQAG1","","2019-01-31T17:38:21.000Z","2021-08-07T23:29:40.000Z","BX-569697"
"0018g0i1cvHIAU1AAP","Dripra Supply Corp.","https://www.dripra.example/about","(904) 555-0166","10306 Carter Drive","Kyleport","MH","96963","US","Telecommunications","5000","0058g04cEw1W9K5AIK","","2025-04-12T15:44:08.000Z","2026-08-02T16:07:53.000Z","BX-713381"
"0018g0S9jc0PQq2ACG","Liroux Foods","","(503) 555-0178","62947 Foster Ln","Port Daniel","IA","52702-1220","United States of America","Insurance","","0058g04cEw1W9K5AIK","","2019-06-02T08:50:05.000Z","2022-05-16T17:24:23.000Z","BX-894987"
"0018g03FmUKTlVZAU1","Taiban Logistics Corp.","http://taiban.example","(503) 555-0140","","Franklinburgh","WA","98287","United States of America","Healthcare","","0058g0f6OZZsIcOAYV","","2023-04-05T11:34:00.000Z","2026-01-11T03:00:57.000Z","BX-286690"
"0018g0TJZPD5HoKA4V","Fousto International LLC","","(305) 555-0137","4173 Young Blvd","Jessicaton","TN","37365","USA","Food & Beverage","757","0058g0kz1pffiKMAAY","","2017-07-23T16:55:48.000Z","2022-10-26T18:31:23.000Z","BX-204615"
"0018g09GihwYEVKAE4","dalos net inc","http://dalos.example","305-555-0139","","West Andrew","PA","19512","US","Retail","27","0058g0f6OZZsIcOAYV","","2018-06-23T01:56:56.000Z","2020-05-25T20:21:47.000Z","BX-146159"
"0018g0uXYyW6q8PAMR","Vidrer Capital Inc","WWW.VIDRER.EXAMPLE","415.555.0193","62602 Perry Road","South Annette","IA","50290","USA","Electronics","153","0058g0kz1pffiKMAAY","","2020-07-04T04:43:50.000Z","2024-06-11T06:37:51.000Z","BX-666734"
"0018g0h1HrOu2rLAIR","Juban Systems Inc","https://www.jubansystems.example","305-555-0103","728 Bryant Street","South Michaelhaven","AK","99907","USA","Agriculture","27","0058g0kz1pffiKMAAY","","2022-11-30T08:39:33.000Z","2025-07-13T18:32:14.000Z","BX-591754"
"0018g05nlwLgjfYAAR","Trenive Outfitters Ltd.","WWW.TRENIVE.EXAMPLE","972.555.0114","22442 May Avenue","New Judithside","IA","50818","USA","Consulting","1200","0058g0kz1pffiKMAAY","","2022-03-30T21:24:08.000Z","2022-10-07T17:06:18.000Z","BX-213395"
"0018g0x9UzzLOXMAI4","Cliocel Works LLC","https://www.cliocel.example","1-312-555-0123","06567 Flores Parkway","West Antonio","NE","68082","USA","Government","7","0058g0kz1pffiKMAAY","","2017-06-28T02:10:51.000Z","2018-09-06T20:27:50.000Z","BX-217339"
"0018g0iyekYLIY6AAP","Cakain Analytics Co.","http://cakain.example","720-555-0134","068 Ramirez Drive Suite 623","South Ryanton","GA","31137","United States of America","Apparel","1208","0058g04cEw1W9K5AIK","","2019-02-13T05:09:40.000Z","2019-04-21T16:18:19.000Z","BX-460532"
"0018g07p7aYfRVZAA3","Groudryrk Health Inc.","groudryrk.example","","","Tinaville","FL","34371-1985","United States of America","Machinery","88","0058g0G8kK7esM0ASI","","2020-07-02T23:34:21.000Z","2021-10-16T05:01:10.000Z","BX-894227"
"0018g0vtxadYhynAAC","Jowave Labs Inc.","jowave.example","+1 312 555 0193","","South Donna","AZ","86291-9634","US","Chemicals","82","0058g0f6OZZsIcOAYV","","2018-02-10T06:05:14.000Z","2025-09-23T07:40:29.000Z","BX-783689"
"0018g0XAzc0H5cnAGC","Waeros Sol","https://www.waeros.example","","02400 Edwards Street Suite 571","Port Johnchester","IA","51155","United States of America","Energy","5004","0058g0Jill5bhliACA","","2022-01-27T12:49:34.000Z","2022-03-07T19:26:27.000Z","BX-111080"
"0018g0dXBijN84OAMS","Jyrirk Holdings Corporation","https://www.jyrirk.example/about","1-415-555-0168","05823 Ball Road Suite 345","East Diane","OH","45555","United States of America","Banking","40","0058g0kz1pffiKMAAY","","2023-06-10T05:17:52.000Z","2026-03-08T22:41:46.000Z","BX-703107"
"0018g0HikE68r9mASA","Styteve Materials Inc","https://www.styteve.example","(404) 555-0130","258 Contreras Parkway","South Thomasstad","MH","96965","US","Finance","26","0058g0Jill5bhliACA","","2017-09-19T23:58:21.000Z","2024-05-21T04:26:58.000Z","BX-216470"
"0018g078cv5vrcRAAQ","Luzain Dynamics Co.","https://www.luzain.example","1-503-555-0107","965 Jones Street","Dianeberg","NJ","08160","United States of America","Finance","5007","0058g0Jill5bhliACA","","2019-09-12T18:00:48.000Z","2021-03-22T05:39:42.000Z","BX-160761"
"0018g0nLcqqEAqxAEG","Stoudos Works","","212.555.0104","23754 Parker Drive","Gallegosberg","NC","27056","United States of America","Not For Profit","8","0058g0G8kK7esM0ASI","","2024-06-12T14:49:17.000Z","2025-03-04T02:04:30.000Z","BX-982665"
"0018g0CUb3jm2RHAGY","Loujond Works Inc.","","312.555.0191","63446 Lester Lane","Shortfort","FL","33594-5709","United States of America","Technology","47","0058g0f6OZZsIcOAYV","","2024-01-17T13:15:43.000Z","2024-08-29T20:24:31.000Z","BX-786414"
"0018g0dvxl0YWkbAAG","Waclaim Analytics Group Inc","http://shop.waclaim.example","","","Edwardsfurt","WI","53086","United States of America","Communications","753","0058g0Jill5bhliACA","","2019-03-03T09:52:48.000Z","2020-02-03T23:17:42.000Z","BX-173400"
"0018g0WJJ0lKNYrAOO","Cyzouve Materials Ltd.","","1-617-555-0107","086 Leonard Way","Lake Sarah","FM","96942","US","Retail","159","0058g0kz1pffiKMAAY","","2020-02-29T05:50:13.000Z","2020-07-06T17:23:58.000Z","BX-554081"
"0018g0PV691c6nZAGQ","Baidrios Materials Ltd.","https://braidrios.example/","904-555-0109","","Chasemouth","CT","06075","USA","Telecommunications","49","0058g04cEw1W9K5AIK","","2018-02-13T03:58:20.000Z","2020-10-21T09:05:50.000Z","BX-371641"
"0018g0q5xbc08abAAA","Myvioq International Ltd.","https://www.myvioq.example","(813) 555-0151","7584 Mays Street","Lake Diane","WV","26218","US","Environmental","17","0058g04cEw1W9K5AIK","","2017-11-30T17:25:24.000Z","2020-05-18T20:18:23.000Z","BX-693919"
"0018g07Nxf1IJD3AEO","CLIOMIN INTERNATIONAL INC.","","404.555.0198","523 Hooper Ct","Andreachester","MD","21004","US","Manufacturing","13","0058g0kz1pffiKMAAY","","2017-11-02T00:12:18.000Z","2022-02-28T15:51:09.000Z","BX-309286"
"0018g08JNgLEnIpAML","Ptarus Technologies","https://patrus.example/","","8657 Moore Boulevard Suite 985","Lake Robert","OR","97527","USA","Not For Profit","49","0058g04cEw1W9K5AIK","","2024-02-15T15:26:08.000Z","2024-09-19T14:26:50.000Z","BX-825297"
"0018g0L5zJUtbBzASJ","Lubion Dynamics","www.lubion.example","","7868 Campbell Road","Thompsonchester","VT","05344-9648","United States of America","Transportation","695","0058g04cEw1W9K5AIK","","2024-02-17T11:39:21.000Z","2025-07-15T17:19:08.000Z","BX-917135"
"0018g0re8IuhTIHAQ2","Naitres Capital Inc","","1-404-555-0182","613 Hardy Avenue","Stewartport","SD","57355","US","Construction","759","0058g04cEw1W9K5AIK","","2019-01-29T15:11:55.000Z","2022-06-11T18:16:54.000Z","BX-570197"
"0018g0W0bJNdq08ASB","Gryrox Net Inc.","https://www.caiquaen31.example","","0580 Powell Ln","Bakermouth","FL","33415","United States of America","Retail","12","0058g0VV62NPeLQAG1","","2022-01-07T11:09:30.000Z","2022-06-28T05:16:22.000Z","BX-593179"
"0018g047U8sLHB9AIO","zekaix power ltd.","https://www.zekaix.example","(720) 555-0110","8565 Jensen Ct","Casehaven","IA","51054","US","Government","159","0058g0f6OZZsIcOAYV","","2017-07-08T21:04:29.000Z","2023-06-11T09:02:16.000Z","BX-170873"
"0018g0D0o7gisg4ACA","Flrith Partners Group Ltd.","https://www.go.flirith.example/about","","344 Crawford Pkwy","Wesleyland","MS","39363","United States of America","Apparel","","0058g0f6OZZsIcOAYV","","2024-01-02T14:04:05.000Z","2024-03-08T01:47:18.000Z","BX-708884"
"0018g0qwgP7wx3ZAQQ","Naebuth Robotic Inc","WWW.APP.NAEBUTH.EXAMPLE","972-555-0137","238 Medina Place","South Davidshire","AK","99936","US","Machinery","6","0058g0G8kK7esM0ASI","","2025-05-03T18:48:03.000Z","2026-02-03T11:07:52.000Z","BX-848038"
"0018g0naDAJY2RpAYL","Zaiwyl Systems Inc.","https://www.zaiwyl.example","1-512-555-0176","29160 Evans Street Suite 289","Jasontown","AK","99763-8265","United States of America","Communications","1206","0058g0G8kK7esM0ASI","","2020-07-19T07:09:36.000Z","2023-05-27T06:55:44.000Z","BX-790308"
"0018g0d3MnokEevAIE","Gifurk Holdings Ltd.","www.gifurkholdings.example","1-813-555-0107","149 Mason Street","South Georgefurt","GA","30038","US","Environmental","305","0058g0Jill5bhliACA","","2020-04-14T23:21:15.000Z","2021-07-24T10:58:56.000Z","BX-415214"
"0018g0xJoMa6zhGAUQ","Laigyn Foods Inc.","http://laigyn.example","904.555.0175","190 Cortez Court","South Peterbury","AK","99863","United States of America","Technology","301","0058g0Jill5bhliACA","","2021-12-20T21:33:02.000Z","2026-01-20T05:15:31.000Z","BX-342977"
"0018g0KWV94b2gzAOA","Drugraith Works LLC","","(702) 555-0104","07827 Bullock Parkway","Robinsonberg","IA","51601","US","Construction","6","0058g04cEw1W9K5AIK","","2022-08-11T20:12:45.000Z","2022-09-01T03:54:29.000Z","BX-214426"
"0018g0A4beOQdo8ACD","Jiostouve Outfitters Inc","https://www.jiostouve.example","+1 972 555 0149","782 Martinez Lane","New Sophia","CO","81049","US","Retail","756","0058g0f6OZZsIcOAYV","","2018-04-01T17:19:13.000Z","2025-07-07T14:04:20.000Z","BX-408042"
"0018g0qsw2p6WcCAAU","Traipru Technologies","WWW.TRAIPRU.EXAMPLE","1-813-555-0184","620 Mills Lane","Nguyenhaven","OK","73036","US","Transportation","88","0058g0G8kK7esM0ASI","","2022-10-23T07:28:09.000Z","2023-06-08T19:07:26.000Z","BX-977068"
"0018g0hATSNMSneA2H","Skaihem International Corp.","https://www.skaihem.example/about","312-555-0167","005 Chandler Drive","North Brandon","SD","57302","United States of America","Environmental","5007","0058g04cEw1W9K5AIK","","2024-05-19T14:30:44.000Z","2024-05-22T00:36:08.000Z","BX-954013"
"0018g0IfU77l5sBAKQ","Staiclum Tech Corp.","https://staiclum.example/","1-904-555-0157","308 Sims Street","Holdenhaven","AR","72336","USA","Shipping","6","0058g0G8kK7esM0ASI","","2020-02-03T01:55:59.000Z","2025-01-31T18:47:35.000Z","BX-988629"
"0018g0knpnzn9gIAAQ","Skeskoum Capital Inc.","WWW.SKESKOUM.EXAMPLE","","4675 James Street","Lake Amanda","MI","48661-7492","US","Banking","1205","0058g0G8kK7esM0ASI","","2017-01-21T06:57:00.000Z","2017-05-16T06:34:20.000Z","BX-878107"
"0018g0jdY6yl9CcAII","Prounind Works","https://prounind.example/","+1 305 555 0186","5261 Perez Place","New Brian","IA","51830-7069","US","Retail","46","0058g0Jill5bhliACA","","2022-12-20T04:52:42.000Z","2024-07-15T19:59:52.000Z","BX-570045"
"0018g05c6MyjhAPAQY","Bazu Networks Inc.","bazu.example","1-415-555-0149","430 Cochran Boulevard Suite 980","East Joseph","FM","96943","USA","Technology","5003","0058g0G8kK7esM0ASI","","2020-04-12T13:20:20.000Z","2023-12-24T22:20:47.000Z","BX-727731"
"0018g02MLKWafWDA2Z","Stylaq Partners Inc.","WWW.STYLAQ.EXAMPLE","+1 617 555 0169","97082 Nguyen Drive","Andersonberg","ME","04172","USA","Not For Profit","18","0058g0VV62NPeLQAG1","","2019-05-08T22:34:24.000Z","2021-12-16T17:37:06.000Z","BX-464657"
"0018g0LkiW1KyB7ASK","Clefiq Logistics Inc","https://www.clefiq.example","617.555.0174","01535 Vaughan Ave Ste 775","Port Brandonton","IN","46846","United States of America","Food & Beverage","150","0058g0f6OZZsIcOAYV","","2024-01-16T16:31:51.000Z","2025-06-15T10:16:38.000Z","BX-534131"
"0018g0zXu3R7BIuAEN","Doubraeq Analytics Corp.","https://www.app.doubraeq.example","404-555-0178","266 Smith Street","West Derrick","FL","34210","United States of America","Energy","45","0058g0VV62NPeLQAG1","","2017-09-18T02:05:33.000Z","2024-05-04T20:22:15.000Z","BX-904903"
"0018g0ZzAyuXjGIAK0","Zoules Solutions","zoulessolutions.example","1-503-555-0128","3106 James Drive","Holmesborough","RI","02817","United States of America","Electronics","13","0058g0kz1pffiKMAAY","","2019-02-19T15:30:22.000Z","2023-01-12T14:16:57.000Z","BX-104468"
"0018g0sYjpanJwzAEE","Titain Networks Inc","","1-206-555-0160","29131 Williams Avenue","Perezchester","AZ","85263-6803","United States of America","Other","1209","0058g0kz1pffiKMAAY","","2020-10-11T08:45:57.000Z","2024-01-25T15:20:44.000Z","BX-286465"
"0018g097DB4RPtBAYW","Prioquuth Analytics","http://prioquuth.example","1-404-555-0112","38768 Schneider Dr","Ortizchester","IN","46948","USA","Media","7","0058g0f6OZZsIcOAYV","","2024-09-27T17:42:26.000Z","2026-05-15T10:24:03.000Z","BX-158733"
"0018g0b8FIDOMcDAYX","Gyskyve Analytics Corp.","www.gyskyve.example","+1 415 555 0106","848 Mcmahon Way","New Jonathan","CT","06176","USA","Energy","43","0058g04cEw1W9K5AIK","","2023-11-14T17:03:55.000Z","2024-06-30T00:42:10.000Z","BX-963488"
"0018g0Lh9kOWmw7ACD","Vaeverk Networks","https://www.vaeverk.example","","","Santiagoton","NJ","08687","USA","Retail","9","0058g0G8kK7esM0ASI","","2025-01-20T09:03:57.000Z","2026-02-19T10:00:20.000Z","BX-128046"
"0018g0ZSyiRt9hVAGR","Prouram Materials","www.prouram.example","+1 312 555 0101","54536 Tucker Lane","East Rebeccashire","NV","89250","USA","Finance","5007","0058g0G8kK7esM0ASI","","2021-06-26T06:49:47.000Z","2022-08-24T20:35:59.000Z","BX-951639"
"0018g0IFy5AZp7EAGT","Bystyr Materials Inc","bystyr.example","1-305-555-0139","2551 Henderson Avenue","East Heatherfurt","NJ","07498","US","Government","7","0058g0VV62NPeLQAG1","","2017-06-16T15:55:23.000Z","2023-06-10T21:30:27.000Z","BX-280475"
"0018g0S37eMdXC6ACN","Coupel Services Inc","www.coupel.example","1-904-555-0168","155 Lopez Street","West Tammy","UT","84481","United States of America","Hospitality","753","0058g0Jill5bhliACA","","2020-02-26T10:09:51.000Z","2023-06-26T03:09:08.000Z","BX-689133"
"0018g0ysBs370vpAIA","SKINOUM ANALYTICS CORPORATION","WWW.SKINOUM.EXAMPLE","1-972-555-0138","656 Guzman Road","West Marilynland","NH","03437","US","Agriculture","12","0058g0f6OZZsIcOAYV","","2023-04-23T01:28:25.000Z","2023-11-04T14:06:47.000Z","BX-702549"
"0018g0FWIxN8yxEAOR","Wiofaeth Systems Ltd.","https://www.wiofaeth.example/about","(415) 555-0165","61461 Castillo Boulevard","Frankport","HI","96736","US","Apparel","85","0058g04cEw1W9K5AIK","","2020-05-16T17:34:19.000Z","2023-08-28T14:01:33.000Z","BX-384055"
"0018g0dd87JwY27AAF","Raidrax Health Inc.","WWW.RAIDRAX.EXAMPLE","+1 972 555 0101","14589 Cook Parkway","Christopherside","KY","41583","United States of America","Healthcare","301","0058g0kz1pffiKMAAY","","2018-08-18T16:36:57.000Z","2024-10-09T21:47:56.000Z","BX-453088"
"0018g0YmFyUyJmgAKF","Traevark Energy Corporation","https://traevark.example/","(720) 555-0107","44029 Jones Street Suite 937","Kevinville","ME","04809","US","Banking","155","0058g0f6OZZsIcOAYV","","2023-04-30T06:09:24.000Z","2026-06-04T15:36:06.000Z","BX-917176"
"0018g0RkuVUlLIQAS3","Daepo Holdings Corp.","www.daepo.example","+1 503 555 0125","585 Hawkins Way","South Annestad","IA","52253","United States of America","Healthcare","752","0058g0G8kK7esM0ASI","","2017-01-22T05:45:28.000Z","2025-02-08T20:50:51.000Z","BX-346104"
"0018g0UoMKlykOrA0I","Juzuth Materials Inc","","305-555-0185","506 Davis Lane Suite 866","Collinsmouth","UT","84705","USA","Media","5001","0058g0Jill5bhliACA","","2019-02-23T00:33:43.000Z","2019-02-23T14:21:39.000Z","BX-188745"
"0018g0GPFtAvp9SAOR","Fusoun Works Inc.","http://fusounworks.example","305-555-0146","09297 Spence St","Stephaniebury","PW","96940","USA","Hospitality","757","0058g0Jill5bhliACA","","2018-07-04T11:46:20.000Z","2019-05-19T20:27:01.000Z","BX-700195"
"0018g0P2gQytg9IASQ","Lyfyth Partners Co.","http://lyfyth.example","702-555-0175","40496 Walker Rd","Riddleshire","NJ","08625-7888","USA","Entertainment","12","0058g0G8kK7esM0ASI","","2017-07-04T12:03:15.000Z","2018-11-29T23:12:40.000Z","BX-658044"
"0018g09WqWBzlWCAUZ","Juflym Health Inc.","https://www.juflym.example","1-512-555-0166","8153 Brown Way Suite 260","Anthonyhaven","AR","72675","USA","Biotechnology","1208","0058g0G8kK7esM0ASI","","2024-05-15T11:53:02.000Z","2026-02-19T17:34:50.000Z","BX-667907"
"0018g040s4yjYSTAA2","Stybraith Analytics Corporation","http://stybraith.example","(206) 555-0195","2755 Burch Avenue","Adkinsfort","CT","06081","United States of America","Shipping","305","0058g04cEw1W9K5AIK","","2024-12-19T23:57:41.000Z","2026-05-27T03:43:25.000Z","BX-172183"
"0018g0W3DmmijrbAKA","Skujuq Industries Corporation","","(212) 555-0159","090 Hood Avenue Suite 319","Clarkstad","IN","47006","United States of America","Media","83","0058g0f6OZZsIcOAYV","","2022-04-03T21:57:05.000Z","2024-05-17T13:06:22.000Z","BX-490480"
"0018g0oeejBKUECAA5","STIMORK NETWORKS CO.","","","78381 Bell Road Suite 266","Ramosport","SC","29041","United States of America","Recreation","40","0058g04cEw1W9K5AIK","","2021-04-30T07:29:39.000Z","2024-04-29T12:15:29.000Z","BX-728791"
"0018g0LdKl2lrbZAKQ","Trovom Logistics Inc","https://trovom.example/","+1 212 555 0194","1656 Stanton Way Suite 420","Travischester","HI","96830","USA","Hospitality","757","0058g0Jill5bhliACA","","2022-03-02T00:42:45.000Z","2023-03-27T21:26:03.000Z","BX-353107"
"0018g02jnKn8jw2AQA","Quawas Services Co.","quawas.example","(512) 555-0176","26569 Hughes Road","Transhire","IL","61598","USA","Telecommunications","5000","0058g0VV62NPeLQAG1","","2020-10-26T17:52:26.000Z","2022-02-07T21:51:59.000Z","BX-693446"
"0018g0pldEOqfheAQB","Taetyth Works Ltd.","WWW.TAETYTH.EXAMPLE","(206) 555-0160","9113 Garcia Avenue","New Ryanport","NM","87775","United States of America","Other","13","0058g0VV62NPeLQAG1","","2020-05-23T20:01:15.000Z","2022-01-07T23:55:13.000Z","BX-339161"
"0018g0gMJlhw8aLAMQ","Waiskel Works Inc.","","(404) 555-0139","","New Loriview","TN","37145","US","Government","212","0058g04cEw1W9K5AIK","","2021-07-13T03:04:42.000Z","2026-01-07T18:45:43.000Z","BX-215855"
"0018g0rbdyFdIvtAAF","Griogy Capital Co.","https://www.griogy.example/about","1-212-555-0172","372 Hall Avenue","South Thomas","NH","03379-2288","USA","Utilities","49","0058g0VV62NPeLQAG1","","2022-07-23T19:10:59.000Z","2025-01-05T11:39:32.000Z","BX-328932"
"0018g0y3WRCAQJkAYP","GIBRIOM FREIGHT CORPORATION","gibriom.example","+1 720 555 0198","0690 Palmer Avenue","Davidtown","HI","96887","United States of America","Banking","66","0058g0Jill5bhliACA","","2022-02-03T13:27:03.000Z","2024-06-29T20:24:09.000Z","BX-834011"
"0018g0LGrGJ5w99AWB","Traelaer Services Corporation","http://traelaer.example","1-512-555-0140","245 Powell Place","Andreamouth","HI","96751","United States of America","Media","86","0058g0VV62NPeLQAG1","","2017-03-08T05:27:51.000Z","2017-10-18T15:19:44.000Z","BX-899782"
"0018g0ENbGRxCq6AWF","LYTRATH LOGISTICS INC.","","","781 Greer Avenue","Port Paulland","RI","02826","US","Shipping","152","0058g0f6OZZsIcOAYV","","2024-08-07T01:49:33.000Z","2026-01-18T14:15:37.000Z","BX-317658"
"0018g0qHW1nc6IZAMY","Misour Materials Inc.","","+1 305 555 0129","87798 Contreras Parkway","East Adam","NE","68041","USA","Apparel","5005","0058g0VV62NPeLQAG1","","2020-07-08T16:25:26.000Z","2024-10-17T18:38:42.000Z","BX-517059"
"0018g0mMfZLBwnoAUD","Guputh Systems Corp.","","972.555.0181","85609 Lindsey Avenue","Port Billy","FM","96943","USA","Engineering","43","0058g0Jill5bhliACA","","2023-01-11T04:04:32.000Z","2024-03-27T15:52:57.000Z","BX-599621"
"0018g0g54HMHjXbAQL","Fasto Partners Co.","www.fasto.example","617.555.0163","9764 Bates Drive Suite 283","Perrytown","VA","22999","US","Agriculture","754","0058g0G8kK7esM0ASI","","2022-07-17T07:54:51.000Z","2025-08-15T02:13:37.000Z","BX-175129"
"0018g0zH7E6SRYjAUO","Stezas Supply Co.","https://www.stezas.example","1-702-555-0188","914 Bush Way","Cindyland","NM","87922","USA","Engineering","81","0058g04cEw1W9K5AIK","","2024-04-14T11:31:40.000Z","2025-03-07T07:52:41.000Z","BX-950885"
"0018g0PQuqflLUeAGM","Waedroth Manufacturing LLC","waedroth.example","1-972-555-0191","94884 Nguyen Street","North Fred","MT","59557","USA","Communications","5009","0058g0f6OZZsIcOAYV","","2017-02-13T19:23:57.000Z","2022-03-12T08:05:42.000Z","BX-430869"
"0018g0GGSZMcYa4A4F","Javox Robotics LLC","www.javox.example","(404) 555-0176","364 Clayton Court","Lindseyborough","AR","72020","US","Transportation","25","0058g0f6OZZsIcOAYV","","2023-10-12T13:22:45.000Z","2023-10-17T19:31:46.000Z","BX-155912"
"0018g0Ee1eTWsJdACL","Jupond Supply","http://jupond.example","(617) 555-0174","9152 Oneal Way","Fernandezshire","SC","29913","United States of America","Insurance","5005","0058g0Jill5bhliACA","","2017-06-05T16:11:05.000Z","2018-11-20T22:23:13.000Z","BX-646006"
"0018g0rHVqImu7XAMR","Wastem Technologies Ltd.","https://wastem.example/","1-305-555-0133","293 Fox Ave","Lisaton","AR","71892","US","Recreation","83","0058g0G8kK7esM0ASI","","2024-05-03T19:14:57.000Z","2024-06-02T08:38:44.000Z","BX-504784"
"0018g0oB9wuwQN2AEM","Quoufler Solutions Inc","http://quoufler.example","813.555.0139","31465 Robinson Parkway","Martinezview","RI","02887","USA","Healthcare","754","0058g0Jill5bhliACA","","2020-09-29T01:41:13.000Z","2022-07-27T23:02:49.000Z","BX-928719"
"0018g0f4kUl5Gk4AQE","Lyfyth Partners Group Co.","shop.lyfyth.example","(702) 555-0186","40496 Walker Rd","Riddleshire","NJ","08625-9528","United States of America","Engineering","12","0058g0G8kK7esM0ASI","","2022-09-06T16:00:12.000Z","2022-12-14T15:18:25.000Z","BX-703713"
"0018g0WM249sTCzAGM","Soutous Partners Corp.","https://www.soutous.example/about","1-720-555-0143","55675 Farmer Road","Pricehaven","TX","76816","United States of America","Banking","151","0058g0f6OZZsIcOAYV","","2024-04-17T05:01:10.000Z","2024-10-07T04:25:38.000Z","BX-462817"
"0018g00gpm1uZUoAAM","Clyprurk Systems Corporation","","617.555.0194","","East Crystal","NJ","08106","United States of America","Technology","152","0058g04cEw1W9K5AIK","","2023-06-12T00:33:40.000Z","2024-12-11T22:33:03.000Z","BX-204550"
"0018g0ZdDOVtqgqA0B","Skiwaix Dynamics Corporation","https://www.skiwaix.example","","8866 Mason Road","Tammyport","SC","29572","US","Energy","306","0058g0Jill5bhliACA","","2017-09-09T02:17:22.000Z","2022-02-27T21:12:56.000Z","BX-618003"
"0018g0eaaxZyCw6AAF","Triodeve Materials Inc","www.triodeve.example","(212) 555-0117","461 Patterson Way Suite 488","Scottview","GA","31288","US","Electronics","1200","0058g0VV62NPeLQAG1","","2018-06-09T11:52:40.000Z","2022-05-27T01:09:39.000Z","BX-673463"
"0018g0qGcdsxWFbAEM","beclias svcs llc","www.staiquaiq21.example","312.555.0188","767 Smith Parkway","East Matthewton","DC","20009","USA","Entertainment","34","0058g0G8kK7esM0ASI","","2019-01-21T02:52:05.000Z","2026-02-10T22:22:58.000Z","BX-707387"
"0018g0RXvZQYHLHAW5","Cytiond Foods","www.cytiond.example","503-555-0121","2278 Hanson Lane","Masseyside","HI","96853","USA","Other","307","0058g0VV62NPeLQAG1","","2024-12-27T01:06:46.000Z","2026-07-05T21:26:09.000Z","BX-468925"
"0018g0mrogCwcN0AAJ","Quipron Capital","https://quipron.example/","","6269 Cannon St","Port Brettfurt","OR","97560","United States of America","Finance","17","0058g0G8kK7esM0ASI","","2023-07-21T04:17:41.000Z","2025-10-22T04:30:45.000Z","BX-442127"
"0018g0JMAC8pyCaA4I","Bravaend Industries Inc.","https://www.bravaend.example","1-415-555-0130","12460 Smith Parkway","Carterstad","AR","72315","US","Energy","300","0058g0kz1pffiKMAAY","","2020-09-18T23:11:31.000Z","2024-06-12T05:49:03.000Z","BX-992055"
"0018g0Y7tK3DxacASC","Ciobraim Analytics Corporation","https://ciobraim.example/","305-555-0164","6130 Lyons Way Suite 177","South Scottburgh","MO","63779","United States of America","Healthcare","40","0058g0G8kK7esM0ASI","","2022-02-09T12:30:42.000Z","2023-05-14T04:11:41.000Z","BX-252680"
"0018g0CO8ck5DqiAGE","Siprioq Materials Inc.","","212-555-0177","87874 Morgan Rd","New Paulborough","IN","47562","US","Biotechnology","16","0058g0G8kK7esM0ASI","","2020-04-25T10:40:02.000Z","2026-02-05T00:11:39.000Z","BX-553609"
"0018g0ILYsCRfNSAO1","Ladyth Services Inc","","+1 212 555 0147","9206 Collins Boulevard","West Andrew","FL","34169","United States of America","Telecommunications","152","0058g0f6OZZsIcOAYV","","2020-08-20T09:44:39.000Z","2024-06-26T02:31:05.000Z","BX-389471"
"0018g0mmly0DUkKAAW","Monund Freight Inc.","http://monund.example","+1 415 555 0166","5778 Gonzalez Place Suite 426","West Melissaside","NV","89755","US","Energy","12","0058g0Jill5bhliACA","","2024-10-16T13:50:52.000Z","2025-07-23T09:58:03.000Z","BX-276666"
"0018g0dSeVxATIbAUO","Toclyl Systems Corp.","https://www.toclyl.example","206.555.0180","31435 Andersen Avenue","South Carmenport","WI","53663","USA","Chemicals","32","0058g0G8kK7esM0ASI","","2021-03-18T02:56:37.000Z","2025-12-13T20:28:55.000Z","BX-382170"
"0018g0UgPVfuEb0A0E","Skaibioq Dynamics Corp.","http://skaibioqdynamics.example","+1 503 555 0110","02140 Roth Ln","Maxfurt","MT","59075","United States of America","Food & Beverage","43","0058g0G8kK7esM0ASI","","2018-06-09T10:51:05.000Z","2020-03-26T15:07:12.000Z","BX-456404"
"0018g0mPaCUy5gFAUR","Minyrk International Co.","https://www.minyrk.example","1-404-555-0116","62057 Gillespie Avenue","Turnerview","MH","96965","USA","Healthcare","756","0058g04cEw1W9K5AIK","","2019-07-09T07:07:58.000Z","2020-03-05T03:59:05.000Z","BX-955386"
"0018g0KRklpDJobAGG","Fiopra Holdings","https://www.fiopra.example","(404) 555-0138","76168 Brown Street","Burtontown","ND","58328","USA","Construction","301","0058g0Jill5bhliACA","","2025-04-21T20:53:24.000Z","2026-02-26T13:30:04.000Z","BX-998814"
"0018g0FFTdjT4q7AOC","Zaezurk Logistics Corporation","http://zaezurk.example","503-555-0146","20341 Wade Lane","Yoderton","WV","26841-8687","US","Chemicals","753","0058g04cEw1W9K5AIK","","2024-04-07T08:26:04.000Z","2026-06-22T21:13:16.000Z","BX-112549"
"0018g0TRsE6kbl2AWA","Jaivoq Svcs Corp.","http://jaivoq.example","","604 Barnes Boulevard","New Michaelberg","DE","19914","US","Energy","17","0058g0f6OZZsIcOAYV","","2023-12-15T21:29:38.000Z","2026-01-03T08:40:38.000Z","BX-673966"
"0018g0SHMXXkcZxA4J","Fotourk Technologies Corp.","https://fotourk.example/","(617) 555-0157","5582 Gonzalez Drive Suite 248","Jessicaland","WI","53060","United States of America","Construction","14","0058g04cEw1W9K5AIK","","2022-11-24T18:45:39.000Z","2026-06-05T17:59:13.000Z","BX-361974"
"0018g0PRKqluJlbAOE","Zyrion Inds","https://zytrion.example/","404-555-0147","46860 Campbell St","Cobbtown","HI","96845","USA","Recreation","87","0058g0VV62NPeLQAG1","","2020-10-10T13:26:52.000Z","2022-01-20T11:50:33.000Z","BX-772549"
"0018g0jT7FbPiEZAU0","Daikaeth Robotics Corp.","https://www.foubraes94.example","+1 415 555 0158","9290 Gonzales St","Port Lindsey","DE","19880","US","Hospitality","18","0058g0VV62NPeLQAG1","","2017-06-19T05:27:24.000Z","2020-07-22T18:15:14.000Z","BX-152316"
"0018g0xxnxeHEZvAAO","Susor Industries Inc.","www.susor.example","720-555-0150","165 Vasquez Boulevard","Amberside","KS","66525","USA","Chemicals","19","0058g0VV62NPeLQAG1","","2017-08-08T18:28:35.000Z","2023-04-07T10:26:23.000Z","BX-288654"
"0018g0jtIAzlTZ1AYM","Traeflourk Analytics Ltd.","https://www.traeflourk.example/about","206.555.0114","6617 Richards Avenue","South Meganport","MO","63010","United States of America","Education","47","0058g0f6OZZsIcOAYV","","2024-03-23T16:59:25.000Z","2025-01-07T22:24:45.000Z","BX-625757"
"0018g0pk56qSExVAAW","Vouhea Systems LLC","https://www.vouhae.example/about","","8708 Lee Blvd","Lindaberg","CO","80593","US","Banking","17","0058g0Jill5bhliACA","","2024-07-24T06:09:57.000Z","2026-05-26T18:58:42.000Z","BX-511509"
"0018g0e80a1dpIQAAY","Quoful Robotics Ltd.","https://www.quoful.example/about","512.555.0127","065 Miller Road","Obrienville","SC","29046","USA","Entertainment","17","0058g04cEw1W9K5AIK","","2022-01-26T18:33:43.000Z","2026-08-09T13:25:48.000Z","BX-366212"
"0018g0ZhdISkXunASF","Zaprain Energy","www.zaprain.example","206.555.0114","500 Smith Drive Suite 893","Port John","AR","72686","USA","Biotechnology","154","0058g0G8kK7esM0ASI","","2019-01-05T20:48:17.000Z","2020-06-09T17:36:38.000Z","BX-253764"
"0018g03yF1oMepZAIS","Clomus Analytics Corporation","https://www.clomus.example/about","","94236 Baker Lane","Brendaton","SC","29270","USA","Chemicals","155","0058g0f6OZZsIcOAYV","","2021-12-15T22:40:56.000Z","2026-05-21T22:12:19.000Z","BX-491220"
"0018g06YaUY11lkAUB","Grycloun Logistics Co.","www.grycloun.example","312.555.0102","932 Richardson Lane","Michelleberg","AL","36101","United States of America","Consulting","11","0058g0VV62NPeLQAG1","","2024-12-24T09:15:24.000Z","2025-08-14T21:00:56.000Z","BX-722853"
"0018g0QIy5x32fNAGQ","Hetar Systems Inc.","https://www.hetar.example","(813) 555-0138","773 Castaneda Court","Claytonside","WV","26660","US","Machinery","751","0058g0VV62NPeLQAG1","","2017-07-27T06:59:45.000Z","2023-03-09T09:40:58.000Z","BX-273642"
"0018g06KO0jNRoyAMG","Vaiifouq Mfg LLC","https://www.progiom94.example/about","","936 Trujillo Rd","Lake Veronica","PA","18794","USA","Manufacturing","5004","0058g0f6OZZsIcOAYV","","2017-09-30T21:16:48.000Z","2025-12-02T00:11:07.000Z","BX-426035"
"0018g0D6h5oA8zmACC","Fiofluve Dynamics Corp.","fiofluvedynamics.example","404-555-0141","363 Parker Drive","Jamesport","UT","84345","US","Communications","755","0058g0Jill5bhliACA","","2024-10-08T22:25:50.000Z","2026-04-26T10:44:19.000Z","BX-625347"
"0018g0z7eqgthKQAAY","Dinae Systems","https://dinae.example/","1-904-555-0102","266 Ramirez Parkway Suite 258","Port Tammyfurt","WI","54807","US","Chemicals","8","0058g0G8kK7esM0ASI","","2020-10-09T08:20:35.000Z","2023-08-15T16:54:16.000Z","BX-349952"
"0018g0hPwQcP3d9AUC","Dofem Robotics","www.dofem.example","1-904-555-0115","213 Gibson Parkway","North Angela","NJ","07041","United States of America","Other","308","0058g0f6OZZsIcOAYV","","2017-08-14T22:01:33.000Z","2023-10-15T22:18:37.000Z","BX-595550"
"0018g07mZdWVKuYAIX","Clujen Manufacturing Ltd.","https://www.clujen.example/about","1-702-555-0120","344 Craig Way Suite 568","New Christopherside","MH","96966","US","Entertainment","81","0058g0f6OZZsIcOAYV","","2020-01-27T22:55:49.000Z","2023-01-16T15:49:10.000Z","BX-479402"
"0018g0BJei4C6FnAGK","Loclaith Labs LLC","https://loclaith.example/","+1 512 555 0185","52215 Holmes Way","Lake Caitlin","MN","56461","USA","Entertainment","14","0058g0Jill5bhliACA","","2022-08-12T15:16:25.000Z","2025-03-07T15:10:38.000Z","BX-878300"
"0018g0oN40Rou9jAEB","Skehis International Ltd.","www.skehis.example","1-415-555-0115","606 Gardner Drive Suite 103","Port Lauraberg","KY","41851","United States of America","Technology","157","0058g0VV62NPeLQAG1","","2017-07-02T21:51:25.000Z","2022-05-30T03:41:33.000Z","BX-881350"
"0018g0Fnv4qvMlOACU","Rourun Power Ltd.","rourun.example","972.555.0180","0592 Brown Way Ste 719","Alexandriaburgh","CA","91900","US","Engineering","80","0058g0f6OZZsIcOAYV","","2020-02-24T01:26:21.000Z","2025-04-13T22:39:35.000Z","BX-744433"
"0018g0HVFbn2XEcAOM","Stiohoul Industries Inc","stiohoul.example","","02000 Rice Ct","Amandaton","DC","20030","US","Machinery","16","0058g0f6OZZsIcOAYV","","2024-10-26T05:56:19.000Z","2025-12-08T13:02:22.000Z","BX-160849"
"0018g0jTVU4jNkhA2E","Trazix International Ltd.","","813-555-0169","1746 Smith Ave","East Brettchester","MO","64287","United States of America","Energy","752","0058g04cEw1W9K5AIK","","2020-04-08T01:05:18.000Z","2020-10-16T03:14:24.000Z","BX-253535"
"0018g0ZARbUKGBJAO5","Gopaem Robotics Inc","www.gopaem.example","212-555-0152","0513 Ramirez Place","North Markport","KS","66879","USA","Shipping","31","0058g0kz1pffiKMAAY","","2022-06-12T06:53:38.000Z","2025-09-26T16:15:11.000Z","BX-871600"
"0018g0NlfWQCQqsASH","Staesio Supply Corp.","WWW.STAESIO.EXAMPLE","1-305-555-0180","72964 Shaffer Lane Suite 772","Batesshire","OR","97258","USA","Agriculture","1207","0058g0f6OZZsIcOAYV","","2022-09-11T21:47:26.000Z","2023-12-03T04:56:42.000Z","BX-240797"
"0018g0g45xJOmlXAAT","Kiociq Industries","kiociq.example","(617) 555-0198","698 Rush Road","Bowenmouth","UT","84115","United States of America","Retail","153","0058g0VV62NPeLQAG1","","2019-01-07T23:01:25.000Z","2026-05-06T17:23:26.000Z","BX-455733"
"0018g0RXsxjlCyqAGE","Bepur Manufacturing Co.","bepur.example","702-555-0197","2133 Alexander Avenue","Richardstad","DC","20025","United States of America","Manufacturing","307","0058g0kz1pffiKMAAY","","2023-07-09T04:58:54.000Z","2024-07-25T16:37:13.000Z","BX-164069"
"0018g0PZYQRciWzA4J","Groudryq International Ltd.","","","28646 Thompson Ave","Marytown","CO","80948","US","Energy","5008","0058g0f6OZZsIcOAYV","","2017-12-30T23:32:42.000Z","2024-08-17T03:31:29.000Z","BX-211785"
"0018g04DgYWvFihAUF","Siobroum Robotics Inc.","https://www.siobroum.example/about","","156 Lara Way","West Tracy","OR","97274","US","Energy","5006","0058g04cEw1W9K5AIK","","2020-11-04T10:49:27.000Z","2023-01-21T14:03:02.000Z","BX-447745"
"0018g0wK3tZxX8EAEV","Mouwi Industries Corp.","https://skaskath66.example/","","42140 Gonzales Ln","Kristaside","OH","44676","United States of America","Media","86","0058g04cEw1W9K5AIK","","2017-02-13T05:08:01.000Z","2019-05-03T06:38:25.000Z","BX-675392"
"0018g0siLaci5zoAIA","Clounain Capital Ltd.","https://www.clounain.example/about","(312) 555-0121","272 Ayala Avenue Suite 223","Matthewborough","MO","63021","USA","Utilities","48","0058g0Jill5bhliACA","","2022-02-03T11:31:42.000Z","2022-07-15T00:29:08.000Z","BX-931036"
"0018g0ZjAIqK4hNA0S","Hoclaex Labs Corp.","WWW.HOCLAEX.EXAMPLE","","630 Martin Avenue","East Jamestown","TN","38038","USA","Transportation","80","0058g04cEw1W9K5AIK","","2018-03-29T14:26:13.000Z","2019-06-04T06:55:24.000Z","BX-266401"
"0018g0C6odLWkFFAC1","Kybe Outfitters LLC","","972-555-0179","54148 Jordan Way Ste 888","Snyderport","AZ","85331","USA","Insurance","5004","0058g0G8kK7esM0ASI","","2024-09-22T10:03:23.000Z","2026-07-16T10:15:24.000Z","BX-907325"
"0018g04KqYZgbhvAUB","Zozaes Logistics Inc","https://zozaes.example/","","95321 Reed Dr Ste 934","Lake Lisamouth","HI","96775-1037","US","Education","42","0058g0G8kK7esM0ASI","","2023-11-03T00:45:17.000Z","2025-11-12T03:02:47.000Z","BX-247148"
"0018g0kcqQ81qmQAQQ","Fovaeve Outfitters LLC","https://www.fovaeve.example/about","","054 Hughes Way Suite 629","East Cassandra","PA","19246-5758","USA","Transportation","33","0058g0G8kK7esM0ASI","","2024-11-15T05:01:44.000Z","2026-05-06T23:03:14.000Z","BX-448230"
"0018g05qW6XrVMEAI3","Naiprourk Logistics Corp.","https://naiprourk.example/","720-555-0139","697 Palmer Drive","North Anneland","SD","57576","United States of America","Engineering","5005","0058g04cEw1W9K5AIK","","2019-04-23T07:09:05.000Z","2021-05-04T20:21:42.000Z","BX-899289"
"0018g0ErgkPTBcvACH","Stitrand Analytics Inc","https://www.stitrand.example","(404) 555-0186","45430 Mcdonald Court Suite 430","New Steven","SD","57020","US","Agriculture","753","0058g0G8kK7esM0ASI","","2024-10-10T00:46:42.000Z","2025-10-15T01:10:57.000Z","BX-695001"
"0018g0I46MMpHDoASN","Kiowor Solutions LLC","kiowor.example","1-617-555-0133","6807 Owens Court","North Williammouth","NC","27756","United States of America","Biotechnology","","0058g0kz1pffiKMAAY","","2017-06-26T09:16:19.000Z","2021-09-19T02:07:36.000Z","BX-631953"
"0018g0PXZggVGLzAOO","Priogoux Cap LLC","WWW.PRIOGOUX.EXAMPLE","972.555.0145","5295 Lee Drive","East Kristen","SC","29932","USA","Recreation","759","0058g0G8kK7esM0ASI","","2018-02-08T05:53:52.000Z","2026-04-09T07:50:34.000Z","BX-469230"
"0018g0fzq5Wk6ldAAB","Vesax Freight Corporation","WWW.VESAX.EXAMPLE","","38890 Keller Street","West Pam","CO","80157","USA","Recreation","1207","0058g0G8kK7esM0ASI","","2021-01-01T14:51:15.000Z","2023-02-05T07:25:59.000Z","BX-875398"
"0018g0e6qCp6fR5AQI","Traefairk Capital Ltd.","https://www.traefairk.example/about","+1 904 555 0196","0366 Lopez Way","Brianport","WV","24848","US","Other","1207","0058g0f6OZZsIcOAYV","","2017-03-20T22:06:36.000Z","2020-09-05T07:07:00.000Z","BX-942020"
"0018g0alNq7mINuAIM","Loduth Freight Inc","https://www.loduth.example/about","(813) 555-0191","53740 Peters Place Suite 486","Maxwellborough","AR","72197","US","Engineering","41","0058g04cEw1W9K5AIK","","2020-10-09T14:17:49.000Z","2025-02-04T06:28:57.000Z","BX-159213"
"0018g0S3VuIkbGUAKZ","SEBROS MATERIALS LLC","www.sebros.example","813-555-0111","149 Ross Avenue","Burgessland","AK","99663","United States of America","Consulting","87","0058g04cEw1W9K5AIK","","2025-05-22T19:05:12.000Z","2026-07-19T08:41:31.000Z","BX-522203"
"0018g0K2uRFi6xVASR","Byder Supply Ltd.","https://www.byder.example/about","","545 Chung Street","Gabriellemouth","FL","33426-6204","USA","Communications","32","0058g0G8kK7esM0ASI","","2017-07-31T09:34:25.000Z","2018-07-16T05:38:11.000Z","BX-706817"
"0018g0PswYplMouASE","Gonirk Supply Co.","www.gonirk.example","(312) 555-0129","069 Rodriguez Court Suite 600","Courtneyhaven","ND","58079","US","Consulting","5004","0058g0VV62NPeLQAG1","","2017-09-14T17:48:15.000Z","2025-03-29T07:50:42.000Z","BX-194728"
"0018g0toJg43wxcAIA","Cyryr Labs Co.","www.cyryr.example","(415) 555-0167","763 Lee Road Suite 532","Michaelstad","IN","46139","USA","Food & Beverage","1202","0058g0kz1pffiKMAAY","","2020-03-21T17:51:25.000Z","2022-09-18T22:02:41.000Z","BX-413138"
"0018g0jHLlKjB66AMF","Trafloth Analytics Corporation","WWW.TRAFLOTH.EXAMPLE","+1 206 555 0118","7767 Johnson Lane","Lake Jamie","SC","29742","USA","Environmental","26","0058g0kz1pffiKMAAY","","2023-12-08T17:12:38.000Z","2025-06-09T22:14:22.000Z","BX-539940"
"0018g0aCbhgDLhFAEW","Prizy Freightways Inc","https://www.prizyfreight.example/about","","","North Rhondastad","IL","61508","United States of America","Electronics","40","0058g04cEw1W9K5AIK","","2018-11-17T01:38:54.000Z","2020-07-22T18:14:00.000Z","BX-378274"
"0018g0pSPCduUU5A2M","Lofaen Supply Co.","lofaen.example","617-555-0150","26504 Henderson St","West Melissa","MS","39059","US","Recreation","9","0058g0Jill5bhliACA","","2018-05-20T04:13:30.000Z","2021-10-28T04:33:54.000Z","BX-766369"
"0018g0Vd5QY0vR6ASJ","Quaicuq Manufacturing Ltd.","http://quaicuq.example","+1 312 555 0117","3185 Keith Lane","North Marystad","KY","42182","USA","Electronics","7","0058g0G8kK7esM0ASI","","2022-10-20T13:13:59.000Z","2025-04-23T15:41:36.000Z","BX-331048"
"0018g0l3OYjc5K3AYI","Nylouth Services Inc.","","+1 702 555 0166","4955 Smith Boulevard Suite 779","Lake Christopher","CT","06141","United States of America","Utilities","159","0058g0G8kK7esM0ASI","","2020-11-05T20:33:00.000Z","2024-01-02T03:52:08.000Z","BX-301033"
"0018g0xvTRpkzZ9AYI","Nycar Materials Corporation","WWW.DRIOTAL16.EXAMPLE","","2944 Peck Court","South Jessemouth","MD","20920","USA","Healthcare","750","0058g0G8kK7esM0ASI","","2018-11-24T20:31:46.000Z","2022-09-25T17:07:54.000Z","BX-414666"
"0018g0jq8U2I1rDAQS","Quydyve Analytics Inc.","https://www.quydyve.example","","673 Robbins Avenue","East Scottburgh","RI","02835","US","Government","34","0058g0G8kK7esM0ASI","","2025-03-20T17:05:36.000Z","2025-06-06T12:22:45.000Z","BX-353016"
"0018g03jpUcRExmAQG","Lipaiq Services Corp.","lipaiq.example","404.555.0156","0447 Jones Place Suite 448","Joneschester","OH","44114","USA","Food & Beverage","300","0058g0Jill5bhliACA","","2023-01-12T07:38:59.000Z","2023-04-15T06:37:30.000Z","BX-326615"
"0018g0uQq3KlPFEAE3","Baquain Logistics Inc.","http://shop.baquain.example","(813) 555-0156","50839 Jones Street","Anthonybury","HI","96820-6869","USA","Entertainment","752","0058g04cEw1W9K5AIK","","2021-08-08T15:09:10.000Z","2022-03-31T23:10:04.000Z","BX-920275"
"0018g0tMbNzrBHqAUM","Briofork Materials LLC","briofork.example","904.555.0147","060 Harper Court","North John","MN","56193","USA","Technology","29","0058g04cEw1W9K5AIK","","2019-10-27T06:04:59.000Z","2023-10-06T01:16:25.000Z","BX-506001"
"0018g00DYcAfl8BAMR","Piovaem Capital Corp.","www.piovaem.example","702-555-0194","1667 Smith Drive","North Michael","AL","36301","United States of America","Retail","5004","0058g0Jill5bhliACA","","2022-08-26T08:22:08.000Z","2023-07-11T02:28:20.000Z","BX-219365"
"0018g0UgLfa8f0NAKQ","Fusoun Manufacturing Inc.","http://fusoun.example","+1 503 555 0170","96726 Salinas Parkway Suite 463","Stephaniebury","PW","96940","US","Telecommunications","30","0058g0VV62NPeLQAG1","","2021-01-26T21:52:28.000Z","2021-11-24T21:30:11.000Z","BX-859836"
"0018g0TQIbaO6daAOC","Brotaith Energy Inc","WWW.BROTAITH.EXAMPLE","720-555-0142","3460 Schmidt Way Suite 111","New Patrickville","AL","36841","United States of America","Finance","45","0058g0kz1pffiKMAAY","","2019-11-18T17:23:05.000Z","2025-01-27T11:02:11.000Z","BX-871895"
"0018g0ZC64onFLZAG2","Druleth Networks Corporation","WWW.DRULETH.EXAMPLE","+1 617 555 0110","985 Mcneil Court","Moraleshaven","MT","59327","USA","Chemicals","12","0058g0f6OZZsIcOAYV","","2023-08-03T00:04:06.000Z","2026-08-27T12:01:45.000Z","BX-105849"
"0018g0GRN1bkFyOAOU","PAEBRUQ LABS INC.","https://paebruq.example/","","701 Campbell Ave","Port Johnmouth","PA","16766","US","Chemicals","308","0058g0G8kK7esM0ASI","","2023-04-29T20:53:39.000Z","2025-09-08T01:19:06.000Z","BX-467610"
"0018g0oxfDHWVBeAQP","Mewouq Matls LLC","WWW.KOBROUVE67.EXAMPLE","(305) 555-0122","32932 Pena Way","Westshire","LA","70187","US","Engineering","46","0058g04cEw1W9K5AIK","","2020-09-11T22:05:47.000Z","2026-04-15T20:41:29.000Z","BX-818074"
"0018g03CNWgRPJSA24","Hycaer Outfitters Corporation","http://hycaer.example","(617) 555-0148","641 Miller Lane","Chadshire","DE","19925","USA","Other","153","0058g0f6OZZsIcOAYV","","2021-07-03T16:59:50.000Z","2023-08-28T02:47:08.000Z","BX-272053"
"0018g0wKJsKWho8AMD","Drimourk Dynamics","https://drimourk.example/","+1 212 555 0147","1124 Werner Street Suite 610","Williamston","NV","89221","USA","Media","41","0058g0G8kK7esM0ASI","","2017-11-27T07:22:39.000Z","2021-02-10T08:22:13.000Z","BX-735691"
"0018g0vRrGjX3OhAUK","Biwol Systems Co.","","813.555.0182","332 Burke Avenue","Flynnborough","CA","91303","US","Banking","305","0058g0kz1pffiKMAAY","","2023-07-08T03:13:55.000Z","2025-06-11T04:01:43.000Z","BX-219044"
"0018g0d5KQtspfmAYA","Brujil Partners Inc.","","+1 972 555 0128","660 Baker Way","Patrickton","FM","96941","United States of America","Finance","5002","0058g0kz1pffiKMAAY","","2019-02-20T00:48:27.000Z","2025-06-15T03:15:04.000Z","BX-948858"
"0018g0XXg9099nkAGA","Kunioth Foods Co.","kunioth.example","(312) 555-0138","370 Jones Way","Franklinmouth","MN","56625","US","Not For Profit","158","0058g0Jill5bhliACA","","2021-07-21T14:10:14.000Z","2025-01-21T09:39:38.000Z","BX-755331"
"0018g0aPmDLiCTVAU3","Bomiox Outfitters Ltd.","WWW.BOMIOX.EXAMPLE","1-972-555-0107","783 Mitchell Road","Bestmouth","MO","63304","US","Energy","14","0058g0f6OZZsIcOAYV","","2024-07-23T20:33:55.000Z","2026-01-29T23:28:39.000Z","BX-914254"
"0018g0Qm1jjRw31ACC","SKKASTAX INDUSTRIES INC.","https://www.naicla17.example/about","212.555.0127","075 Mcpherson Parkway","Aimeeborough","FM","96943","US","Transportation","13","0058g0f6OZZsIcOAYV","","2017-09-09T20:40:36.000Z","2024-05-22T18:04:34.000Z","BX-506094"
"0018g0LavnJp0KnACJ","Taedraes Health Corporation","https://www.taedraes.example/about","617-555-0120","92544 Murphy Court","South Michaelfurt","IA","51335","USA","Other","754","0058g0kz1pffiKMAAY","","2020-08-04T13:52:49.000Z","2022-04-03T06:31:48.000Z","BX-550984"
"0018g0mO3o07rNlAEI","Jouflem Solutions","www.jouflem.example","1-702-555-0109","31502 Christian Avenue","Williamsside","OK","73017","United States of America","Recreation","1207","0058g0kz1pffiKMAAY","","2021-08-29T20:20:07.000Z","2026-03-28T14:59:11.000Z","BX-819419"
"0018g0Y6jVlr0e9ASA","BRABAS ROBOTICS CORPORATION","www.brabas.example","","200 Salas Drive","New Joseph","AK","99707","USA","Machinery","9","0058g04cEw1W9K5AIK","","2023-01-07T14:46:16.000Z","2023-08-18T22:52:07.000Z","BX-801539"
"0018g0zWYZ1jaKlA2I","Kokom International Corporation","http://kokom.example","1-415-555-0164","92329 Brown Boulevard Suite 937","Villegastown","AZ","85754-8054","US","Finance","","0058g0f6OZZsIcOAYV","","2023-03-26T00:57:24.000Z","2024-04-20T23:25:40.000Z","BX-801952"
"0018g0Xv7j5FuGrACK","Lagraeq Dynamics Corporation","lagraeq.example","305.555.0153","2486 Wise Parkway","New Daniel","TX","78910","US","Machinery","5009","0058g0VV62NPeLQAG1","","2021-01-16T18:25:36.000Z","2024-03-01T04:24:50.000Z","BX-487872"
"0018g0HqzQOxh3RASR","Loquiq Technologies Inc.","http://loquiq.example","720.555.0151","0633 Gonzales Place","South Jameshaven","ID","83857","United States of America","Not For Profit","5004","0058g0Jill5bhliACA","","2025-06-26T21:51:04.000Z","2026-08-10T04:36:21.000Z","BX-691648"
"0018g0swIe81zPLAIY","Ciokaith Analytics Corporation","http://ciokaith.example","503-555-0111","41936 Bennett Ct","Lake Rebeccamouth","OK","73098-5652","US","Finance","5009","0058g0f6OZZsIcOAYV","","2017-06-26T19:53:08.000Z","2026-04-30T23:38:00.000Z","BX-117430"
"0018g0xUSy84HWYAM2","Latae Systems Corp.","https://www.latae.example/about","+1 312 555 0158","5895 Gibbs Street","East Diane","VA","24411","USA","Other","308","0058g0f6OZZsIcOAYV","","2020-11-22T17:17:55.000Z","2026-06-02T00:36:36.000Z","BX-298981"
"0018g0wX8FJHBSwAUP","Gagiox Technologies Co.","https://www.gagiox.example","206.555.0136","24763 Cook Street","North Robertstad","MO","65481","US","Government","753","0058g0f6OZZsIcOAYV","","2022-01-19T17:39:41.000Z","2023-08-02T01:34:24.000Z","BX-175834"
"0018g0e8yBYZtL9AQL","Skewaerk Logistics Inc","https://skewaerk.example/","","598 Walker Parkway Suite 120","North Gregory","HI","96877","United States of America","Agriculture","14","0058g0G8kK7esM0ASI","","2020-09-15T03:27:40.000Z","2022-11-19T07:36:35.000Z","BX-548907"
"0018g0ZUy2I0VcoAGF","Foutyth Freight Corp.","WWW.FOUTYTH.EXAMPLE","720.555.0130","4185 Harris Road","East Rebecca","UT","84728","US","Utilities","81","0058g0Jill5bhliACA","","2020-02-17T14:18:04.000Z","2026-04-11T14:00:42.000Z","BX-996060"
"0018g0xVki2WZlYAEW","Quaesain Sol Ltd.","","","89902 Cummings Avenue","Greenton","MH","96961-2908","USA","Communications","5004","0058g0Jill5bhliACA","","2023-05-15T23:53:11.000Z","2024-08-13T21:19:25.000Z","BX-652765"
"0018g0ZxhhlpuSxACI","Hiotul Partners Corp.","www.go.hiotul.example","1-720-555-0157","96064 Kim Ave","West Nancyfort","OH","43263","US","Consulting","145","0058g0kz1pffiKMAAY","","2025-04-14T06:32:52.000Z","2026-07-13T16:36:01.000Z","BX-127409"
"0018g0WaF6LyOSZAK3","Graiskaith Outfitters","www.graiskaith.example","+1 415 555 0163","1882 Walters Avenue","Garzaville","WV","26342-2559","United States of America","Hospitality","42","0058g0G8kK7esM0ASI","","2020-10-28T13:23:06.000Z","2024-05-06T18:33:00.000Z","BX-651771"
"0018g0zXQGoQQxKA2W","Vaeror Systems","www.vaeror.example","904-555-0116","19738 Stein Drive Suite 598","West Nicholasshire","MT","59324","United States of America","Chemicals","44","0058g0VV62NPeLQAG1","","2023-07-19T04:48:55.000Z","2025-06-08T15:45:24.000Z","BX-195708"
"0018g0Ghecx7ZbrACE","Stejus Robotics Corporation","www.flaifioth98.example","(212) 555-0109","761 Rice Drive","Port Josephburgh","AK","99651","United States of America","Communications","1206","0058g04cEw1W9K5AIK","","2019-01-03T21:53:40.000Z","2024-05-20T17:22:48.000Z","BX-427950"
"0018g09oHrYKB7AAIX","ziodriis foods inc.","https://www.ziodris.example/about","","6224 Ross Avenue","Rodriguezmouth","NM","87230","USA","Hospitality","1202","0058g0Jill5bhliACA","","2022-02-06T13:30:13.000Z","2023-03-21T13:05:15.000Z","BX-114715"
"0018g0tqd6YX6rYAAT","Gribri Systems Corp.","https://www.gribri.example","(702) 555-0191","3855 Velez Lane","New Randall","MH","96964","US","Banking","28","0058g04cEw1W9K5AIK","","2019-10-08T13:16:32.000Z","2025-04-04T06:58:33.000Z","BX-415098"
"0018g0bLNMHTvDuA2L","Rafi Partners LLC","https://www.rafi.example/about","","330 Ortiz Boulevard","North Jennifer","NC","27468","US","Other","159","0058g0kz1pffiKMAAY","","2018-10-06T07:44:40.000Z","2023-04-03T21:24:59.000Z","BX-842011"
"0018g0ChfbaK8bOACS","Wouhaq Supply Inc","https://www.wouhaq.example","904-555-0122","9529 Johnson St","South Jonathan","SC","29441","USA","Manufacturing","8","0058g0Jill5bhliACA","","2018-05-17T02:59:35.000Z","2024-10-09T08:10:44.000Z","BX-254463"
"0018g05Cqh3PQgZAEW","Raity Works","www.raity.example","+1 720 555 0105","121 Gomez Street","North Roger","UT","84332-9362","USA","Finance","759","0058g0f6OZZsIcOAYV","","2017-05-04T04:35:19.000Z","2024-09-01T02:54:42.000Z","BX-195402"
"0018g0YJucsuVHHAG2","Prekerk Partners Group Corporation","prekerk.example","1-617-555-0183","4445 Walker Way","Morrisshire","MD","21238","United States of America","Entertainment","5008","0058g04cEw1W9K5AIK","","2020-03-06T07:36:57.000Z","2023-08-18T22:08:16.000Z","BX-803412"
"0018g011NYWSYiJAYX","Grehouth Manufacturing","https://grehouth.example/","813-555-0109","54634 Fisher Avenue","Lake Joseph","ND","58423","United States of America","Engineering","151","0058g0G8kK7esM0ASI","","2019-03-08T21:32:59.000Z","2021-10-11T10:42:23.000Z","BX-808440"
"0018g0mrqFJdZNRAQ3","Goskox Services","http://goskox.example","404-555-0136","3478 Randall Road","Lindsaystad","DE","19914","US","Apparel","10","0058g0G8kK7esM0ASI","","2018-06-09T12:32:18.000Z","2022-08-18T05:51:08.000Z","BX-107524"
"0018g0iRWRdMt5uA2C","Doukym Networks Corp.","www.doukym.example","+1 212 555 0144","1183 Marshall Lane Suite 497","North Christopher","IN","46654","USA","Entertainment","309","0058g0f6OZZsIcOAYV","","2024-05-04T21:29:10.000Z","2026-04-15T08:43:25.000Z","BX-795004"
"0018g0gfmx1htWhAAI","Vaicouq Labs","https://vaicouq.example/","813.555.0108","26566 Hubbard Road","West Aprilmouth","WA","98780","US","Engineering","10","0058g0G8kK7esM0ASI","","2021-06-09T01:46:04.000Z","2025-03-22T06:57:43.000Z","BX-203717"
"0018g0ozONdwe9zAYA","Prequand Freightways Corporation","","1-720-555-0137","64870 Silva Ln","West Rebeccaland","TX","77872","USA","Shipping","13","0058g0Jill5bhliACA","","2019-08-27T05:28:45.000Z","2025-08-17T10:25:52.000Z","BX-214673"
"0018g04ROCdGwwOA2S","gaiteq cap inc","WWW.GAITEQ.EXAMPLE","","","West Michaelburgh","WA","99182","United States of America","Education","88","0058g0VV62NPeLQAG1","","2024-07-20T09:50:36.000Z","2025-11-07T11:30:04.000Z","BX-522342"
"0018g0BpfN2SovhASC","Liskain Systems Inc","liskain.example","+1 305 555 0168","5274 Haas Avenue Suite 307","West Erinburgh","NJ","08623","United States of America","Retail","19","0058g0f6OZZsIcOAYV","","2017-06-16T22:00:23.000Z","2024-02-14T18:01:49.000Z","BX-493055"
"0018g05a1AsPvXdAQK","Votrais Laboratories LLC","https://votrais.example/","","","Lindseyfort","OH","43502","USA","Food & Beverage","33","0058g0kz1pffiKMAAY","","2023-03-21T05:44:53.000Z","2023-05-22T00:30:38.000Z","BX-102990"
"0018g0PY1P2JVafAWG","Droquioq Supply Inc","https://www.droquioq.example/about","305-555-0137","52730 Stafford Lane","South Thomas","LA","70525","USA","Biotechnology","1209","0058g0G8kK7esM0ASI","","2018-07-20T23:50:51.000Z","2023-04-16T15:17:54.000Z","BX-169504"
"0018g0T3PRxLwvVA0S","Jaequou Services Corp.","https://jaequou.example/","1-904-555-0189","4808 Ewing Avenue Suite 599","Heidistad","OK","73057","USA","Retail","750","0058g0Jill5bhliACA","","2025-04-03T19:17:03.000Z","2026-04-23T21:37:38.000Z","BX-820562"
"0018g0vLAWBZfzlA2D","Cyzouve Matls Co.","","617.555.0107","086 Leonard Way","Lake Sarah","FM","96942","USA","Technology","159","0058g0VV62NPeLQAG1","","2018-05-17T10:29:04.000Z","2022-08-08T02:37:22.000Z","BX-286814"
"0018g0XXAo0dQR7AOM","Kaegur Systems Inc","WWW.KAEGUR.EXAMPLE","312.555.0135","104 Mcdowell Court","New Rachelfurt","AL","35575","United States of America","Technology","5000","0058g0VV62NPeLQAG1","","2019-12-19T05:44:19.000Z","2020-02-09T01:19:55.000Z","BX-575785"
"0018g0OJpSM8UIRAW3","Taeraeq Systems Corp.","taeraeq.example","+1 206 555 0189","2260 Carter Parkway Suite 476","Port Douglasfort","VT","05451","USA","Hospitality","5008","0058g0f6OZZsIcOAYV","","2022-10-27T18:36:20.000Z","2026-01-23T03:33:46.000Z","BX-254243"
"0018g0rthSs2QikAQE","Queskave Solutions LLC","","+1 702 555 0184","21456 Brooks Lane","East Stephen","KY","41048","US","Not For Profit","40","0058g0f6OZZsIcOAYV","","2019-05-22T16:25:14.000Z","2021-02-12T02:19:19.000Z","BX-200374"
"0018g08eDCM0uWVAYZ","Mistourk Partners LLC","https://www.mistourk.example","+1 312 555 0145","0451 Kane Road","Valeriefort","IL","61536","USA","Machinery","18","0058g0VV62NPeLQAG1","","2018-03-19T08:35:58.000Z","2022-07-16T11:00:40.000Z","BX-796133"
"0018g0khF6ktvuSAIQ","Cytrourk Robotics LLC","cytrourk.example","1-206-555-0128","313 Ramos Place Suite 731","North Michaelville","MO","65656","USA","Agriculture","157","0058g0Jill5bhliACA","","2023-09-25T17:41:27.000Z","2024-01-10T16:24:48.000Z","BX-174956"
"0018g0yzNlHeNP3AIN","WOHIOTH TECHNOLOGIES CORPORATION","wohioth.example","206-555-0194","401 Taylor Blvd","Michaelchester","ME","03992","USA","Utilities","13","0058g04cEw1W9K5AIK","","2025-03-08T12:55:13.000Z","2025-05-11T23:40:02.000Z","BX-506474"
"0018g0NuHV0koXeA0I","Fevark Dyn Ltd.","https://www.zypouq42.example","972-555-0182","105 Young Drive Suite 638","Lake Matthewville","IN","46254","United States of America","Education","13","0058g0Jill5bhliACA","","2021-09-22T19:16:00.000Z","2022-04-03T21:03:20.000Z","BX-350212"
"0018g0sGY3arYY0AMM","Zaisith Systems Corporation","http://zaisith.example","(212) 555-0194","4115 Ortega Parkway","Torresstad","WY","82769","United States of America","Hospitality","5000","0058g0VV62NPeLQAG1","","2024-12-03T14:47:52.000Z","2025-01-03T05:57:46.000Z","BX-596584"
"0018g0I2Pnh90OFAKY","Skeskiork Robotics Inc","","1-702-555-0145","9243 Keith Boulevard","Schwartzview","NY","11399","United States of America","Technology","158","0058g0kz1pffiKMAAY","","2018-04-30T12:06:07.000Z","2019-10-26T10:23:53.000Z","BX-156487"
"0018g00ws0fdrivAAA","Jogous Systems","WWW.JOGOUS.EXAMPLE","720.555.0112","31693 Williams St","Port Justinborough","AK","99566","US","Machinery","85","0058g04cEw1W9K5AIK","","2025-05-26T14:05:52.000Z","2025-12-26T12:15:58.000Z","BX-960761"
"0018g0nZ2Ptp6VMAUY","Nidiork Outfitters Inc","https://app.nidiork.example/","+1 503 555 0122","674 Jackson Blvd Ste 765","West Robert","HI","96833","USA","Utilities","25","0058g0kz1pffiKMAAY","","2024-10-11T23:36:17.000Z","2025-01-26T12:29:19.000Z","BX-661538"
"0018g0LIdvo1PHgAGM","Nougrael Net Ltd.","","404-555-0154","","Clarkstad","NV","89757","United States of America","Apparel","751","0058g0kz1pffiKMAAY","","2023-02-28T08:07:29.000Z","2026-05-02T08:58:57.000Z","BX-551128"
"0018g0RXvXiBi44AWC","Skagrork Analytics LLC","https://www.skagrork.example","(503) 555-0176","8888 Oconnell Boulevard Suite 656","New John","WA","98543","US","Government","152","0058g0Jill5bhliACA","","2017-07-29T23:51:59.000Z","2018-08-25T02:01:01.000Z","BX-999420"
"0018g04NIp1yfQlAMI","Baloq Analytics Group Corp.","https://www.baloq.example","+1 904 555 0120","927 Miles Avenue","Moodyborough","SC","29472-5292","US","Media","5005","0058g0G8kK7esM0ASI","","2022-06-08T17:44:50.000Z","2022-09-09T16:02:01.000Z","BX-874125"
"0018g0oLxdWHuK6AEL","Kaepor Outfitters Inc","","415.555.0159","09357 French Boulevard","New Connieville","NH","03191","United States of America","Energy","157","0058g0f6OZZsIcOAYV","","2022-09-12T04:24:38.000Z","2025-03-05T03:47:26.000Z","BX-974364"
"0018g0iaTGX0AQIAY3","Quuflos Manufacturing Ltd.","","813.555.0168","3694 Smith Boulevard","West Davidchester","SD","57506","United States of America","Insurance","14","0058g0VV62NPeLQAG1","","2017-09-30T10:35:29.000Z","2024-01-15T14:29:00.000Z","BX-353655"
"0018g0iIP7ev12rAMA","Drapriq Energy LLC","","","185 Gentry Way","Norrisport","RI","02853","US","Shipping","167","0058g0Jill5bhliACA","","2019-08-17T14:01:10.000Z","2024-11-27T02:30:11.000Z","BX-992230"
"0018g02ILMRZBRvA2P","Noudiox Labs Inc","noudiox.example","404.555.0168","2626 Brown Road","Williamsmouth","WV","25766","United States of America","Hospitality","309","0058g0kz1pffiKMAAY","","2018-05-29T03:22:36.000Z","2020-02-14T20:17:00.000Z","BX-822414"
"0018g0SnaWxE9ubASC","Zipyth Manufacturing Ltd.","https://www.zipyth.example","","66770 Sawyer Dr Ste 616","East Bonnie","AL","35264","United States of America","Consulting","5001","0058g0G8kK7esM0ASI","","2023-12-21T01:49:53.000Z","2026-04-04T19:27:35.000Z","BX-696479"
"0018g0KMTONOlV6A4L","Forou Materials Inc","https://www.forou.example","1-720-555-0176","186 Reeves Lane","South Staceyport","ME","04851","USA","Construction","48","0058g0Jill5bhliACA","","2025-04-25T11:14:14.000Z","2025-11-19T12:34:12.000Z","BX-931495"
"0018g0QinreFzmOACS","Kouuzin Materials Inc.","nyskairk37.example","972-555-0175","6070 Hanna St","Lake Anthony","AZ","85479","USA","Media","301","0058g0VV62NPeLQAG1","","2020-02-06T06:43:57.000Z","2023-08-25T15:59:17.000Z","BX-392889"
"0018g0GBvsv71FgAGI","Poprion Labs Co.","poprion.example","+1 312 555 0143","31494 Quinn Place","New Michael","NV","89104","US","Government","1207","0058g0VV62NPeLQAG1","","2024-06-03T18:09:37.000Z","2026-08-05T06:15:01.000Z","BX-637081"
"0018g0FzYJn9WFyA0M","Gikin Labs LLC","gikin.example","(206) 555-0152","159 Cobb Street","West Toddtown","IL","61318","United States of America","Agriculture","29","0058g0f6OZZsIcOAYV","","2025-06-11T00:23:16.000Z","2026-08-03T22:17:15.000Z","BX-965689"
"0018g0UNBZzHbSwA4K","Quacel Freight Inc","www.quacel.example","+1 904 555 0132","711 Thompson Road Suite 494","Kaitlinbury","HI","96896","United States of America","Healthcare","42","0058g04cEw1W9K5AIK","","2017-08-13T05:55:58.000Z","2023-12-15T01:13:31.000Z","BX-138844"
"0018g0iXlSWfzqpAUB","Boquios Foods Co.","","404-555-0172","99829 Ramsey Ave Ste 175","Watersstad","AR","72462","United States of America","Utilities","33","0058g0VV62NPeLQAG1","","2018-12-06T03:16:27.000Z","2020-10-12T20:30:10.000Z","BX-567054"
"0018g0wzbC4WzjlAQC","Joboor Food Co Corporation","https://jobor.example/","+1 305 555 0103","17708 Hall Way","New Lindsay","SC","29585","United States of America","Shipping","307","0058g0Jill5bhliACA","","2019-07-25T09:50:29.000Z","2022-02-24T10:58:35.000Z","BX-105825"
"0018g03uAkqWs7AAIS","Coquoul Analytics Inc","WWW.COQUOUL.EXAMPLE","+1 415 555 0119","4052 Hensley Parkway","Deleonshire","MO","63396","United States of America","Retail","46","0058g04cEw1W9K5AIK","","2020-11-13T19:18:31.000Z","2022-05-03T20:52:56.000Z","BX-894231"
"0018g03of0ihvlVAAQ","Ciotex Networks","https://ciotex.example/","(617) 555-0117","1223 Diaz Court","South Lisatown","NV","89786","United States of America","Insurance","33","0058g0kz1pffiKMAAY","","2024-03-05T14:22:02.000Z","2025-01-15T05:22:16.000Z","BX-279005"
"0018g0s1f6wNh4AAAS","BRODAAN TECHNOLOGIES LLC","www.brodan.example","+1 503 555 0135","0450 Mendez Way","Port Danielle","FL","33871-6548","USA","Chemicals","84","0058g0kz1pffiKMAAY","","2018-12-11T20:47:15.000Z","2020-05-03T11:26:11.000Z","BX-827613"
"0018g0kEBCnzT2PA2U","Fegrind Holdings Ltd.","WWW.FEGRIND.EXAMPLE","813-555-0163","77015 Moore Place","Port Henry","CT","06213","US","Retail","1205","0058g0G8kK7esM0ASI","","2018-06-22T17:35:31.000Z","2025-05-26T10:29:28.000Z","BX-931538"
"0018g0hvXfTSObxAIH","Drojoux Materials Ltd.","http://drojoux.example","(720) 555-0192","9280 Clements Place","North Danielle","AK","99548-4575","USA","Manufacturing","80","0058g0Jill5bhliACA","","2019-01-18T12:27:56.000Z","2019-06-19T06:03:24.000Z","BX-579957"
"0018g0yrDGKicmqAYB","Graidraer Mfg Inc.","","(415) 555-0189","","New Megan","NJ","08925","United States of America","Food & Beverage","","0058g0G8kK7esM0ASI","","2018-10-17T03:38:43.000Z","2018-11-13T03:50:56.000Z","BX-707024"
"0018g0xSeWVkznKAUR","Nobrain Materials Co.","nobrain.example","1-813-555-0134","44097 Norman Ave","Phillipbury","WV","25523","US","Energy","158","0058g0kz1pffiKMAAY","","2022-04-27T10:46:02.000Z","2024-03-21T06:35:17.000Z","BX-825402"
"0018g0LM1IGd4a1AWB","Skaelio Holdings Corp.","https://app.skaelio.example/","","35718 Barber Lane Suite 491","Jonathanland","WA","98221","United States of America","Hospitality","32","0058g0VV62NPeLQAG1","","2022-06-18T02:00:07.000Z","2024-12-24T06:11:45.000Z","BX-284550"
"0018g0tUcgOCmmyAED","Triodryr Outfitters Corporation","","+1 503 555 0135","07113 James Lane Suite 377","Hamiltonbury","IA","51110","US","Shipping","306","0058g0kz1pffiKMAAY","","2020-05-14T00:35:29.000Z","2026-03-05T15:17:47.000Z","BX-165177"
"0018g0JF1nwzqdfAGA","Wteve Robotics Ltd.","","813-555-0105","","North Leahton","ME","04141","USA","Construction","152","0058g0kz1pffiKMAAY","","2019-09-20T23:11:18.000Z","2024-02-11T21:23:19.000Z","BX-155199"
"0018g0slAoz90vHAIQ","Waelys Manufacturing Inc.","WWW.WAELYS.EXAMPLE","(720) 555-0133","52117 Mays Way Ste 751","Port Tyler","KS","67300-9416","US","Food & Beverage","302","0058g0G8kK7esM0ASI","","2023-01-03T00:19:26.000Z","2024-01-28T13:20:11.000Z","BX-636827"
"0018g07OQOpZzlkA2C","Raistaex Dynamics Co.","www.raistaex.example","(617) 555-0115","339 Chang Court","Amandaland","ID","83695","USA","Communications","80","0058g0f6OZZsIcOAYV","","2025-03-14T11:09:13.000Z","2025-05-27T10:02:28.000Z","BX-639669"
"0018g0imelMjiStAAJ","Zudrrouve Health Corporation","http://naepeve34.example","1-206-555-0173","","Weberton","OK","73057-8558","United States of America","Utilities","44","0058g0kz1pffiKMAAY","","2017-07-18T19:59:25.000Z","2022-12-15T10:01:38.000Z","BX-417331"
"0018g0h82Soka3pAQA","Vuflaind Works Co.","https://www.vuflaind.example/about","+1 813 555 0115","690 Burch Ct","Annastad","ID","83807","USA","Environmental","80","0058g0kz1pffiKMAAY","","2018-06-01T21:43:36.000Z","2024-06-10T15:02:00.000Z","BX-411836"
"0018g0ikKTkgjQCAYY","Bousty Supply Inc","WWW.BOUSTY.EXAMPLE","720-555-0133","248 Pena Drive","Sabrinaton","PA","15867","United States of America","Communications","300","0058g0VV62NPeLQAG1","","2021-01-31T22:56:31.000Z","2022-09-20T11:35:33.000Z","BX-352151"
"0018g0t3LLdwnH7AYI","Bepur Manufacturing Co.","https://bepur.example/","+1 702 555 0197","","Richardstad","DC","20013","United States of America","Manufacturing","307","0058g0G8kK7esM0ASI","","2024-08-11T18:25:55.000Z","2025-05-19T05:22:51.000Z","BX-559962"
"0018g0AsvRuLxBWAS0","Gratrur Labs Inc","WWW.GRATRUR.EXAMPLE","512.555.0138","41083 Livingston Boulevard","East Stephanieburgh","MO","64169-5102","US","Engineering","304","0058g04cEw1W9K5AIK","","2021-06-05T13:51:04.000Z","2024-12-19T02:38:01.000Z","BX-542232"
"0018g0O7f1YCenUACT","Droutrom Foods Ltd.","WWW.DROUTROM.EXAMPLE","(404) 555-0175","8890 Green Way","West Danielfort","IL","60864","US","Entertainment","5001","0058g04cEw1W9K5AIK","","2025-04-19T03:00:04.000Z","2025-08-29T00:42:26.000Z","BX-435173"
"0018g0N97rDs3zYACR","Diwyr Materials Corporation","https://www.diwyr.example/about","404.555.0171","202 Rodriguez Court Suite 214","Port Erichaven","OR","97286","United States of America","Biotechnology","757","0058g0G8kK7esM0ASI","","2024-11-24T01:28:30.000Z","2025-03-21T11:04:58.000Z","BX-217705"
"0018g0h4rAxux0qAQA","Nevyl Analytics Corporation","https://www.nevyl.example/about","+1 503 555 0151","4529 Estrada Boulevard Suite 383","North Natalie","IA","51380","United States of America","Chemicals","19","0058g0G8kK7esM0ASI","","2021-05-14T20:51:13.000Z","2024-09-28T08:58:13.000Z","BX-649175"
"0018g0R2XDyf7fjA0A","Zaskiox Industries Inc.","www.zaskiox.example","","667 Carter Place","East Richard","DE","19919","United States of America","Electronics","43","0058g0kz1pffiKMAAY","","2022-01-02T03:14:07.000Z","2025-09-25T06:54:49.000Z","BX-827546"
"0018g0sTPiwnzR1AMI","Safur Energy","WWW.SAFUR.EXAMPLE","312-555-0189","35946 Brown Street","Harmonchester","PW","96940","United States of America","Energy","1202","0058g04cEw1W9K5AIK","","2020-06-14T19:33:10.000Z","2021-01-21T07:14:58.000Z","BX-211852"
"0018g0gEta057DrAEI","Bromyve International Inc.","prougrel42.example","","045 Bennett Road","New Kevin","OK","73184","United States of America","Banking","47","0058g04cEw1W9K5AIK","","2023-04-17T05:43:15.000Z","2024-01-25T11:20:17.000Z","BX-367419"
"0018g0XDf6IuELlAGN","Nukoul International Corporation","https://www.nukoul.example/about","702-555-0172","252 Lee Court Suite 402","Gillespiehaven","SD","57289","USA","Utilities","150","0058g04cEw1W9K5AIK","","2023-01-21T15:20:41.000Z","2025-08-05T07:19:27.000Z","BX-872183"
"0018g0IW3VS6fneAWB","pydrour freight","","1-415-555-0177","01423 Johnson Court","Timothyland","FL","33296","US","Consulting","5004","0058g0Jill5bhliACA","","2018-06-30T17:52:08.000Z","2020-03-10T21:20:35.000Z","BX-142765"
"0018g0A7ViKo8sEAKR","waicou robotic corp.","","+1 206 555 0130","49743 Blankenship Road","South Kyle","UT","84223","US","Not For Profit","","0058g0Jill5bhliACA","","2023-03-18T12:10:40.000Z","2023-10-04T12:09:54.000Z","BX-570349"
"0018g0tIZU3EWDJA24","gragus laboratories","","206.555.0132","11430 Ln Ave","Howardland","MO","64737","US","Machinery","13","0058g04cEw1W9K5AIK","","2022-09-10T15:58:13.000Z","2023-03-08T07:44:25.000Z","BX-545137"
"0018g0lpVAtzD3pAYE","Caekun Networks Co.","caekun.example","1-720-555-0164","263 Morgan Parkway Suite 795","Laurahaven","MD","21184-5170","United States of America","Technology","751","0058g0G8kK7esM0ASI","","2019-10-16T14:45:44.000Z","2026-02-04T09:21:47.000Z","BX-758224"
"0018g0PFAls5lLzAOI","Ciokaith Analytics Co.","","+1 503 555 0111","1564 Giles Road","Lake Rebeccamouth","OK","73110","United States of America","Finance","5009","0058g04cEw1W9K5AIK","","2025-01-01T19:40:15.000Z","2025-08-25T20:33:35.000Z","BX-281477"
"0018g0t6rEAVAEzAQP","Kyflon Sys Corporation","https://www.kyflon.example","702.555.0182","038 Mccall Street","Patrickville","AK","99639","United States of America","Biotechnology","375","0058g0kz1pffiKMAAY","","2018-02-24T09:42:52.000Z","2025-10-13T10:07:59.000Z","BX-394456"
"0018g0g6ocbdPWBAA2","Cyfon Materials Inc","https://cyfon.example/","+1 702 555 0101","698 Sweeney Drive","Johnsonland","LA","70272","USA","Government","12","0058g04cEw1W9K5AIK","","2021-04-16T09:56:51.000Z","2024-05-19T09:07:49.000Z","BX-898188"
"0018g0PL8zzJmI0AGK","Lujaerk Supply","","","8693 Cook Ct","Port Rachel","MD","21690","US","Machinery","111","0058g04cEw1W9K5AIK","","2018-01-05T18:27:33.000Z","2021-06-07T15:40:48.000Z","BX-147700"
"0018g0ZTFJVyi7bA4B","BOUWOL DYNAMICS INC.","https://www.bouwol.example","1-312-555-0134","79543 Gutierrez Way","North Ericberg","WV","25373-3369","US","Other","89","0058g0f6OZZsIcOAYV","","2019-07-03T13:23:43.000Z","2025-03-17T19:40:27.000Z","BX-376840"
"0018g0Q29mOggbDACR","Rypron Holdings","http://rypronholdings.example","+1 617 555 0187","22413 Brown Boulevard","Mitchellfurt","AL","36590","United States of America","Chemicals","757","0058g0f6OZZsIcOAYV","","2024-07-24T10:10:57.000Z","2025-04-18T13:42:59.000Z","BX-988771"
"0018g0vlAyEh8CSAIZ","JOGRAIR SYS LTD.","","","682 Brooks Lane","Gregoryhaven","NM","87353","US","Consulting","","0058g0VV62NPeLQAG1","","2020-12-20T10:13:14.000Z","2021-05-27T01:31:24.000Z","BX-597760"
"0018g0fVMmnREOvAMO","Goutork Works LLC","http://goutork.example","","452 Wright St","Brandimouth","WI","53361","US","Electronics","152","0058g04cEw1W9K5AIK","","2021-10-19T09:43:53.000Z","2021-10-25T20:08:57.000Z","BX-529302"
"0018g0uB4HdlLrtAUE","Caflos Energy Corporation","www.caflos.example","(503) 555-0174","8564 Roberts Court","West Cassandra","AK","99815","USA","Consulting","29","0058g0Jill5bhliACA","","2025-03-11T15:27:29.000Z","2025-12-12T04:27:58.000Z","BX-793962"
"0018g0GtHN7RaonA0C","Jovel Systems Co.","WWW.JOVEL.EXAMPLE","+1 404 555 0196","05537 Ellis Drive Suite 358","Kellerchester","LA","71168","USA","Media","21","0058g0kz1pffiKMAAY","","2018-05-03T14:08:43.000Z","2024-10-31T06:59:28.000Z","BX-352220"
"0018g0lMDzXMslpAMD","Rioroun Systems LLC","https://www.rioroun.example/about","(972) 555-0140","380 Bell Ave","Lake Jasonberg","VT","05043-7836","USA","Electronics","156","0058g0kz1pffiKMAAY","","2023-05-08T07:02:41.000Z","2024-10-04T11:54:13.000Z","BX-602211"
"0018g0pkkrtXuVGAA0","Stibio Outfitters LLC","https://www.stibio.example","(512) 555-0145","354 Haas Drive","Saramouth","DE","19961","US","Government","751","0058g0f6OZZsIcOAYV","","2017-08-22T11:49:45.000Z","2023-04-20T22:48:13.000Z","BX-515020"
"0018g09YHugMspmAMC","Kunnioth Food Co LLC","","312-555-0138","370 Jones Way","Franklinmouth","MN","56625","USA","Not For Profit","158","0058g0VV62NPeLQAG1","","2017-12-05T10:13:22.000Z","2021-02-17T18:52:40.000Z","BX-778358"
"0018g052ZiM1t4UAIR","Geflark Partners Corporation","geflarkpartners.example","1-617-555-0167","2122 Garcia Lane","Port Caroline","TX","77171","United States of America","Other","303","0058g0VV62NPeLQAG1","","2019-01-22T23:34:36.000Z","2025-05-29T07:07:45.000Z","BX-820914"
"0018g0rXLw85yTjAMI","Flousin Holdings Corp.","","212-555-0105","176 Smith Place","New Erin","FM","96941","USA","Communications","1203","0058g0Jill5bhliACA","","2022-06-24T06:11:57.000Z","2022-11-09T21:26:10.000Z","BX-994887"
"0018g0smPMalHiuAYE","vecaith robotics corporation","","","","Melanieport","KS","67481-3226","USA","Consulting","","0058g0Jill5bhliACA","","2017-05-09T07:20:17.000Z","2019-01-13T18:27:45.000Z","BX-954142"
"0018g0CMBv7CwdxAOC","Stemol Labs Corp.","https://www.stemol.example","","467 Gomez Drive","South Paulchester","RI","02876","USA","Communications","5237","0058g0G8kK7esM0ASI","","2018-07-02T02:43:27.000Z","2020-11-03T06:14:35.000Z","BX-407904"
"0018g0cvez52MYIAA2","Skaizaen Materials Ltd.","https://www.skaizaen.example","404.555.0159","6763 Richardson Drive","West Darlene","NJ","08084","US","Environmental","48","0058g0f6OZZsIcOAYV","","2020-07-15T10:48:08.000Z","2026-08-09T16:31:55.000Z","BX-370919"
"0018g0vkz27QRTWAA4","Sograix Freight Inc.","WWW.SOGRAIX.EXAMPLE","404-555-0192","9005 Meyer Pl","South Erikaside","PW","96940","USA","Government","5009","0058g04cEw1W9K5AIK","","2017-09-10T08:04:38.000Z","2019-09-29T11:41:12.000Z","BX-378563"
"0018g07M8vJ23egAEB","Graitoun International LLC","WWW.GRAITOUN.EXAMPLE","(813) 555-0190","10842 Collins Dr","East Traceybury","HI","96715","United States of America","Agriculture","1206","0058g04cEw1W9K5AIK","","2017-11-03T07:02:41.000Z","2020-11-08T11:00:28.000Z","BX-403431"
"0018g0PBsYTUq5iAWD","Waelem Outfitters Inc","WWW.WAELEM.EXAMPLE","+1 617 555 0102","58605 Smith Ct","North Kylemouth","MS","39377","US","Communications","758","0058g0kz1pffiKMAAY","","2025-06-21T12:08:08.000Z","2026-03-19T21:08:35.000Z","BX-329344"
"0018g0jVsBEDobJAUT","Clobryn Health Inc.","www.clobryn.example","","2946 Adams Parkway","New Danieltown","WY","82724","US","Biotechnology","308","0058g0Jill5bhliACA","","2024-02-28T17:25:28.000Z","2024-03-29T01:19:51.000Z","BX-886037"
"0018g0YoFj3yQwhAKE","Haiko Materials Co.","haiko.example","1-503-555-0139","3075 Bennett Street","Cherylshire","WA","98306","United States of America","Manufacturing","1203","0058g0G8kK7esM0ASI","","2023-07-12T23:06:52.000Z","2024-07-14T01:58:49.000Z","BX-933714"
"0018g0bHi2T3KxgAEF","Liotym Analytics Corp.","www.liotym.example","206.555.0137","7425 Schmidt Way","Port Danielhaven","FL","34293","US","Shipping","18","0058g0G8kK7esM0ASI","","2023-07-16T16:29:13.000Z","2025-11-10T02:55:20.000Z","BX-987169"
"0018g0sBikgYKeqAEG","Peskoum Holdings","www.peskoum.example","904-555-0106","65279 Stephens Blvd","West Andrew","WY","82605","United States of America","Healthcare","31","0058g0kz1pffiKMAAY","","2024-05-20T22:06:47.000Z","2025-02-26T21:54:08.000Z","BX-504919"
"0018g0JyZ1J0UofAKF","Regaeth Works LLC","https://www.raige44.example/about","+1 305 555 0125","1925 Bird Court Suite 761","East Sherrymouth","IN","46420-4224","USA","Hospitality","156","0058g04cEw1W9K5AIK","","2018-12-25T06:23:28.000Z","2019-12-02T21:20:59.000Z","BX-663972"
"0018g0KLDcPBstjAOD","Jupoond Supply","www.jupond.example","617.555.0174","9152 Oneal Way","Fernandezshire","SC","29913-1629","United States of America","Insurance","5005","0058g0VV62NPeLQAG1","","2022-05-27T08:07:09.000Z","2022-08-20T14:00:37.000Z","BX-657493"
"0018g0BOcH64lg3AWA","Prutru Holdings","http://prutru.example","206.555.0112","677 Sims Parkway Suite 574","East Greg","AK","99704","US","Media","751","0058g0f6OZZsIcOAYV","","2018-01-03T08:42:39.000Z","2023-02-09T23:07:29.000Z","BX-860180"
"0018g07dlT2kqwgAQA","Staeclox Health Corporation","http://staeclox.example","(212) 555-0102","843 Anderson Way","Joannaville","TX","78954","USA","Not For Profit","756","0058g0kz1pffiKMAAY","","2020-02-12T18:04:28.000Z","2021-11-07T04:03:33.000Z","BX-696321"
"0018g0O4ehZCu3uACD","Douhyn Supply","douhyn.example","(617) 555-0119","1671 Larson Street","Phillipchester","NH","03215","USA","Chemicals","5000","0058g0f6OZZsIcOAYV","","2021-05-04T09:14:09.000Z","2025-05-08T18:06:32.000Z","BX-710631"
"0018g0begFr25UjAQI","Brabis Materials Inc","WWW.BRABIS.EXAMPLE","","817 Estrada Street Suite 871","North Kendra","AZ","86072","USA","Manufacturing","300","0058g0kz1pffiKMAAY","","2018-03-08T07:53:47.000Z","2018-05-09T07:47:12.000Z","BX-619283"
"0018g0G13kkp9JJACY","Kekaen Services Ltd.","https://kekaen.example/","415-555-0166","5324 Bartlett Drive","Allenton","DC","20016","United States of America","Entertainment","41","0058g04cEw1W9K5AIK","","2019-10-12T16:53:15.000Z","2024-07-24T10:12:43.000Z","BX-817656"
"0018g0UnD2osJHNAK2","Taser Foods Corp.","taser.example","1-512-555-0166","3843 Davis Drive","Olsonshire","MH","96964","US","Shipping","153","0058g0G8kK7esM0ASI","","2018-08-30T15:38:40.000Z","2018-12-09T09:29:09.000Z","BX-160099"
"0018g0bzKV88MsAAYU","Fluskeve Holdings","","","5075 Miranda Parkway","South Matthew","WV","26845","United States of America","Energy","81","0058g0f6OZZsIcOAYV","","2022-04-24T10:10:36.000Z","2022-06-25T12:20:43.000Z","BX-242851"
"0018g05oyIKQFQqAQP","Wodun International Inc","","1-702-555-0107","899 Fowler Lane","Joseland","UT","84232","US","Insurance","32","0058g0VV62NPeLQAG1","","2023-12-31T10:27:12.000Z","2024-07-12T05:34:46.000Z","BX-720003"
"0018g0JNTdqGTTkAOO","Flaflym Manufacturing Co.","WWW.FLAFLYM.EXAMPLE","(720) 555-0157","1043 Sosa Pkwy Ste 569","North Travisborough","IL","60498","US","Telecommunications","158","0058g0kz1pffiKMAAY","","2020-08-15T10:32:38.000Z","2022-04-02T00:48:05.000Z","BX-256921"
"0018g0aIhJmhRJvAUM","Loflin Networks Inc","loflin.example","206.555.0175","2827 Burnett Parkway","Rowlandton","NE","68048","United States of America","Finance","755","0058g0Jill5bhliACA","","2022-06-01T13:29:06.000Z","2024-01-26T21:36:32.000Z","BX-904196"
"0018g0r1nhxRpvTAAS","Codrox Energy","http://codrox.example","1-972-555-0169","25497 Soto Court","North Miguel","MO","65175","US","Telecommunications","1203","0058g0f6OZZsIcOAYV","","2017-07-07T03:54:42.000Z","2017-10-24T09:09:32.000Z","BX-321988"
"0018g0yXpgumoUsAEI","Naikar Foods Ltd.","www.naikar.example","","118 Poole Boulevard","Jonestown","AR","72585","USA","Manufacturing","49","0058g0VV62NPeLQAG1","","2025-06-11T09:05:14.000Z","2025-09-09T22:20:52.000Z","BX-515714"
"0018g0Try1fsXmYACU","Caenom Manufacturing Corp.","https://www.caenom.example","212.555.0142","680 Rocha Court","East Paigeside","OH","44936","United States of America","Chemicals","34","0058g0f6OZZsIcOAYV","","2019-06-21T07:33:44.000Z","2023-09-23T22:56:02.000Z","BX-150590"
"0018g0Ez6bAlzPFACZ","Skucel Industries Inc","WWW.SKUCEL.EXAMPLE","+1 415 555 0185","479 Stuart Way Suite 290","Lake Scottbury","KY","40917-4636","US","Telecommunications","156","0058g0f6OZZsIcOAYV","","2020-12-09T02:53:43.000Z","2025-08-06T11:07:41.000Z","BX-254678"
"0018g0L3w8xtOmtACE","Jytrous Analytics Corporation","WWW.JYTROUS.EXAMPLE","(404) 555-0170","76347 Guerra Boulevard Suite 402","Jimenezmouth","ND","58726","US","Construction","5005","0058g0VV62NPeLQAG1","","2019-03-05T09:30:30.000Z","2019-09-04T10:37:41.000Z","BX-848370"
"0018g0hJfFS0bIbAUJ","Fanyl Outfitters","WWW.FANYL.EXAMPLE","","","Macdonaldside","CO","81320-4783","USA","Hospitality","1200","0058g04cEw1W9K5AIK","","2017-02-22T17:21:54.000Z","2021-05-10T01:54:07.000Z","BX-156965"
"0018g0fMwinh3pJAEQ","Dicair Foods","WWW.DICAIRFOODS.EXAMPLE","404.555.0138","37211 Chang Court Suite 165","Lake Brandon","ME","04043","US","Media","82","0058g0kz1pffiKMAAY","","2024-09-11T07:56:15.000Z","2024-10-02T17:47:24.000Z","BX-662826"
"0018g0bQYLKmHKWA23","Sifex Solutions Corporation","https://sifex.example/","503-555-0164","4335 Lane Street","Port Brandonbury","NY","10060","United States of America","Retail","28","0058g0f6OZZsIcOAYV","","2021-07-04T13:49:49.000Z","2024-01-11T07:45:24.000Z","BX-295205"
"0018g0gXcrMo88WAER","Gratrur Robotics Corporation","https://www.gratrurrobotics.example","415.555.0197","0412 Patrick Boulevard","Henryburgh","NH","03363","United States of America","Apparel","154","0058g0f6OZZsIcOAYV","","2023-06-01T16:54:51.000Z","2025-08-26T21:29:25.000Z","BX-744853"
"0018g0hVUXcFJVgA2O","Gruwain Holdings Ltd.","https://www.gruwain.example/about","(720) 555-0167","64466 Sanders Way","Saraville","MI","49422","USA","Manufacturing","14","0058g0kz1pffiKMAAY","","2019-05-07T17:01:43.000Z","2025-01-22T05:14:15.000Z","BX-186215"
"0018g0T1xcdknxwACA","Quytaex Solutions Inc","quytaex.example","720.555.0110","23194 Smith Boulevard Suite 295","North Miranda","NJ","07078","USA","Hospitality","13","0058g0kz1pffiKMAAY","","2021-06-24T12:01:25.000Z","2026-02-24T19:26:46.000Z","BX-863241"
"0018g06JmxAwGQBAE3","Stagou Industries Inc.","https://www.stagou.example/about","+1 972 555 0185","74474 Herrera Court","Sandersland","PA","15122","US","Agriculture","304","0058g04cEw1W9K5AIK","","2021-10-07T08:22:50.000Z","2022-07-22T20:00:39.000Z","BX-795013"
"0018g0ARLNsUU7sA4G","Skiofiq Power Inc.","","","210 May Road","Muellertown","WA","98634-1692","USA","Hospitality","","0058g04cEw1W9K5AIK","","2024-01-31T16:28:36.000Z","2025-09-10T12:33:29.000Z","BX-830443"
"0018g0w2qxsivI1AAI","Kotrim Industries Inc.","kotrim.example","1-305-555-0154","708 Strickland Ave Ste 427","Cunninghamberg","IA","52680","United States of America","Shipping","5003","0058g0VV62NPeLQAG1","","2019-06-21T22:37:43.000Z","2023-04-28T23:37:46.000Z","BX-753820"
"0018g0I65hJTuyoACD","Vaejail Technologies LLC","http://vaejail.example","1-512-555-0182","080 Sullivan Way","New Matthewfurt","NV","89868","USA","Apparel","89","0058g0G8kK7esM0ASI","","2017-05-27T16:45:34.000Z","2020-05-08T19:37:42.000Z","BX-928043"
"0018g0rWHpH6knbAMB","Waskerk Outfitters Co.","https://waskerk.example/","(617) 555-0142","131 Rosario Drive","Kirbystad","NE","68058","USA","Food & Beverage","43","0058g0f6OZZsIcOAYV","","2024-05-03T04:25:39.000Z","2025-08-08T10:11:45.000Z","BX-380585"
"0018g0olMEDiANyAYN","Rikir Technologies","http://rikir.example","813.555.0174","9219 Morgan Lane","Acostaview","SD","57605","US","Recreation","34","0058g0f6OZZsIcOAYV","","2019-09-18T09:12:26.000Z","2022-10-17T21:42:28.000Z","BX-372297"
"0018g0EqiY7hlPvASI","Prumiond Robotics Inc.","www.prumiondrobotics.example","1-904-555-0111","517 Bright Lane","East Robertside","MA","01473","US","Engineering","89","0058g0kz1pffiKMAAY","","2018-12-16T19:55:54.000Z","2024-07-23T19:15:12.000Z","BX-342436"
"0018g0HOeaTzIgEAGV","Kucland Technologies Inc.","https://www.kucland.example/about","312-555-0155","11386 Harper Road","Brandonside","RI","02826","US","Agriculture","34","0058g0f6OZZsIcOAYV","","2024-07-28T15:52:18.000Z","2025-09-08T03:38:23.000Z","BX-888652"
"0018g0CanvWgKHiACN","Hataith Analytics Corp.","http://hataith.example","+1 212 555 0162","61126 Williams Rd Ste 298","West Racheltown","WY","82353","United States of America","Recreation","89","0058g0VV62NPeLQAG1","","2019-06-05T00:11:19.000Z","2020-10-07T23:01:14.000Z","BX-606191"
"0018g0yMyJDsJKdAUN","Prinoul Services Co.","https://www.prinoul.example","","2484 Benitez Road","North Elizabeth","NE","68035-7094","USA","Finance","7","0058g04cEw1W9K5AIK","","2019-07-31T04:41:47.000Z","2021-11-15T04:49:15.000Z","BX-640851"
"0018g0ABzzbRkDKAG0","Vokoul Dynamics Ltd.","https://www.vokoul.example","(813) 555-0122","02207 Sullivan Way","Kaylafort","ND","58534","United States of America","Government","","0058g0Jill5bhliACA","","2017-03-16T05:11:17.000Z","2025-10-27T20:17:03.000Z","BX-419635"
"0018g0cTGwjhnRcAMI","Ruuterk Foods Co.","http://ruterk.example","(503) 555-0166","3944 Lee Avenue","Calvinton","WA","98511","US","Insurance","21","0058g0kz1pffiKMAAY","","2018-02-24T19:23:35.000Z","2020-04-19T08:56:46.000Z","BX-299463"
"0018g0Pw26OizmXACR","Hadrund Energy Corporation","hadrund.example","813-555-0119","00192 Garza Way","South Sara","KY","42771","USA","Communications","9","0058g04cEw1W9K5AIK","","2020-01-25T20:40:57.000Z","2021-03-03T10:41:06.000Z","BX-976750"
"0018g0krZlpGF92AIG","Toudraeq Technologies Ltd.","https://www.toudraeq.example/about","(972) 555-0180","231 Walker Avenue","Snyderberg","AL","35767","United States of America","Manufacturing","9","0058g0G8kK7esM0ASI","","2018-07-31T11:22:57.000Z","2023-07-05T06:26:03.000Z","BX-862872"
"0018g0dAo53EmwPAES","Byzam Systems LLC","","404.555.0156","318 Powell Dr","New Karla","NJ","07809","United States of America","Healthcare","300","0058g0G8kK7esM0ASI","","2025-01-20T06:35:35.000Z","2025-04-07T06:48:29.000Z","BX-934799"
"0018g0z9nhmHKh7AAG","Groulai Labs Inc","https://www.groulai.example","1-720-555-0131","3066 Gordon Way","Brownshire","WY","82230","USA","Healthcare","45","0058g0VV62NPeLQAG1","","2023-11-08T15:31:25.000Z","2026-03-22T00:54:37.000Z","BX-611853"
"0018g0kQKnk7mk0AMA","Naezel Partners Corp.","https://www.naezel.example","1-212-555-0145","7607 Leonard Drive Suite 878","West John","UT","84092-8036","United States of America","Banking","304","0058g04cEw1W9K5AIK","","2025-02-02T01:22:29.000Z","2026-03-31T03:48:08.000Z","BX-390677"
"0018g0QZbJGqCasAWF","Grioprove Manufacturing Corp.","https://www.grioprove.example","1-904-555-0171","4375 Aguilar Court","Mcdowellville","PA","18418","USA","Education","306","0058g0f6OZZsIcOAYV","","2022-08-21T18:26:55.000Z","2025-05-12T14:45:09.000Z","BX-140897"
"0018g0aPPSkEMVJA24","Prounind Partners Corporation","http://prounindpartners.example","1-212-555-0133","8396 Smith Pl","Davidmouth","DE","19823","United States of America","Electronics","5004","0058g0Jill5bhliACA","","2018-02-09T05:37:22.000Z","2019-12-28T10:57:15.000Z","BX-515414"
"0018g0ClRbAvB0SAKV","Hosour Supply Co.","hosour.example","1-415-555-0162","311 Robles Avenue","Christopherfurt","CT","06027","United States of America","Communications","25","0058g0Jill5bhliACA","","2019-04-24T22:45:21.000Z","2021-05-01T13:47:33.000Z","BX-448457"
"0018g0aAX5tACmHAMW","Diotraer Analytics","","512.555.0165","4195 Patton Parkway","Lake Francisco","SC","29617-5330","US","Media","13","0058g04cEw1W9K5AIK","","2024-02-23T17:56:22.000Z","2024-04-29T03:28:04.000Z","BX-852571"
"0018g0yVpYEgcErAUJ","Groujaim Healthcare LLC","http://go.groujaim.example","702-555-0135","32032 Smith Lane Suite 426","Lake Lori","GA","31362","United States of America","Healthcare","759","0058g04cEw1W9K5AIK","","2021-08-10T16:05:07.000Z","2023-11-06T02:16:45.000Z","BX-927181"
"0018g0xiAVRLkKVAY1","Tegrork International","www.tegrork.example","","59905 Bell Way","West Richardville","CA","95816","United States of America","Healthcare","12185","0058g0kz1pffiKMAAY","","2023-01-29T10:14:36.000Z","2023-09-05T13:03:12.000Z","BX-563030"
"0018g0CltzII8sMACT","Cluprion Supply LLC","https://cluprion.example/","415.555.0147","869 Martin Place","Lucashaven","CO","80949","USA","Telecommunications","32","0058g0f6OZZsIcOAYV","","2024-11-01T21:10:39.000Z","2026-05-05T09:18:40.000Z","BX-475111"
"0018g0UDY8AijzcAOB","Progais Logistics Inc.","https://progais.example/","","622 Swanson Pl","Port Wendy","PW","96940","United States of America","Consulting","32","0058g0G8kK7esM0ASI","","2022-03-22T10:00:58.000Z","2024-08-13T13:12:08.000Z","BX-952365"
"0018g0uqlfKzvJUAAZ","Riokioth Freight Corp.","https://www.riokioth.example","+1 503 555 0191","244 Spencer Boulevard","Geraldborough","MN","55534-6474","USA","Chemicals","17","0058g0VV62NPeLQAG1","","2023-05-07T05:42:52.000Z","2024-12-12T08:28:18.000Z","BX-486648"
"0018g0qg03VIK0RAAX","kaevon workshop corp.","www.kaevon.example","1-415-555-0157","652 Silva Way Suite 417","Williamsshire","WI","53924","US","Banking","5004","0058g04cEw1W9K5AIK","","2018-02-02T20:48:42.000Z","2024-02-05T15:26:08.000Z","BX-488728"
"0018g06LSll3gKjAMI","Zuma Systems Co.","zuma.example","+1 720 555 0174","9054 Mathis Place","New Dannybury","WA","98747","United States of America","Media","1208","0058g0f6OZZsIcOAYV","","2018-08-01T03:25:08.000Z","2026-07-22T11:50:37.000Z","BX-616454"
"0018g02VOQlx4XaA2I","Skiobeth Robotics Corp.","https://skiobeth.example/","","2069 Ray Boulevard","Ivanton","OH","45865","United States of America","Machinery","151","0058g0kz1pffiKMAAY","","2023-04-21T04:07:09.000Z","2025-11-02T02:49:50.000Z","BX-943924"
"0018g06oeSo2t2JAQQ","Fiorol Solutions Inc","fiorol.example","1-904-555-0151","60374 Castro Avenue","Destinybury","NM","87549","US","Not For Profit","1201","0058g04cEw1W9K5AIK","","2024-10-01T08:50:42.000Z","2025-07-04T06:28:28.000Z","BX-506924"
"0018g04n4rSCRrHAAX","Stenaend Solutions LLC","WWW.STENAEND.EXAMPLE","+1 904 555 0152","8000 Flynn Boulevard","Aprilshire","MI","49877","USA","Government","29","0058g0f6OZZsIcOAYV","","2018-10-22T11:28:07.000Z","2021-07-18T16:45:53.000Z","BX-671485"
"0018g0HjRR8olYRA0Y","Grioprove Services LLC","","+1 904 555 0187","4375 Aguilar Court","Mcdowellville","PA","18418","US","Consulting","21","0058g0f6OZZsIcOAYV","","2021-10-11T11:54:48.000Z","2025-06-18T00:01:07.000Z","BX-492249"
"0018g0omUL7IMpmAYG","Draeker Holdings Corporation","https://draeker.example/","+1 904 555 0146","3776 Cole Street","Port Rachel","MD","21338-6051","US","Media","41","0058g04cEw1W9K5AIK","","2025-04-12T15:31:21.000Z","2025-07-20T08:35:31.000Z","BX-292440"
"0018g0BZP3u4BTgAOM","Baanith Foods Corporation","vougryve32.example","512.555.0164","8789 Jones Road Suite 749","West Shaneside","MD","20885-5495","US","Biotechnology","1205","0058g0f6OZZsIcOAYV","","2019-05-27T10:31:44.000Z","2025-12-10T10:35:43.000Z","BX-206711"
"0018g0EhtAV6evgASB","Waestaim Holdings Inc.","waestaimholdings.example","+1 305 555 0167","673 Banks Drive Suite 935","Port Tara","NJ","07368","US","Technology","40","0058g0f6OZZsIcOAYV","","2017-04-03T12:25:19.000Z","2020-02-06T01:42:52.000Z","BX-136827"
"0018g0ehZq8tjjVAIQ","Bocoum Networks Co.","","617.555.0175","359 Guerra Road","Port Jamesborough","NV","89811","United States of America","Construction","756","0058g0kz1pffiKMAAY","","2024-06-19T13:38:09.000Z","2024-06-26T10:47:13.000Z","BX-278787"
"0018g0Wg8viy4yrACA","Miozath Health Ltd.","www.miozath.example","503-555-0133","6327 Hernandez Street","Quinnport","WI","54518","US","Agriculture","84","0058g0VV62NPeLQAG1","","2022-01-12T14:35:32.000Z","2023-06-29T05:53:39.000Z","BX-687398"
"0018g0cog1XjCf5AAF","Naejove Freight Inc","https://naejove.example/","212-555-0108","9929 Wright Boulevard","Joyceside","IA","52002","USA","Other","14","0058g0kz1pffiKMAAY","","2019-05-11T04:57:56.000Z","2025-09-28T09:08:45.000Z","BX-201413"
"0018g0Fqf4sPvURAC0","Hahound Outfitters Inc.","https://www.hahound.example","312.555.0143","29344 Olson Ln","South Elizabeth","WY","82150-9576","US","Not For Profit","1204","0058g04cEw1W9K5AIK","","2024-02-11T10:19:23.000Z","2026-02-05T16:08:12.000Z","BX-765869"
"0018g0dSkqHZxdkAED","Diogrul Materials Corporation","https://diogrul.example/","(312) 555-0168","33794 Henry Court","Burkefurt","NC","28501-2857","US","Utilities","7","0058g0G8kK7esM0ASI","","2024-07-03T02:34:48.000Z","2025-10-29T08:35:15.000Z","BX-747214"
"0018g0cEVs0c7GVAMY","Vecaerk Systems Ltd.","","1-503-555-0175","35708 Hernandez Avenue Suite 360","East Christinabury","MA","01890","USA","Hospitality","308","0058g0G8kK7esM0ASI","","2022-05-24T17:13:19.000Z","2024-06-30T10:02:40.000Z","BX-969613"
"0018g0pcXy2fUGJAI2","Vucour Capital Corporation","WWW.VUCOUR.EXAMPLE","512-555-0166","76546 Hopkins Way","East Geneton","UT","84105","USA","Consulting","153","0058g04cEw1W9K5AIK","","2020-07-19T00:07:03.000Z","2026-01-07T11:53:44.000Z","BX-204893"
"0018g0Vx9SyP51rASC","Stawair Dynamics","https://www.stawair.example/about","","4421 Rowe Way","Lake Zacharytown","NM","87252","US","Machinery","42","0058g0G8kK7esM0ASI","","2017-02-18T05:40:06.000Z","2022-04-05T00:43:04.000Z","BX-970036"
"0018g0X7zxBeKyrACF","Staibrirk Systems","https://staibrirk.example/","+1 503 555 0179","1999 Johnson Parkway","New Williamland","OK","73170","US","Agriculture","306","0058g0VV62NPeLQAG1","","2017-02-01T03:12:55.000Z","2018-05-02T13:50:05.000Z","BX-152145"
"0018g0A73X3qeKrASI","Haecoun Outfitters Ltd.","http://haecoun.example","+1 312 555 0128","40417 Tyler Court","New Jay","SD","57606","USA","Machinery","31","0058g0G8kK7esM0ASI","","2017-04-02T20:29:23.000Z","2023-12-30T21:28:24.000Z","BX-760681"
"0018g074DIRFauWAYT","Griobriork Energy Co.","https://griobriork.example/","1-702-555-0165","7909 Villanueva Pkwy","Lake Katherine","NY","14636","USA","Utilities","13","0058g0kz1pffiKMAAY","","2024-11-24T00:56:24.000Z","2025-11-22T14:25:42.000Z","BX-788769"
"0018g0GJDs5lgAmAOI","Clifouth Industries","http://clifouth.example","720.555.0173","94375 Dodson Road","North Kayleeside","VT","05159","US","Machinery","88","0058g0kz1pffiKMAAY","","2024-08-14T19:04:12.000Z","2025-05-01T03:06:12.000Z","BX-745092"
"0018g0vMWPzZgYyA2K","Quezam Partners","quezam.example","404.555.0129","24853 Miller Ave","Ricardobury","NC","27739","US","Biotechnology","5002","0058g0Jill5bhliACA","","2022-06-13T20:55:02.000Z","2025-11-22T04:50:04.000Z","BX-632061"
"0018g0JbTyHT7wEAKT","Pakyr Services Inc.","https://pakyr.example/","1-813-555-0160","4503 Fox Avenue","North Molly","ID","83432","USA","Media","1200","0058g0G8kK7esM0ASI","","2021-09-21T07:07:30.000Z","2022-08-27T20:19:36.000Z","BX-759194"
"0018g0iWXCD41UEA2Z","Gouwyr Outfitters Inc","WWW.GOUWYR.EXAMPLE","(206) 555-0153","6725 Johnston Way","Evansshire","ID","83660","USA","Other","751","0058g04cEw1W9K5AIK","","2022-10-07T21:49:26.000Z","2022-11-26T03:07:37.000Z","BX-135620"
"0018g0oOjZ4r585AUA","Priobaes Energy Ltd.","www.priobaes.example","+1 305 555 0151","9168 Bentley Dr","South Tinamouth","KS","66561","USA","Technology","1202","0058g0Jill5bhliACA","","2020-08-01T21:40:16.000Z","2022-03-13T18:40:23.000Z","BX-372898"
"0018g0y5GdbU4WUAI0","Rogon Works Co.","http://rogon.example","1-212-555-0181","6383 Price Boulevard","South Amy","MS","39659","United States of America","Engineering","152","0058g0Jill5bhliACA","","2023-06-19T13:11:02.000Z","2024-10-22T03:10:48.000Z","BX-733651"
"0018g0I46OgIzTaASK","Vures Supply Corporation","vures.example","1-813-555-0189","26219 Smith Avenue Suite 717","Davisside","AZ","85027","United States of America","Education","758","0058g0f6OZZsIcOAYV","","2024-01-16T13:46:56.000Z","2024-06-17T18:03:28.000Z","BX-354152"
"0018g06jzR52msdAQA","Lapeq Industries Corporation","https://www.lapeq.example/about","1-904-555-0106","312 Schmidt Court","Natashaside","NC","27433","United States of America","Agriculture","21","0058g0Jill5bhliACA","","2021-06-10T11:28:45.000Z","2024-08-21T12:58:05.000Z","BX-571813"
"0018g0Ge1qVEY3JACX","Driokuth Analytics LLC","","404-555-0128","7765 Jackson Boulevard Suite 826","Port Tylerport","MH","96966","United States of America","Communications","87","0058g0f6OZZsIcOAYV","","2020-10-05T10:40:21.000Z","2025-05-09T04:51:51.000Z","BX-942906"
"0018g0QuHTSfZtXA0V","Zostol Foods Inc","https://zostol.example/","","5087 Johnson Avenue Suite 984","Reginastad","NY","12618","US","Electronics","156","0058g0G8kK7esM0ASI","","2017-07-18T22:49:46.000Z","2024-07-14T06:26:01.000Z","BX-875202"
"0018g0iCeFSK3C2AUL","Statrive Solutions Corp.","statrive.example","+1 404 555 0151","576 Rogers Dr","Elliottville","HI","96808","USA","Utilities","301","0058g0f6OZZsIcOAYV","","2022-01-15T21:36:41.000Z","2024-08-03T22:00:16.000Z","BX-781754"
"0018g0c7a3D0E1mAAF","Skaejyl Outfitters Co.","https://www.skaejyl.example/about","904.555.0166","68919 Jackson Road","Ericksonborough","MH","96969","USA","Consulting","1206","0058g0f6OZZsIcOAYV","","2023-12-22T21:37:42.000Z","2025-11-20T19:40:36.000Z","BX-489335"
"0018g0qoJDHNkIpAYL","Dryskes Dynamics LLC","","312.555.0125","5860 King Way","Phillipside","LA","71121-6810","USA","Engineering","14","0058g0VV62NPeLQAG1","","2018-03-07T18:55:22.000Z","2022-11-28T16:18:38.000Z","BX-488718"
"0018g0w1NSopNykAYE","Paevive Services","https://www.paevive.example/about","1-415-555-0188","3080 Cruz Street","Rachelton","KY","41554","US","Healthcare","9","0058g0VV62NPeLQAG1","","2025-06-08T05:00:44.000Z","2026-03-31T14:54:10.000Z","BX-162790"
"0018g0M4TjD2TbhAKF","Safur Holdings Inc.","http://safurholdings.example","1-404-555-0171","6693 Perez Way Suite 577","North Jennifermouth","WY","82922","US","Healthcare","85","0058g0Jill5bhliACA","","2020-01-21T12:20:01.000Z","2020-03-18T11:17:42.000Z","BX-803384"
"0018g0smSm6U4WJAI0","Luflys Outfitters Corporation","https://www.luflys.example/about","1-972-555-0127","744 Morgan Road","Stevensfurt","ND","58240","United States of America","Biotechnology","5006","0058g0kz1pffiKMAAY","","2025-06-04T20:48:48.000Z","2026-04-03T12:07:13.000Z","BX-434182"
"0018g0N0zri5CGoACM","naskioq outfitters corp.","","+1 512 555 0123","7548 King Place","Stephensshire","MD","21532","US","Shipping","","0058g0Jill5bhliACA","","2023-03-26T06:21:34.000Z","2025-06-01T15:53:34.000Z","BX-559965"
"0018g07JRP0YaX9A2K","Tydyl Freight","WWW.TYDYL.EXAMPLE","+1 972 555 0169","5570 Mcdaniel Way","Eugenetown","WV","26740","US","Transportation","1207","0058g0VV62NPeLQAG1","","2023-10-08T03:49:06.000Z","2025-05-22T21:50:36.000Z","BX-586610"
"0018g03H8ujxedXAEQ","Baipraem Health Co.","https://www.baipraem.example/about","","8011 Hall Pl","East Keith","WY","82138","US","Communications","29","0058g0f6OZZsIcOAYV","","2021-02-01T03:45:32.000Z","2024-06-14T20:57:17.000Z","BX-437861"
"0018g0MJVxNdGi9AOF","Quiwyve Holdings LLC","https://www.quiwyve.example/about","(404) 555-0118","6193 Bradford Parkway","Hartborough","MO","65134","USA","Shipping","46","0058g0kz1pffiKMAAY","","2018-07-02T17:10:45.000Z","2023-10-13T12:19:39.000Z","BX-434694"
"0018g0me4V698RxAQI","Niocyl Industries Corporation","https://www.niocyl.example","(972) 555-0157","5747 Wolf Court","Christyberg","NM","87051","USA","Recreation","13","0058g0Jill5bhliACA","","2022-04-17T13:26:00.000Z","2024-10-18T16:35:25.000Z","BX-249455"
"0018g0dSd5pAAheAEG","Tranoul Energy Ltd.","http://tranoul.example","415-555-0159","96654 Chavez Street Suite 559","Lake Michelle","OR","97783","United States of America","Telecommunications","5005","0058g0kz1pffiKMAAY","","2018-02-27T10:09:50.000Z","2024-07-23T08:12:33.000Z","BX-899967"
"0018g0iqrhC36y0AAB","Vyccon Solutions Inc","https://www.vycon.example/about","1-404-555-0104","73786 Carrillo Lane","Hunterbury","IL","60276","United States of America","Technology","309","0058g0VV62NPeLQAG1","","2020-07-24T18:06:09.000Z","2022-10-12T12:46:03.000Z","BX-849470"
"0018g0n10N6TvU3AQK","Jaivoq Services Ltd.","jaivoq.example","503.555.0126","50441 Martinez Avenue","New Michaelberg","DE","19960","United States of America","Chemicals","17","0058g04cEw1W9K5AIK","","2022-01-16T03:36:55.000Z","2023-02-18T13:10:09.000Z","BX-399450"
"0018g0qBR2zEnvTAMS","Sainyn Dynamics Corporation","https://www.sainyn.example/about","+1 404 555 0109","5443 Williams Court","Zacharystad","IN","46567","USA","Banking","34","0058g0Jill5bhliACA","","2022-12-01T07:22:11.000Z","2024-07-26T16:46:06.000Z","BX-185419"
"0018g07V6rsjMvCAEU","Kaifand Holdings Co.","kaifand.example","(415) 555-0188","922 Howard Place","South Raymondberg","IA","51803-5779","United States of America","Government","45","0058g0G8kK7esM0ASI","","2024-06-29T07:10:50.000Z","2024-12-21T12:56:49.000Z","BX-923992"
"0018g02dO3LXwYLAI1","Jaher Freight","https://jaher.example/","1-503-555-0147","79821 Jenkins Court","Josephmouth","MT","59431-2964","USA","Hospitality","1203","0058g0f6OZZsIcOAYV","","2021-02-12T09:08:44.000Z","2022-09-12T00:26:54.000Z","BX-112157"
"0018g0dauPFBObzAQH","Houskaim Robotics Inc.","https://www.houskaim.example/about","(305) 555-0126","621 Anderson Way","South Angelamouth","IN","46650","United States of America","Education","5005","0058g0VV62NPeLQAG1","","2019-12-19T15:28:10.000Z","2022-05-03T20:10:50.000Z","BX-544271"
"0018g0gwTUZzqcDAYR","Saestaeq Holdings Corporation","https://www.saestaeq.example","(415) 555-0155","7659 Shah Boulevard","Port Mariah","MN","56719","US","Environmental","45","0058g0VV62NPeLQAG1","","2018-01-09T09:42:06.000Z","2025-02-08T20:27:33.000Z","BX-414931"
"0018g05etvVXCO1AAP","Nywyve Systems Corporation","WWW.NYWYVE.EXAMPLE","512.555.0151","225 Nelson Place","New Mark","NV","89834","USA","Agriculture","42","0058g04cEw1W9K5AIK","","2022-10-05T11:33:22.000Z","2023-06-13T14:40:45.000Z","BX-694016"
"0018g0spXRSgqgPAYR","Hiobrol Manufacturing","www.hiobrol.example","1-617-555-0199","682 Hunter Drive","Bullockstad","AK","99664","United States of America","Hospitality","45","0058g04cEw1W9K5AIK","","2024-10-09T01:54:48.000Z","2025-12-30T23:40:48.000Z","BX-852538"
"0018g0ge8WdeMUyAQM","Proflond Capital Ltd.","WWW.PROFLOND.EXAMPLE","(503) 555-0106","217 Knight Boulevard","Port Tammyshire","RI","02811","United States of America","Education","302","0058g0VV62NPeLQAG1","","2021-05-24T17:01:16.000Z","2022-02-06T12:08:30.000Z","BX-494625"
"0018g05dJzM8KOMAI3","DRUSIN OUTFITTER","drusin.example","813.555.0142","24710 Brooks Court","Samuelland","LA","71090","United States of America","Engineering","151","0058g0Jill5bhliACA","","2018-09-25T18:30:32.000Z","2025-05-19T12:52:04.000Z","BX-170255"
"0018g0poxg5Bp1KAAS","Bostouq Capital Inc.","https://bostouq.example/","503.555.0108","957 Martinez Drive","North Roger","ME","04434","USA","Banking","43","0058g0G8kK7esM0ASI","","2025-06-24T14:48:58.000Z","2026-06-12T22:18:32.000Z","BX-158629"
"0018g0NzIlPyHXmAKN","Zilurk Holdings","https://zilurk.example/","1-904-555-0185","2813 Armstrong Parkway","West Geraldshire","VA","24325","United States of America","Chemicals","1201","0058g0f6OZZsIcOAYV","","2021-07-24T22:34:06.000Z","2024-05-03T06:37:32.000Z","BX-357868"
"0018g0S39ooJy7hACC","Diotuq Technologies LLC","https://www.diotuq.example/about","1-305-555-0152","2791 Winters Road","North Vernonmouth","SD","57030","US","Chemicals","34","0058g0kz1pffiKMAAY","","2020-09-07T03:02:24.000Z","2026-05-31T15:42:42.000Z","BX-519384"
"0018g0hx8wFMEyTAAX","Quoulirk Capital Inc","WWW.QUOULIRK.EXAMPLE","(212) 555-0149","2921 Stout Road","New Katelynchester","OR","97151","United States of America","Energy","32","0058g0f6OZZsIcOAYV","","2019-01-12T03:19:06.000Z","2020-03-10T00:15:35.000Z","BX-269709"
"0018g0EbUX6NOlxA0G","FAIGOM INDUSTRIES INC.","WWW.FAIGOM.EXAMPLE","(404) 555-0140","696 Shea Court","Angelashire","KS","66790","United States of America","Apparel","8","0058g0Jill5bhliACA","","2023-01-20T09:24:46.000Z","2023-02-18T10:56:20.000Z","BX-394426"
"0018g0PIElp8WB2AOM","Maskath Technologies Corp.","WWW.MASKATH.EXAMPLE","(206) 555-0194","50512 Bradley Court","Villanuevaport","ID","83718","USA","Engineering","13","0058g0G8kK7esM0ASI","","2019-10-23T15:47:52.000Z","2023-02-07T05:53:03.000Z","BX-259887"
"0018g0w5mXGKmd9AQD","Sanous Logistics Inc","www.sketaeth93.example","1-720-555-0123","9206 Cox Dr","Taylorview","OR","97058-1103","United States of America","Transportation","200","0058g0Jill5bhliACA","","2020-08-02T12:32:09.000Z","2022-11-20T20:48:30.000Z","BX-220810"
"0018g0FKnCLdYaiAWF","Zefux Materials Inc.","https://www.zefoux.example","512-555-0111","12744 Francis Ln","Jordanhaven","IN","46114","USA","Food & Beverage","1209","0058g0VV62NPeLQAG1","","2020-11-09T01:16:54.000Z","2021-10-31T11:40:24.000Z","BX-405109"
"0018g0kFARCsmaKA2R","Foufyn Robotics LLC","WWW.FOUFYN.EXAMPLE","(305) 555-0158","547 Jackson Ln","Lake Jocelyn","MO","65754","United States of America","Transportation","756","0058g0Jill5bhliACA","","2018-11-18T19:48:02.000Z","2024-03-24T01:48:14.000Z","BX-140615"
"0018g0SR0GHTLN8AWP","Pourais Energy LLC","https://www.pouraisenergy.example/about","512-555-0120","7964 Owens Drive","Samanthaville","WY","83083","USA","Manufacturing","752","0058g0VV62NPeLQAG1","","2023-06-23T15:52:01.000Z","2024-12-29T10:43:13.000Z","BX-912427"
"0018g0HMUi026BsAOI","Raicar Logistics Corporation","","+1 972 555 0134","7534 James Way","East Joe","NV","89733","US","Recreation","14","0058g0f6OZZsIcOAYV","","2021-12-21T10:55:57.000Z","2025-06-09T20:29:51.000Z","BX-444457"
"0018g0WXJ1ttWp9AOE","Sirin Sol","WWW.SIRIN.EXAMPLE","(503) 555-0104","908 Martin Court","Denisetown","SC","29618-7063","US","Media","","0058g0f6OZZsIcOAYV","","2019-09-24T12:05:08.000Z","2020-05-26T16:17:45.000Z","BX-294766"
"0018g04WARkYdfQA2S","Wycior Freight Inc","","1-720-555-0162","466 Mills Ln","Clementschester","MI","49079","US","Biotechnology","305","0058g04cEw1W9K5AIK","","2022-07-14T18:41:04.000Z","2026-08-18T09:29:06.000Z","BX-855380"
"0018g0S79YI14c6ASB","Gryskyl Holdings Ltd.","https://www.gryskyl.example/about","404-555-0134","8678 Lang Way","Mcintoshland","WY","82431","US","Apparel","48","0058g0Jill5bhliACA","","2024-12-17T13:07:55.000Z","2025-09-30T07:46:45.000Z","BX-694179"
"0018g0Qab68YjozACC","Rounar Energy Inc.","","+1 212 555 0160","5550 Wang Street","New Steven","OH","45010","USA","Consulting","87","0058g0Jill5bhliACA","","2025-05-02T17:47:21.000Z","2026-03-12T09:23:36.000Z","BX-301729"
"0018g0Hzeg8bDuUACU","Pycloux Systems Corp.","www.pyclouxsystems.example","904.555.0171","78887 Martin Place","Michaelville","NH","03075","USA","Media","48","0058g04cEw1W9K5AIK","","2020-11-01T15:25:27.000Z","2023-04-20T21:13:40.000Z","BX-740782"
"0018g0V6ruP7w19ACB","Gygal Robotics Ltd.","www.gygal.example","","220 Franklin Avenue","East Kimberlystad","TX","76338","USA","Agriculture","1200","0058g0kz1pffiKMAAY","","2017-03-12T12:36:37.000Z","2021-05-14T05:25:48.000Z","BX-661163"
"0018g0xxshpqlPuAAI","NIORURK NETWORKS INC.","","","301 Hunter Road","Leeside","OH","43991","US","Other","5008","0058g04cEw1W9K5AIK","","2023-08-11T21:09:49.000Z","2025-08-07T21:34:51.000Z","BX-146325"
"0018g091ooEJ2i7AAD","Cliotand Analytics LLC","cliotand.example","702-555-0105","1231 Hall Way","East Wendy","DC","20023","US","Education","1208","0058g0f6OZZsIcOAYV","","2019-10-25T06:32:06.000Z","2020-08-29T05:24:10.000Z","BX-867678"
"0018g0sCayNLDrJAEX","Lojaind Foods Co.","www.lojaind.example","+1 305 555 0154","32570 Barry Road Suite 721","Catherineshire","PA","17548","USA","Agriculture","84","0058g0f6OZZsIcOAYV","","2024-02-22T00:41:40.000Z","2024-08-11T21:24:21.000Z","BX-270653"
"0018g0eoWdR92zGAIR","Drapax Technologies LLC","http://drapax.example","1-904-555-0161","1664 Ruiz Parkway","Tiffanyton","TN","37382","US","Energy","1209","0058g04cEw1W9K5AIK","","2023-04-20T13:11:54.000Z","2023-05-30T07:06:30.000Z","BX-703676"
"0018g0kv9DlNoH8AQK","Tacluq Freight Corp.","","1-904-555-0157","1926 Phillips St","Reyesborough","MI","48723-7830","USA","Technology","3466","0058g0VV62NPeLQAG1","","2023-05-05T02:37:06.000Z","2023-12-02T06:19:01.000Z","BX-398092"
"0018g0VmsRYSOSrASP","Toudrom Capital Ltd.","http://toudrom.example","702.555.0161","249 Robertson Parkway","North Deanfort","SC","29882","United States of America","Engineering","34","0058g04cEw1W9K5AIK","","2020-02-17T23:12:51.000Z","2022-12-23T19:27:41.000Z","BX-382684"
"0018g0Wb4Iz7kNWASY","Hougram Industries LLC","WWW.HOUGRAM.EXAMPLE","+1 415 555 0134","2382 Johnson Road","Adamsberg","CT","06341","US","Communications","89","0058g0kz1pffiKMAAY","","2024-01-12T21:20:49.000Z","2025-01-11T23:04:35.000Z","BX-696476"
"0018g0wjQJK5Dw6AYF","Jotrurk Manufacturing Corporation","","","915 White Avenue","Reevesland","TN","38425","US","Engineering","","0058g0Jill5bhliACA","","2017-05-06T15:17:07.000Z","2022-10-18T16:27:43.000Z","BX-287977"
"0018g0JqrNKPXVWAS5","Jifar Health Inc.","https://www.jifarhealth.example/about","212-555-0123","0374 Ellis Avenue","Beckfurt","WY","83087","USA","Entertainment","30","0058g0G8kK7esM0ASI","","2024-11-10T11:09:57.000Z","2025-05-19T02:35:49.000Z","BX-985610"
"0018g0mq2gJSb7JAAT","Baiquu Technologies LLC","https://www.baiquu.example","1-312-555-0117","01764 Richmond St","Bensonside","NH","03553","US","Not For Profit","30","0058g0VV62NPeLQAG1","","2024-09-11T23:31:51.000Z","2025-11-25T01:49:47.000Z","BX-605572"
"0018g0ITH0IH0cZAOT","Migraix Dynamics Corporation","WWW.MIGRAIX.EXAMPLE","1-503-555-0112","8177 Hernandez Dr Ste 345","West Donnatown","WV","24937","USA","Utilities","14","0058g04cEw1W9K5AIK","","2019-07-19T21:19:59.000Z","2026-08-29T01:01:39.000Z","BX-638592"
"0018g05hPyIIPB8AIP","Praecand Systems","www.praecand.example","+1 702 555 0103","958 Sexton Court","West Jorgebury","WY","82984","United States of America","Government","1203","0058g0VV62NPeLQAG1","","2017-10-01T21:38:40.000Z","2020-11-25T04:24:46.000Z","BX-788677"
"0018g0gyHgIDcORAI1","Staidros International LLC","https://www.staidros.example/about","+1 702 555 0172","","New Stanley","ME","04894","USA","Biotechnology","17","0058g0VV62NPeLQAG1","","2019-07-08T08:14:51.000Z","2024-03-06T16:49:06.000Z","BX-156903"
"0018g0sgOYXBs7pAYD","Graisaend International Corporation","","1-512-555-0105","6286 Blanchard Road Suite 195","New Patrickville","MA","01578","US","Food & Beverage","21","0058g04cEw1W9K5AIK","","2022-04-03T03:37:24.000Z","2023-06-29T18:53:27.000Z","BX-779814"
"0018g0DcqEUZK8dASH","Claehouve Capital Co.","https://www.claehouve.example","+1 312 555 0108","86831 Lamb Lane Suite 572","Lisastad","MO","65501","US","Telecommunications","29","0058g04cEw1W9K5AIK","","2020-12-15T13:55:38.000Z","2026-03-17T08:37:15.000Z","BX-873693"
"0018g0nkDE1iIgAAYU","Ketan Holdings Corporation","https://www.ketan.example/about","+1 206 555 0122","5435 Blevins Dr Ste 455","Christyfort","IA","50333","USA","Energy","1207","0058g04cEw1W9K5AIK","","2021-01-01T05:12:35.000Z","2022-07-26T23:21:31.000Z","BX-783284"
"0018g0UXIHX0x3bA4B","Praitrur Manufacturing Ltd.","https://praitrur.example/","503-555-0128","265 Lopez Ct Ste 715","Louisfurt","OH","43027","USA","Technology","153","0058g0f6OZZsIcOAYV","","2020-09-17T21:58:34.000Z","2023-05-06T21:50:57.000Z","BX-817978"
"0018g0SzTPRHTOsA0P","Praisark Inds Inc","http://praisark.example","702-555-0125","85767 Garner Way","West Alexander","CO","81041","USA","Telecommunications","750","0058g0G8kK7esM0ASI","","2023-07-13T10:18:48.000Z","2026-02-02T05:20:19.000Z","BX-536272"
"0018g0ytqsB6JwdAAF","Stidouq Robotics","","617.555.0195","4074 Everett Way","East Carl","CT","06387","US","Chemicals","31","0058g0kz1pffiKMAAY","","2017-10-26T18:59:10.000Z","2026-07-15T07:25:37.000Z","BX-208336"
"0018g0axsZGof2PAQR","Pricur Technologies Corp.","","1-904-555-0165","33666 West Street","Dylantown","UT","84125","United States of America","Biotechnology","1207","0058g0kz1pffiKMAAY","","2023-08-01T23:37:00.000Z","2023-08-25T15:53:15.000Z","BX-191970"
"0018g0N9QsUe5JbAKJ","Vaiskaix Analytics Corp.","https://www.vaiskaix.example/about","512.555.0152","7695 Moody Drive","Brandonbury","NH","03868","United States of America","Technology","5008","0058g0VV62NPeLQAG1","","2025-01-31T09:39:30.000Z","2026-05-25T03:09:20.000Z","BX-699616"
"0018g0vFfxsEy10AEC","Waco Freight Ltd.","WWW.WACO.EXAMPLE","1-404-555-0130","283 Snyder Avenue","Richardchester","PA","17407","United States of America","Transportation","21","0058g0G8kK7esM0ASI","","2022-04-22T22:19:17.000Z","2024-04-06T08:52:31.000Z","BX-537772"
"0018g0E4yJUA4WNAS1","Hutran Energy LLC","https://hutran.example/","(702) 555-0138","466 Townsend Avenue","Lindabury","LA","70991","USA","Banking","18","0058g0f6OZZsIcOAYV","","2021-10-07T05:27:46.000Z","2026-04-27T12:40:58.000Z","BX-278625"
"0018g0ieyg73h4YAAQ","Quudouq Works Corporation","WWW.QUUDOUQ.EXAMPLE","(312) 555-0107","8576 Patel Boulevard","North Justin","HI","96714","United States of America","Electronics","750","0058g0Jill5bhliACA","","2021-04-27T18:01:42.000Z","2024-08-16T12:33:24.000Z","BX-143427"
"0018g0kQwpWZDATAE5","Gihioq Technologies LLC","www.gihioq.example","212.555.0105","436 Wu Road","Crawfordfort","GA","30136","USA","Finance","34","0058g0f6OZZsIcOAYV","","2021-06-28T04:28:17.000Z","2022-07-11T12:44:41.000Z","BX-781656"
"0018g0ejSiHr065AIB","Zizour Partners Co.","WWW.ZIZOUR.EXAMPLE","(206) 555-0169","53481 Singh Ln","Petersonland","KS","66770","US","Manufacturing","15","0058g0Jill5bhliACA","","2024-06-24T11:59:27.000Z","2025-08-28T13:42:24.000Z","BX-660125"
"0018g0cfEq5TMjhAIG","Fysiork Supply Inc.","","702.555.0152","823 Moon Drive","North Anthonymouth","OR","97440","USA","Other","152","0058g0kz1pffiKMAAY","","2019-12-14T10:12:06.000Z","2025-05-25T17:38:26.000Z","BX-239282"
"0018g0b5ABXOUBlAYP","Stiohark Foods Ltd.","WWW.SHOP.STIOHARK.EXAMPLE","(813) 555-0136","5800 Benson Way","Michaelaside","MH","96968","US","Education","155","0058g0G8kK7esM0ASI","","2021-06-03T13:34:12.000Z","2024-01-28T15:06:35.000Z","BX-684391"
"0018g0gWhDmMKlYAUW","Lastior Logistics Inc.","www.jiwoq59.example","","633 Bean Rd","Matthewmouth","AZ","85330-8522","United States of America","Utilities","754","0058g0G8kK7esM0ASI","","2017-05-09T14:57:16.000Z","2021-07-22T09:38:45.000Z","BX-376205"
"0018g0nEjLINFjfAUH","Stobrus Net Corporation","www.stobrus.example","1-720-555-0135","294 Brown Place","Lake Barbarashire","MN","55009","USA","Consulting","","0058g0kz1pffiKMAAY","","2020-11-06T15:21:30.000Z","2025-10-21T00:29:26.000Z","BX-448584"
"0018g0bRrpd2grtAEA","Graegrom Outfitters Corp.","http://graegrom.example","503-555-0174","347 Higgins Street","Lake Steven","NJ","08579","United States of America","Telecommunications","15","0058g0kz1pffiKMAAY","","2021-09-09T10:46:42.000Z","2025-12-17T11:25:45.000Z","BX-540540"
"0018g0q146m0FNNAA2","Cobath Freight Co.","https://cobath.example/","702.555.0124","54168 Perkins Lane","South Jamesfurt","NJ","08198","US","Electronics","11","0058g0VV62NPeLQAG1","","2020-12-22T14:16:23.000Z","2021-11-18T08:55:59.000Z","BX-479542"
"0018g02NGhBhfdKAMR","Kyskio Freight Inc.","https://www.kyskiofreight.example","+1 617 555 0182","335 Villa Drive","South Sandraland","NH","03700","USA","Transportation","307","0058g0f6OZZsIcOAYV","","2018-02-21T10:56:59.000Z","2020-09-09T04:22:28.000Z","BX-573797"
"0018g0NTZD06qI5A4I","Houzaim Solutions LLC","https://www.houzaim.example/about","415-555-0192","474 Perez Street","Huntview","WY","82762","United States of America","Agriculture","18","0058g0G8kK7esM0ASI","","2017-05-07T02:37:05.000Z","2022-06-06T17:25:04.000Z","BX-409713"
"0018g0JREqNIslRAOT","Kaekor Freight Co.","https://www.kaekor.example/about","1-206-555-0129","50722 Parks Drive Suite 182","New Dalebury","VA","22408","US","Telecommunications","87","0058g0kz1pffiKMAAY","","2018-02-12T05:51:48.000Z","2020-11-19T22:19:47.000Z","BX-348637"
"0018g0ZUG2KfWVEAO3","Gruwyth Solutions Inc","WWW.GRUWYTH.EXAMPLE","305-555-0144","04155 Miller Pl Ste 990","Port Janetfurt","CA","95215","USA","Insurance","309","0058g0G8kK7esM0ASI","","2021-11-23T20:52:44.000Z","2022-06-08T05:28:45.000Z","BX-542915"
"0018g05jzKWz0OiAQJ","livoth manufacturing co.","WWW.SHOP.LIVOTH.EXAMPLE","1-702-555-0174","643 Long Dr","Kimshire","AK","99515","United States of America","Entertainment","26","0058g0G8kK7esM0ASI","","2022-10-07T12:11:11.000Z","2024-10-16T18:08:38.000Z","BX-398657"
"0018g09IUQGNh8FA2T","Kaefus International Corp.","https://www.kaefus.example/about","(512) 555-0181","5892 Green Lane","Ricardoport","OH","45122","USA","Government","5001","0058g0Jill5bhliACA","","2021-01-17T04:23:51.000Z","2024-12-10T05:27:35.000Z","BX-681932"
"0018g0zda89Pr6FAAS","Stiosaive Industries LLC","stiosaive.example","(702) 555-0178","0800 Parrish Court Suite 721","Port Gary","MN","55683","US","Banking","43","0058g0G8kK7esM0ASI","","2023-08-19T16:22:15.000Z","2024-09-27T18:12:51.000Z","BX-875008"
"0018g0ORvpBR2XqAGL","Sgoraix Freight Inc.","WWW.SOGRAIX.EXAMPLE","1-404-555-0192","9005 Meyer Place","South Erikaside","PW","96940","USA","Government","5009","0058g0G8kK7esM0ASI","","2017-10-11T15:30:55.000Z","2023-07-14T22:55:37.000Z","BX-901490"
"0018g0re8KPGRbeAQH","Laesyth Works Inc","laesyth.example","904-555-0138","12854 Obrien Boulevard Suite 471","Smithview","NE","68058","US","Hospitality","41","0058g0Jill5bhliACA","","2022-10-05T20:39:01.000Z","2025-05-14T19:26:51.000Z","BX-862971"
"0018g0I82RGgrUkASJ","Flycly Industries Inc","","904-555-0150","302 Johnson Drive","Port Williamport","PA","16514","United States of America","Utilities","755","0058g0f6OZZsIcOAYV","","2023-12-17T03:31:34.000Z","2024-12-24T14:52:46.000Z","BX-676220"
"0018g0NYQJIbBLQA43","Cebriom Services Corporation","","","63187 Coleman Street","Rosestad","MN","56087","US","Retail","","0058g0G8kK7esM0ASI","","2017-06-24T22:47:34.000Z","2018-03-27T06:09:45.000Z","BX-276543"
"0018g09txd4n1ELAAY","Wavyth Capital Corporation","http://wavyth.example","415.555.0114","2549 Hancock Boulevard","Sydneytown","KS","66455","United States of America","Media","89","0058g0G8kK7esM0ASI","","2022-08-17T14:43:22.000Z","2023-02-25T15:16:24.000Z","BX-903707"
"0018g0ed0rMefK8AAJ","Miowiove Technologies Co.","miowiove.example","415-555-0113","86958 Wright Lane","East Alyssa","GA","30098","United States of America","Recreation","42","0058g0f6OZZsIcOAYV","","2019-02-25T18:05:32.000Z","2020-10-14T12:22:54.000Z","BX-722472"
"0018g01nHdmPc6hAIC","Staboth Industries Inc.","http://staboth.example","1-512-555-0104","27215 Duran Boulevard","Sheilaland","UT","84251","United States of America","Retail","31","0058g04cEw1W9K5AIK","","2023-08-21T07:39:55.000Z","2024-11-04T23:16:15.000Z","BX-511399"
"0018g04if3bkxLLAAY","Daecem Dynamics Inc","daecem.example","(404) 555-0102","91554 Miller Drive","East Erin","SC","29675","US","Finance","85","0058g0f6OZZsIcOAYV","","2017-01-25T07:00:13.000Z","2020-09-22T18:31:04.000Z","BX-445143"
"0018g0Snkl6bmnHACQ","Feclaim Foods","","","2483 Orozco Avenue","Kellychester","CT","06268","USA","Apparel","5008","0058g0G8kK7esM0ASI","","2025-03-05T07:22:14.000Z","2025-10-11T23:23:12.000Z","BX-486781"
"0018g0WDE8ezkkAAOQ","Kyjiom Foods Corp.","https://www.kyjiom.example","813.555.0153","75872 Hammond Blvd","Andersentown","NH","03118","United States of America","Utilities","89","0058g0Jill5bhliACA","","2018-04-26T05:01:18.000Z","2022-03-22T23:44:13.000Z","BX-465504"
"0018g0WBRWVQrjqA4D","Claihiox Analytics Corp.","https://www.claihiox.example","(904) 555-0109","9890 Dalton Lane","New Jonathanmouth","AL","35464","US","Retail","1204","0058g0VV62NPeLQAG1","","2023-02-02T01:42:05.000Z","2024-11-29T03:53:13.000Z","BX-922821"
"0018g0nEvPtQpiHAUS","Kaebrain Partners Inc","kaebrain.example","+1 404 555 0126","1907 Elliott Boulevard","Timothyhaven","KY","41033","USA","Recreation","21","0058g0f6OZZsIcOAYV","","2025-02-24T02:59:12.000Z","2025-03-20T05:45:43.000Z","BX-383022"
"0018g0I1D5dy4eLAKQ","Niflaees Labs Inc","www.shop.niflaes.example","","756 Foley Street","Griffinberg","NE","68044-1057","USA","Education","157","0058g0Jill5bhliACA","","2017-03-10T13:35:44.000Z","2024-08-04T19:24:43.000Z","BX-295342"
"0018g0ogZhZIOR1AIP","Totraeve Capital Inc.","http://totraevecapital.example","+1 312 555 0153","0864 Esparza Place Suite 507","Port Adam","LA","70865","USA","Electronics","27","0058g0VV62NPeLQAG1","","2022-04-22T00:18:23.000Z","2023-04-27T02:33:28.000Z","BX-204996"
"0018g0lJeSXWX1XAUX","Claiclyr Robotics Co.","WWW.CLAICLYRROBOTICS.EXAMPLE","904.555.0182","10830 Preston Street","Taylorville","ME","04129","United States of America","Biotechnology","48","0058g0f6OZZsIcOAYV","","2025-01-14T05:44:07.000Z","2025-09-29T12:52:20.000Z","BX-925084"
"0018g0KVVe7OFEqAOO","Gifurk Partners Inc.","gifurk.example","702-555-0188","432 Evans Ave","Evanston","OH","45626","United States of America","Machinery","16","0058g0kz1pffiKMAAY","","2020-11-17T18:07:06.000Z","2026-03-17T20:26:59.000Z","BX-646148"
"0018g01EzSLRqoHAUT","Clyprurk Foods Co.","WWW.CLYPRURKFOODS.EXAMPLE","1-212-555-0101","05962 Taylor Lane","Kramermouth","AR","72591","United States of America","Energy","1200","0058g04cEw1W9K5AIK","","2020-02-21T21:47:50.000Z","2021-05-06T01:40:10.000Z","BX-485715"
"0018g0VaaPG5sukASB","Hetryth Networks Inc.","https://www.hetryth.example","1-404-555-0102","9900 Morgan Drive","Lindseyside","UT","84266","US","Technology","1206","0058g0G8kK7esM0ASI","","2019-08-02T21:31:03.000Z","2023-05-30T01:52:36.000Z","BX-155242"
"0018g0BMP99XCvrAOG","Mesuve Logistics Co.","https://mesuve.example/","1-404-555-0112","55020 Warren Avenue Suite 741","Shannonberg","HI","96715","United States of America","Healthcare","15","0058g0G8kK7esM0ASI","","2018-07-18T00:45:50.000Z","2025-04-30T19:44:57.000Z","BX-578897"
"0018g0Wsuk6a3E9ACI","Tuno Logistics Group Corp.","www.pouclio51.example","312.555.0174","99654 Silva Lane","Johnsontown","OK","73120","US","Media","83","0058g0f6OZZsIcOAYV","","2025-01-02T04:03:35.000Z","2025-09-05T18:10:22.000Z","BX-308020"
"0018g0wDZyW0zMTAMZ","Staiclum Technologies Corp.","https://www.staiclum.example/about","(904) 555-0157","88781 Hahn Street","Holdenhaven","AR","72240","US","Telecommunications","6","0058g0VV62NPeLQAG1","","2020-03-11T12:39:01.000Z","2022-02-18T03:41:09.000Z","BX-677161"
"0018g0hGnRjcZQBAU2","Jasurk Networks Corp.","www.jasurk.example","305.555.0165","8708 Perkins Boulevard","Priceport","KS","66190","US","Utilities","153","0058g0VV62NPeLQAG1","","2017-09-04T11:19:32.000Z","2019-08-10T00:55:58.000Z","BX-962132"
"0018g0Gikc6ug0KACQ","Flioskul Labs Inc.","WWW.FLIOSKUL.EXAMPLE","+1 972 555 0112","732 Reeves Place","Davidberg","TX","78927","United States of America","Biotechnology","304","0058g04cEw1W9K5AIK","","2019-03-22T15:32:31.000Z","2024-11-16T13:35:56.000Z","BX-656251"
"0018g0WFi2RYEbLAGX","Flobu Capital Co.","WWW.FLOBU.EXAMPLE","1-206-555-0172","908 Dorsey Way","New Matthew","WA","98515-5647","US","Consulting","47","0058g0VV62NPeLQAG1","","2023-03-16T12:12:05.000Z","2023-06-06T01:55:01.000Z","BX-186065"
"0018g0ylwV0Ib6dAQC","Vemox Supply LLC","https://vemox.example/","503.555.0154","93603 Perez Avenue","Lake Gerald","AK","99907","USA","Healthcare","82","0058g0G8kK7esM0ASI","","2019-12-31T21:55:09.000Z","2021-03-17T17:10:06.000Z","BX-176326"
"0018g0o3EwwujDFAIY","Stipro Labs Corporation","www.stipro.example","+1 617 555 0198","","Danielfort","ME","04123-1815","USA","Insurance","13","0058g0kz1pffiKMAAY","","2018-02-21T19:18:39.000Z","2023-09-08T09:32:36.000Z","BX-201920"
"0018g0YF5gtssXCAGY","Kyjor Networks LLC","www.shop.kyjor.example","","0021 Phillips Pl","Davishaven","IN","46690","USA","Healthcare","81","0058g0f6OZZsIcOAYV","","2020-07-24T12:16:23.000Z","2024-04-29T11:51:00.000Z","BX-818344"
"0018g0b64DASoLBAQ1","Stuflix Partners Corporation","www.paepryn47.example","1-720-555-0180","585 Hudson Dr","Shaffermouth","MD","21681-7032","United States of America","Telecommunications","10","0058g0kz1pffiKMAAY","","2024-09-21T16:33:45.000Z","2025-01-09T04:01:36.000Z","BX-343581"
"0018g0d3C2z0R3TAIU","Zoziork Energy Ltd.","http://zoziork.example","212-555-0108","9208 Blair Way Suite 629","Sarahmouth","TN","37604-9143","United States of America","Energy","759","0058g0f6OZZsIcOAYV","","2021-08-13T06:37:41.000Z","2025-02-06T19:32:37.000Z","BX-676243"
"0018g0G7yvuOMsOACW","Setrath Outfitters Co.","https://setrath.example/","","85139 Hernandez Dr","Lake Traci","MH","96968","USA","Media","","0058g04cEw1W9K5AIK","","2020-07-07T22:42:47.000Z","2020-12-17T18:40:00.000Z","BX-951906"
"0018g0Plj7sfcPzACI","gacloul holdings corporation","www.gacloul.example","1-720-555-0149","515 Silva Lane","Mistyfort","PW","96940","US","Engineering","304","0058g0G8kK7esM0ASI","","2025-04-16T06:41:24.000Z","2026-04-05T09:06:37.000Z","BX-554657"
"0018g0py6f7dQ6UAAU","Haezeth Holdings Corp.","www.haezeth.example","617.555.0192","988 Williamson Parkway","Angelaton","HI","96797","United States of America","Shipping","303","0058g0kz1pffiKMAAY","","2025-04-03T19:22:42.000Z","2025-10-21T13:25:56.000Z","BX-137903"
"0018g0D3Z9ou9FsAKI","VESKOUVE ANALYTICS INC.","www.veskouve.example","","9455 Graham Road","Grimesmouth","NE","68002","United States of America","Environmental","5","0058g0Jill5bhliACA","","2018-07-17T14:02:54.000Z","2021-12-04T05:32:12.000Z","BX-559873"
"0018g0oPyf08j6CAEQ","Mioflaith Outfitters Co.","WWW.MIOFLAITH.EXAMPLE","","354 Johnson Parkway Suite 873","Lake Oliviatown","WY","82905","USA","Electronics","5002","0058g0VV62NPeLQAG1","","2019-09-04T21:28:36.000Z","2026-01-18T09:54:59.000Z","BX-159116"
"0018g05bSBUwKKaAYN","Voural Dynamics Corp.","http://voural.example","+1 720 555 0107","536 Golden Street","Martinburgh","NC","28435","United States of America","Agriculture","1206","0058g0G8kK7esM0ASI","","2018-02-23T10:13:02.000Z","2018-09-10T12:32:12.000Z","BX-433737"
"0018g0SEXJhTlNIA40","Stineve Holdings Co.","https://stineve.example/","617.555.0177","250 Sweeney Road Suite 489","Guerrerofort","ME","04228","USA","Government","15","0058g0VV62NPeLQAG1","","2024-12-18T00:46:07.000Z","2025-01-17T02:26:27.000Z","BX-881104"
